# Blender 4.5.0
# www.blender.org
mtllib Barrel_OBJ.mtl
o barrel
v 0.009014 0.857964 -0.282551
v 0.115182 0.857964 -0.258381
v 0.205803 0.857964 -0.195587
v 0.263126 0.857964 -0.104024
v 0.282470 0.857964 0.005936
v 0.257335 0.857964 0.117920
v 0.195492 0.857964 0.203951
v 0.104114 0.857964 0.264087
v -0.006067 0.857964 0.282456
v -0.112923 0.857964 0.258296
v -0.208626 0.857964 0.192717
v -0.263342 0.857964 0.103850
v -0.282454 0.857964 -0.009013
v -0.257551 0.857964 -0.117916
v -0.195346 0.857964 -0.204285
v -0.101232 0.857964 -0.264172
v -0.206459 0.857964 0.192717
v -0.197513 0.857964 -0.204285
v -0.115212 0.857964 0.258296
v -0.098943 0.857964 -0.264171
v -0.003154 0.857964 0.282456
v 0.006101 0.857964 -0.282551
v 0.101201 0.857964 0.264087
v 0.118095 0.857964 -0.258380
v 0.197371 0.857964 0.203951
v 0.203924 0.857964 -0.195587
v 0.009014 0.840316 -0.282551
v 0.115182 0.840316 -0.258381
v 0.205803 0.840316 -0.195587
v 0.263126 0.840316 -0.104024
v 0.282470 0.840316 0.005936
v 0.257335 0.840316 0.117920
v 0.195492 0.840316 0.203951
v 0.104114 0.840316 0.264087
v -0.006067 0.840316 0.282456
v -0.112923 0.840316 0.258296
v -0.208626 0.840316 0.192717
v -0.263342 0.840316 0.103850
v -0.282454 0.840316 -0.009013
v -0.257551 0.840316 -0.117916
v -0.195346 0.840316 -0.204285
v -0.101232 0.840316 -0.264172
v -0.206459 0.840316 0.192717
v -0.197513 0.840316 -0.204285
v -0.115212 0.840316 0.258296
v -0.098943 0.840316 -0.264171
v -0.003154 0.840316 0.282456
v 0.006101 0.840316 -0.282551
v 0.101201 0.840316 0.264087
v 0.118095 0.840316 -0.258380
v 0.197371 0.840316 0.203951
v 0.203924 0.840316 -0.195587
v -0.008214 0.019165 -0.282551
v -0.114381 0.019165 -0.258380
v -0.205003 0.019165 -0.195587
v -0.262326 0.019165 -0.104024
v -0.281670 0.019165 0.005936
v -0.256535 0.019165 0.117921
v -0.194692 0.019165 0.203951
v -0.103314 0.019165 0.264087
v 0.006868 0.019165 0.282456
v 0.113724 0.019165 0.258296
v 0.209427 0.019165 0.192717
v 0.264142 0.019165 0.103851
v 0.283255 0.019165 -0.009013
v 0.258351 0.019165 -0.117915
v 0.196146 0.019165 -0.204285
v 0.102032 0.019165 -0.264171
v 0.207259 0.019165 0.192717
v 0.198314 0.019165 -0.204285
v 0.116013 0.019165 0.258296
v 0.099743 0.019165 -0.264171
v 0.003955 0.019165 0.282456
v -0.005300 0.019165 -0.282551
v -0.100400 0.019165 0.264087
v -0.117294 0.019165 -0.258380
v -0.196570 0.019165 0.203951
v -0.203124 0.019165 -0.195587
v -0.008214 0.036813 -0.282551
v -0.114381 0.036813 -0.258380
v -0.205003 0.036813 -0.195587
v -0.262326 0.036813 -0.104024
v -0.281670 0.036813 0.005936
v -0.256535 0.036813 0.117921
v -0.194692 0.036813 0.203951
v -0.103314 0.036813 0.264087
v 0.006868 0.036813 0.282456
v 0.113724 0.036813 0.258296
v 0.209427 0.036813 0.192717
v 0.264142 0.036813 0.103851
v 0.283255 0.036813 -0.009013
v 0.258351 0.036813 -0.117915
v 0.196146 0.036813 -0.204285
v 0.102032 0.036813 -0.264171
v 0.207259 0.036813 0.192717
v 0.198314 0.036813 -0.204285
v 0.116013 0.036813 0.258296
v 0.099743 0.036813 -0.264171
v 0.003955 0.036813 0.282456
v -0.005300 0.036813 -0.282551
v -0.100400 0.036813 0.264087
v -0.117294 0.036813 -0.258380
v -0.196570 0.036813 0.203951
v -0.203124 0.036813 -0.195587
v -0.001791 0.059832 -0.344582
v 0.131937 0.059832 -0.318682
v 0.242139 0.059832 -0.245047
v 0.318570 0.059832 -0.132049
v 0.344437 0.059832 -0.002007
v 0.318570 0.059832 0.131889
v 0.244892 0.059832 0.242156
v 0.131937 0.059832 0.318522
v 0.001805 0.059832 0.344407
v -0.139986 0.065890 0.321844
v -0.318633 0.059832 0.131889
v -0.344541 0.059832 -0.001802
v -0.318633 0.059832 -0.132049
v -0.244748 0.059832 -0.242627
v -0.132001 0.059832 -0.318682
v -0.001714 0.059832 -0.327735
v 0.125466 0.059832 -0.303103
v 0.230272 0.059832 -0.233074
v 0.302960 0.059832 -0.125609
v 0.327560 0.059832 -0.001935
v 0.302960 0.059832 0.125405
v 0.232890 0.059832 0.230273
v 0.125466 0.059832 0.302899
v 0.001706 0.059832 0.327516
v -0.125548 0.059832 0.302899
v -0.233341 0.059832 0.229719
v -0.303041 0.059832 0.125405
v -0.327681 0.059832 -0.001740
v -0.303041 0.059832 -0.125609
v -0.232774 0.059832 -0.230772
v -0.125548 0.059832 -0.303103
v -0.001843 0.135462 -0.355825
v 0.136256 0.135462 -0.329079
v 0.250059 0.135462 -0.253038
v 0.328988 0.135462 -0.136347
v 0.355700 0.135462 -0.002055
v 0.328988 0.135462 0.136217
v 0.252902 0.135462 0.250087
v 0.136256 0.135462 0.328949
v 0.001871 0.135462 0.355679
v -0.143631 0.129404 0.330639
v -0.329039 0.135462 0.136217
v -0.355794 0.135462 -0.001843
v -0.329039 0.135462 -0.136347
v -0.252739 0.135462 -0.250538
v -0.136308 0.135462 -0.329079
v -0.001763 0.135462 -0.338428
v 0.129574 0.135462 -0.312991
v 0.237804 0.135462 -0.240674
v 0.312868 0.135462 -0.129697
v 0.338272 0.135462 -0.001980
v 0.312868 0.135462 0.129521
v 0.240508 0.135462 0.237815
v 0.129574 0.135462 0.312815
v 0.001769 0.135462 0.338237
v -0.129644 0.135462 0.312815
v -0.240959 0.135462 0.237244
v -0.312938 0.135462 0.129521
v -0.338382 0.135462 -0.001779
v -0.312938 0.135462 -0.129697
v -0.240374 0.135462 -0.238296
v -0.129644 0.135462 -0.312991
v -0.132001 0.059832 0.318522
v -0.245351 0.059830 0.241584
v -0.136308 0.135462 0.328949
v -0.253348 0.135464 0.249477
v -0.136221 0.065349 0.316631
v -0.139899 0.129946 0.325537
v -0.001791 0.818995 -0.344582
v 0.131937 0.818995 -0.318682
v 0.242139 0.818995 -0.245048
v 0.318570 0.818995 -0.132049
v 0.344437 0.818995 -0.002007
v 0.318570 0.818995 0.131889
v 0.244892 0.818995 0.242156
v 0.131937 0.818995 0.318522
v 0.001805 0.818995 0.344407
v -0.139986 0.812936 0.321844
v -0.318633 0.818995 0.131889
v -0.344541 0.818995 -0.001802
v -0.318633 0.818995 -0.132049
v -0.244748 0.818995 -0.242627
v -0.132001 0.818995 -0.318682
v -0.001714 0.818995 -0.327735
v 0.125466 0.818995 -0.303103
v 0.230272 0.818995 -0.233074
v 0.302960 0.818995 -0.125609
v 0.327561 0.818995 -0.001935
v 0.302960 0.818995 0.125405
v 0.232890 0.818995 0.230272
v 0.125466 0.818995 0.302899
v 0.001706 0.818995 0.327516
v -0.125548 0.818995 0.302899
v -0.233341 0.818995 0.229719
v -0.303041 0.818995 0.125405
v -0.327681 0.818995 -0.001740
v -0.303041 0.818995 -0.125609
v -0.232774 0.818995 -0.230772
v -0.125548 0.818995 -0.303103
v -0.001843 0.743364 -0.355825
v 0.136256 0.743364 -0.329079
v 0.250059 0.743364 -0.253038
v 0.328988 0.743364 -0.136347
v 0.355700 0.743364 -0.002055
v 0.328988 0.743364 0.136217
v 0.252902 0.743364 0.250087
v 0.136256 0.743364 0.328949
v 0.001871 0.743364 0.355679
v -0.143631 0.749424 0.330639
v -0.329039 0.743364 0.136217
v -0.355794 0.743364 -0.001843
v -0.329039 0.743364 -0.136347
v -0.252739 0.743364 -0.250538
v -0.136308 0.743364 -0.329079
v -0.001763 0.743364 -0.338428
v 0.129574 0.743364 -0.312991
v 0.237804 0.743364 -0.240674
v 0.312868 0.743364 -0.129697
v 0.338272 0.743364 -0.001980
v 0.312868 0.743364 0.129520
v 0.240508 0.743364 0.237815
v 0.129574 0.743364 0.312815
v 0.001769 0.743364 0.338237
v -0.129644 0.743364 0.312815
v -0.240959 0.743364 0.237244
v -0.312938 0.743364 0.129520
v -0.338382 0.743364 -0.001779
v -0.312938 0.743364 -0.129697
v -0.240374 0.743364 -0.238297
v -0.129644 0.743364 -0.312991
v -0.132001 0.818995 0.318522
v -0.245351 0.818997 0.241583
v -0.136308 0.743364 0.328949
v -0.253348 0.743362 0.249477
v -0.136221 0.813478 0.316631
v -0.139899 0.748881 0.325537
v -0.001882 0.658152 -0.364386
v 0.139544 0.658152 -0.336995
v 0.256089 0.658152 -0.259122
v 0.336920 0.658152 -0.139619
v 0.364276 0.658152 -0.002091
v 0.336920 0.658152 0.139512
v 0.259001 0.658152 0.256126
v 0.139544 0.658152 0.336887
v 0.001921 0.658152 0.364262
v -0.139587 0.658152 0.336887
v -0.259454 0.658152 0.255511
v -0.336962 0.658152 0.139512
v -0.364362 0.658152 -0.001875
v -0.336962 0.658152 -0.139619
v -0.258824 0.658152 -0.256562
v -0.139587 0.658152 -0.336995
v -0.001956 0.658152 -0.380610
v 0.145776 0.658152 -0.351998
v 0.267518 0.658152 -0.270653
v 0.351953 0.658152 -0.145821
v 0.380529 0.658152 -0.002161
v 0.351953 0.658152 0.145757
v 0.270559 0.658152 0.267571
v 0.145776 0.658152 0.351933
v 0.002017 0.658152 0.380529
v -0.153334 0.651941 0.356436
v -0.351978 0.658152 0.145757
v -0.380599 0.658152 -0.001934
v -0.351978 0.658152 -0.145821
v -0.270355 0.658152 -0.267979
v -0.145802 0.658152 -0.351998
v -0.001882 0.584011 -0.364386
v 0.139544 0.584011 -0.336995
v 0.256089 0.584011 -0.259122
v 0.336920 0.584011 -0.139619
v 0.364276 0.584011 -0.002091
v 0.336920 0.584011 0.139512
v 0.259001 0.584011 0.256126
v 0.139544 0.584011 0.336887
v 0.001921 0.584011 0.364262
v -0.139587 0.584011 0.336887
v -0.259454 0.584011 0.255511
v -0.336962 0.584011 0.139512
v -0.364362 0.584011 -0.001875
v -0.336962 0.584011 -0.139619
v -0.258824 0.584011 -0.256562
v -0.139587 0.584011 -0.336995
v -0.001956 0.584011 -0.380610
v 0.145776 0.584011 -0.351998
v 0.267518 0.584011 -0.270653
v 0.351953 0.584011 -0.145821
v 0.380529 0.584011 -0.002161
v 0.351953 0.584011 0.145757
v 0.270559 0.584011 0.267571
v 0.145776 0.584011 0.351933
v 0.002017 0.584011 0.380529
v -0.153334 0.590221 0.356436
v -0.351978 0.584011 0.145757
v -0.380599 0.584011 -0.001934
v -0.351978 0.584011 -0.145821
v -0.270355 0.584011 -0.267979
v -0.145802 0.584011 -0.351998
v -0.145802 0.658152 0.351933
v -0.271014 0.658152 0.266928
v -0.145802 0.584011 0.351933
v -0.271014 0.584011 0.266928
v -0.149639 0.652647 0.349329
v -0.149639 0.589515 0.349329
v -0.001882 0.307080 -0.364386
v 0.139544 0.307080 -0.336995
v 0.256089 0.307080 -0.259122
v 0.336920 0.307080 -0.139619
v 0.364276 0.307080 -0.002091
v 0.336920 0.307080 0.139512
v 0.259001 0.307080 0.256126
v 0.139544 0.307080 0.336888
v 0.001921 0.307080 0.364262
v -0.139587 0.307080 0.336888
v -0.259454 0.307080 0.255511
v -0.336962 0.307080 0.139512
v -0.364362 0.307080 -0.001875
v -0.336962 0.307080 -0.139619
v -0.258824 0.307080 -0.256562
v -0.139587 0.307080 -0.336995
v -0.001956 0.307080 -0.380610
v 0.145776 0.307080 -0.351998
v 0.267518 0.307080 -0.270653
v 0.351953 0.307080 -0.145821
v 0.380529 0.307080 -0.002161
v 0.351953 0.307080 0.145757
v 0.270559 0.307080 0.267571
v 0.145776 0.307080 0.351933
v 0.002017 0.307080 0.380529
v -0.153334 0.300869 0.356436
v -0.351978 0.307080 0.145757
v -0.380599 0.307080 -0.001934
v -0.351978 0.307080 -0.145821
v -0.270355 0.307080 -0.267979
v -0.145802 0.307080 -0.351998
v -0.001882 0.232939 -0.364386
v 0.139544 0.232939 -0.336995
v 0.256089 0.232939 -0.259122
v 0.336920 0.232939 -0.139619
v 0.364276 0.232939 -0.002091
v 0.336920 0.232939 0.139512
v 0.259001 0.232939 0.256126
v 0.139544 0.232939 0.336888
v 0.001921 0.232939 0.364262
v -0.139587 0.232939 0.336888
v -0.259454 0.232939 0.255511
v -0.336962 0.232939 0.139512
v -0.364362 0.232939 -0.001875
v -0.336962 0.232939 -0.139619
v -0.258824 0.232939 -0.256562
v -0.139587 0.232939 -0.336995
v -0.001956 0.232939 -0.380610
v 0.145776 0.232939 -0.351998
v 0.267518 0.232939 -0.270653
v 0.351953 0.232939 -0.145821
v 0.380529 0.232939 -0.002161
v 0.351953 0.232939 0.145757
v 0.270559 0.232939 0.267571
v 0.145776 0.232939 0.351933
v 0.002017 0.232939 0.380529
v -0.153334 0.239149 0.356436
v -0.351978 0.232939 0.145757
v -0.380599 0.232939 -0.001934
v -0.351978 0.232939 -0.145821
v -0.270355 0.232939 -0.267979
v -0.145802 0.232939 -0.351998
v -0.145802 0.307080 0.351933
v -0.271014 0.307080 0.266928
v -0.145802 0.232939 0.351933
v -0.271014 0.232939 0.266928
v -0.149639 0.301575 0.349329
v -0.149639 0.238443 0.349329
v -0.099682 0.790044 0.336208
v -0.098044 0.795377 0.333694
v -0.096786 0.797781 0.331353
v -0.095206 0.798482 0.327098
v -0.097270 0.789630 0.336793
v -0.093815 0.793588 0.335216
v -0.091640 0.795530 0.333233
v -0.089636 0.796045 0.329132
v -0.096174 0.787543 0.337610
v -0.090715 0.790156 0.336620
v -0.087787 0.791370 0.334946
v -0.085465 0.791543 0.330987
v -0.095310 0.784795 0.338221
v -0.089094 0.785673 0.337678
v -0.085814 0.785936 0.336231
v -0.083329 0.785661 0.332378
v -0.095289 0.781873 0.338585
v -0.089257 0.780823 0.338226
v -0.086020 0.780054 0.336893
v -0.083552 0.779294 0.333094
v -0.095673 0.779408 0.338551
v -0.091125 0.776365 0.338179
v -0.088374 0.774619 0.336831
v -0.086101 0.773412 0.333027
v -0.097821 0.778131 0.338258
v -0.094551 0.773009 0.337543
v -0.092519 0.770460 0.336054
v -0.090587 0.768910 0.332186
v -0.100477 0.777125 0.337559
v -0.098923 0.771159 0.336410
v -0.097822 0.768209 0.334680
v -0.096327 0.766474 0.330699
v -0.103270 0.777011 0.336700
v -0.103583 0.771153 0.334959
v -0.103477 0.768209 0.332920
v -0.102448 0.766474 0.328794
v -0.105560 0.777377 0.335724
v -0.107803 0.772939 0.333409
v -0.108623 0.770460 0.331040
v -0.108018 0.768910 0.326759
v -0.106777 0.779513 0.335299
v -0.110913 0.776375 0.332033
v -0.112476 0.774619 0.329327
v -0.112188 0.773412 0.324905
v -0.107644 0.782261 0.334693
v -0.112534 0.780858 0.330975
v -0.114450 0.780054 0.328041
v -0.114325 0.779294 0.323513
v -0.107664 0.785183 0.334324
v -0.112370 0.785707 0.330427
v -0.114244 0.785936 0.327379
v -0.114102 0.785661 0.322797
v -0.107156 0.787600 0.333965
v -0.110493 0.790162 0.330446
v -0.111889 0.791370 0.327442
v -0.111553 0.791543 0.322864
v -0.105131 0.788926 0.334650
v -0.107077 0.793522 0.331111
v -0.107745 0.795530 0.328219
v -0.107067 0.796045 0.323705
v -0.102477 0.789931 0.335355
v -0.102705 0.795372 0.332243
v -0.102441 0.797781 0.329592
v -0.101327 0.798482 0.325192
v -0.104927 0.786004 0.335593
v -0.102135 0.786806 0.336404
v -0.099253 0.787169 0.337216
v -0.104653 0.782970 0.336094
v -0.101644 0.783595 0.336995
v -0.098613 0.784210 0.337821
v -0.103989 0.780002 0.336626
v -0.101131 0.780374 0.337511
v -0.098316 0.781167 0.338248
v -0.109017 0.624659 0.366190
v -0.107645 0.630385 0.364528
v -0.106511 0.633176 0.362587
v -0.104981 0.634595 0.358495
v -0.106585 0.624275 0.366712
v -0.103329 0.628588 0.365773
v -0.101257 0.630912 0.364119
v -0.099294 0.632144 0.360154
v -0.105389 0.622142 0.367204
v -0.100063 0.625133 0.366647
v -0.097203 0.626728 0.365189
v -0.094907 0.627615 0.361312
v -0.104392 0.619377 0.367391
v -0.098227 0.620623 0.367012
v -0.094968 0.621261 0.365634
v -0.092488 0.621698 0.361794
v -0.104230 0.616438 0.367303
v -0.098156 0.615744 0.366810
v -0.094891 0.615344 0.365387
v -0.092404 0.615293 0.361526
v -0.104496 0.613992 0.366891
v -0.099810 0.611262 0.366074
v -0.096984 0.609877 0.364485
v -0.094670 0.609376 0.360549
v -0.106582 0.612673 0.366398
v -0.103074 0.607883 0.364919
v -0.100928 0.605693 0.363065
v -0.098939 0.604847 0.359012
v -0.109190 0.611662 0.365543
v -0.107357 0.606023 0.363500
v -0.106124 0.603428 0.361343
v -0.104562 0.602396 0.357149
v -0.111977 0.611547 0.364667
v -0.112017 0.606017 0.362049
v -0.111779 0.603428 0.359583
v -0.110683 0.602396 0.355243
v -0.114286 0.611949 0.363749
v -0.116323 0.607816 0.360775
v -0.117033 0.605693 0.358051
v -0.116370 0.604847 0.353585
v -0.115605 0.614063 0.363653
v -0.119598 0.611270 0.359929
v -0.121086 0.609877 0.356981
v -0.120757 0.609376 0.352427
v -0.116604 0.616829 0.363472
v -0.121435 0.615779 0.359564
v -0.123321 0.615344 0.356535
v -0.123177 0.615293 0.351945
v -0.116764 0.619768 0.363554
v -0.121505 0.620658 0.359766
v -0.123398 0.621261 0.356783
v -0.123260 0.621698 0.352213
v -0.116374 0.622232 0.363571
v -0.119842 0.625141 0.360474
v -0.121305 0.626728 0.357685
v -0.120995 0.627615 0.353190
v -0.114412 0.623533 0.364459
v -0.116587 0.628519 0.361658
v -0.117361 0.630912 0.359105
v -0.116725 0.632144 0.354726
v -0.111806 0.624544 0.365320
v -0.112304 0.630380 0.363077
v -0.112166 0.633176 0.360826
v -0.111102 0.634595 0.356590
v -0.114065 0.620514 0.364944
v -0.111312 0.621315 0.365879
v -0.108448 0.621686 0.366747
v -0.113645 0.617456 0.364975
v -0.110666 0.618078 0.365972
v -0.107664 0.618704 0.366895
v -0.112839 0.614477 0.365049
v -0.109998 0.614845 0.365991
v -0.107221 0.615649 0.366852
v -0.109017 0.275610 0.366190
v -0.107645 0.281336 0.364528
v -0.106511 0.284127 0.362587
v -0.104981 0.285546 0.358495
v -0.106585 0.275226 0.366712
v -0.103329 0.279539 0.365773
v -0.101257 0.281863 0.364119
v -0.099294 0.283095 0.360154
v -0.105389 0.273093 0.367204
v -0.100063 0.276083 0.366647
v -0.097203 0.277678 0.365189
v -0.094907 0.278566 0.361312
v -0.104392 0.270328 0.367391
v -0.098227 0.271574 0.367012
v -0.094968 0.272212 0.365634
v -0.092488 0.272649 0.361794
v -0.104230 0.267389 0.367303
v -0.098156 0.266695 0.366810
v -0.094891 0.266295 0.365387
v -0.092404 0.266244 0.361526
v -0.104496 0.264943 0.366891
v -0.099810 0.262213 0.366074
v -0.096984 0.260828 0.364485
v -0.094670 0.260327 0.360549
v -0.106582 0.263624 0.366398
v -0.103074 0.258834 0.364919
v -0.100928 0.256644 0.363065
v -0.098939 0.255798 0.359012
v -0.109190 0.262613 0.365543
v -0.107357 0.256973 0.363500
v -0.106124 0.254379 0.361343
v -0.104562 0.253347 0.357149
v -0.111977 0.262498 0.364667
v -0.112017 0.256968 0.362049
v -0.111779 0.254379 0.359583
v -0.110683 0.253347 0.355243
v -0.114286 0.262900 0.363749
v -0.116323 0.258767 0.360775
v -0.117033 0.256644 0.358051
v -0.116370 0.255798 0.353585
v -0.115605 0.265014 0.363653
v -0.119598 0.262221 0.359929
v -0.121086 0.260828 0.356981
v -0.120757 0.260327 0.352427
v -0.116604 0.267779 0.363472
v -0.121435 0.266730 0.359564
v -0.123321 0.266295 0.356535
v -0.123177 0.266244 0.351945
v -0.116764 0.270719 0.363554
v -0.121505 0.271609 0.359766
v -0.123398 0.272212 0.356783
v -0.123260 0.272649 0.352213
v -0.116374 0.273183 0.363571
v -0.119842 0.276092 0.360474
v -0.121305 0.277678 0.357685
v -0.120995 0.278566 0.353190
v -0.114412 0.274484 0.364459
v -0.116587 0.279470 0.361658
v -0.117361 0.281862 0.359105
v -0.116725 0.283095 0.354727
v -0.111806 0.275495 0.365320
v -0.112304 0.281331 0.363077
v -0.112166 0.284127 0.360826
v -0.111102 0.285546 0.356590
v -0.114065 0.271465 0.364944
v -0.111312 0.272265 0.365879
v -0.108448 0.272637 0.366747
v -0.113645 0.268407 0.364976
v -0.110666 0.269029 0.365972
v -0.107664 0.269655 0.366895
v -0.112839 0.265427 0.365049
v -0.109998 0.265796 0.365991
v -0.107221 0.266600 0.366852
v -0.099682 0.088483 0.336209
v -0.098044 0.083150 0.333694
v -0.096786 0.080747 0.331353
v -0.095206 0.080046 0.327098
v -0.097270 0.088897 0.336793
v -0.093815 0.084940 0.335216
v -0.091640 0.082998 0.333233
v -0.089636 0.082482 0.329133
v -0.096174 0.090985 0.337610
v -0.090714 0.088372 0.336620
v -0.087787 0.087157 0.334946
v -0.085465 0.086984 0.330987
v -0.095310 0.093733 0.338221
v -0.089093 0.092855 0.337678
v -0.085814 0.092592 0.336231
v -0.083329 0.092867 0.332378
v -0.095289 0.096655 0.338585
v -0.089257 0.097704 0.338226
v -0.086020 0.098474 0.336893
v -0.083552 0.099233 0.333094
v -0.095673 0.099120 0.338551
v -0.091125 0.102163 0.338179
v -0.088374 0.103908 0.336831
v -0.086101 0.105115 0.333027
v -0.097821 0.100397 0.338258
v -0.094550 0.105519 0.337543
v -0.092519 0.108067 0.336054
v -0.090587 0.109617 0.332186
v -0.100477 0.101402 0.337559
v -0.098923 0.107369 0.336410
v -0.097822 0.110318 0.334680
v -0.096327 0.112054 0.330699
v -0.103270 0.101516 0.336700
v -0.103583 0.107374 0.334959
v -0.103477 0.110318 0.332920
v -0.102448 0.112054 0.328794
v -0.105560 0.101151 0.335724
v -0.107803 0.105588 0.333409
v -0.108623 0.108067 0.331040
v -0.108018 0.109617 0.326759
v -0.106777 0.099015 0.335299
v -0.110913 0.102153 0.332033
v -0.112476 0.103908 0.329327
v -0.112188 0.105115 0.324905
v -0.107644 0.096266 0.334693
v -0.112534 0.097670 0.330975
v -0.114450 0.098474 0.328041
v -0.114325 0.099233 0.323513
v -0.107664 0.093344 0.334324
v -0.112370 0.092820 0.330427
v -0.114244 0.092592 0.327380
v -0.114102 0.092867 0.322797
v -0.107156 0.090928 0.333965
v -0.110493 0.088366 0.330446
v -0.111889 0.087157 0.327442
v -0.111553 0.086984 0.322864
v -0.105131 0.089602 0.334650
v -0.107077 0.085006 0.331111
v -0.107745 0.082998 0.328219
v -0.107067 0.082482 0.323705
v -0.102477 0.088596 0.335355
v -0.102705 0.083156 0.332244
v -0.102441 0.080747 0.329592
v -0.101327 0.080046 0.325192
v -0.104927 0.092524 0.335593
v -0.102135 0.091722 0.336404
v -0.099253 0.091359 0.337216
v -0.104653 0.095558 0.336094
v -0.101644 0.094933 0.336995
v -0.098613 0.094317 0.337822
v -0.103989 0.098526 0.336626
v -0.101130 0.098153 0.337511
v -0.098316 0.097360 0.338248
v -0.175345 0.789916 0.308717
v -0.172950 0.795248 0.306909
v -0.170971 0.797652 0.305135
v -0.168038 0.798353 0.301670
v -0.173274 0.789502 0.310087
v -0.169489 0.793459 0.309777
v -0.166770 0.795401 0.308652
v -0.163492 0.795916 0.305477
v -0.172522 0.787414 0.311227
v -0.167050 0.790027 0.312152
v -0.163728 0.791242 0.311572
v -0.160199 0.791414 0.308638
v -0.171916 0.784666 0.312096
v -0.165886 0.785544 0.313698
v -0.162309 0.785807 0.313452
v -0.158663 0.785532 0.310672
v -0.172020 0.781744 0.312445
v -0.166225 0.780694 0.314158
v -0.162728 0.779925 0.314004
v -0.159116 0.779165 0.311270
v -0.172370 0.779279 0.312284
v -0.167966 0.776236 0.313479
v -0.164921 0.774491 0.313145
v -0.161490 0.773283 0.310341
v -0.174290 0.778002 0.311278
v -0.170972 0.772880 0.311716
v -0.168555 0.770331 0.311006
v -0.165423 0.768781 0.308025
v -0.176551 0.776996 0.309717
v -0.174698 0.771030 0.309165
v -0.173076 0.768080 0.307912
v -0.170317 0.766345 0.304676
v -0.178886 0.776882 0.307960
v -0.178588 0.771025 0.306217
v -0.177796 0.768080 0.304335
v -0.175426 0.766345 0.300804
v -0.180708 0.777248 0.306264
v -0.182031 0.772810 0.303325
v -0.181997 0.770331 0.300818
v -0.179973 0.768781 0.296997
v -0.181709 0.779384 0.305451
v -0.184488 0.776246 0.300974
v -0.185038 0.774491 0.297897
v -0.183265 0.773283 0.293836
v -0.182318 0.782133 0.304587
v -0.185653 0.780729 0.299428
v -0.186458 0.779925 0.296018
v -0.184801 0.779166 0.291802
v -0.182211 0.785055 0.304232
v -0.185313 0.785579 0.298968
v -0.186039 0.785807 0.295465
v -0.184348 0.785532 0.291204
v -0.181612 0.787471 0.304067
v -0.183554 0.790033 0.299624
v -0.183846 0.791242 0.296324
v -0.181974 0.791414 0.292133
v -0.179940 0.788797 0.305400
v -0.180566 0.793393 0.301410
v -0.180212 0.795401 0.298463
v -0.178041 0.795916 0.294449
v -0.177683 0.789802 0.306965
v -0.176840 0.795243 0.303961
v -0.175691 0.797652 0.301557
v -0.173147 0.798353 0.297798
v -0.180068 0.785875 0.306356
v -0.177718 0.786677 0.308068
v -0.175283 0.787040 0.309810
v -0.179981 0.782841 0.306921
v -0.177457 0.783466 0.308790
v -0.174887 0.784082 0.310598
v -0.179537 0.779873 0.307646
v -0.177149 0.780246 0.309450
v -0.174753 0.781038 0.311100
v -0.194312 0.624530 0.333743
v -0.192457 0.630256 0.332645
v -0.190731 0.633047 0.331206
v -0.187902 0.634466 0.327877
v -0.192203 0.624146 0.335061
v -0.188822 0.628459 0.335283
v -0.186310 0.630783 0.334432
v -0.183117 0.632015 0.331369
v -0.191245 0.622014 0.335930
v -0.186047 0.625004 0.337215
v -0.182862 0.626599 0.336816
v -0.179384 0.627486 0.333950
v -0.190371 0.619248 0.336444
v -0.184444 0.620494 0.338183
v -0.180911 0.621132 0.337994
v -0.177273 0.621569 0.335225
v -0.190188 0.616309 0.336416
v -0.184309 0.615616 0.338017
v -0.180754 0.615215 0.337788
v -0.177103 0.615164 0.335001
v -0.190299 0.613863 0.335938
v -0.185614 0.611133 0.336762
v -0.182416 0.609748 0.336228
v -0.178902 0.609247 0.333313
v -0.192093 0.612544 0.334766
v -0.188291 0.607755 0.334566
v -0.185643 0.605564 0.333552
v -0.182395 0.604718 0.330417
v -0.194255 0.611533 0.333076
v -0.191837 0.605894 0.331776
v -0.189944 0.603300 0.330167
v -0.187050 0.602267 0.326753
v -0.196579 0.611418 0.331304
v -0.195726 0.605888 0.328828
v -0.194664 0.603300 0.326590
v -0.192159 0.602267 0.322881
v -0.198439 0.611820 0.329657
v -0.199344 0.607687 0.326167
v -0.199085 0.605564 0.323363
v -0.196944 0.604718 0.319389
v -0.199647 0.613935 0.329117
v -0.202136 0.611141 0.324258
v -0.202533 0.609748 0.320980
v -0.200677 0.609247 0.316809
v -0.200524 0.616700 0.328608
v -0.203740 0.615651 0.323291
v -0.204484 0.615215 0.319801
v -0.202789 0.615164 0.315533
v -0.200703 0.619639 0.328631
v -0.203874 0.620529 0.323457
v -0.204641 0.621132 0.320008
v -0.202958 0.621569 0.315757
v -0.200343 0.622103 0.328779
v -0.202551 0.625013 0.324688
v -0.202979 0.626599 0.321568
v -0.201159 0.627486 0.317445
v -0.198798 0.623404 0.330281
v -0.199892 0.628390 0.326907
v -0.199752 0.630783 0.324244
v -0.197666 0.632015 0.320342
v -0.196640 0.624415 0.331976
v -0.196346 0.630251 0.329697
v -0.195451 0.633047 0.327628
v -0.193011 0.634466 0.324005
v -0.198637 0.620385 0.330855
v -0.196365 0.621186 0.332670
v -0.193966 0.621558 0.334459
v -0.198252 0.617327 0.331027
v -0.195790 0.617949 0.332977
v -0.193280 0.618575 0.334865
v -0.197519 0.614348 0.331371
v -0.195167 0.614716 0.333222
v -0.192849 0.615520 0.334975
v -0.194312 0.275481 0.333743
v -0.192457 0.281207 0.332646
v -0.190731 0.283998 0.331206
v -0.187902 0.285417 0.327877
v -0.192203 0.275097 0.335061
v -0.188822 0.279410 0.335283
v -0.186310 0.281734 0.334432
v -0.183117 0.282966 0.331369
v -0.191245 0.272965 0.335930
v -0.186047 0.275955 0.337215
v -0.182862 0.277550 0.336816
v -0.179384 0.278437 0.333950
v -0.190371 0.270199 0.336444
v -0.184444 0.271445 0.338183
v -0.180911 0.272083 0.337994
v -0.177273 0.272520 0.335225
v -0.190188 0.267260 0.336416
v -0.184309 0.266567 0.338017
v -0.180754 0.266166 0.337788
v -0.177103 0.266115 0.335001
v -0.190299 0.264814 0.335938
v -0.185614 0.262084 0.336762
v -0.182416 0.260699 0.336228
v -0.178902 0.260198 0.333313
v -0.192093 0.263495 0.334766
v -0.188291 0.258706 0.334566
v -0.185643 0.256515 0.333552
v -0.182395 0.255669 0.330417
v -0.194255 0.262484 0.333076
v -0.191837 0.256845 0.331776
v -0.189944 0.254251 0.330167
v -0.187050 0.253218 0.326753
v -0.196579 0.262369 0.331304
v -0.195726 0.256839 0.328828
v -0.194664 0.254251 0.326590
v -0.192159 0.253218 0.322881
v -0.198439 0.262771 0.329657
v -0.199344 0.258638 0.326167
v -0.199085 0.256515 0.323363
v -0.196944 0.255670 0.319389
v -0.199647 0.264885 0.329117
v -0.202136 0.262092 0.324259
v -0.202533 0.260699 0.320980
v -0.200677 0.260198 0.316809
v -0.200524 0.267651 0.328608
v -0.203740 0.266601 0.323291
v -0.204484 0.266166 0.319801
v -0.202789 0.266115 0.315533
v -0.200703 0.270590 0.328631
v -0.203874 0.271480 0.323457
v -0.204641 0.272083 0.320008
v -0.202958 0.272520 0.315757
v -0.200343 0.273054 0.328779
v -0.202551 0.275964 0.324688
v -0.202979 0.277550 0.321568
v -0.201159 0.278437 0.317445
v -0.198798 0.274355 0.330281
v -0.199892 0.279341 0.326907
v -0.199752 0.281734 0.324244
v -0.197666 0.282966 0.320342
v -0.196640 0.275366 0.331976
v -0.196346 0.281202 0.329697
v -0.195451 0.283998 0.327628
v -0.193011 0.285417 0.324005
v -0.198637 0.271336 0.330855
v -0.196365 0.272137 0.332670
v -0.193966 0.272508 0.334459
v -0.198252 0.268278 0.331027
v -0.195790 0.268900 0.332977
v -0.193280 0.269526 0.334865
v -0.197519 0.265299 0.331371
v -0.195167 0.265667 0.333222
v -0.192849 0.266471 0.334975
v -0.175345 0.088354 0.308717
v -0.172950 0.083022 0.306909
v -0.170971 0.080618 0.305135
v -0.168038 0.079917 0.301670
v -0.173274 0.088768 0.310087
v -0.169489 0.084811 0.309777
v -0.166770 0.082869 0.308652
v -0.163492 0.082354 0.305477
v -0.172522 0.090856 0.311227
v -0.167050 0.088243 0.312152
v -0.163728 0.087028 0.311572
v -0.160199 0.086856 0.308638
v -0.171916 0.093604 0.312096
v -0.165886 0.092726 0.313698
v -0.162309 0.092463 0.313452
v -0.158663 0.092738 0.310672
v -0.172020 0.096526 0.312445
v -0.166225 0.097576 0.314158
v -0.162728 0.098345 0.314004
v -0.159116 0.099105 0.311270
v -0.172370 0.098991 0.312284
v -0.167966 0.102034 0.313479
v -0.164921 0.103779 0.313145
v -0.161490 0.104987 0.310341
v -0.174290 0.100268 0.311278
v -0.170972 0.105390 0.311716
v -0.168555 0.107939 0.311006
v -0.165423 0.109489 0.308025
v -0.176551 0.101273 0.309717
v -0.174698 0.107240 0.309165
v -0.173076 0.110190 0.307912
v -0.170317 0.111925 0.304676
v -0.178886 0.101388 0.307960
v -0.178588 0.107245 0.306217
v -0.177796 0.110190 0.304335
v -0.175426 0.111925 0.300804
v -0.180708 0.101022 0.306264
v -0.182031 0.105460 0.303325
v -0.181997 0.107939 0.300818
v -0.179973 0.109489 0.296997
v -0.181709 0.098886 0.305451
v -0.184488 0.102024 0.300974
v -0.185038 0.103779 0.297897
v -0.183265 0.104987 0.293836
v -0.182318 0.096137 0.304587
v -0.185653 0.097541 0.299428
v -0.186458 0.098345 0.296018
v -0.184801 0.099105 0.291802
v -0.182211 0.093215 0.304232
v -0.185313 0.092691 0.298968
v -0.186039 0.092463 0.295465
v -0.184348 0.092738 0.291204
v -0.181612 0.090799 0.304067
v -0.183554 0.088237 0.299624
v -0.183846 0.087028 0.296324
v -0.181974 0.086856 0.292133
v -0.179940 0.089473 0.305400
v -0.180566 0.084877 0.301410
v -0.180212 0.082869 0.298463
v -0.178041 0.082354 0.294449
v -0.177683 0.088468 0.306965
v -0.176840 0.083027 0.303961
v -0.175691 0.080618 0.301557
v -0.173147 0.079917 0.297798
v -0.180068 0.092395 0.306356
v -0.177718 0.091593 0.308068
v -0.175283 0.091230 0.309810
v -0.179981 0.095429 0.306921
v -0.177457 0.094804 0.308790
v -0.174887 0.094188 0.310598
v -0.179537 0.098397 0.307646
v -0.177149 0.098024 0.309450
v -0.174753 0.097232 0.311100
v -0.342150 0.790044 0.076908
v -0.339156 0.795377 0.077107
v -0.336498 0.797781 0.077060
v -0.332014 0.798482 0.076358
v -0.341480 0.789630 0.079298
v -0.338415 0.793588 0.081540
v -0.335622 0.795530 0.082468
v -0.331065 0.796045 0.082211
v -0.341657 0.787543 0.080653
v -0.338124 0.790156 0.084932
v -0.335232 0.791370 0.086667
v -0.330643 0.791543 0.086756
v -0.341767 0.784795 0.081706
v -0.338254 0.785673 0.086863
v -0.335388 0.785936 0.089017
v -0.330812 0.785661 0.089300
v -0.342074 0.781873 0.081903
v -0.338812 0.780823 0.086989
v -0.336066 0.780054 0.089161
v -0.331546 0.779294 0.089455
v -0.342233 0.779408 0.081551
v -0.339685 0.776365 0.085336
v -0.337163 0.774619 0.087076
v -0.332733 0.773412 0.087199
v -0.343028 0.778131 0.079534
v -0.340804 0.773009 0.082037
v -0.338512 0.770460 0.083081
v -0.334194 0.768910 0.082875
v -0.343717 0.777125 0.076876
v -0.341954 0.771159 0.077669
v -0.339908 0.768209 0.077784
v -0.335704 0.766474 0.077141
v -0.344333 0.777011 0.074020
v -0.342968 0.771153 0.072895
v -0.341137 0.768209 0.071990
v -0.337035 0.766474 0.070870
v -0.344601 0.777377 0.071544
v -0.343680 0.772939 0.068456
v -0.342014 0.770460 0.066582
v -0.337984 0.768910 0.065016
v -0.344827 0.779513 0.070275
v -0.344000 0.776375 0.065070
v -0.342404 0.774619 0.062383
v -0.338406 0.773412 0.060472
v -0.344722 0.782261 0.069223
v -0.343869 0.780858 0.063139
v -0.342248 0.780054 0.060033
v -0.338237 0.779294 0.057928
v -0.344409 0.785184 0.069025
v -0.343312 0.785707 0.063014
v -0.341569 0.785936 0.059889
v -0.337503 0.785661 0.057772
v -0.343848 0.787600 0.069291
v -0.342410 0.790162 0.064660
v -0.340472 0.791370 0.061974
v -0.336315 0.791543 0.060028
v -0.343455 0.788926 0.071394
v -0.341319 0.793522 0.067965
v -0.339123 0.795530 0.065969
v -0.334855 0.796045 0.064353
v -0.342773 0.789931 0.074053
v -0.340170 0.795372 0.072333
v -0.337728 0.797781 0.071266
v -0.333345 0.798482 0.070087
v -0.344178 0.786004 0.072033
v -0.343521 0.786806 0.074865
v -0.342819 0.787169 0.077775
v -0.344481 0.782970 0.072517
v -0.343796 0.783595 0.075581
v -0.343034 0.784210 0.078630
v -0.344620 0.780002 0.073356
v -0.343995 0.780374 0.076282
v -0.343261 0.781167 0.079098
v -0.372867 0.624659 0.083427
v -0.370746 0.630385 0.083811
v -0.368499 0.633176 0.083851
v -0.364182 0.634595 0.083185
v -0.372134 0.624275 0.085804
v -0.369722 0.628588 0.088185
v -0.367266 0.630912 0.089184
v -0.362847 0.632144 0.088956
v -0.371978 0.622142 0.087089
v -0.368888 0.625133 0.091461
v -0.366217 0.626728 0.093242
v -0.361712 0.627615 0.093349
v -0.371653 0.619377 0.088049
v -0.368308 0.620623 0.093241
v -0.365513 0.621261 0.095410
v -0.360949 0.621698 0.095695
v -0.371497 0.616438 0.088147
v -0.368097 0.615744 0.093204
v -0.365259 0.615344 0.095356
v -0.360675 0.615293 0.095637
v -0.371269 0.613992 0.087713
v -0.368264 0.611262 0.091401
v -0.365495 0.609877 0.093089
v -0.360931 0.609376 0.093184
v -0.371858 0.612673 0.085652
v -0.368852 0.607883 0.087989
v -0.366186 0.605693 0.088954
v -0.361678 0.604847 0.088708
v -0.372388 0.611662 0.082960
v -0.369709 0.606023 0.083560
v -0.367225 0.603428 0.083581
v -0.362802 0.602396 0.082892
v -0.372986 0.611547 0.080100
v -0.370722 0.606017 0.078785
v -0.368454 0.603428 0.077787
v -0.364133 0.602396 0.076621
v -0.373315 0.611948 0.077637
v -0.371717 0.607816 0.074406
v -0.369687 0.605693 0.072455
v -0.365468 0.604847 0.070849
v -0.373876 0.614063 0.076440
v -0.372580 0.611270 0.071136
v -0.370736 0.609877 0.068396
v -0.366603 0.609376 0.066456
v -0.374207 0.616829 0.075480
v -0.373160 0.615779 0.069355
v -0.371441 0.615344 0.066229
v -0.367366 0.615293 0.064110
v -0.374356 0.619768 0.075380
v -0.373371 0.620658 0.069393
v -0.371694 0.621261 0.066282
v -0.367640 0.621698 0.064168
v -0.374181 0.622232 0.075728
v -0.373175 0.625141 0.071189
v -0.371458 0.626728 0.068549
v -0.367384 0.627615 0.066622
v -0.373995 0.623533 0.077875
v -0.372616 0.628519 0.074607
v -0.370768 0.630912 0.072684
v -0.366637 0.632144 0.071097
v -0.373472 0.624544 0.080568
v -0.371759 0.630380 0.079037
v -0.369729 0.633176 0.078058
v -0.365513 0.634595 0.076913
v -0.374249 0.620514 0.078415
v -0.373718 0.621315 0.081273
v -0.373074 0.621686 0.084196
v -0.374071 0.617456 0.078796
v -0.373484 0.618078 0.081882
v -0.372821 0.618704 0.084951
v -0.373741 0.614477 0.079536
v -0.373174 0.614845 0.082474
v -0.372566 0.615649 0.085317
v -0.372867 0.275610 0.083427
v -0.370746 0.281336 0.083811
v -0.368499 0.284127 0.083851
v -0.364182 0.285546 0.083185
v -0.372134 0.275226 0.085804
v -0.369722 0.279539 0.088185
v -0.367266 0.281863 0.089184
v -0.362847 0.283095 0.088956
v -0.371978 0.273093 0.087089
v -0.368888 0.276083 0.091461
v -0.366217 0.277679 0.093242
v -0.361712 0.278566 0.093349
v -0.371653 0.270328 0.088049
v -0.368308 0.271574 0.093242
v -0.365513 0.272212 0.095410
v -0.360949 0.272649 0.095696
v -0.371497 0.267389 0.088147
v -0.368097 0.266695 0.093204
v -0.365259 0.266295 0.095356
v -0.360675 0.266244 0.095637
v -0.371269 0.264943 0.087713
v -0.368264 0.262213 0.091401
v -0.365495 0.260828 0.093089
v -0.360931 0.260327 0.093184
v -0.371858 0.263624 0.085653
v -0.368852 0.258834 0.087989
v -0.366186 0.256644 0.088954
v -0.361678 0.255798 0.088708
v -0.372388 0.262613 0.082960
v -0.369709 0.256973 0.083560
v -0.367225 0.254379 0.083581
v -0.362802 0.253347 0.082892
v -0.372986 0.262498 0.080100
v -0.370722 0.256968 0.078785
v -0.368454 0.254379 0.077787
v -0.364133 0.253347 0.076621
v -0.373315 0.262900 0.077637
v -0.371717 0.258767 0.074406
v -0.369687 0.256644 0.072455
v -0.365468 0.255798 0.070849
v -0.373876 0.265014 0.076440
v -0.372580 0.262221 0.071136
v -0.370736 0.260828 0.068396
v -0.366603 0.260327 0.066456
v -0.374207 0.267779 0.075480
v -0.373160 0.266730 0.069355
v -0.371441 0.266295 0.066229
v -0.367366 0.266244 0.064110
v -0.374356 0.270719 0.075380
v -0.373371 0.271609 0.069393
v -0.371694 0.272212 0.066282
v -0.367640 0.272649 0.064168
v -0.374181 0.273183 0.075728
v -0.373175 0.276092 0.071189
v -0.371458 0.277678 0.068549
v -0.367384 0.278566 0.066622
v -0.373995 0.274484 0.077875
v -0.372616 0.279470 0.074607
v -0.370768 0.281863 0.072684
v -0.366637 0.283095 0.071097
v -0.373472 0.275495 0.080568
v -0.371759 0.281331 0.079037
v -0.369729 0.284127 0.078058
v -0.365513 0.285546 0.076914
v -0.374249 0.271465 0.078415
v -0.373718 0.272266 0.081273
v -0.373074 0.272637 0.084196
v -0.374071 0.268407 0.078796
v -0.373484 0.269029 0.081882
v -0.372821 0.269655 0.084952
v -0.373741 0.265427 0.079536
v -0.373174 0.265796 0.082474
v -0.372566 0.266600 0.085317
v -0.342150 0.088483 0.076908
v -0.339156 0.083150 0.077107
v -0.336498 0.080747 0.077060
v -0.332014 0.080046 0.076358
v -0.341480 0.088897 0.079298
v -0.338415 0.084940 0.081541
v -0.335622 0.082998 0.082468
v -0.331065 0.082482 0.082211
v -0.341657 0.090985 0.080653
v -0.338124 0.088372 0.084932
v -0.335232 0.087157 0.086667
v -0.330643 0.086984 0.086756
v -0.341767 0.093733 0.081707
v -0.338254 0.092855 0.086864
v -0.335388 0.092592 0.089017
v -0.330812 0.092867 0.089300
v -0.342074 0.096655 0.081903
v -0.338812 0.097704 0.086989
v -0.336066 0.098474 0.089161
v -0.331546 0.099233 0.089456
v -0.342233 0.099120 0.081551
v -0.339685 0.102163 0.085336
v -0.337163 0.103908 0.087077
v -0.332733 0.105116 0.087200
v -0.343028 0.100397 0.079534
v -0.340804 0.105519 0.082037
v -0.338512 0.108067 0.083081
v -0.334194 0.109617 0.082875
v -0.343717 0.101402 0.076876
v -0.341954 0.107369 0.077670
v -0.339908 0.110319 0.077784
v -0.335704 0.112054 0.077141
v -0.344333 0.101517 0.074020
v -0.342968 0.107374 0.072895
v -0.341137 0.110318 0.071990
v -0.337035 0.112054 0.070870
v -0.344601 0.101151 0.071544
v -0.343680 0.105588 0.068456
v -0.342014 0.108067 0.066582
v -0.337984 0.109617 0.065017
v -0.344827 0.099015 0.070275
v -0.344000 0.102153 0.065070
v -0.342404 0.103908 0.062384
v -0.338406 0.105115 0.060472
v -0.344722 0.096266 0.069223
v -0.343869 0.097670 0.063139
v -0.342248 0.098474 0.060033
v -0.338237 0.099233 0.057928
v -0.344409 0.093344 0.069025
v -0.343312 0.092820 0.063014
v -0.341569 0.092592 0.059889
v -0.337503 0.092867 0.057772
v -0.343848 0.090928 0.069291
v -0.342410 0.088366 0.064660
v -0.340472 0.087157 0.061974
v -0.336315 0.086984 0.060028
v -0.343455 0.089602 0.071394
v -0.341319 0.085006 0.067966
v -0.339123 0.082998 0.065969
v -0.334855 0.082483 0.064353
v -0.342773 0.088596 0.074053
v -0.340170 0.083156 0.072333
v -0.337728 0.080747 0.071266
v -0.333345 0.080046 0.070087
v -0.344178 0.092524 0.072033
v -0.343521 0.091722 0.074865
v -0.342819 0.091359 0.077775
v -0.344481 0.095558 0.072517
v -0.343796 0.094933 0.075582
v -0.343034 0.094317 0.078630
v -0.344620 0.098526 0.073356
v -0.343995 0.098153 0.076282
v -0.343261 0.097360 0.079098
v -0.297581 0.790044 -0.186197
v -0.295590 0.795377 -0.183951
v -0.293667 0.797781 -0.182116
v -0.289984 0.798482 -0.179463
v -0.298784 0.789630 -0.184025
v -0.298180 0.793588 -0.180277
v -0.296845 0.795530 -0.177654
v -0.293424 0.796045 -0.174633
v -0.299862 0.787543 -0.183186
v -0.300357 0.790156 -0.177660
v -0.299519 0.791370 -0.174393
v -0.296318 0.791543 -0.171104
v -0.300681 0.784795 -0.182515
v -0.301807 0.785673 -0.176378
v -0.301282 0.785936 -0.172831
v -0.298226 0.785661 -0.169414
v -0.301038 0.781873 -0.182592
v -0.302292 0.780823 -0.176680
v -0.301866 0.780054 -0.173206
v -0.298858 0.779294 -0.169819
v -0.300903 0.779407 -0.182953
v -0.301751 0.776365 -0.178469
v -0.301181 0.774619 -0.175459
v -0.298117 0.773412 -0.172258
v -0.300051 0.778131 -0.184947
v -0.300228 0.773009 -0.181603
v -0.299332 0.770460 -0.179249
v -0.296115 0.768910 -0.176360
v -0.298672 0.777125 -0.187321
v -0.297976 0.771159 -0.185518
v -0.296601 0.768209 -0.183998
v -0.293159 0.766474 -0.181500
v -0.297103 0.777011 -0.189787
v -0.295341 0.771153 -0.189626
v -0.293403 0.768209 -0.188983
v -0.289698 0.766474 -0.186896
v -0.295554 0.777377 -0.191735
v -0.292727 0.772939 -0.193284
v -0.290225 0.770460 -0.193446
v -0.286258 0.768910 -0.191726
v -0.294821 0.779513 -0.192797
v -0.290575 0.776375 -0.195917
v -0.287551 0.774619 -0.196706
v -0.283364 0.773412 -0.195255
v -0.294007 0.782261 -0.193471
v -0.289124 0.780858 -0.197199
v -0.285788 0.780054 -0.198268
v -0.281455 0.779294 -0.196946
v -0.293645 0.785183 -0.193392
v -0.288640 0.785707 -0.196896
v -0.285204 0.785936 -0.197894
v -0.280824 0.785661 -0.196541
v -0.293434 0.787600 -0.192808
v -0.289156 0.790162 -0.195091
v -0.285889 0.791370 -0.195640
v -0.281565 0.791543 -0.194102
v -0.294632 0.788926 -0.191037
v -0.290703 0.793522 -0.191974
v -0.287738 0.795530 -0.191850
v -0.283566 0.796045 -0.190000
v -0.296016 0.789931 -0.188665
v -0.292956 0.795372 -0.188059
v -0.290469 0.797781 -0.187101
v -0.286522 0.798482 -0.184859
v -0.295596 0.786004 -0.191090
v -0.297119 0.786806 -0.188614
v -0.298665 0.787169 -0.186051
v -0.296151 0.782970 -0.190959
v -0.297818 0.783595 -0.188297
v -0.299419 0.784210 -0.185594
v -0.296840 0.780002 -0.190460
v -0.298452 0.780374 -0.187939
v -0.299910 0.781167 -0.185421
v -0.324011 0.624659 -0.203152
v -0.322772 0.630385 -0.201388
v -0.321202 0.633176 -0.199780
v -0.317663 0.634595 -0.197219
v -0.325160 0.624275 -0.200946
v -0.325118 0.628588 -0.197558
v -0.324073 0.630912 -0.195120
v -0.320770 0.632144 -0.192176
v -0.325951 0.622142 -0.199923
v -0.326827 0.625133 -0.194641
v -0.326180 0.626727 -0.191496
v -0.323051 0.627615 -0.188253
v -0.326396 0.619377 -0.199011
v -0.327666 0.620623 -0.192966
v -0.327202 0.621261 -0.189459
v -0.324158 0.621698 -0.186049
v -0.326355 0.616438 -0.198832
v -0.327490 0.615744 -0.192845
v -0.326984 0.615344 -0.189319
v -0.323922 0.615293 -0.185897
v -0.325886 0.613992 -0.198980
v -0.326342 0.611262 -0.194244
v -0.325559 0.609877 -0.191098
v -0.322379 0.609376 -0.187822
v -0.324858 0.612673 -0.200860
v -0.324362 0.607883 -0.197085
v -0.323143 0.605693 -0.194524
v -0.319764 0.604847 -0.191531
v -0.323341 0.611662 -0.203147
v -0.321857 0.606022 -0.200838
v -0.320105 0.603428 -0.199076
v -0.316476 0.602396 -0.196458
v -0.321756 0.611547 -0.205603
v -0.319222 0.606017 -0.204945
v -0.316907 0.603428 -0.204061
v -0.313014 0.602396 -0.201854
v -0.320260 0.611948 -0.207585
v -0.316851 0.607816 -0.208760
v -0.314036 0.605693 -0.208721
v -0.309906 0.604847 -0.206897
v -0.319816 0.614063 -0.208832
v -0.315167 0.611270 -0.211693
v -0.311929 0.609877 -0.212345
v -0.307626 0.609376 -0.210820
v -0.319377 0.616828 -0.209746
v -0.314328 0.615779 -0.213367
v -0.310907 0.615344 -0.214382
v -0.306519 0.615293 -0.213025
v -0.319413 0.619768 -0.209922
v -0.314504 0.620658 -0.213488
v -0.311125 0.621261 -0.214522
v -0.306755 0.621698 -0.213176
v -0.319533 0.622232 -0.209551
v -0.315627 0.625141 -0.212073
v -0.312550 0.626727 -0.212743
v -0.308298 0.627615 -0.211251
v -0.320910 0.623533 -0.207894
v -0.317632 0.628519 -0.209249
v -0.314966 0.630912 -0.209317
v -0.310913 0.632144 -0.207543
v -0.322431 0.624544 -0.205610
v -0.320137 0.630380 -0.205496
v -0.318004 0.633176 -0.204765
v -0.314201 0.634595 -0.202615
v -0.321470 0.620514 -0.207688
v -0.323102 0.621315 -0.205282
v -0.324698 0.621686 -0.202751
v -0.321612 0.617456 -0.207292
v -0.323363 0.618078 -0.204685
v -0.325049 0.618704 -0.202035
v -0.321896 0.614477 -0.206534
v -0.323559 0.614845 -0.204045
v -0.325125 0.615649 -0.201596
v -0.324011 0.275610 -0.203152
v -0.322772 0.281336 -0.201388
v -0.321202 0.284127 -0.199780
v -0.317663 0.285546 -0.197219
v -0.325160 0.275226 -0.200946
v -0.325118 0.279539 -0.197557
v -0.324073 0.281863 -0.195120
v -0.320770 0.283095 -0.192176
v -0.325951 0.273093 -0.199923
v -0.326827 0.276083 -0.194640
v -0.326180 0.277678 -0.191496
v -0.323051 0.278566 -0.188253
v -0.326396 0.270328 -0.199011
v -0.327666 0.271574 -0.192966
v -0.327202 0.272212 -0.189459
v -0.324158 0.272649 -0.186049
v -0.326355 0.267389 -0.198831
v -0.327490 0.266695 -0.192845
v -0.326984 0.266294 -0.189319
v -0.323922 0.266244 -0.185897
v -0.325886 0.264943 -0.198979
v -0.326342 0.262213 -0.194244
v -0.325559 0.260828 -0.191098
v -0.322379 0.260327 -0.187822
v -0.324858 0.263624 -0.200860
v -0.324362 0.258834 -0.197085
v -0.323143 0.256644 -0.194524
v -0.319764 0.255798 -0.191531
v -0.323341 0.262613 -0.203147
v -0.321857 0.256973 -0.200838
v -0.320105 0.254379 -0.199076
v -0.316476 0.253347 -0.196458
v -0.321756 0.262498 -0.205602
v -0.319222 0.256968 -0.204945
v -0.316907 0.254379 -0.204061
v -0.313014 0.253347 -0.201854
v -0.320260 0.262899 -0.207585
v -0.316851 0.258767 -0.208760
v -0.314036 0.256644 -0.208721
v -0.309906 0.255798 -0.206897
v -0.319816 0.265014 -0.208832
v -0.315167 0.262221 -0.211693
v -0.311929 0.260828 -0.212345
v -0.307626 0.260327 -0.210820
v -0.319377 0.267779 -0.209746
v -0.314328 0.266730 -0.213367
v -0.310907 0.266294 -0.214382
v -0.306519 0.266244 -0.213025
v -0.319413 0.270719 -0.209922
v -0.314504 0.271609 -0.213488
v -0.311125 0.272212 -0.214522
v -0.306755 0.272649 -0.213176
v -0.319533 0.273183 -0.209551
v -0.315627 0.276092 -0.212073
v -0.312550 0.277678 -0.212743
v -0.308298 0.278566 -0.211251
v -0.320910 0.274483 -0.207894
v -0.317632 0.279470 -0.209249
v -0.314966 0.281862 -0.209317
v -0.310913 0.283095 -0.207542
v -0.322431 0.275495 -0.205610
v -0.320137 0.281331 -0.205495
v -0.318004 0.284127 -0.204765
v -0.314201 0.285546 -0.202615
v -0.321470 0.271465 -0.207688
v -0.323102 0.272265 -0.205282
v -0.324698 0.272637 -0.202751
v -0.321612 0.268407 -0.207292
v -0.323363 0.269029 -0.204685
v -0.325049 0.269655 -0.202035
v -0.321896 0.265427 -0.206534
v -0.323559 0.265796 -0.204045
v -0.325125 0.266600 -0.201596
v -0.297581 0.088483 -0.186197
v -0.295590 0.083150 -0.183950
v -0.293667 0.080747 -0.182116
v -0.289984 0.080046 -0.179463
v -0.298784 0.088897 -0.184025
v -0.298180 0.084940 -0.180277
v -0.296845 0.082998 -0.177653
v -0.293424 0.082482 -0.174633
v -0.299862 0.090985 -0.183186
v -0.300357 0.088372 -0.177660
v -0.299519 0.087157 -0.174393
v -0.296318 0.086984 -0.171104
v -0.300681 0.093733 -0.182515
v -0.301807 0.092855 -0.176378
v -0.301282 0.092592 -0.172831
v -0.298226 0.092867 -0.169413
v -0.301038 0.096655 -0.182591
v -0.302292 0.097704 -0.176680
v -0.301866 0.098474 -0.173205
v -0.298858 0.099233 -0.169819
v -0.300903 0.099120 -0.182953
v -0.301751 0.102163 -0.178469
v -0.301181 0.103908 -0.175459
v -0.298117 0.105115 -0.172258
v -0.300051 0.100397 -0.184947
v -0.300228 0.105519 -0.181603
v -0.299332 0.108067 -0.179249
v -0.296115 0.109617 -0.176360
v -0.298672 0.101402 -0.187321
v -0.297976 0.107369 -0.185518
v -0.296601 0.110318 -0.183998
v -0.293159 0.112054 -0.181500
v -0.297103 0.101517 -0.189787
v -0.295341 0.107374 -0.189626
v -0.293403 0.110318 -0.188983
v -0.289698 0.112054 -0.186896
v -0.295554 0.101151 -0.191735
v -0.292727 0.105588 -0.193284
v -0.290225 0.108067 -0.193446
v -0.286258 0.109617 -0.191726
v -0.294821 0.099015 -0.192797
v -0.290575 0.102153 -0.195917
v -0.287551 0.103908 -0.196706
v -0.283364 0.105115 -0.195255
v -0.294007 0.096266 -0.193471
v -0.289124 0.097670 -0.197199
v -0.285788 0.098474 -0.198268
v -0.281455 0.099233 -0.196946
v -0.293645 0.093344 -0.193392
v -0.288640 0.092820 -0.196896
v -0.285204 0.092592 -0.197894
v -0.280824 0.092867 -0.196541
v -0.293434 0.090928 -0.192808
v -0.289156 0.088365 -0.195091
v -0.285889 0.087157 -0.195640
v -0.281565 0.086984 -0.194102
v -0.294632 0.089602 -0.191037
v -0.290703 0.085006 -0.191973
v -0.287738 0.082998 -0.191850
v -0.283566 0.082482 -0.190000
v -0.296016 0.088596 -0.188665
v -0.292956 0.083156 -0.188059
v -0.290469 0.080747 -0.187101
v -0.286522 0.080046 -0.184859
v -0.295596 0.092524 -0.191090
v -0.297119 0.091722 -0.188614
v -0.298665 0.091359 -0.186050
v -0.296151 0.095558 -0.190959
v -0.297818 0.094933 -0.188297
v -0.299419 0.094317 -0.185593
v -0.296840 0.098526 -0.190460
v -0.298452 0.098153 -0.187939
v -0.299910 0.097360 -0.185421
v -0.079025 0.790044 -0.342455
v -0.079206 0.795377 -0.339460
v -0.079142 0.797781 -0.336803
v -0.078412 0.798482 -0.332323
v -0.081411 0.789630 -0.341770
v -0.083634 0.793588 -0.338692
v -0.084544 0.795530 -0.335893
v -0.084259 0.796045 -0.331338
v -0.082767 0.787543 -0.341939
v -0.087024 0.790156 -0.338380
v -0.088740 0.791370 -0.335477
v -0.088801 0.791543 -0.330888
v -0.083821 0.784795 -0.342043
v -0.088956 0.785673 -0.338498
v -0.091092 0.785936 -0.335618
v -0.091346 0.785661 -0.331041
v -0.084019 0.781873 -0.342349
v -0.089085 0.780823 -0.339055
v -0.091240 0.780054 -0.336295
v -0.091506 0.779294 -0.331774
v -0.083669 0.779408 -0.342509
v -0.087438 0.776365 -0.339937
v -0.089162 0.774619 -0.337405
v -0.089258 0.773412 -0.332975
v -0.081656 0.778131 -0.343317
v -0.084146 0.773009 -0.341078
v -0.085176 0.770460 -0.338779
v -0.084943 0.768910 -0.334462
v -0.079002 0.777125 -0.344022
v -0.079785 0.771159 -0.342255
v -0.079887 0.768209 -0.340207
v -0.079218 0.766474 -0.336008
v -0.076150 0.777011 -0.344656
v -0.075017 0.771153 -0.343298
v -0.074101 0.768209 -0.341473
v -0.072955 0.766474 -0.337378
v -0.073676 0.777377 -0.344940
v -0.070582 0.772939 -0.344037
v -0.068698 0.770460 -0.342383
v -0.067108 0.768910 -0.338363
v -0.072408 0.779513 -0.345173
v -0.067199 0.776375 -0.344378
v -0.064502 0.774619 -0.342799
v -0.062566 0.773412 -0.338813
v -0.071356 0.782261 -0.345075
v -0.065267 0.780858 -0.344260
v -0.062151 0.780054 -0.342658
v -0.060021 0.779294 -0.338660
v -0.071156 0.785183 -0.344763
v -0.065138 0.785707 -0.343703
v -0.062003 0.785936 -0.341980
v -0.059861 0.785661 -0.337927
v -0.071419 0.787600 -0.344201
v -0.066779 0.790162 -0.342791
v -0.064080 0.791370 -0.340870
v -0.062109 0.791543 -0.336726
v -0.073519 0.788926 -0.343795
v -0.070077 0.793522 -0.341680
v -0.068067 0.795530 -0.339497
v -0.066424 0.796045 -0.335239
v -0.076174 0.789931 -0.343096
v -0.074438 0.795372 -0.340503
v -0.073356 0.797781 -0.338068
v -0.072149 0.798482 -0.333693
v -0.074163 0.786004 -0.344513
v -0.076990 0.786806 -0.343838
v -0.079896 0.787169 -0.343119
v -0.074648 0.782970 -0.344813
v -0.077709 0.783595 -0.344109
v -0.080753 0.784210 -0.343329
v -0.075488 0.780002 -0.344948
v -0.078410 0.780374 -0.344304
v -0.081221 0.781167 -0.343553
v -0.085735 0.624659 -0.373132
v -0.086106 0.630385 -0.371008
v -0.086132 0.633176 -0.368761
v -0.085438 0.634595 -0.364448
v -0.088107 0.624275 -0.372383
v -0.090472 0.628588 -0.369957
v -0.091456 0.630912 -0.367494
v -0.091201 0.632144 -0.363077
v -0.089390 0.622142 -0.372220
v -0.093743 0.625133 -0.369102
v -0.095508 0.626728 -0.366421
v -0.095587 0.627615 -0.361915
v -0.090349 0.619377 -0.371889
v -0.095521 0.620623 -0.368511
v -0.097672 0.621261 -0.365702
v -0.097929 0.621698 -0.361138
v -0.090446 0.616438 -0.371732
v -0.095482 0.615744 -0.368301
v -0.097616 0.615344 -0.365449
v -0.097869 0.615293 -0.360864
v -0.090011 0.613992 -0.371506
v -0.093680 0.611262 -0.368479
v -0.095351 0.609877 -0.365700
v -0.095417 0.609376 -0.361135
v -0.087954 0.612673 -0.372109
v -0.090272 0.607883 -0.369088
v -0.091220 0.605693 -0.366416
v -0.090946 0.604847 -0.361909
v -0.085265 0.611662 -0.372655
v -0.085847 0.606022 -0.369972
v -0.085853 0.603428 -0.367488
v -0.085137 0.602396 -0.363070
v -0.082409 0.611547 -0.373271
v -0.081080 0.606017 -0.371015
v -0.080067 0.603428 -0.368753
v -0.078874 0.602396 -0.364440
v -0.079948 0.611949 -0.373615
v -0.076706 0.607816 -0.372037
v -0.074743 0.605693 -0.370019
v -0.073111 0.604847 -0.365810
v -0.078753 0.614063 -0.374183
v -0.073442 0.611270 -0.372921
v -0.070691 0.609877 -0.371093
v -0.068725 0.609376 -0.366973
v -0.077796 0.616828 -0.374520
v -0.071665 0.615779 -0.373512
v -0.068528 0.615344 -0.371811
v -0.066384 0.615293 -0.367750
v -0.077697 0.619768 -0.374670
v -0.071704 0.620658 -0.373722
v -0.068583 0.621261 -0.372065
v -0.066444 0.621698 -0.368024
v -0.078044 0.622232 -0.374493
v -0.073499 0.625141 -0.373515
v -0.070848 0.626728 -0.371814
v -0.068896 0.627615 -0.367753
v -0.080189 0.623533 -0.374294
v -0.076913 0.628519 -0.372935
v -0.074979 0.630912 -0.371098
v -0.073366 0.632144 -0.366978
v -0.082880 0.624544 -0.373754
v -0.081338 0.630380 -0.372051
v -0.080346 0.633176 -0.370026
v -0.079175 0.634595 -0.365817
v -0.080731 0.620514 -0.374544
v -0.083586 0.621315 -0.373996
v -0.086505 0.621686 -0.373334
v -0.081111 0.617456 -0.374364
v -0.084193 0.618078 -0.373758
v -0.087259 0.618704 -0.373075
v -0.081849 0.614477 -0.374029
v -0.084784 0.614845 -0.373443
v -0.087622 0.615649 -0.372819
v -0.085735 0.275610 -0.373132
v -0.086106 0.281336 -0.371008
v -0.086132 0.284127 -0.368761
v -0.085438 0.285546 -0.364448
v -0.088107 0.275226 -0.372383
v -0.090472 0.279539 -0.369957
v -0.091456 0.281863 -0.367494
v -0.091201 0.283095 -0.363077
v -0.089390 0.273093 -0.372220
v -0.093743 0.276083 -0.369102
v -0.095508 0.277678 -0.366421
v -0.095587 0.278566 -0.361915
v -0.090349 0.270328 -0.371889
v -0.095521 0.271574 -0.368511
v -0.097672 0.272212 -0.365702
v -0.097929 0.272649 -0.361137
v -0.090446 0.267389 -0.371732
v -0.095482 0.266695 -0.368301
v -0.097616 0.266294 -0.365449
v -0.097869 0.266244 -0.360863
v -0.090011 0.264943 -0.371506
v -0.093680 0.262213 -0.368479
v -0.095351 0.260828 -0.365700
v -0.095417 0.260327 -0.361135
v -0.087954 0.263624 -0.372108
v -0.090272 0.258834 -0.369088
v -0.091220 0.256644 -0.366415
v -0.090946 0.255798 -0.361909
v -0.085265 0.262613 -0.372655
v -0.085847 0.256973 -0.369972
v -0.085853 0.254379 -0.367488
v -0.085137 0.253347 -0.363070
v -0.082409 0.262498 -0.373271
v -0.081080 0.256968 -0.371015
v -0.080067 0.254379 -0.368753
v -0.078874 0.253347 -0.364440
v -0.079948 0.262900 -0.373615
v -0.076706 0.258767 -0.372037
v -0.074743 0.256644 -0.370019
v -0.073111 0.255798 -0.365810
v -0.078753 0.265014 -0.374183
v -0.073442 0.262221 -0.372921
v -0.070691 0.260828 -0.371093
v -0.068725 0.260327 -0.366973
v -0.077796 0.267779 -0.374520
v -0.071665 0.266730 -0.373512
v -0.068528 0.266294 -0.371811
v -0.066384 0.266244 -0.367750
v -0.077697 0.270719 -0.374670
v -0.071704 0.271609 -0.373722
v -0.068583 0.272212 -0.372065
v -0.066444 0.272649 -0.368024
v -0.078044 0.273183 -0.374492
v -0.073499 0.276092 -0.373515
v -0.070848 0.277678 -0.371814
v -0.068896 0.278566 -0.367753
v -0.080189 0.274483 -0.374294
v -0.076913 0.279470 -0.372935
v -0.074979 0.281862 -0.371098
v -0.073366 0.283095 -0.366978
v -0.082880 0.275495 -0.373754
v -0.081338 0.281331 -0.372050
v -0.080346 0.284127 -0.370026
v -0.079175 0.285546 -0.365817
v -0.080731 0.271465 -0.374544
v -0.083586 0.272265 -0.373995
v -0.086505 0.272637 -0.373334
v -0.081111 0.268407 -0.374364
v -0.084193 0.269029 -0.373758
v -0.087259 0.269655 -0.373075
v -0.081849 0.265427 -0.374029
v -0.084784 0.265796 -0.373443
v -0.087622 0.266600 -0.372819
v -0.079026 0.088482 -0.342455
v -0.079206 0.083150 -0.339460
v -0.079142 0.080747 -0.336803
v -0.078412 0.080046 -0.332323
v -0.081411 0.088897 -0.341770
v -0.083634 0.084940 -0.338691
v -0.084544 0.082998 -0.335893
v -0.084259 0.082482 -0.331338
v -0.082768 0.090985 -0.341938
v -0.087024 0.088372 -0.338380
v -0.088740 0.087157 -0.335477
v -0.088801 0.086984 -0.330887
v -0.083821 0.093732 -0.342043
v -0.088956 0.092855 -0.338498
v -0.091092 0.092592 -0.335618
v -0.091346 0.092866 -0.331040
v -0.084019 0.096655 -0.342349
v -0.089085 0.097704 -0.339055
v -0.091240 0.098474 -0.336295
v -0.091506 0.099233 -0.331773
v -0.083669 0.099120 -0.342509
v -0.087438 0.102163 -0.339937
v -0.089162 0.103908 -0.337405
v -0.089258 0.105115 -0.332975
v -0.081656 0.100397 -0.343317
v -0.084146 0.105519 -0.341078
v -0.085176 0.108067 -0.338779
v -0.084943 0.109617 -0.334462
v -0.079002 0.101402 -0.344022
v -0.079785 0.107369 -0.342255
v -0.079887 0.110318 -0.340207
v -0.079218 0.112054 -0.336008
v -0.076150 0.101516 -0.344656
v -0.075017 0.107374 -0.343298
v -0.074101 0.110318 -0.341473
v -0.072955 0.112054 -0.337378
v -0.073676 0.101151 -0.344940
v -0.070582 0.105588 -0.344037
v -0.068698 0.108067 -0.342383
v -0.067108 0.109617 -0.338363
v -0.072408 0.099015 -0.345173
v -0.067199 0.102153 -0.344378
v -0.064502 0.103908 -0.342799
v -0.062566 0.105115 -0.338813
v -0.071356 0.096266 -0.345075
v -0.065267 0.097670 -0.344260
v -0.062151 0.098474 -0.342657
v -0.060021 0.099233 -0.338660
v -0.071156 0.093344 -0.344763
v -0.065138 0.092820 -0.343703
v -0.062003 0.092592 -0.341980
v -0.059861 0.092867 -0.337927
v -0.071419 0.090928 -0.344201
v -0.066779 0.088365 -0.342791
v -0.064080 0.087157 -0.340870
v -0.062109 0.086984 -0.336725
v -0.073519 0.089602 -0.343795
v -0.070077 0.085006 -0.341680
v -0.068067 0.082998 -0.339496
v -0.066424 0.082482 -0.335238
v -0.076174 0.088596 -0.343096
v -0.074438 0.083156 -0.340503
v -0.073356 0.080747 -0.338068
v -0.072149 0.080046 -0.333692
v -0.074163 0.092524 -0.344513
v -0.076990 0.091722 -0.343838
v -0.079896 0.091358 -0.343119
v -0.074648 0.095558 -0.344813
v -0.077709 0.094933 -0.344109
v -0.080753 0.094317 -0.343329
v -0.075488 0.098526 -0.344947
v -0.078410 0.098153 -0.344304
v -0.081221 0.097360 -0.343553
v 0.107223 0.790044 -0.334914
v 0.105535 0.795377 -0.332432
v 0.104230 0.797781 -0.330117
v 0.102564 0.798482 -0.325895
v 0.104823 0.789630 -0.335546
v 0.101337 0.793588 -0.334039
v 0.099123 0.795530 -0.332100
v 0.097037 0.796045 -0.328041
v 0.103744 0.787543 -0.336385
v 0.098265 0.790156 -0.335505
v 0.095305 0.791370 -0.333890
v 0.092904 0.791543 -0.329978
v 0.102892 0.784795 -0.337013
v 0.096666 0.785673 -0.336596
v 0.093358 0.785936 -0.335215
v 0.090796 0.785661 -0.331412
v 0.102878 0.781873 -0.337378
v 0.096840 0.780823 -0.337140
v 0.093577 0.780054 -0.335872
v 0.091034 0.779294 -0.332124
v 0.103262 0.779407 -0.337336
v 0.098707 0.776365 -0.337056
v 0.095930 0.774619 -0.335763
v 0.093580 0.773412 -0.332005
v 0.105403 0.778131 -0.337000
v 0.102119 0.773009 -0.336350
v 0.100058 0.770460 -0.334903
v 0.098049 0.768910 -0.331074
v 0.108045 0.777125 -0.336248
v 0.106468 0.771159 -0.335130
v 0.105333 0.768209 -0.333423
v 0.103758 0.766474 -0.329473
v 0.110820 0.777011 -0.335333
v 0.111098 0.771153 -0.333586
v 0.110951 0.768209 -0.331549
v 0.109839 0.766474 -0.327445
v 0.113090 0.777377 -0.334311
v 0.115286 0.772939 -0.331952
v 0.116058 0.770460 -0.329566
v 0.115367 0.768910 -0.325298
v 0.114299 0.779513 -0.333862
v 0.118367 0.776375 -0.330513
v 0.119876 0.774619 -0.327776
v 0.119500 0.773412 -0.323361
v 0.115153 0.782261 -0.333239
v 0.119967 0.780858 -0.329423
v 0.121824 0.780054 -0.326452
v 0.121608 0.779294 -0.321927
v 0.115165 0.785183 -0.332869
v 0.119793 0.785707 -0.328878
v 0.121604 0.785936 -0.325794
v 0.121370 0.785661 -0.321215
v 0.114651 0.787600 -0.332520
v 0.117916 0.790162 -0.328935
v 0.119251 0.791370 -0.325903
v 0.118824 0.791543 -0.321334
v 0.112639 0.788926 -0.333246
v 0.114514 0.793522 -0.329668
v 0.115123 0.795530 -0.326763
v 0.114355 0.796045 -0.322265
v 0.110000 0.789931 -0.334005
v 0.110165 0.795372 -0.330889
v 0.109849 0.797781 -0.328243
v 0.108646 0.798482 -0.323866
v 0.112454 0.786004 -0.334193
v 0.109679 0.786806 -0.335060
v 0.106815 0.787169 -0.335929
v 0.112190 0.782970 -0.334699
v 0.109201 0.783595 -0.335660
v 0.106186 0.784210 -0.336548
v 0.111537 0.780002 -0.335244
v 0.108697 0.780374 -0.336187
v 0.105898 0.781167 -0.336980
v 0.117158 0.624659 -0.364702
v 0.115753 0.630385 -0.363067
v 0.114580 0.633176 -0.361150
v 0.112969 0.634595 -0.357090
v 0.114738 0.624275 -0.365273
v 0.111463 0.628588 -0.364399
v 0.109358 0.630912 -0.362787
v 0.107316 0.632144 -0.358862
v 0.113551 0.622142 -0.365789
v 0.108215 0.625133 -0.365338
v 0.105327 0.626728 -0.363938
v 0.102953 0.627615 -0.360108
v 0.112558 0.619377 -0.365995
v 0.106386 0.620623 -0.365740
v 0.103101 0.621261 -0.364428
v 0.100544 0.621698 -0.360638
v 0.112394 0.616438 -0.365911
v 0.106312 0.615744 -0.365540
v 0.103019 0.615344 -0.364182
v 0.100455 0.615293 -0.360372
v 0.112653 0.613992 -0.365494
v 0.107951 0.611262 -0.364771
v 0.105093 0.609877 -0.363238
v 0.102700 0.609376 -0.359350
v 0.114728 0.612673 -0.364959
v 0.111191 0.607883 -0.363550
v 0.109008 0.605693 -0.361739
v 0.106938 0.604847 -0.357728
v 0.117318 0.611662 -0.364052
v 0.115444 0.606022 -0.362045
v 0.114168 0.603428 -0.359914
v 0.112523 0.602396 -0.355752
v 0.120088 0.611547 -0.363119
v 0.120074 0.606017 -0.360501
v 0.119786 0.603428 -0.358040
v 0.118604 0.602396 -0.353723
v 0.122377 0.611948 -0.362156
v 0.124354 0.607816 -0.359141
v 0.125009 0.605693 -0.356403
v 0.124257 0.604847 -0.351951
v 0.123694 0.614063 -0.362033
v 0.127611 0.611270 -0.358229
v 0.129040 0.609877 -0.355252
v 0.128620 0.609376 -0.350705
v 0.124689 0.616828 -0.361832
v 0.129440 0.615779 -0.357828
v 0.131266 0.615344 -0.354762
v 0.131029 0.615293 -0.350175
v 0.124851 0.619768 -0.361910
v 0.129515 0.620658 -0.358028
v 0.131348 0.621261 -0.355007
v 0.131118 0.621698 -0.350441
v 0.124462 0.622232 -0.361936
v 0.127867 0.625141 -0.358769
v 0.129273 0.626727 -0.355952
v 0.128872 0.627615 -0.351463
v 0.122517 0.623533 -0.362862
v 0.124636 0.628519 -0.360018
v 0.125358 0.630912 -0.357450
v 0.124635 0.632144 -0.353085
v 0.119929 0.624544 -0.363775
v 0.120382 0.630380 -0.361523
v 0.120199 0.633176 -0.359276
v 0.119050 0.634595 -0.355061
v 0.122180 0.620514 -0.363354
v 0.119446 0.621315 -0.364344
v 0.116600 0.621686 -0.365270
v 0.121761 0.617456 -0.363394
v 0.118803 0.618078 -0.364451
v 0.115820 0.618704 -0.365433
v 0.120956 0.614476 -0.363484
v 0.118135 0.614845 -0.364483
v 0.115376 0.615649 -0.365399
v 0.117158 0.275610 -0.364702
v 0.115753 0.281336 -0.363067
v 0.114580 0.284127 -0.361150
v 0.112969 0.285546 -0.357089
v 0.114738 0.275226 -0.365273
v 0.111463 0.279539 -0.364399
v 0.109358 0.281862 -0.362787
v 0.107316 0.283095 -0.358862
v 0.113551 0.273093 -0.365788
v 0.108215 0.276083 -0.365339
v 0.105327 0.277678 -0.363938
v 0.102953 0.278566 -0.360108
v 0.112558 0.270328 -0.365995
v 0.106386 0.271574 -0.365740
v 0.103101 0.272212 -0.364428
v 0.100544 0.272649 -0.360638
v 0.112394 0.267389 -0.365911
v 0.106312 0.266695 -0.365540
v 0.103019 0.266294 -0.364182
v 0.100455 0.266244 -0.360372
v 0.112653 0.264943 -0.365494
v 0.107951 0.262213 -0.364771
v 0.105093 0.260828 -0.363238
v 0.102700 0.260327 -0.359350
v 0.114728 0.263624 -0.364959
v 0.111191 0.258834 -0.363550
v 0.109008 0.256644 -0.361739
v 0.106938 0.255798 -0.357727
v 0.117318 0.262613 -0.364051
v 0.115444 0.256973 -0.362045
v 0.114168 0.254379 -0.359914
v 0.112523 0.253347 -0.355752
v 0.120087 0.262498 -0.363119
v 0.120074 0.256968 -0.360501
v 0.119786 0.254379 -0.358040
v 0.118604 0.253347 -0.353723
v 0.122377 0.262899 -0.362156
v 0.124354 0.258767 -0.359141
v 0.125009 0.256644 -0.356403
v 0.124257 0.255798 -0.351951
v 0.123694 0.265014 -0.362033
v 0.127611 0.262221 -0.358229
v 0.129040 0.260828 -0.355251
v 0.128620 0.260327 -0.350705
v 0.124689 0.267779 -0.361832
v 0.129440 0.266730 -0.357828
v 0.131266 0.266294 -0.354761
v 0.131029 0.266244 -0.350175
v 0.124851 0.270719 -0.361910
v 0.129515 0.271609 -0.358028
v 0.131348 0.272212 -0.355007
v 0.131118 0.272649 -0.350441
v 0.124462 0.273183 -0.361936
v 0.127867 0.276092 -0.358769
v 0.129273 0.277678 -0.355952
v 0.128872 0.278566 -0.351463
v 0.122517 0.274484 -0.362862
v 0.124636 0.279470 -0.360018
v 0.125358 0.281862 -0.357450
v 0.124635 0.283095 -0.353085
v 0.119929 0.275495 -0.363775
v 0.120382 0.281331 -0.361523
v 0.120199 0.284127 -0.359276
v 0.119050 0.285546 -0.355061
v 0.122180 0.271465 -0.363354
v 0.119446 0.272265 -0.364344
v 0.116600 0.272637 -0.365269
v 0.121761 0.268407 -0.363394
v 0.118803 0.269029 -0.364451
v 0.115820 0.269655 -0.365433
v 0.120956 0.265427 -0.363484
v 0.118135 0.265796 -0.364483
v 0.115376 0.266600 -0.365399
v 0.107223 0.088483 -0.334914
v 0.105535 0.083150 -0.332432
v 0.104230 0.080747 -0.330117
v 0.102564 0.080046 -0.325894
v 0.104823 0.088897 -0.335546
v 0.101337 0.084940 -0.334039
v 0.099123 0.082998 -0.332100
v 0.097037 0.082482 -0.328041
v 0.103744 0.090985 -0.336385
v 0.098265 0.088372 -0.335505
v 0.095305 0.087157 -0.333890
v 0.092904 0.086984 -0.329978
v 0.102892 0.093733 -0.337013
v 0.096666 0.092855 -0.336596
v 0.093358 0.092592 -0.335215
v 0.090796 0.092867 -0.331412
v 0.102878 0.096655 -0.337377
v 0.096840 0.097704 -0.337140
v 0.093577 0.098474 -0.335872
v 0.091034 0.099233 -0.332124
v 0.103262 0.099120 -0.337336
v 0.098707 0.102163 -0.337055
v 0.095930 0.103908 -0.335763
v 0.093580 0.105115 -0.332005
v 0.105403 0.100397 -0.337000
v 0.102119 0.105519 -0.336350
v 0.100058 0.108067 -0.334903
v 0.098049 0.109617 -0.331074
v 0.108045 0.101402 -0.336248
v 0.106468 0.107369 -0.335130
v 0.105333 0.110318 -0.333423
v 0.103758 0.112054 -0.329473
v 0.110820 0.101516 -0.335333
v 0.111098 0.107374 -0.333586
v 0.110951 0.110318 -0.331549
v 0.109839 0.112054 -0.327445
v 0.113090 0.101151 -0.334311
v 0.115286 0.105588 -0.331952
v 0.116058 0.108067 -0.329566
v 0.115367 0.109617 -0.325298
v 0.114299 0.099015 -0.333862
v 0.118367 0.102153 -0.330513
v 0.119876 0.103908 -0.327776
v 0.119500 0.105115 -0.323361
v 0.115153 0.096266 -0.333239
v 0.119967 0.097670 -0.329423
v 0.121824 0.098474 -0.326451
v 0.121608 0.099233 -0.321927
v 0.115165 0.093344 -0.332869
v 0.119793 0.092820 -0.328878
v 0.121604 0.092592 -0.325794
v 0.121370 0.092867 -0.321215
v 0.114651 0.090928 -0.332520
v 0.117916 0.088366 -0.328935
v 0.119251 0.087157 -0.325903
v 0.118824 0.086984 -0.321334
v 0.112639 0.089602 -0.333246
v 0.114514 0.085006 -0.329668
v 0.115123 0.082998 -0.326763
v 0.114355 0.082483 -0.322264
v 0.110000 0.088596 -0.334004
v 0.110165 0.083156 -0.330888
v 0.109849 0.080747 -0.328243
v 0.108646 0.080046 -0.323866
v 0.112454 0.092524 -0.334193
v 0.109679 0.091722 -0.335060
v 0.106815 0.091359 -0.335929
v 0.112190 0.095558 -0.334699
v 0.109201 0.094933 -0.335660
v 0.106186 0.094317 -0.336548
v 0.111537 0.098526 -0.335244
v 0.108697 0.098153 -0.336187
v 0.105898 0.097360 -0.336980
v 0.311522 0.790044 -0.163238
v 0.308578 0.795377 -0.162659
v 0.306022 0.797781 -0.161930
v 0.301869 0.798482 -0.160097
v 0.310260 0.789630 -0.165375
v 0.306721 0.793588 -0.166753
v 0.303784 0.795530 -0.166930
v 0.299446 0.796045 -0.165510
v 0.310082 0.787543 -0.166730
v 0.305567 0.790156 -0.169955
v 0.302326 0.791370 -0.170887
v 0.297869 0.791543 -0.169793
v 0.309918 0.784795 -0.167776
v 0.305196 0.785673 -0.171855
v 0.301872 0.785936 -0.173198
v 0.297378 0.785661 -0.172294
v 0.310164 0.781873 -0.168045
v 0.305703 0.780823 -0.172120
v 0.302491 0.780054 -0.173512
v 0.298047 0.779294 -0.172634
v 0.310408 0.779408 -0.167745
v 0.306971 0.776365 -0.170747
v 0.304087 0.774619 -0.171780
v 0.299775 0.773412 -0.170759
v 0.311695 0.778131 -0.166002
v 0.308902 0.773009 -0.167847
v 0.306419 0.770460 -0.168267
v 0.302298 0.768910 -0.166956
v 0.313045 0.777125 -0.163609
v 0.311137 0.771159 -0.163923
v 0.309130 0.768209 -0.163507
v 0.305234 0.766474 -0.161804
v 0.314376 0.777011 -0.161007
v 0.313346 0.771153 -0.159570
v 0.311809 0.768209 -0.158224
v 0.308134 0.766474 -0.156086
v 0.315272 0.777377 -0.158685
v 0.315176 0.772939 -0.155464
v 0.314048 0.770460 -0.153224
v 0.310557 0.768910 -0.150674
v 0.315817 0.779513 -0.157516
v 0.316356 0.776375 -0.152274
v 0.315505 0.774619 -0.149267
v 0.312134 0.773412 -0.146391
v 0.315986 0.782261 -0.156473
v 0.316727 0.780858 -0.150375
v 0.315959 0.780054 -0.146956
v 0.312625 0.779294 -0.143890
v 0.315734 0.785184 -0.156201
v 0.316221 0.785707 -0.150110
v 0.315341 0.785936 -0.146642
v 0.311956 0.785661 -0.143550
v 0.315123 0.787600 -0.156314
v 0.314926 0.790162 -0.151469
v 0.313745 0.791370 -0.148374
v 0.310228 0.791543 -0.145425
v 0.314203 0.788926 -0.158244
v 0.313021 0.793522 -0.154382
v 0.311413 0.795530 -0.151888
v 0.307704 0.796045 -0.149228
v 0.312859 0.789931 -0.160639
v 0.310786 0.795372 -0.158307
v 0.308701 0.797781 -0.156648
v 0.304769 0.798482 -0.154380
v 0.314737 0.786004 -0.159048
v 0.313373 0.786806 -0.161616
v 0.311946 0.787169 -0.164247
v 0.314905 0.782970 -0.159594
v 0.313454 0.783595 -0.162379
v 0.311934 0.784210 -0.165129
v 0.314824 0.780002 -0.160440
v 0.313466 0.780374 -0.163107
v 0.312033 0.781167 -0.165639
v 0.339527 0.624659 -0.177442
v 0.337379 0.630385 -0.177267
v 0.335197 0.633176 -0.176727
v 0.331197 0.634595 -0.174972
v 0.338208 0.624275 -0.179549
v 0.335264 0.628588 -0.181229
v 0.332634 0.630912 -0.181563
v 0.328422 0.632144 -0.180206
v 0.337726 0.622142 -0.180750
v 0.333615 0.625133 -0.184181
v 0.330576 0.626727 -0.185215
v 0.326195 0.627615 -0.184159
v 0.337165 0.619377 -0.181595
v 0.332596 0.620623 -0.185752
v 0.329337 0.621261 -0.187128
v 0.324854 0.621698 -0.186230
v 0.336990 0.616438 -0.181651
v 0.332403 0.615744 -0.185662
v 0.329106 0.615344 -0.187011
v 0.324604 0.615293 -0.186103
v 0.336880 0.613992 -0.181172
v 0.333027 0.611262 -0.183963
v 0.329918 0.609877 -0.184881
v 0.325483 0.609376 -0.183798
v 0.337980 0.612673 -0.179333
v 0.334474 0.607883 -0.180817
v 0.331649 0.605693 -0.181063
v 0.327356 0.604847 -0.179665
v 0.339184 0.611662 -0.176867
v 0.336442 0.606023 -0.176757
v 0.334035 0.603428 -0.176138
v 0.329940 0.602396 -0.174334
v 0.340499 0.611547 -0.174257
v 0.338649 0.606017 -0.172404
v 0.336715 0.603428 -0.170856
v 0.332839 0.602396 -0.168617
v 0.341451 0.611949 -0.171962
v 0.340737 0.607816 -0.168428
v 0.339278 0.605693 -0.166020
v 0.335614 0.604847 -0.163383
v 0.342301 0.614063 -0.170948
v 0.342413 0.611270 -0.165490
v 0.341336 0.609877 -0.162368
v 0.337842 0.609376 -0.159430
v 0.342867 0.616829 -0.170106
v 0.343432 0.615779 -0.163919
v 0.342575 0.615344 -0.160455
v 0.339182 0.615293 -0.157359
v 0.343037 0.619768 -0.170049
v 0.343626 0.620658 -0.164009
v 0.342806 0.621261 -0.160572
v 0.339433 0.621698 -0.157486
v 0.342778 0.622232 -0.170341
v 0.342974 0.625141 -0.165695
v 0.341994 0.626728 -0.162702
v 0.338554 0.627615 -0.159791
v 0.342047 0.623533 -0.172367
v 0.341554 0.628519 -0.168854
v 0.340263 0.630912 -0.166520
v 0.336680 0.632144 -0.163924
v 0.340848 0.624544 -0.174835
v 0.339587 0.630380 -0.172914
v 0.337876 0.633176 -0.171445
v 0.334097 0.634595 -0.169255
v 0.342153 0.620514 -0.172953
v 0.340904 0.621315 -0.175579
v 0.339530 0.621686 -0.178238
v 0.341883 0.617456 -0.173276
v 0.340521 0.618078 -0.176107
v 0.339090 0.618704 -0.178902
v 0.341373 0.614477 -0.173906
v 0.340069 0.614845 -0.176600
v 0.338751 0.615649 -0.179190
v 0.339527 0.275610 -0.177442
v 0.337379 0.281336 -0.177267
v 0.335197 0.284127 -0.176727
v 0.331197 0.285546 -0.174972
v 0.338208 0.275226 -0.179549
v 0.335264 0.279539 -0.181229
v 0.332634 0.281862 -0.181563
v 0.328422 0.283095 -0.180206
v 0.337726 0.273093 -0.180750
v 0.333615 0.276083 -0.184180
v 0.330576 0.277678 -0.185215
v 0.326195 0.278566 -0.184159
v 0.337165 0.270328 -0.181595
v 0.332596 0.271574 -0.185752
v 0.329337 0.272212 -0.187128
v 0.324854 0.272649 -0.186230
v 0.336990 0.267389 -0.181651
v 0.332403 0.266695 -0.185662
v 0.329106 0.266295 -0.187011
v 0.324604 0.266244 -0.186103
v 0.336880 0.264943 -0.181172
v 0.333027 0.262213 -0.183963
v 0.329918 0.260828 -0.184881
v 0.325483 0.260327 -0.183798
v 0.337980 0.263624 -0.179332
v 0.334474 0.258834 -0.180817
v 0.331649 0.256644 -0.181063
v 0.327356 0.255798 -0.179665
v 0.339184 0.262613 -0.176867
v 0.336442 0.256973 -0.176757
v 0.334035 0.254379 -0.176138
v 0.329940 0.253347 -0.174334
v 0.340499 0.262498 -0.174257
v 0.338649 0.256968 -0.172404
v 0.336715 0.254379 -0.170856
v 0.332839 0.253347 -0.168617
v 0.341451 0.262900 -0.171962
v 0.340737 0.258767 -0.168428
v 0.339278 0.256644 -0.166020
v 0.335614 0.255798 -0.163383
v 0.342301 0.265014 -0.170948
v 0.342413 0.262221 -0.165490
v 0.341336 0.260828 -0.162368
v 0.337842 0.260327 -0.159430
v 0.342867 0.267779 -0.170106
v 0.343432 0.266730 -0.163919
v 0.342575 0.266294 -0.160455
v 0.339182 0.266244 -0.157359
v 0.343037 0.270719 -0.170049
v 0.343626 0.271609 -0.164009
v 0.342806 0.272212 -0.160572
v 0.339433 0.272649 -0.157486
v 0.342778 0.273183 -0.170340
v 0.342974 0.276092 -0.165695
v 0.341994 0.277678 -0.162702
v 0.338554 0.278566 -0.159791
v 0.342047 0.274483 -0.172367
v 0.341554 0.279470 -0.168854
v 0.340263 0.281862 -0.166520
v 0.336680 0.283095 -0.163924
v 0.340848 0.275495 -0.174835
v 0.339587 0.281331 -0.172914
v 0.337876 0.284127 -0.171445
v 0.334097 0.285546 -0.169255
v 0.342153 0.271465 -0.172953
v 0.340904 0.272265 -0.175579
v 0.339530 0.272637 -0.178238
v 0.341883 0.268406 -0.173276
v 0.340521 0.269029 -0.176107
v 0.339090 0.269655 -0.178902
v 0.341373 0.265427 -0.173906
v 0.340069 0.265796 -0.176600
v 0.338751 0.266600 -0.179190
v 0.311522 0.088482 -0.163238
v 0.308578 0.083150 -0.162659
v 0.306022 0.080747 -0.161930
v 0.301869 0.080046 -0.160097
v 0.310260 0.088897 -0.165374
v 0.306721 0.084940 -0.166753
v 0.303784 0.082998 -0.166930
v 0.299446 0.082482 -0.165510
v 0.310082 0.090985 -0.166730
v 0.305567 0.088372 -0.169955
v 0.302326 0.087157 -0.170887
v 0.297869 0.086984 -0.169792
v 0.309918 0.093733 -0.167776
v 0.305196 0.092855 -0.171855
v 0.301872 0.092592 -0.173198
v 0.297378 0.092867 -0.172294
v 0.310164 0.096655 -0.168045
v 0.305703 0.097704 -0.172120
v 0.302491 0.098474 -0.173512
v 0.298047 0.099233 -0.172633
v 0.310408 0.099120 -0.167745
v 0.306971 0.102163 -0.170747
v 0.304087 0.103908 -0.171780
v 0.299775 0.105115 -0.170759
v 0.311695 0.100397 -0.166002
v 0.308902 0.105519 -0.167847
v 0.306419 0.108067 -0.168267
v 0.302298 0.109617 -0.166956
v 0.313045 0.101402 -0.163609
v 0.311137 0.107369 -0.163923
v 0.309130 0.110318 -0.163506
v 0.305234 0.112054 -0.161804
v 0.314376 0.101516 -0.161007
v 0.313346 0.107374 -0.159570
v 0.311809 0.110318 -0.158224
v 0.308134 0.112054 -0.156086
v 0.315272 0.101151 -0.158685
v 0.315176 0.105588 -0.155463
v 0.314048 0.108067 -0.153224
v 0.310557 0.109617 -0.150674
v 0.315817 0.099015 -0.157516
v 0.316356 0.102153 -0.152274
v 0.315505 0.103908 -0.149267
v 0.312134 0.105115 -0.146391
v 0.315986 0.096266 -0.156473
v 0.316727 0.097670 -0.150374
v 0.315959 0.098474 -0.146956
v 0.312625 0.099233 -0.143890
v 0.315734 0.093344 -0.156200
v 0.316221 0.092820 -0.150110
v 0.315341 0.092592 -0.146642
v 0.311956 0.092867 -0.143550
v 0.315123 0.090928 -0.156314
v 0.314926 0.088366 -0.151469
v 0.313745 0.087157 -0.148374
v 0.310228 0.086984 -0.145425
v 0.314203 0.089602 -0.158244
v 0.313021 0.085006 -0.154382
v 0.311413 0.082998 -0.151888
v 0.307704 0.082482 -0.149227
v 0.312859 0.088596 -0.160639
v 0.310786 0.083156 -0.158307
v 0.308701 0.080747 -0.156648
v 0.304769 0.080046 -0.154380
v 0.314737 0.092524 -0.159048
v 0.313373 0.091722 -0.161615
v 0.311946 0.091359 -0.164247
v 0.314905 0.095558 -0.159594
v 0.313454 0.094933 -0.162379
v 0.311934 0.094317 -0.165129
v 0.314824 0.098526 -0.160440
v 0.313466 0.098153 -0.163107
v 0.312033 0.097360 -0.165639
v 0.335579 0.790044 0.104352
v 0.333087 0.795377 0.102680
v 0.330764 0.797781 0.101389
v 0.326531 0.798482 0.099750
v 0.336197 0.789630 0.101948
v 0.334668 0.793588 0.098472
v 0.332715 0.795530 0.096270
v 0.328643 0.796045 0.094209
v 0.337029 0.787543 0.100864
v 0.336115 0.790156 0.095391
v 0.334481 0.791370 0.092441
v 0.330555 0.791543 0.090064
v 0.337652 0.784795 0.100008
v 0.337196 0.785673 0.093785
v 0.335794 0.785936 0.090485
v 0.331976 0.785661 0.087947
v 0.338016 0.781873 0.099992
v 0.337741 0.780823 0.093956
v 0.336453 0.780054 0.090700
v 0.332689 0.779294 0.088180
v 0.337977 0.779408 0.100376
v 0.337668 0.776365 0.095823
v 0.336358 0.774619 0.093054
v 0.332586 0.773412 0.090728
v 0.337654 0.778131 0.102519
v 0.336984 0.773009 0.099239
v 0.335524 0.770460 0.097187
v 0.331683 0.768910 0.095202
v 0.336918 0.777125 0.105165
v 0.335791 0.771159 0.103595
v 0.334077 0.768209 0.102471
v 0.330117 0.766474 0.100921
v 0.336021 0.777011 0.107946
v 0.334276 0.771153 0.108235
v 0.332238 0.768209 0.108101
v 0.328126 0.766474 0.107015
v 0.335013 0.777377 0.110223
v 0.332667 0.772939 0.112433
v 0.330287 0.770460 0.113220
v 0.326014 0.768910 0.112556
v 0.334571 0.779513 0.111435
v 0.331248 0.776375 0.115523
v 0.328520 0.774619 0.117049
v 0.324103 0.773412 0.116700
v 0.333954 0.782261 0.112292
v 0.330167 0.780858 0.117130
v 0.327208 0.780054 0.119005
v 0.322682 0.779294 0.118817
v 0.333584 0.785184 0.112306
v 0.329622 0.785707 0.116959
v 0.326549 0.785936 0.118790
v 0.321969 0.785661 0.118584
v 0.333231 0.787600 0.111795
v 0.329667 0.790162 0.115082
v 0.326644 0.791370 0.116436
v 0.322071 0.791543 0.116037
v 0.333945 0.788926 0.109779
v 0.330379 0.793522 0.111675
v 0.327478 0.795530 0.112303
v 0.322975 0.796045 0.111563
v 0.334687 0.789931 0.107135
v 0.331572 0.795372 0.107319
v 0.328925 0.797781 0.107019
v 0.324541 0.798482 0.105844
v 0.334891 0.786004 0.109587
v 0.335741 0.786806 0.106807
v 0.336592 0.787169 0.103937
v 0.335396 0.782970 0.109321
v 0.336338 0.783595 0.106325
v 0.337207 0.784210 0.103305
v 0.335936 0.780002 0.108664
v 0.336861 0.780374 0.105818
v 0.337638 0.781167 0.103014
v 0.365428 0.624659 0.114102
v 0.363785 0.630385 0.112707
v 0.361860 0.633176 0.111546
v 0.357790 0.634595 0.109960
v 0.365985 0.624275 0.111678
v 0.365090 0.628588 0.108409
v 0.363465 0.630912 0.106314
v 0.359527 0.632144 0.104296
v 0.366493 0.622142 0.110488
v 0.366009 0.625133 0.105155
v 0.364591 0.626728 0.102276
v 0.360746 0.627615 0.099926
v 0.366693 0.619377 0.109494
v 0.366400 0.620623 0.103324
v 0.365067 0.621261 0.100047
v 0.361262 0.621698 0.097513
v 0.366608 0.616438 0.109331
v 0.366199 0.615744 0.103251
v 0.364821 0.615344 0.099966
v 0.360995 0.615293 0.097426
v 0.366192 0.613992 0.109592
v 0.365440 0.611262 0.104894
v 0.363890 0.609877 0.102047
v 0.359987 0.609376 0.099678
v 0.365670 0.612673 0.111670
v 0.364239 0.607883 0.108142
v 0.362415 0.605693 0.105971
v 0.358391 0.604847 0.103925
v 0.364779 0.611662 0.114266
v 0.362761 0.606023 0.112405
v 0.360622 0.603428 0.111142
v 0.356450 0.602396 0.109522
v 0.363864 0.611547 0.117041
v 0.361246 0.606017 0.117044
v 0.358783 0.603428 0.116772
v 0.354459 0.602396 0.115616
v 0.362915 0.611948 0.119337
v 0.359912 0.607816 0.121332
v 0.357178 0.605693 0.122004
v 0.352722 0.604847 0.121279
v 0.362800 0.614063 0.120654
v 0.359021 0.611270 0.124595
v 0.356052 0.609877 0.126042
v 0.351503 0.609376 0.125650
v 0.362605 0.616829 0.121651
v 0.358631 0.615779 0.126427
v 0.355576 0.615344 0.128271
v 0.350988 0.615293 0.128063
v 0.362685 0.619768 0.121812
v 0.358832 0.620658 0.126500
v 0.355822 0.621261 0.128351
v 0.351255 0.621698 0.128150
v 0.362707 0.622232 0.121423
v 0.359562 0.625141 0.124847
v 0.356754 0.626728 0.126271
v 0.352263 0.627615 0.125898
v 0.363622 0.623533 0.119472
v 0.360791 0.628519 0.121609
v 0.358228 0.630912 0.122347
v 0.353859 0.632144 0.121651
v 0.364519 0.624544 0.116879
v 0.362269 0.630380 0.117346
v 0.360021 0.633176 0.117176
v 0.355800 0.634595 0.116054
v 0.364112 0.620514 0.119132
v 0.365085 0.621315 0.116392
v 0.365993 0.621686 0.113541
v 0.364149 0.617456 0.118713
v 0.365188 0.618078 0.115748
v 0.366152 0.618704 0.112759
v 0.364234 0.614477 0.117907
v 0.365216 0.614845 0.115080
v 0.366114 0.615649 0.112316
v 0.365428 0.275610 0.114102
v 0.363785 0.281336 0.112707
v 0.361860 0.284127 0.111546
v 0.357790 0.285546 0.109960
v 0.365985 0.275226 0.111678
v 0.365090 0.279539 0.108409
v 0.363465 0.281863 0.106314
v 0.359527 0.283095 0.104297
v 0.366493 0.273093 0.110488
v 0.366009 0.276084 0.105156
v 0.364591 0.277679 0.102276
v 0.360746 0.278566 0.099926
v 0.366693 0.270328 0.109494
v 0.366400 0.271574 0.103324
v 0.365067 0.272212 0.100047
v 0.361262 0.272649 0.097513
v 0.366608 0.267389 0.109331
v 0.366199 0.266695 0.103251
v 0.364821 0.266295 0.099966
v 0.360995 0.266244 0.097426
v 0.366192 0.264943 0.109592
v 0.365440 0.262213 0.104894
v 0.363890 0.260828 0.102047
v 0.359987 0.260327 0.099678
v 0.365670 0.263624 0.111671
v 0.364239 0.258834 0.108142
v 0.362415 0.256644 0.105971
v 0.358391 0.255798 0.103925
v 0.364779 0.262613 0.114266
v 0.362761 0.256974 0.112405
v 0.360622 0.254379 0.111142
v 0.356450 0.253347 0.109522
v 0.363864 0.262498 0.117041
v 0.361246 0.256968 0.117044
v 0.358783 0.254379 0.116772
v 0.354459 0.253347 0.115616
v 0.362915 0.262900 0.119337
v 0.359912 0.258767 0.121333
v 0.357178 0.256644 0.122004
v 0.352722 0.255798 0.121280
v 0.362800 0.265014 0.120654
v 0.359021 0.262221 0.124595
v 0.356052 0.260828 0.126042
v 0.351503 0.260327 0.125650
v 0.362605 0.267779 0.121651
v 0.358631 0.266730 0.126427
v 0.355576 0.266295 0.128271
v 0.350988 0.266244 0.128063
v 0.362685 0.270719 0.121812
v 0.358832 0.271609 0.126500
v 0.355822 0.272212 0.128351
v 0.351255 0.272649 0.128150
v 0.362707 0.273183 0.121423
v 0.359562 0.276092 0.124847
v 0.356754 0.277679 0.126271
v 0.352263 0.278566 0.125898
v 0.363622 0.274484 0.119472
v 0.360791 0.279470 0.121609
v 0.358228 0.281863 0.122347
v 0.353859 0.283095 0.121651
v 0.364519 0.275495 0.116879
v 0.362269 0.281331 0.117346
v 0.360021 0.284127 0.117176
v 0.355800 0.285546 0.116054
v 0.364112 0.271465 0.119132
v 0.365085 0.272266 0.116392
v 0.365993 0.272637 0.113541
v 0.364149 0.268407 0.118713
v 0.365188 0.269029 0.115748
v 0.366152 0.269655 0.112759
v 0.364234 0.265428 0.117907
v 0.365216 0.265796 0.115080
v 0.366114 0.266600 0.112316
v 0.335579 0.088483 0.104352
v 0.333087 0.083150 0.102680
v 0.330764 0.080747 0.101389
v 0.326531 0.080046 0.099750
v 0.336197 0.088897 0.101948
v 0.334668 0.084940 0.098472
v 0.332715 0.082998 0.096270
v 0.328643 0.082482 0.094209
v 0.337029 0.090985 0.100864
v 0.336115 0.088372 0.095391
v 0.334481 0.087157 0.092441
v 0.330555 0.086984 0.090064
v 0.337652 0.093733 0.100008
v 0.337196 0.092855 0.093785
v 0.335794 0.092592 0.090485
v 0.331976 0.092867 0.087948
v 0.338016 0.096655 0.099992
v 0.337741 0.097704 0.093956
v 0.336453 0.098474 0.090700
v 0.332689 0.099233 0.088180
v 0.337977 0.099120 0.100376
v 0.337668 0.102163 0.095823
v 0.336358 0.103908 0.093054
v 0.332586 0.105116 0.090728
v 0.337654 0.100397 0.102520
v 0.336984 0.105519 0.099239
v 0.335524 0.108067 0.097187
v 0.331683 0.109617 0.095202
v 0.336918 0.101402 0.105165
v 0.335791 0.107369 0.103595
v 0.334077 0.110318 0.102471
v 0.330117 0.112054 0.100921
v 0.336021 0.101516 0.107946
v 0.334276 0.107374 0.108235
v 0.332238 0.110318 0.108101
v 0.328126 0.112054 0.107015
v 0.335013 0.101151 0.110223
v 0.332667 0.105588 0.112433
v 0.330287 0.108067 0.113220
v 0.326014 0.109617 0.112556
v 0.334571 0.099015 0.111435
v 0.331248 0.102153 0.115524
v 0.328520 0.103908 0.117049
v 0.324103 0.105115 0.116700
v 0.333954 0.096266 0.112292
v 0.330167 0.097670 0.117130
v 0.327208 0.098474 0.119005
v 0.322682 0.099233 0.118817
v 0.333584 0.093344 0.112306
v 0.329622 0.092820 0.116959
v 0.326549 0.092592 0.118790
v 0.321969 0.092867 0.118584
v 0.333231 0.090928 0.111795
v 0.329667 0.088366 0.115082
v 0.326644 0.087157 0.116436
v 0.322071 0.086984 0.116037
v 0.333945 0.089602 0.109779
v 0.330379 0.085006 0.111675
v 0.327478 0.082998 0.112303
v 0.322975 0.082482 0.111563
v 0.334687 0.088596 0.107135
v 0.331572 0.083156 0.107319
v 0.328925 0.080747 0.107019
v 0.324541 0.080046 0.105844
v 0.334891 0.092524 0.109587
v 0.335741 0.091722 0.106808
v 0.336592 0.091359 0.103937
v 0.335396 0.095558 0.109321
v 0.336338 0.094933 0.106325
v 0.337207 0.094317 0.103305
v 0.335936 0.098526 0.108664
v 0.336861 0.098153 0.105818
v 0.337637 0.097360 0.103014
v 0.167548 0.790044 0.308441
v 0.166929 0.795377 0.305505
v 0.166164 0.797781 0.302959
v 0.164274 0.798482 0.298832
v 0.169667 0.789631 0.307149
v 0.170996 0.793588 0.303592
v 0.171133 0.795530 0.300652
v 0.169652 0.796045 0.296335
v 0.171020 0.787543 0.306952
v 0.174182 0.790156 0.302393
v 0.175069 0.791370 0.299140
v 0.173913 0.791543 0.294698
v 0.172063 0.784795 0.306774
v 0.176077 0.785673 0.301996
v 0.177374 0.785936 0.298654
v 0.176407 0.785661 0.294172
v 0.172336 0.781873 0.307016
v 0.176348 0.780823 0.302499
v 0.177696 0.780054 0.299267
v 0.176756 0.779294 0.294836
v 0.172040 0.779408 0.307264
v 0.174994 0.776365 0.303786
v 0.175986 0.774620 0.300888
v 0.174906 0.773412 0.296590
v 0.170314 0.778131 0.308576
v 0.172121 0.773009 0.305757
v 0.172506 0.770460 0.303268
v 0.171138 0.768910 0.299166
v 0.167941 0.777125 0.309958
v 0.168228 0.771159 0.308046
v 0.167784 0.768209 0.306045
v 0.166027 0.766474 0.302173
v 0.165358 0.777011 0.311325
v 0.163906 0.771153 0.310315
v 0.162539 0.768209 0.308798
v 0.160350 0.766474 0.305152
v 0.163047 0.777377 0.312253
v 0.159825 0.772939 0.312202
v 0.157570 0.770460 0.311105
v 0.154972 0.768910 0.307649
v 0.161886 0.779513 0.312814
v 0.156653 0.776375 0.313426
v 0.153634 0.774620 0.312617
v 0.150712 0.773412 0.309286
v 0.160845 0.782262 0.312998
v 0.154758 0.780858 0.313824
v 0.151329 0.780054 0.313103
v 0.148217 0.779294 0.309812
v 0.160571 0.785184 0.312750
v 0.154487 0.785707 0.313321
v 0.151007 0.785936 0.312489
v 0.147868 0.785661 0.309148
v 0.160675 0.787600 0.312138
v 0.155828 0.790162 0.312007
v 0.152717 0.791370 0.310869
v 0.149719 0.791543 0.307394
v 0.162593 0.788926 0.311191
v 0.158714 0.793522 0.310062
v 0.156197 0.795530 0.308489
v 0.153486 0.796045 0.304818
v 0.164968 0.789931 0.309813
v 0.162607 0.795372 0.307773
v 0.160920 0.797781 0.305711
v 0.158597 0.798482 0.301811
v 0.163404 0.786004 0.311713
v 0.165952 0.786806 0.310314
v 0.168563 0.787169 0.308850
v 0.163951 0.782970 0.311874
v 0.166716 0.783595 0.310384
v 0.169445 0.784211 0.308826
v 0.164797 0.780002 0.311781
v 0.167444 0.780374 0.310386
v 0.169956 0.781167 0.308918
v 0.182139 0.624659 0.336246
v 0.181935 0.630385 0.334101
v 0.181365 0.633176 0.331927
v 0.179554 0.634595 0.327951
v 0.184229 0.624275 0.334897
v 0.185867 0.628588 0.331931
v 0.186164 0.630912 0.329296
v 0.184749 0.632144 0.325104
v 0.185423 0.622142 0.334399
v 0.188795 0.625133 0.330241
v 0.189787 0.626728 0.327188
v 0.188671 0.627615 0.322822
v 0.186259 0.619377 0.333827
v 0.190353 0.620623 0.329200
v 0.191683 0.621261 0.325923
v 0.190723 0.621698 0.321452
v 0.186313 0.616438 0.333650
v 0.190259 0.615745 0.329008
v 0.191563 0.615344 0.325693
v 0.190592 0.615293 0.321204
v 0.185832 0.613992 0.333547
v 0.188569 0.611262 0.329656
v 0.189445 0.609877 0.326534
v 0.188300 0.609376 0.322115
v 0.184009 0.612673 0.334673
v 0.185444 0.607883 0.331146
v 0.185651 0.605693 0.328318
v 0.184194 0.604847 0.324045
v 0.181560 0.611662 0.335911
v 0.181411 0.606023 0.333170
v 0.180759 0.603428 0.330773
v 0.178899 0.602396 0.326702
v 0.178968 0.611547 0.337262
v 0.177090 0.606017 0.335438
v 0.175515 0.603428 0.333525
v 0.173222 0.602396 0.329681
v 0.176687 0.611948 0.338245
v 0.173143 0.607816 0.337581
v 0.170716 0.605693 0.336155
v 0.168028 0.604847 0.332529
v 0.175685 0.614063 0.339109
v 0.170229 0.611270 0.339298
v 0.167092 0.609877 0.338264
v 0.164106 0.609376 0.334811
v 0.174851 0.616829 0.339687
v 0.168672 0.615779 0.340338
v 0.165196 0.615344 0.339529
v 0.162054 0.615293 0.336180
v 0.174796 0.619768 0.339858
v 0.168765 0.620658 0.340530
v 0.165317 0.621261 0.339758
v 0.162184 0.621698 0.336428
v 0.175083 0.622232 0.339595
v 0.170441 0.625141 0.339856
v 0.167435 0.626728 0.338917
v 0.164477 0.627615 0.335518
v 0.177100 0.623533 0.338836
v 0.173580 0.628519 0.338392
v 0.171229 0.630912 0.337133
v 0.168583 0.632144 0.333587
v 0.179551 0.624544 0.337603
v 0.177613 0.630380 0.336368
v 0.176120 0.633176 0.334679
v 0.173878 0.634595 0.330930
v 0.177688 0.620514 0.338934
v 0.180296 0.621315 0.337649
v 0.182935 0.621686 0.336238
v 0.178007 0.617456 0.338659
v 0.180818 0.618078 0.337259
v 0.183594 0.618704 0.335789
v 0.178629 0.614477 0.338141
v 0.181305 0.614845 0.336799
v 0.183877 0.615649 0.335445
v 0.182139 0.275610 0.336246
v 0.181935 0.281336 0.334101
v 0.181365 0.284127 0.331927
v 0.179554 0.285546 0.327951
v 0.184229 0.275226 0.334897
v 0.185867 0.279539 0.331931
v 0.186164 0.281863 0.329296
v 0.184749 0.283095 0.325104
v 0.185423 0.273093 0.334399
v 0.188795 0.276084 0.330241
v 0.189787 0.277679 0.327188
v 0.188671 0.278566 0.322822
v 0.186259 0.270328 0.333827
v 0.190353 0.271574 0.329200
v 0.191683 0.272212 0.325923
v 0.190723 0.272649 0.321453
v 0.186313 0.267389 0.333650
v 0.190259 0.266695 0.329008
v 0.191563 0.266295 0.325693
v 0.190592 0.266244 0.321204
v 0.185832 0.264943 0.333547
v 0.188569 0.262213 0.329656
v 0.189445 0.260828 0.326534
v 0.188300 0.260327 0.322115
v 0.184009 0.263624 0.334673
v 0.185444 0.258834 0.331146
v 0.185651 0.256644 0.328318
v 0.184194 0.255798 0.324045
v 0.181560 0.262613 0.335911
v 0.181411 0.256974 0.333170
v 0.180759 0.254379 0.330773
v 0.178899 0.253347 0.326703
v 0.178968 0.262498 0.337262
v 0.177090 0.256968 0.335438
v 0.175515 0.254379 0.333525
v 0.173222 0.253347 0.329681
v 0.176687 0.262900 0.338245
v 0.173143 0.258767 0.337581
v 0.170716 0.256644 0.336156
v 0.168028 0.255798 0.332529
v 0.175685 0.265014 0.339109
v 0.170229 0.262221 0.339298
v 0.167092 0.260828 0.338264
v 0.164106 0.260327 0.334811
v 0.174851 0.267779 0.339687
v 0.168672 0.266730 0.340338
v 0.165196 0.266295 0.339529
v 0.162054 0.266244 0.336180
v 0.174796 0.270719 0.339858
v 0.168765 0.271609 0.340530
v 0.165317 0.272212 0.339759
v 0.162184 0.272649 0.336428
v 0.175083 0.273183 0.339596
v 0.170441 0.276092 0.339856
v 0.167435 0.277678 0.338917
v 0.164477 0.278566 0.335518
v 0.177100 0.274484 0.338836
v 0.173580 0.279470 0.338392
v 0.171229 0.281863 0.337133
v 0.168583 0.283095 0.333587
v 0.179551 0.275495 0.337603
v 0.177613 0.281331 0.336368
v 0.176120 0.284127 0.334679
v 0.173878 0.285546 0.330930
v 0.177688 0.271465 0.338934
v 0.180296 0.272266 0.337649
v 0.182935 0.272637 0.336238
v 0.178007 0.268407 0.338659
v 0.180818 0.269029 0.337259
v 0.183594 0.269655 0.335789
v 0.178629 0.265428 0.338141
v 0.181305 0.265796 0.336799
v 0.183877 0.266600 0.335445
v 0.167548 0.088483 0.308441
v 0.166929 0.083150 0.305505
v 0.166164 0.080747 0.302959
v 0.164274 0.080046 0.298833
v 0.169667 0.088897 0.307149
v 0.170996 0.084940 0.303592
v 0.171133 0.082998 0.300652
v 0.169652 0.082482 0.296335
v 0.171020 0.090985 0.306952
v 0.174182 0.088372 0.302393
v 0.175069 0.087157 0.299140
v 0.173913 0.086984 0.294698
v 0.172063 0.093733 0.306774
v 0.176077 0.092855 0.301996
v 0.177374 0.092592 0.298654
v 0.176407 0.092867 0.294172
v 0.172336 0.096655 0.307016
v 0.176348 0.097704 0.302499
v 0.177696 0.098474 0.299267
v 0.176756 0.099233 0.294836
v 0.172040 0.099120 0.307264
v 0.174994 0.102163 0.303786
v 0.175986 0.103908 0.300888
v 0.174906 0.105115 0.296590
v 0.170314 0.100397 0.308576
v 0.172121 0.105519 0.305757
v 0.172506 0.108067 0.303268
v 0.171138 0.109618 0.299166
v 0.167941 0.101402 0.309958
v 0.168228 0.107369 0.308046
v 0.167784 0.110318 0.306045
v 0.166027 0.112054 0.302173
v 0.165358 0.101517 0.311325
v 0.163906 0.107374 0.310315
v 0.162539 0.110318 0.308798
v 0.160350 0.112054 0.305152
v 0.163047 0.101151 0.312253
v 0.159825 0.105588 0.312202
v 0.157570 0.108067 0.311105
v 0.154972 0.109618 0.307650
v 0.161886 0.099015 0.312814
v 0.156653 0.102153 0.313426
v 0.153634 0.103908 0.312617
v 0.150712 0.105115 0.309286
v 0.160846 0.096266 0.312998
v 0.154758 0.097670 0.313824
v 0.151329 0.098474 0.313103
v 0.148217 0.099233 0.309812
v 0.160571 0.093344 0.312750
v 0.154487 0.092820 0.313321
v 0.151007 0.092592 0.312490
v 0.147868 0.092867 0.309148
v 0.160675 0.090928 0.312138
v 0.155828 0.088366 0.312007
v 0.152717 0.087157 0.310869
v 0.149719 0.086984 0.307394
v 0.162593 0.089602 0.311191
v 0.158714 0.085006 0.310062
v 0.156197 0.082998 0.308489
v 0.153486 0.082483 0.304818
v 0.164968 0.088596 0.309813
v 0.162607 0.083156 0.307773
v 0.160920 0.080747 0.305712
v 0.158597 0.080046 0.301811
v 0.163404 0.092524 0.311713
v 0.165952 0.091722 0.310314
v 0.168563 0.091359 0.308850
v 0.163951 0.095558 0.311874
v 0.166716 0.094933 0.310384
v 0.169445 0.094317 0.308826
v 0.164797 0.098526 0.311781
v 0.167444 0.098153 0.310386
v 0.169956 0.097360 0.308918
v -0.003169 -0.000027 -0.308645
v -0.003181 0.911906 -0.309883
v 0.118364 0.000041 -0.285755
v 0.118358 0.917917 -0.285742
v 0.218699 -0.000027 -0.218680
v 0.220060 0.908554 -0.220038
v 0.285755 0.000041 -0.118364
v 0.288953 0.901044 -0.119688
v 0.308586 -0.000027 -0.003469
v 0.313906 0.895382 0.000013
v 0.285755 0.000041 0.118364
v 0.290036 0.895314 0.120136
v 0.220628 -0.000027 0.215790
v 0.219986 0.908950 0.220004
v 0.118364 0.000041 0.285755
v 0.119071 0.908882 0.287461
v 0.003308 -0.000027 0.308618
v -0.000015 0.894197 0.314153
v -0.118364 0.000041 0.285755
v -0.119689 0.901088 0.288938
v -0.218680 -0.000027 0.218699
v -0.223367 0.904088 0.216724
v -0.285755 0.000041 0.118364
v -0.286813 0.912286 0.118800
v -0.308702 -0.000029 -0.002560
v -0.308630 0.917962 -0.002662
v -0.285755 0.000041 -0.118364
v -0.287300 0.909753 -0.118999
v -0.218680 -0.000027 -0.218699
v -0.219556 0.911906 -0.219575
v -0.118364 0.000041 -0.285755
v -0.118838 0.911838 -0.286901
v -0.000011 0.271679 -0.365076
v -0.003714 0.646237 -0.364335
v 0.139708 0.646237 -0.337284
v 0.139708 0.271679 -0.337284
v 0.254605 0.646237 -0.260512
v 0.254605 0.271679 -0.260512
v 0.337284 0.646237 -0.139708
v 0.337284 0.271679 -0.139708
v 0.364264 0.646237 -0.004069
v 0.364264 0.271679 -0.004069
v 0.337284 0.646237 0.139708
v 0.337284 0.271680 0.139708
v 0.260419 0.646237 0.254744
v 0.260419 0.271680 0.254744
v 0.139708 0.646237 0.337284
v 0.139708 0.271680 0.337284
v 0.003879 0.646237 0.364302
v 0.003879 0.271680 0.364302
v -0.139708 0.646237 0.337284
v -0.139708 0.271680 0.337284
v -0.258156 0.646237 0.258139
v -0.258156 0.271680 0.258139
v -0.337284 0.646237 0.139708
v -0.337284 0.271680 0.139708
v -0.365031 0.646233 0.000164
v -0.365127 0.271669 -0.000867
v -0.337284 0.646237 -0.139708
v -0.337284 0.271679 -0.139708
v -0.259980 0.646237 -0.255402
v -0.259980 0.271679 -0.255402
v -0.139708 0.646237 -0.337284
v -0.139708 0.271679 -0.337284
v -0.221326 -0.000027 0.214747
v -0.261242 0.271680 0.253512
v -0.219844 0.909883 0.219866
v -0.261242 0.646237 0.253512
v -0.000013 -0.000027 0.309272
v 0.000011 0.271680 0.365076
v 0.003328 0.908950 0.310460
v 0.000011 0.646237 0.365076
v 0.218680 -0.000027 0.218699
v 0.258156 0.271680 0.258139
v 0.223933 0.895382 0.219023
v 0.258156 0.646237 0.258139
v 0.309273 -0.000027 0.000013
v 0.365076 0.271679 -0.000011
v 0.310504 0.908555 -0.003492
v 0.365076 0.646237 -0.000012
v 0.258139 0.271679 -0.258156
v 0.215672 -0.000027 -0.220707
v 0.215673 0.917943 -0.220707
v 0.258139 0.646237 -0.258156
v -0.000011 0.646237 -0.365076
v 0.000023 0.900577 -0.312846
v 0.000013 -0.000027 -0.309272
v -0.003714 0.271679 -0.364335
v -0.258156 0.271679 -0.258139
v -0.220256 -0.000027 -0.216347
v -0.221441 0.909842 -0.217511
v -0.258156 0.646237 -0.258139
v -0.364302 0.271681 -0.003854
v -0.309249 -0.000010 0.000696
v -0.310484 0.912127 0.000238
v -0.364381 0.646243 -0.004153
v -0.005329 0.641611 -0.338223
v -0.005224 0.891323 -0.286688
v -0.005215 0.009351 -0.283149
v 0.108157 0.009456 -0.261114
v 0.107991 0.908415 -0.261201
v 0.129238 0.276393 -0.312009
v 0.200895 0.009351 -0.198539
v 0.200893 0.908567 -0.198536
v 0.235394 0.276305 -0.242930
v 0.196529 0.009351 -0.203904
v 0.264288 0.891707 -0.109475
v 0.197901 0.899127 -0.205279
v 0.312009 0.276393 -0.129238
v 0.261114 0.009456 -0.108157
v 0.284399 0.899126 0.001738
v 0.338226 0.276305 -0.005329
v 0.283149 0.009351 -0.005215
v 0.261114 0.009456 0.108157
v 0.265395 0.885900 0.109930
v 0.287781 0.886004 -0.005215
v 0.312009 0.276393 0.129238
v 0.201765 0.886005 0.204246
v 0.242930 0.276305 0.235394
v 0.203904 0.009351 0.196529
v 0.108157 0.009456 0.261114
v 0.108864 0.899468 0.262820
v 0.205210 0.899573 0.197835
v 0.129242 0.276391 0.312018
v -0.001899 0.899573 0.284336
v 0.005328 0.276305 0.338226
v 0.005215 0.009351 0.283149
v -0.108157 0.009456 0.261114
v -0.109320 0.891680 0.264363
v 0.005216 0.884868 0.288014
v -0.129242 0.276391 0.312018
v -0.205085 0.900450 0.197706
v -0.238496 0.276311 0.238287
v -0.199158 0.009351 0.199969
v -0.261114 0.009456 0.108157
v -0.262152 0.902823 0.108685
v -0.201182 0.894771 0.201936
v -0.312009 0.276393 0.129238
v -0.281600 0.009346 0.002209
v -0.282741 0.902752 0.002704
v -0.336313 0.276311 -0.004451
v -0.282491 0.009352 0.001584
v -0.262611 0.900380 -0.108875
v -0.281820 0.908240 -0.002447
v -0.312009 0.276393 -0.129238
v -0.261114 0.009456 -0.108157
v -0.198087 0.009351 -0.201571
v -0.199273 0.900464 -0.202736
v -0.242930 0.276305 -0.235394
v -0.203904 0.009351 -0.196529
v -0.108632 0.902424 -0.262260
v -0.204780 0.902529 -0.197406
v -0.129238 0.276393 -0.312009
v -0.108157 0.009456 -0.261114
v 0.002045 0.902529 -0.283758
v 0.002058 0.009351 -0.282521
v 0.001604 0.276309 -0.337485
v -0.005328 0.276305 -0.338226
v 0.129241 0.641526 -0.312019
v 0.235395 0.641612 -0.242930
v 0.239381 0.641607 -0.237768
v 0.239380 0.276309 -0.237766
v 0.312009 0.641524 -0.129238
v 0.338226 0.641612 -0.005328
v 0.337416 0.641608 0.001249
v 0.337415 0.276309 0.001249
v 0.312009 0.641524 0.129238
v 0.242930 0.641612 0.235394
v 0.237673 0.641608 0.239519
v 0.237673 0.276309 0.239519
v 0.129238 0.641524 0.312009
v 0.005329 0.641611 0.338224
v -0.001439 0.641608 0.337453
v -0.001439 0.276309 0.337453
v -0.129238 0.641524 0.312009
v -0.238495 0.641605 0.238286
v -0.242931 0.641612 0.235396
v -0.242930 0.276305 0.235394
v -0.312009 0.641524 0.129238
v -0.335645 0.641596 -0.007184
v -0.337224 0.641613 -0.000126
v -0.338175 0.276315 -0.004473
v -0.312009 0.641524 -0.129238
v -0.242930 0.641612 -0.235395
v -0.237232 0.641607 -0.240177
v -0.237233 0.276308 -0.240177
v -0.129238 0.641524 -0.312009
v 0.001604 0.641608 -0.337485
v -0.203904 0.009351 0.196529
v -0.001918 0.009351 0.282493
v 0.198460 0.009351 0.201013
v 0.282461 0.009351 0.001758
vn -0.0000 1.0000 -0.0000
vn -0.0000 -1.0000 -0.0000
vn 0.2220 -0.0000 -0.9751
vn 0.9849 -0.0000 -0.1733
vn 0.1734 -0.0000 0.9849
vn -0.9860 -0.0000 0.1670
vn -0.5369 -0.0000 -0.8437
vn 0.5905 -0.0000 -0.8071
vn -0.9996 -0.0000 -0.0280
vn -0.2205 -0.0000 0.9754
vn -0.8211 -0.0000 -0.5708
vn -0.8515 -0.0000 0.5243
vn -0.9996 -0.0000 -0.0267
vn 0.9996 -0.0000 0.0280
vn 0.5497 -0.0000 0.8353
vn -0.9998 -0.0000 -0.0215
vn 0.9996 -0.0000 0.0267
vn -0.9748 -0.0000 -0.2229
vn -0.9996 -0.0000 -0.0268
vn 0.9998 -0.0000 0.0215
vn 0.8476 -0.0000 -0.5306
vn -0.9998 -0.0000 -0.0211
vn -0.1724 -0.0000 -0.9850
vn 0.9996 -0.0000 0.0268
vn 0.9757 -0.0000 0.2190
vn 0.8204 -0.0000 0.5718
vn -0.5836 -0.0000 0.8120
vn 0.9998 -0.0000 0.0211
vn -0.2220 -0.0000 -0.9750
vn -0.9849 -0.0000 -0.1733
vn -0.1734 -0.0000 0.9849
vn 0.9860 -0.0000 0.1670
vn 0.5368 -0.0000 -0.8437
vn -0.5905 -0.0000 -0.8071
vn 0.9996 -0.0000 -0.0280
vn 0.2205 -0.0000 0.9754
vn 0.8211 -0.0000 -0.5708
vn 0.8515 -0.0000 0.5243
vn 0.9996 -0.0000 -0.0268
vn -0.9996 -0.0000 0.0280
vn -0.5497 -0.0000 0.8353
vn 0.9998 -0.0000 -0.0215
vn -0.9996 -0.0000 0.0268
vn -0.9996 -0.0000 0.0267
vn 0.9748 -0.0000 -0.2229
vn 0.9996 -0.0000 -0.0267
vn -0.9998 -0.0000 0.0215
vn -0.8476 -0.0000 -0.5306
vn 0.9998 -0.0000 -0.0211
vn 0.1724 -0.0000 -0.9850
vn -0.9757 -0.0000 0.2190
vn -0.8204 -0.0000 0.5718
vn 0.5836 -0.0000 0.8120
vn -0.9998 -0.0000 0.0211
vn 0.0001 -1.0000 -0.0001
vn 0.0001 1.0000 -0.0001
vn 0.3810 0.1401 0.9139
vn 0.7017 0.1400 0.6986
vn 0.7016 0.1400 0.6986
vn 0.9148 0.1402 0.3789
vn 0.3810 -0.1476 0.9127
vn 0.0027 -0.1474 0.9891
vn 0.0025 -0.1474 0.9891
vn 0.3799 0.1405 -0.9143
vn -0.0027 0.1404 -0.9901
vn -0.0025 0.1404 -0.9901
vn 0.9901 0.1401 0.0025
vn 0.9157 0.1403 -0.3766
vn 0.9901 0.1401 0.0024
vn 0.9148 -0.1475 0.3759
vn 0.7013 -0.1474 0.6974
vn 0.7013 -0.1474 0.6975
vn 0.7027 0.1402 -0.6975
vn 0.7027 0.1402 -0.6976
vn 0.9127 -0.1474 -0.3812
vn 0.9891 -0.1473 -0.0028
vn 0.9891 -0.1473 -0.0027
vn -0.3814 0.1405 -0.9137
vn 0.3761 -0.1472 -0.9148
vn 0.6974 -0.1471 -0.7014
vn 0.6975 -0.1471 -0.7014
vn -0.7020 0.1403 -0.6982
vn -0.9158 0.1405 -0.3763
vn -0.7199 -0.1467 0.6784
vn -0.9147 -0.1473 0.3762
vn -0.7202 -0.1465 0.6781
vn -0.9901 0.1402 0.0028
vn -0.9136 0.1403 0.3816
vn -0.9901 0.1402 0.0027
vn -0.6981 0.1401 0.7021
vn -0.3765 0.1402 0.9157
vn -0.6982 0.1401 0.7021
vn -0.9891 -0.1472 -0.0025
vn -0.9138 -0.1472 -0.3785
vn -0.9891 -0.1472 -0.0024
vn -0.0025 -0.1470 -0.9891
vn -0.3806 -0.1472 -0.9130
vn -0.7010 -0.1471 -0.6978
vn -0.7009 -0.1471 -0.6979
vn -0.3795 -0.1475 0.9134
vn 0.0025 0.1400 0.9901
vn -0.5938 -0.1443 0.7916
vn -0.5557 -0.1444 0.8187
vn -0.5558 -0.1445 0.8187
vn -0.5558 -0.1445 0.8186
vn -0.5559 -0.1445 0.8186
vn 0.8085 -0.0350 0.5875
vn 0.8084 -0.0350 0.5876
vn -0.0151 0.9954 0.0948
vn -0.0139 -0.9955 0.0934
vn 0.3810 -0.1401 0.9139
vn 0.7017 -0.1400 0.6986
vn 0.3809 -0.1401 0.9139
vn 0.9148 -0.1402 0.3789
vn 0.7016 -0.1400 0.6986
vn 0.3810 0.1476 0.9127
vn 0.0027 0.1474 0.9891
vn 0.3809 0.1476 0.9127
vn 0.3799 -0.1405 -0.9143
vn -0.0027 -0.1404 -0.9901
vn 0.3798 -0.1404 -0.9143
vn 0.9157 -0.1403 -0.3766
vn 0.9901 -0.1401 0.0025
vn 0.9901 -0.1401 0.0024
vn 0.9148 0.1475 0.3759
vn 0.7013 0.1474 0.6974
vn 0.9148 0.1475 0.3760
vn 0.7027 -0.1402 -0.6975
vn 0.7027 -0.1402 -0.6976
vn 0.9127 0.1474 -0.3812
vn 0.9891 0.1473 -0.0028
vn 0.9127 0.1474 -0.3810
vn -0.3814 -0.1405 -0.9137
vn -0.0025 -0.1404 -0.9901
vn 0.3761 0.1472 -0.9148
vn 0.6974 0.1471 -0.7014
vn 0.3763 0.1472 -0.9147
vn -0.9158 -0.1404 -0.3763
vn -0.7020 -0.1403 -0.6982
vn -0.9147 0.1473 0.3762
vn -0.7199 0.1467 0.6784
vn -0.7204 0.1469 0.6778
vn -0.9136 -0.1403 0.3816
vn -0.9901 -0.1402 0.0028
vn -0.9901 -0.1402 0.0027
vn 0.7013 0.1474 0.6975
vn -0.3765 -0.1402 0.9157
vn -0.6981 -0.1401 0.7021
vn -0.6982 -0.1401 0.7021
vn -0.9138 0.1472 -0.3785
vn -0.9891 0.1472 -0.0025
vn -0.9891 0.1472 -0.0024
vn 0.9156 -0.1403 -0.3767
vn 0.6975 0.1471 -0.7014
vn -0.3813 -0.1405 -0.9137
vn 0.9891 0.1473 -0.0027
vn -0.0025 0.1470 -0.9891
vn -0.3806 0.1472 -0.9130
vn -0.3805 0.1472 -0.9130
vn -0.9137 -0.1403 0.3814
vn -0.7010 0.1471 -0.6978
vn -0.7009 0.1471 -0.6979
vn -0.9157 -0.1404 -0.3764
vn -0.3795 0.1475 0.9134
vn 0.0025 0.1474 0.9891
vn -0.9147 0.1474 0.3764
vn 0.0025 -0.1400 0.9901
vn -0.3767 -0.1402 0.9157
vn -0.5940 0.1447 0.7914
vn -0.5939 0.1446 0.7914
vn -0.5557 0.1445 0.8187
vn -0.5558 0.1445 0.8187
vn -0.5558 0.1445 0.8186
vn -0.5559 0.1445 0.8186
vn 0.8085 0.0350 0.5875
vn 0.8084 0.0350 0.5876
vn -0.0151 -0.9954 0.0948
vn -0.0151 -0.9954 0.0943
vn -0.0140 0.9955 0.0935
vn 1.0000 -0.0000 0.0025
vn 0.9239 -0.0000 0.3827
vn -0.9248 -0.0000 0.3804
vn -0.7300 -0.0000 0.6835
vn -0.7051 -0.0000 0.7091
vn -0.9228 -0.0000 0.3853
vn 0.3852 -0.0000 0.9228
vn 0.7090 -0.0000 0.7052
vn -1.0000 -0.0000 0.0028
vn -0.9249 -0.0000 -0.3801
vn -0.9239 -0.0000 -0.3827
vn -1.0000 -0.0000 -0.0025
vn 0.0025 -0.0000 1.0000
vn -0.3804 -0.0000 0.9248
vn 0.3847 -0.0000 0.9230
vn 0.9228 -0.0000 -0.3853
vn 0.7051 -0.0000 -0.7091
vn 0.7087 -0.0000 0.7055
vn 0.9249 -0.0000 0.3801
vn 1.0000 -0.0000 -0.0028
vn -0.0026 -0.0000 -1.0000
vn 0.3837 -0.0000 -0.9235
vn 0.9248 -0.0000 -0.3804
vn 0.3804 -0.0000 -0.9248
vn -0.0025 -0.0000 -1.0000
vn -0.3847 -0.0000 -0.9230
vn 0.7097 -0.0000 -0.7045
vn -0.7087 -0.0000 -0.7055
vn -0.7087 -0.0000 -0.7056
vn -0.3852 -0.0000 -0.9228
vn -0.3836 -0.0000 0.9235
vn 0.0026 -0.0000 1.0000
vn -0.7090 -0.0000 -0.7052
vn -0.6054 -0.0000 0.7959
vn -0.5616 0.0001 0.8274
vn -0.5617 0.0001 0.8274
vn -0.5617 -0.0001 0.8274
vn -0.5616 -0.0001 0.8274
vn -0.0163 0.9958 0.0905
vn -0.0163 -0.9958 0.0905
vn 0.8872 -0.0000 0.4613
vn 0.3803 -0.0000 -0.9248
vn 0.8873 -0.0000 0.4613
vn -0.2268 0.9691 0.0970
vn 0.1317 0.9691 0.2086
vn -0.2268 0.9691 0.0969
vn 0.1790 0.3871 0.9045
vn -0.1025 0.3728 0.9223
vn -0.0595 0.2652 0.9624
vn -0.1377 0.6135 0.7776
vn -0.2215 0.3825 0.8970
vn 0.0475 0.5381 0.8415
vn -0.0847 0.7187 0.6901
vn -0.0290 0.1651 0.9859
vn 0.3005 0.4441 0.8441
vn 0.7021 0.5627 0.4363
vn 0.4579 0.8264 0.3276
vn 0.7021 0.5627 0.4364
vn 0.2394 0.0009 0.9709
vn -0.0273 0.0585 0.9979
vn 0.2421 0.2011 0.9492
vn 0.8271 0.2183 0.5179
vn -0.0344 -0.0637 0.9974
vn 0.3751 -0.0339 0.9264
vn 0.8141 -0.1545 0.5598
vn 0.1619 -0.1941 0.9675
vn 0.6649 -0.4990 0.5557
vn 0.6650 -0.4990 0.5557
vn 0.0109 -0.3376 0.9412
vn -0.1435 -0.1160 0.9828
vn 0.0969 -0.4449 0.8903
vn 0.4022 -0.7627 0.5065
vn 0.4021 -0.7627 0.5065
vn -0.2427 -0.1524 0.9581
vn -0.1717 -0.4109 0.8954
vn 0.0660 -0.9054 0.4194
vn -0.3663 -0.5401 0.7577
vn -0.3640 -0.4146 0.8340
vn -0.5475 -0.3399 0.7647
vn -0.2924 -0.9054 0.3078
vn -0.3459 -0.1576 0.9249
vn -0.7513 -0.2655 0.6041
vn -0.6810 -0.1882 0.7077
vn -0.6186 -0.7627 0.1887
vn -0.4576 -0.1508 0.8763
vn -0.9880 -0.1546 -0.0014
vn -0.8629 -0.4990 0.0800
vn -0.5080 -0.0402 0.8604
vn -0.9749 0.2183 -0.0433
vn -0.9749 0.2184 -0.0433
vn -0.5389 0.0604 0.8402
vn -0.7453 -0.0017 0.6667
vn -0.8256 0.5628 -0.0393
vn -0.8257 0.5628 -0.0394
vn -0.7413 0.1981 0.6413
vn -0.5403 0.1665 0.8249
vn -0.8260 0.2127 0.5220
vn -0.5126 0.5365 0.6704
vn -0.5256 0.2857 0.8013
vn -0.4237 0.3409 0.8392
vn -0.6620 0.3924 0.6386
vn -0.3255 0.3775 0.8669
vn 0.4579 0.8265 0.3276
vn 0.1317 0.9691 0.2085
vn -0.5481 0.6236 0.5575
vn -0.5630 0.8264 0.0098
vn -0.3312 0.6102 0.7197
vn -0.3238 0.7164 0.6179
vn -0.3884 0.1843 0.9029
vn -0.3771 0.0995 0.9208
vn -0.3619 0.0144 0.9321
vn -0.3077 0.2040 0.9294
vn -0.2952 0.1171 0.9482
vn -0.2803 0.0288 0.9595
vn -0.2241 0.2179 0.9499
vn -0.1975 0.0481 0.9791
vn -0.2106 0.1337 0.9684
vn 0.0860 0.9309 0.3550
vn -0.2724 0.9309 0.2434
vn 0.1636 0.2520 0.9538
vn -0.1167 0.2218 0.9681
vn -0.0685 0.1116 0.9914
vn -0.1639 0.4800 0.8618
vn -0.2360 0.2296 0.9442
vn 0.0249 0.4046 0.9142
vn -0.1160 0.5999 0.7916
vn -0.0338 0.0105 0.9994
vn 0.2821 0.3234 0.9032
vn 0.6761 0.5221 0.5199
vn 0.4191 0.7874 0.4521
vn 0.4190 0.7874 0.4521
vn 0.2426 -0.1364 0.9605
vn -0.0263 -0.0964 0.9950
vn 0.2358 0.0647 0.9696
vn 0.8178 0.1756 0.5481
vn -0.0275 -0.2173 0.9757
vn 0.3798 -0.1575 0.9116
vn 0.8226 -0.1994 0.5325
vn 0.8177 0.1756 0.5481
vn 0.1746 -0.3321 0.9269
vn 0.6900 -0.5460 0.4752
vn 0.0305 -0.4769 0.8784
vn -0.1343 -0.2719 0.9529
vn 0.1215 -0.5708 0.8120
vn 0.4400 -0.8112 0.3852
vn -0.2316 -0.3089 0.9225
vn -0.1486 -0.5509 0.8212
vn 0.1106 -0.9547 0.2761
vn -0.3373 -0.6665 0.6648
vn -0.3408 -0.5542 0.7594
vn -0.5279 -0.4786 0.7016
vn -0.2478 -0.9547 0.1645
vn -0.3346 -0.3137 0.8886
vn -0.7356 -0.3902 0.5537
vn -0.6686 -0.3264 0.6682
vn -0.5809 -0.8112 0.0674
vn -0.5809 -0.8111 0.0674
vn -0.4466 -0.3047 0.8412
vn -0.9795 -0.1994 -0.0286
vn -0.8378 -0.5460 -0.0004
vn -0.8378 -0.5460 -0.0005
vn -0.5023 -0.1957 0.8422
vn -0.9844 0.1756 -0.0129
vn -0.5383 -0.0948 0.8374
vn -0.7419 -0.1393 0.6559
vn -0.8517 0.5222 0.0443
vn -0.7476 0.0620 0.6612
vn -0.5445 0.0122 0.8386
vn -0.8334 0.0908 0.5452
vn -0.5351 0.4025 0.7427
vn -0.5358 0.1343 0.8336
vn -0.4364 0.1878 0.8799
vn -0.6776 0.2580 0.6887
vn -0.3399 0.2245 0.9133
vn 0.0861 0.9309 0.3550
vn -0.5751 0.5040 0.6444
vn -0.6017 0.7874 0.1342
vn -0.6017 0.7874 0.1341
vn -0.3572 0.4763 0.8035
vn -0.3554 0.5967 0.7194
vn -0.3934 0.0249 0.9190
vn -0.3780 -0.0607 0.9238
vn -0.3588 -0.1458 0.9220
vn -0.3136 0.0441 0.9485
vn -0.2970 -0.0438 0.9539
vn -0.2780 -0.1314 0.9516
vn -0.2307 0.0590 0.9712
vn -0.1960 -0.1119 0.9742
vn -0.2134 -0.0264 0.9766
vn 0.1637 0.2521 0.9537
vn -0.1167 0.2217 0.9681
vn -0.1641 0.4799 0.8619
vn -0.1161 0.5999 0.7916
vn -0.0337 0.0105 0.9994
vn 0.2821 0.3235 0.9032
vn 0.6761 0.5221 0.5200
vn 0.2426 -0.1363 0.9605
vn 0.2358 0.0648 0.9696
vn -0.0274 -0.2174 0.9757
vn 0.3797 -0.1575 0.9116
vn 0.1745 -0.3321 0.9270
vn 0.8226 -0.1995 0.5325
vn 0.0305 -0.4769 0.8785
vn 0.1217 -0.5708 0.8120
vn -0.2317 -0.3085 0.9226
vn -0.1486 -0.5509 0.8213
vn -0.3408 -0.5543 0.7593
vn -0.3345 -0.3137 0.8887
vn -0.7356 -0.3901 0.5537
vn -0.6686 -0.3266 0.6680
vn -0.4466 -0.3048 0.8412
vn -0.5024 -0.1957 0.8422
vn -0.9844 0.1757 -0.0129
vn -0.5382 -0.0948 0.8375
vn -0.7419 -0.1393 0.6558
vn -0.8517 0.5221 0.0444
vn -0.7475 0.0619 0.6614
vn -0.5446 0.0123 0.8386
vn -0.5352 0.4025 0.7427
vn -0.6775 0.2580 0.6888
vn -0.3399 0.2244 0.9133
vn -0.5752 0.5041 0.6443
vn -0.6018 0.7873 0.1343
vn -0.3572 0.4764 0.8034
vn -0.3554 0.5971 0.7191
vn -0.6017 0.7874 0.1343
vn -0.3934 0.0250 0.9190
vn -0.3779 -0.0607 0.9239
vn -0.3587 -0.1459 0.9220
vn -0.2137 -0.0264 0.9765
vn -0.2268 -0.9691 0.0970
vn 0.1316 -0.9691 0.2085
vn 0.1316 -0.9691 0.2086
vn -0.1025 -0.3726 0.9223
vn 0.1791 -0.3871 0.9045
vn -0.0594 -0.2652 0.9624
vn -0.1376 -0.6136 0.7775
vn 0.0475 -0.5381 0.8415
vn -0.0844 -0.7189 0.6900
vn 0.1375 -0.6241 0.7691
vn -0.0294 -0.1650 0.9859
vn 0.2422 -0.2011 0.9491
vn 0.3004 -0.4440 0.8442
vn 0.4578 -0.8264 0.3278
vn 0.7021 -0.5627 0.4364
vn 0.2394 -0.0009 0.9709
vn -0.0272 -0.0584 0.9979
vn 0.3805 -0.2142 0.8996
vn 0.8272 -0.2182 0.5179
vn 0.8271 -0.2182 0.5179
vn -0.0343 0.0638 0.9974
vn 0.1619 0.1941 0.9675
vn 0.3751 0.0339 0.9264
vn 0.8141 0.1545 0.5598
vn 0.8141 0.1546 0.5597
vn 0.2769 0.2682 0.9227
vn 0.6649 0.4990 0.5557
vn 0.0109 0.3376 0.9412
vn -0.1435 0.1160 0.9828
vn 0.0972 0.4450 0.8903
vn 0.4022 0.7627 0.5065
vn 0.4021 0.7627 0.5065
vn -0.2427 0.1524 0.9581
vn -0.1717 0.4110 0.8953
vn -0.1282 0.5370 0.8338
vn 0.0660 0.9053 0.4196
vn -0.3663 0.5401 0.7577
vn -0.3641 0.4146 0.8340
vn -0.5475 0.3399 0.7646
vn -0.5873 0.4458 0.6756
vn -0.2925 0.9053 0.3080
vn -0.2925 0.9053 0.3079
vn -0.3459 0.1576 0.9249
vn -0.7514 0.2654 0.6042
vn -0.6810 0.1883 0.7077
vn -0.6187 0.7627 0.1887
vn -0.6186 0.7627 0.1887
vn -0.4575 0.1508 0.8763
vn -0.9880 0.1546 -0.0014
vn -0.8629 0.4991 0.0800
vn -0.8629 0.4991 0.0801
vn -0.5080 0.0402 0.8604
vn -0.9749 -0.2183 -0.0433
vn -0.5391 -0.0603 0.8401
vn -0.7453 0.0017 0.6668
vn -0.8327 0.0350 0.5526
vn -0.8257 -0.5628 -0.0393
vn -0.7413 -0.1981 0.6413
vn -0.5403 -0.1665 0.8249
vn -0.8260 -0.2127 0.5220
vn -0.5256 -0.2858 0.8013
vn -0.5127 -0.5365 0.6703
vn -0.4237 -0.3409 0.8392
vn -0.6619 -0.3924 0.6387
vn -0.7267 -0.4466 0.5220
vn -0.3255 -0.3776 0.8668
vn -0.3312 -0.6103 0.7196
vn -0.5481 -0.6236 0.5575
vn -0.5630 -0.8264 0.0099
vn -0.5629 -0.8264 0.0099
vn -0.3239 -0.7161 0.6183
vn -0.3884 -0.1843 0.9029
vn -0.3771 -0.0995 0.9208
vn -0.3619 -0.0143 0.9321
vn -0.3077 -0.2039 0.9294
vn -0.2953 -0.1170 0.9482
vn -0.2803 -0.0293 0.9595
vn -0.2215 -0.3824 0.8970
vn -0.2241 -0.2180 0.9499
vn -0.1975 -0.0480 0.9791
vn -0.2112 -0.1336 0.9683
vn 0.0530 0.9691 0.2409
vn -0.2462 0.9691 0.0141
vn -0.2463 0.9691 0.0141
vn -0.1390 0.3871 0.9115
vn -0.4098 0.3726 0.8326
vn -0.3830 0.2653 0.8848
vn -0.3936 0.6136 0.6845
vn -0.5131 0.3824 0.7684
vn -0.2413 0.5381 0.8076
vn -0.3140 0.7188 0.6203
vn -0.3629 0.1650 0.9171
vn -0.0044 0.4440 0.8960
vn 0.5121 0.5628 0.6489
vn 0.3193 0.8264 0.4637
vn -0.1047 0.0008 0.9945
vn -0.3647 0.0585 0.9293
vn -0.0948 0.2012 0.9750
vn 0.6021 0.2182 0.7680
vn -0.3712 -0.0637 0.9263
vn 0.0381 -0.0340 0.9987
vn 0.5754 -0.1546 0.8031
vn 0.6021 0.2182 0.7681
vn -0.1765 -0.1942 0.9650
vn 0.4363 -0.4990 0.7488
vn 0.5754 -0.1545 0.8032
vn -0.3096 -0.3376 0.8889
vn -0.4690 -0.1160 0.8755
vn -0.2110 -0.4449 0.8704
vn 0.2060 -0.7627 0.6131
vn 0.2061 -0.7627 0.6131
vn -0.5538 -0.1526 0.8185
vn -0.4657 -0.4109 0.7837
vn -0.0804 -0.9054 0.4169
vn -0.6019 -0.5400 0.5883
vn -0.6258 -0.4147 0.6606
vn -0.7748 -0.3399 0.5331
vn -0.3796 -0.9054 0.1901
vn -0.6395 -0.1576 0.7524
vn -0.9120 -0.2656 0.3127
vn -0.8810 -0.1879 0.4342
vn -0.6460 -0.7627 -0.0328
vn -0.7280 -0.1507 0.6688
vn -0.9287 -0.1546 -0.3371
vn -0.8388 -0.4990 -0.2179
vn -0.9287 -0.1546 -0.3372
vn -0.7701 -0.0402 0.6366
vn -0.9023 0.2183 -0.3718
vn -0.7924 0.0604 0.6071
vn -0.9275 -0.0017 0.3737
vn -0.7631 0.5628 -0.3178
vn -0.7631 0.5628 -0.3177
vn -0.9151 0.1981 0.3512
vn -0.7884 0.1665 0.5922
vn -0.9543 0.2129 0.2100
vn -0.7099 0.5365 0.4563
vn -0.7667 0.2858 0.5749
vn -0.6836 0.3410 0.6453
vn -0.8395 0.3924 0.3757
vn -0.6007 0.3777 0.7046
vn -0.7048 0.6236 0.3382
vn -0.5328 0.8264 -0.1821
vn -0.5561 0.6102 0.5643
vn -0.5147 0.7164 0.4711
vn -0.6721 0.1843 0.7172
vn -0.6674 0.0996 0.7380
vn -0.6570 0.0143 0.7538
vn -0.6052 0.2042 0.7695
vn -0.5999 0.1171 0.7915
vn -0.5898 0.0293 0.8070
vn -0.5335 0.2179 0.8172
vn -0.5185 0.0481 0.8537
vn -0.5276 0.1337 0.8389
vn -0.3389 0.9309 0.1363
vn -0.0397 0.9309 0.3631
vn -0.3389 0.9309 0.1364
vn -0.1701 0.2523 0.9526
vn -0.4389 0.2217 0.8708
vn -0.4014 0.1116 0.9091
vn -0.4470 0.4800 0.7548
vn -0.5429 0.2296 0.8078
vn -0.2873 0.4046 0.8682
vn -0.3783 0.5998 0.7051
vn -0.3715 0.0105 0.9284
vn -0.0417 0.3234 0.9453
vn 0.4591 0.5222 0.7187
vn 0.2406 0.7874 0.5676
vn 0.2406 0.7874 0.5675
vn -0.0984 -0.1363 0.9858
vn -0.3629 -0.0964 0.9268
vn -0.1077 0.0648 0.9921
vn 0.5828 0.1756 0.7934
vn 0.4591 0.5221 0.7187
vn -0.3574 -0.2173 0.9083
vn 0.0474 -0.1575 0.9864
vn 0.5928 -0.1994 0.7803
vn -0.1509 -0.3321 0.9311
vn 0.4874 -0.5460 0.6814
vn 0.5928 -0.1995 0.7802
vn -0.2700 -0.4769 0.8365
vn -0.4500 -0.2719 0.8506
vn -0.1618 -0.5708 0.8050
vn 0.2828 -0.8112 0.5118
vn -0.5313 -0.3088 0.7889
vn -0.4188 -0.5509 0.7219
vn 0.0101 -0.9547 0.2974
vn 0.2828 -0.8112 0.5119
vn -0.5431 -0.6667 0.5105
vn -0.5785 -0.5544 0.5984
vn -0.7349 -0.4787 0.4803
vn -0.2891 -0.9547 0.0707
vn -0.2891 -0.9547 0.0706
vn -0.6166 -0.3137 0.7221
vn -0.8799 -0.3905 0.2705
vn -0.8559 -0.3266 0.4009
vn -0.5692 -0.8112 -0.1339
vn -0.5692 -0.8112 -0.1340
vn -0.7059 -0.3047 0.6395
vn -0.9115 -0.1995 -0.3597
vn -0.7878 -0.5460 -0.2850
vn -0.7587 -0.1957 0.6214
vn -0.9214 0.1756 -0.3467
vn -0.7907 -0.0948 0.6048
vn -0.9206 -0.1393 0.3647
vn -0.8160 0.5222 -0.2479
vn -0.9278 0.0620 0.3679
vn -0.7971 0.0122 0.6037
vn -0.9690 0.0906 0.2297
vn -0.7557 0.4025 0.5167
vn -0.7872 0.1344 0.6019
vn -0.7095 0.1879 0.6792
vn -0.8713 0.2580 0.4175
vn -0.6301 0.2246 0.7433
vn -0.7597 0.5040 0.4108
vn -0.6115 0.7874 -0.0783
vn -0.6114 0.7874 -0.0783
vn -0.6090 0.4764 0.6342
vn -0.5788 0.5966 0.5559
vn -0.6823 0.0250 0.7306
vn -0.6695 -0.0607 0.7403
vn -0.6507 -0.1458 0.7452
vn -0.6173 0.0446 0.7854
vn -0.6035 -0.0437 0.7962
vn -0.5848 -0.1314 0.8005
vn -0.5471 0.0590 0.8350
vn -0.5154 -0.1119 0.8496
vn -0.5329 -0.0264 0.8458
vn -0.1702 0.2521 0.9526
vn -0.4388 0.2218 0.8708
vn -0.4015 0.1116 0.9091
vn -0.4473 0.4798 0.7548
vn -0.5429 0.2295 0.8078
vn -0.3784 0.5998 0.7051
vn -0.0417 0.3236 0.9453
vn -0.0983 -0.1364 0.9858
vn -0.1078 0.0647 0.9921
vn -0.3575 -0.2173 0.9083
vn 0.0473 -0.1574 0.9864
vn -0.1510 -0.3321 0.9311
vn -0.5313 -0.3089 0.7889
vn -0.5431 -0.6667 0.5104
vn -0.5785 -0.5544 0.5983
vn -0.7349 -0.4788 0.4803
vn -0.8800 -0.3904 0.2705
vn -0.8559 -0.3265 0.4010
vn -0.5691 -0.8113 -0.1340
vn -0.5691 -0.8113 -0.1341
vn -0.7059 -0.3048 0.6394
vn -0.9115 -0.1994 -0.3597
vn -0.7879 -0.5460 -0.2850
vn -0.9214 0.1757 -0.3467
vn -0.7906 -0.0947 0.6049
vn -0.9207 -0.1393 0.3647
vn -0.9691 0.0907 0.2296
vn -0.8713 0.2580 0.4176
vn -0.6301 0.2244 0.7434
vn -0.7598 0.5040 0.4107
vn -0.6090 0.4764 0.6341
vn -0.5786 0.5972 0.5555
vn -0.5326 -0.0263 0.8460
vn -0.2462 -0.9691 0.0141
vn 0.0530 -0.9691 0.2409
vn -0.2463 -0.9691 0.0141
vn -0.4098 -0.3728 0.8325
vn -0.1390 -0.3871 0.9115
vn -0.3831 -0.2653 0.8848
vn -0.3938 -0.6135 0.6845
vn -0.2413 -0.5382 0.8076
vn -0.3140 -0.7188 0.6203
vn -0.1322 -0.6240 0.7702
vn -0.3630 -0.1650 0.9171
vn -0.0948 -0.2011 0.9750
vn -0.0044 -0.4441 0.8960
vn 0.5121 -0.5628 0.6489
vn 0.3193 -0.8264 0.4637
vn 0.5121 -0.5627 0.6489
vn -0.1048 -0.0009 0.9945
vn -0.3647 -0.0585 0.9293
vn 0.0519 -0.2142 0.9754
vn 0.6021 -0.2182 0.7680
vn 0.6021 -0.2182 0.7681
vn -0.3713 0.0637 0.9263
vn -0.1765 0.1942 0.9650
vn 0.0381 0.0341 0.9987
vn 0.5754 0.1546 0.8031
vn 0.5754 0.1545 0.8032
vn -0.0530 0.2683 0.9619
vn 0.4363 0.4990 0.7488
vn -0.3096 0.3376 0.8889
vn -0.4690 0.1160 0.8755
vn -0.2110 0.4449 0.8704
vn 0.2060 0.7627 0.6131
vn 0.2061 0.7627 0.6131
vn -0.5539 0.1524 0.8185
vn -0.4657 0.4110 0.7837
vn -0.4040 0.5368 0.7407
vn -0.0804 0.9054 0.4169
vn -0.6019 0.5399 0.5884
vn -0.6258 0.4146 0.6607
vn -0.7748 0.3400 0.5330
vn -0.7819 0.4458 0.4357
vn -0.3796 0.9054 0.1901
vn -0.6396 0.1576 0.7524
vn -0.9120 0.2655 0.3127
vn -0.8810 0.1883 0.4341
vn -0.6460 0.7627 -0.0328
vn -0.7280 0.1507 0.6688
vn -0.8388 0.4990 -0.2179
vn -0.9287 0.1546 -0.3371
vn -0.8388 0.4990 -0.2178
vn -0.7701 0.0402 0.6366
vn -0.9021 -0.2183 -0.3721
vn -0.9023 -0.2183 -0.3718
vn -0.7924 -0.0604 0.6071
vn -0.9275 0.0017 0.3738
vn -0.9709 0.0350 0.2367
vn -0.7631 -0.5628 -0.3178
vn -0.7631 -0.5628 -0.3177
vn -0.9151 -0.1981 0.3511
vn -0.7884 -0.1665 0.5922
vn -0.9543 -0.2129 0.2099
vn -0.7667 -0.2858 0.5749
vn -0.7099 -0.5365 0.4563
vn -0.6836 -0.3410 0.6453
vn -0.8395 -0.3924 0.3757
vn -0.8608 -0.4466 0.2441
vn -0.6007 -0.3776 0.7047
vn -0.5560 -0.6103 0.5642
vn 0.3193 -0.8265 0.4637
vn -0.7049 -0.6236 0.3381
vn -0.5328 -0.8264 -0.1821
vn -0.5327 -0.8264 -0.1821
vn -0.5146 -0.7164 0.4711
vn -0.6721 -0.1843 0.7172
vn -0.6674 -0.0996 0.7380
vn -0.6570 -0.0143 0.7537
vn -0.6052 -0.2038 0.7696
vn -0.5999 -0.1171 0.7915
vn -0.5898 -0.0293 0.8070
vn -0.5131 -0.3824 0.7684
vn -0.5336 -0.2179 0.8172
vn -0.5185 -0.0481 0.8537
vn -0.5274 -0.1337 0.8391
vn -0.1175 0.9691 0.2169
vn -0.1954 0.9691 -0.1504
vn -0.1954 0.9691 -0.1505
vn -0.7014 0.3872 0.5985
vn -0.8546 0.3728 0.3616
vn -0.8685 0.2652 0.4187
vn -0.7456 0.6135 0.2601
vn -0.8907 0.3825 0.2456
vn -0.7108 0.5382 0.4529
vn -0.6432 0.7188 0.2638
vn -0.8744 0.1650 0.4563
vn -0.5894 0.4441 0.6748
vn -0.0372 0.5628 0.8258
vn -0.0619 0.8264 0.5596
vn -0.0373 0.5628 0.8258
vn -0.7299 0.0009 0.6836
vn -0.8838 0.0586 0.4642
vn -0.7096 0.2011 0.6753
vn -0.0471 0.2183 0.9747
vn -0.0472 0.2183 0.9747
vn -0.8868 -0.0637 0.4577
vn -0.6246 -0.0339 0.7802
vn -0.0900 -0.1546 0.9839
vn -0.7648 -0.1942 0.6143
vn -0.1596 -0.4991 0.8517
vn -0.0900 -0.1547 0.9839
vn -0.8157 -0.3376 0.4698
vn -0.9275 -0.1160 0.3554
vn -0.7291 -0.4448 0.5201
vn -0.2452 -0.7627 0.5985
vn -0.9544 -0.1525 0.2568
vn -0.8649 -0.4109 0.2881
vn -0.3336 -0.9054 0.2627
vn -0.3335 -0.9054 0.2627
vn -0.8401 -0.5400 0.0512
vn -0.9055 -0.4146 0.0903
vn -0.9347 -0.3399 -0.1036
vn -0.4115 -0.9054 -0.1046
vn -0.9759 -0.1576 0.1506
vn -0.8945 -0.2653 -0.3599
vn -0.9503 -0.1881 -0.2479
vn -0.4671 -0.7627 -0.4473
vn -0.4115 -0.9054 -0.1045
vn -0.9881 -0.1507 0.0296
vn -0.4819 -0.1545 -0.8625
vn -0.4918 -0.4990 -0.7135
vn -0.9989 -0.0402 -0.0223
vn -0.4390 0.2183 -0.8716
vn -0.9964 0.0604 -0.0592
vn -0.9460 -0.0016 -0.3240
vn -0.3695 0.5628 -0.7394
vn -0.9218 0.1982 -0.3331
vn -0.9837 0.1665 -0.0679
vn -0.8592 0.2128 -0.4654
vn -0.8354 0.5365 -0.1194
vn -0.9559 0.2859 -0.0667
vn -0.9392 0.3409 0.0407
vn -0.8807 0.3925 -0.2651
vn -0.9153 0.3777 0.1399
vn -0.7542 0.6236 -0.2055
vn -0.2839 0.8264 -0.4863
vn -0.7897 0.6102 0.0630
vn -0.6974 0.7164 0.0196
vn -0.9775 0.1842 0.1026
vn -0.9877 0.0994 0.1210
vn -0.9900 0.0143 0.1401
vn -0.9611 0.2039 0.1861
vn -0.9715 0.1170 0.2062
vn -0.9740 0.0290 0.2246
vn -0.9381 0.2180 0.2691
vn -0.9506 0.0482 0.3066
vn -0.9478 0.1336 0.2895
vn -0.2676 0.9309 0.2486
vn -0.3455 0.9309 -0.1186
vn -0.3455 0.9309 -0.1185
vn -0.7519 0.2522 0.6092
vn -0.9015 0.2218 0.3715
vn -0.8983 0.1116 0.4249
vn -0.8320 0.4799 0.2784
vn -0.9391 0.2296 0.2558
vn -0.7852 0.4046 0.4687
vn -0.7474 0.5998 0.2859
vn -0.8883 0.0105 0.4592
vn -0.6498 0.3236 0.6877
vn -0.1228 0.5222 0.8440
vn -0.1892 0.7874 0.5867
vn -0.1893 0.7874 0.5867
vn -0.7191 -0.1365 0.6814
vn -0.8808 -0.0964 0.4636
vn -0.7305 0.0647 0.6799
vn -0.0781 0.1757 0.9813
vn -0.8646 -0.2173 0.4531
vn -0.6094 -0.1576 0.7770
vn -0.0621 -0.1994 0.9779
vn -0.7233 -0.3321 0.6055
vn -0.0773 -0.5460 0.8342
vn -0.0622 -0.1994 0.9779
vn -0.7513 -0.4769 0.4562
vn -0.8969 -0.2719 0.3489
vn -0.6489 -0.5708 0.5031
vn -0.1210 -0.8112 0.5722
vn -0.9179 -0.3088 0.2491
vn -0.7891 -0.5508 0.2720
vn -0.1867 -0.9547 0.2315
vn -0.7448 -0.6666 0.0309
vn -0.8290 -0.5543 0.0740
vn -0.8701 -0.4787 -0.1175
vn -0.2646 -0.9547 -0.1357
vn -0.2647 -0.9547 -0.1358
vn -0.9387 -0.3137 0.1427
vn -0.8426 -0.3904 -0.3709
vn -0.9097 -0.3266 -0.2566
vn -0.3429 -0.8112 -0.4737
vn -0.3430 -0.8111 -0.4737
vn -0.9522 -0.3048 0.0219
vn -0.4540 -0.1995 -0.8684
vn -0.4093 -0.5460 -0.7310
vn -0.4540 -0.1994 -0.8684
vn -0.9803 -0.1958 -0.0263
vn -0.4700 0.1756 -0.8650
vn -0.9937 -0.0948 -0.0599
vn -0.9349 -0.1394 -0.3264
vn -0.4549 0.5222 -0.7214
vn -0.9424 0.0619 -0.3286
vn -0.9978 0.0123 -0.0649
vn -0.8832 0.0906 -0.4602
vn -0.9096 0.4024 -0.1034
vn -0.9891 0.1343 -0.0597
vn -0.9809 0.1878 0.0497
vn -0.9321 0.2580 -0.2542
vn -0.9629 0.2244 0.1501
vn -0.2676 0.9309 0.2487
vn -0.8434 0.5039 -0.1862
vn -0.4112 0.7874 -0.4593
vn -0.4113 0.7874 -0.4592
vn -0.8755 0.4764 0.0813
vn -0.8012 0.5970 0.0418
vn -0.9940 0.0250 0.1062
vn -0.9907 -0.0608 0.1217
vn -0.9796 -0.1459 0.1379
vn -0.9807 0.0446 0.1902
vn -0.9773 -0.0437 0.2074
vn -0.9659 -0.1314 0.2229
vn -0.9600 0.0590 0.2737
vn -0.9456 -0.1119 0.3055
vn -0.9562 -0.0263 0.2916
vn -0.7518 0.2523 0.6092
vn -0.9016 0.2217 0.3715
vn -0.7475 0.5997 0.2857
vn -0.8882 0.0105 0.4593
vn -0.6499 0.3236 0.6877
vn -0.1228 0.5222 0.8439
vn -0.0783 0.1757 0.9813
vn -0.1229 0.5222 0.8439
vn -0.0622 -0.1995 0.9779
vn -0.0783 0.1756 0.9813
vn -0.7232 -0.3321 0.6055
vn -0.7514 -0.4768 0.4561
vn -0.8968 -0.2718 0.3490
vn -0.1210 -0.8112 0.5721
vn -0.9179 -0.3089 0.2491
vn -0.7890 -0.5509 0.2720
vn -0.1867 -0.9547 0.2316
vn -0.7447 -0.6666 0.0307
vn -0.8290 -0.5543 0.0741
vn -0.8701 -0.4787 -0.1174
vn -0.2646 -0.9548 -0.1357
vn -0.9937 -0.0948 -0.0597
vn -0.4550 0.5221 -0.7213
vn -0.4700 0.1757 -0.8650
vn -0.9424 0.0621 -0.3287
vn -0.9096 0.4024 -0.1036
vn -0.9892 0.1343 -0.0596
vn -0.9810 0.1878 0.0496
vn -0.9628 0.2247 0.1501
vn -0.8434 0.5039 -0.1863
vn -0.4550 0.5222 -0.7213
vn -0.9907 -0.0607 0.1221
vn -0.9659 -0.1313 0.2229
vn -0.9563 -0.0264 0.2911
vn -0.1955 -0.9691 -0.1505
vn -0.1176 -0.9691 0.2168
vn -0.8546 -0.3727 0.3616
vn -0.7014 -0.3871 0.5985
vn -0.8686 -0.2652 0.4187
vn -0.7456 -0.6136 0.2601
vn -0.7108 -0.5381 0.4530
vn -0.6431 -0.7189 0.2638
vn -0.6036 -0.6242 0.4961
vn -0.8744 -0.1650 0.4563
vn -0.7095 -0.2011 0.6754
vn -0.5893 -0.4443 0.6748
vn -0.0620 -0.8264 0.5596
vn -0.0372 -0.5628 0.8258
vn -0.7299 -0.0009 0.6836
vn -0.8838 -0.0585 0.4642
vn -0.5986 -0.2142 0.7719
vn -0.0472 -0.2183 0.9747
vn -0.8868 0.0638 0.4578
vn -0.7648 0.1942 0.6143
vn -0.6246 0.0340 0.7802
vn -0.0902 0.1545 0.9839
vn -0.0902 0.1546 0.9839
vn -0.6694 0.2683 0.6927
vn -0.1597 0.4991 0.8517
vn -0.8158 0.3376 0.4696
vn -0.9275 0.1160 0.3554
vn -0.7290 0.4449 0.5203
vn -0.2452 0.7627 0.5985
vn -0.2452 0.7626 0.5985
vn -0.9544 0.1524 0.2568
vn -0.8649 0.4109 0.2881
vn -0.7900 0.5369 0.2959
vn -0.3335 0.9054 0.2627
vn -0.3336 0.9054 0.2627
vn -0.8400 0.5401 0.0510
vn -0.9055 0.4147 0.0902
vn -0.9347 0.3399 -0.1036
vn -0.8764 0.4459 -0.1819
vn -0.4116 0.9053 -0.1046
vn -0.4117 0.9053 -0.1045
vn -0.9759 0.1576 0.1506
vn -0.8944 0.2655 -0.3600
vn -0.9504 0.1880 -0.2479
vn -0.4671 0.7627 -0.4473
vn -0.4671 0.7627 -0.4474
vn -0.9881 0.1507 0.0296
vn -0.4819 0.1546 -0.8625
vn -0.4918 0.4991 -0.7135
vn -0.4819 0.1545 -0.8625
vn -0.4918 0.4991 -0.7134
vn -0.9989 0.0402 -0.0223
vn -0.4390 -0.2183 -0.8716
vn -0.9964 -0.0604 -0.0592
vn -0.9461 0.0016 -0.3239
vn -0.8893 0.0349 -0.4561
vn -0.3695 -0.5628 -0.7394
vn -0.3695 -0.5629 -0.7394
vn -0.9219 -0.1981 -0.3330
vn -0.9837 -0.1665 -0.0679
vn -0.8592 -0.2128 -0.4654
vn -0.9559 -0.2859 -0.0668
vn -0.8354 -0.5365 -0.1193
vn -0.9392 -0.3409 0.0406
vn -0.8807 -0.3925 -0.2651
vn -0.8106 -0.4467 -0.3787
vn -0.9153 -0.3777 0.1399
vn -0.7896 -0.6104 0.0629
vn -0.7543 -0.6236 -0.2055
vn -0.2839 -0.8264 -0.4862
vn -0.2838 -0.8264 -0.4863
vn -0.6973 -0.7165 0.0196
vn -0.9775 -0.1842 0.1026
vn -0.9877 -0.0994 0.1210
vn -0.9900 -0.0143 0.1401
vn -0.9611 -0.2039 0.1861
vn -0.9715 -0.1170 0.2062
vn -0.9740 -0.0289 0.2246
vn -0.8907 -0.3825 0.2455
vn -0.9381 -0.2179 0.2691
vn -0.9506 -0.0482 0.3066
vn -0.9477 -0.1337 0.2898
vn -0.0333 0.9691 -0.2444
vn -0.2360 0.9691 0.0716
vn -0.9196 0.3871 -0.0673
vn -0.8620 0.3727 -0.3435
vn -0.9121 0.2652 -0.3128
vn -0.7131 0.6135 -0.3391
vn -0.8061 0.3825 -0.4515
vn -0.8239 0.5382 -0.1775
vn -0.6429 0.7188 -0.2647
vn -0.9426 0.1650 -0.2902
vn -0.8935 0.4443 0.0659
vn -0.6070 0.5627 0.5612
vn -0.4375 0.8264 0.3545
vn -0.9996 0.0008 -0.0268
vn -0.9549 0.0585 -0.2911
vn -0.9794 0.2012 -0.0185
vn -0.7186 0.2183 0.6602
vn -0.9525 -0.0639 -0.2976
vn -0.9927 -0.0340 0.1159
vn -0.7557 -0.1545 0.6365
vn -0.9758 -0.1941 -0.1007
vn -0.7123 -0.4990 0.4936
vn -0.9104 -0.3376 -0.2393
vn -0.9095 -0.1161 -0.3992
vn -0.8842 -0.4448 -0.1426
vn -0.5950 -0.7627 0.2534
vn -0.7123 -0.4991 0.4936
vn -0.8593 -0.1524 -0.4882
vn -0.8178 -0.4108 -0.4031
vn -0.4219 -0.9054 -0.0476
vn -0.6334 -0.5401 -0.5542
vn -0.7075 -0.4146 -0.5723
vn -0.5919 -0.3399 -0.7308
vn -0.2192 -0.9054 -0.3636
vn -0.8000 -0.1576 -0.5789
vn -0.3833 -0.2648 -0.8849
vn -0.5017 -0.1881 -0.8444
vn -0.0177 -0.7627 -0.6465
vn -0.7236 -0.1506 -0.6736
vn 0.2635 -0.1546 -0.9522
vn 0.1518 -0.4991 -0.8532
vn 0.1518 -0.4990 -0.8532
vn -0.6948 -0.0402 -0.7181
vn 0.3005 0.2183 -0.9285
vn -0.6671 0.0604 -0.7425
vn -0.4451 -0.0017 -0.8955
vn 0.2570 0.5628 -0.7857
vn -0.4216 0.1981 -0.8849
vn -0.6519 0.1664 -0.7398
vn -0.2840 0.2129 -0.9349
vn -0.5103 0.5365 -0.6721
vn -0.6330 0.2858 -0.7195
vn -0.6966 0.3409 -0.6312
vn -0.4401 0.3924 -0.8077
vn -0.7494 0.3778 -0.5438
vn -0.3921 0.6236 -0.6763
vn 0.1398 0.8264 -0.5455
vn 0.1398 0.8264 -0.5454
vn -0.6060 0.6102 -0.5102
vn -0.5099 0.7164 -0.4762
vn -0.7674 0.1842 -0.6141
vn -0.7876 0.0994 -0.6082
vn -0.8026 0.0144 -0.5963
vn -0.8144 0.2042 -0.5432
vn -0.8359 0.1170 -0.5362
vn -0.8507 0.0290 -0.5249
vn -0.8565 0.2179 -0.4680
vn -0.8916 0.0481 -0.4502
vn -0.8778 0.1337 -0.4600
vn -0.3651 0.9309 -0.0113
vn -0.1624 0.9309 -0.3272
vn -0.9630 0.2522 -0.0952
vn -0.9024 0.2216 -0.3695
vn -0.9377 0.1115 -0.3292
vn -0.7874 0.4800 -0.3868
vn -0.8477 0.2295 -0.4782
vn -0.8880 0.4046 -0.2185
vn -0.7325 0.5998 -0.3221
vn -0.9546 0.0105 -0.2977
vn -0.9457 0.3235 0.0324
vn -0.6807 0.5221 0.5139
vn -0.5471 0.7874 0.2842
vn -0.9904 -0.1364 -0.0208
vn -0.9524 -0.0963 -0.2893
vn -0.9975 0.0647 -0.0299
vn -0.7455 0.1756 0.6429
vn -0.7455 0.1756 0.6430
vn -0.9334 -0.2173 -0.2854
vn -0.9797 -0.1575 0.1243
vn -0.7317 -0.1994 0.6518
vn -0.9400 -0.3321 -0.0776
vn -0.6413 -0.5460 0.5390
vn -0.6413 -0.5460 0.5391
vn -0.8550 -0.4769 -0.2037
vn -0.8832 -0.2719 -0.3823
vn -0.8151 -0.5709 -0.0982
vn -0.4882 -0.8112 0.3219
vn -0.8280 -0.3088 -0.4681
vn -0.7523 -0.5510 -0.3611
vn -0.2956 -0.9547 0.0334
vn -0.5514 -0.6666 -0.5015
vn -0.6416 -0.5544 -0.5301
vn -0.5363 -0.4787 -0.6951
vn -0.0929 -0.9547 -0.2826
vn -0.7680 -0.3137 -0.5583
vn -0.3386 -0.3902 -0.8562
vn -0.4667 -0.3266 -0.8219
vn 0.0891 -0.8112 -0.5780
vn -0.6927 -0.3047 -0.6537
vn 0.2874 -0.1994 -0.9368
vn 0.2227 -0.5460 -0.8077
vn -0.6788 -0.1957 -0.7077
vn 0.2737 0.1757 -0.9457
vn 0.2737 0.1757 -0.9456
vn -0.6647 -0.0947 -0.7411
vn -0.4355 -0.1393 -0.8893
vn 0.1833 0.5221 -0.8329
vn -0.4392 0.0621 -0.8962
vn -0.6641 0.0123 -0.7476
vn -0.3046 0.0907 -0.9481
vn -0.5741 0.4025 -0.7131
vn -0.6616 0.1343 -0.7377
vn -0.7326 0.1878 -0.6542
vn -0.4842 0.2580 -0.8360
vn -0.7904 0.2244 -0.5701
vn -0.3651 0.9309 -0.0112
vn -0.4686 0.5040 -0.7255
vn 0.0302 0.7873 -0.6158
vn 0.0302 0.7874 -0.6158
vn -0.6798 0.4765 -0.5576
vn -0.5991 0.5971 -0.5335
vn -0.7818 0.0253 -0.6231
vn -0.7904 -0.0607 -0.6095
vn -0.7937 -0.1459 -0.5905
vn -0.8312 0.0446 -0.5541
vn -0.8409 -0.0437 -0.5394
vn -0.8437 -0.1314 -0.5205
vn -0.8752 0.0590 -0.4801
vn -0.8873 -0.1119 -0.4474
vn -0.8848 -0.0264 -0.4651
vn -0.9630 0.2522 -0.0951
vn -0.9024 0.2217 -0.3694
vn -0.9376 0.1116 -0.3292
vn -0.7874 0.4800 -0.3867
vn -0.8477 0.2296 -0.4782
vn -0.8880 0.4045 -0.2186
vn -0.7325 0.5998 -0.3220
vn -0.9458 0.3232 0.0323
vn -0.9524 -0.0964 -0.2894
vn -0.9975 0.0648 -0.0299
vn -0.7455 0.1757 0.6430
vn -0.9334 -0.2172 -0.2856
vn -0.9797 -0.1574 0.1243
vn -0.7317 -0.1995 0.6518
vn -0.8151 -0.5709 -0.0980
vn -0.8280 -0.3087 -0.4681
vn -0.7523 -0.5510 -0.3612
vn -0.5513 -0.6667 -0.5016
vn -0.6417 -0.5544 -0.5300
vn -0.3386 -0.3903 -0.8562
vn -0.4668 -0.3264 -0.8219
vn -0.6926 -0.3049 -0.6537
vn 0.2874 -0.1995 -0.9368
vn -0.6788 -0.1957 -0.7078
vn 0.2875 -0.1994 -0.9368
vn -0.6648 -0.0947 -0.7410
vn -0.6641 0.0123 -0.7475
vn -0.3047 0.0905 -0.9481
vn -0.5740 0.4025 -0.7131
vn -0.4843 0.2580 -0.8360
vn -0.7903 0.2245 -0.5701
vn -0.4686 0.5041 -0.7255
vn 0.1832 0.5222 -0.8329
vn -0.6798 0.4764 -0.5576
vn -0.5990 0.5972 -0.5335
vn 0.0302 0.7874 -0.6157
vn -0.7817 0.0251 -0.6232
vn -0.7902 -0.0608 -0.6098
vn -0.8313 0.0442 -0.5541
vn -0.8437 -0.1317 -0.5204
vn -0.8851 -0.0263 -0.4647
vn -0.0333 -0.9691 -0.2444
vn -0.2360 -0.9691 0.0716
vn -0.8620 -0.3727 -0.3435
vn -0.9196 -0.3871 -0.0673
vn -0.9121 -0.2651 -0.3128
vn -0.7131 -0.6136 -0.3391
vn -0.8239 -0.5382 -0.1775
vn -0.6429 -0.7188 -0.2647
vn -0.7780 -0.6242 -0.0715
vn -0.9426 -0.1650 -0.2902
vn -0.9794 -0.2012 -0.0184
vn -0.8935 -0.4442 0.0658
vn -0.4375 -0.8264 0.3544
vn -0.6070 -0.5628 0.5611
vn -0.9996 -0.0009 -0.0268
vn -0.9549 -0.0586 -0.2910
vn -0.9683 -0.2142 0.1282
vn -0.7187 -0.2183 0.6602
vn -0.9525 0.0638 -0.2977
vn -0.9758 0.1942 -0.1007
vn -0.9927 0.0339 0.1158
vn -0.7556 0.1545 0.6366
vn -0.7556 0.1546 0.6366
vn -0.9631 0.2683 0.0221
vn -0.7122 0.4991 0.4936
vn -0.9104 0.3376 -0.2393
vn -0.9095 0.1161 -0.3992
vn -0.8842 0.4449 -0.1426
vn -0.5950 0.7627 0.2534
vn -0.5951 0.7627 0.2534
vn -0.8593 0.1525 -0.4882
vn -0.8177 0.4110 -0.4031
vn -0.7700 0.5368 -0.3449
vn -0.4220 0.9053 -0.0477
vn -0.4220 0.9053 -0.0476
vn -0.6335 0.5400 -0.5541
vn -0.7076 0.4146 -0.5723
vn -0.5919 0.3399 -0.7308
vn -0.4955 0.4458 -0.7455
vn -0.2193 0.9053 -0.3637
vn -0.8000 0.1576 -0.5789
vn -0.3831 0.2653 -0.8848
vn -0.5017 0.1881 -0.8444
vn -0.0177 0.7627 -0.6465
vn -0.7236 0.1507 -0.6736
vn 0.2634 0.1547 -0.9522
vn 0.1518 0.4991 -0.8532
vn 0.2635 0.1546 -0.9522
vn -0.6948 0.0402 -0.7181
vn 0.3005 -0.2183 -0.9285
vn -0.6670 -0.0603 -0.7426
vn -0.4450 0.0017 -0.8955
vn -0.3120 0.0349 -0.9494
vn 0.2570 -0.5628 -0.7857
vn 0.2569 -0.5627 -0.7857
vn -0.4215 -0.1982 -0.8849
vn -0.6519 -0.1664 -0.7398
vn -0.2840 -0.2127 -0.9349
vn -0.6330 -0.2859 -0.7194
vn -0.5103 -0.5366 -0.6721
vn -0.6966 -0.3410 -0.6312
vn -0.4401 -0.3925 -0.8076
vn -0.3105 -0.4466 -0.8391
vn -0.7494 -0.3778 -0.5438
vn -0.6060 -0.6102 -0.5103
vn -0.3922 -0.6236 -0.6763
vn 0.1397 -0.8264 -0.5454
vn 0.1397 -0.8264 -0.5455
vn -0.5098 -0.7165 -0.4762
vn -0.0333 -0.9691 -0.2443
vn -0.7674 -0.1842 -0.6141
vn -0.7878 -0.0995 -0.6079
vn -0.8026 -0.0144 -0.5963
vn -0.8145 -0.2038 -0.5432
vn -0.8359 -0.1170 -0.5362
vn -0.8506 -0.0293 -0.5250
vn -0.8062 -0.3824 -0.4515
vn -0.8565 -0.2178 -0.4680
vn -0.8916 -0.0482 -0.4502
vn -0.8776 -0.1338 -0.4604
vn 0.1492 0.9691 -0.1964
vn -0.2176 0.9691 -0.1162
vn -0.6028 0.3871 -0.6977
vn -0.3668 0.3727 -0.8524
vn -0.4240 0.2653 -0.8659
vn -0.2648 0.6135 -0.7440
vn -0.2510 0.3825 -0.8892
vn -0.4573 0.5381 -0.7080
vn -0.2677 0.7188 -0.6416
vn -0.4617 0.1649 -0.8716
vn -0.6786 0.4441 -0.5851
vn -0.8259 0.5628 -0.0322
vn -0.5601 0.8264 -0.0584
vn -0.6881 0.0009 -0.7256
vn -0.4697 0.0585 -0.8809
vn -0.6798 0.2011 -0.7053
vn -0.9750 0.2183 -0.0410
vn -0.8260 0.5628 -0.0322
vn -0.4633 -0.0637 -0.8839
vn -0.7841 -0.0341 -0.6197
vn -0.9844 -0.1546 -0.0839
vn -0.6191 -0.1942 -0.7609
vn -0.8527 -0.4990 -0.1544
vn -0.4748 -0.3376 -0.8128
vn -0.3611 -0.1160 -0.9253
vn -0.5248 -0.4449 -0.7257
vn -0.6000 -0.7627 -0.2414
vn -0.6001 -0.7627 -0.2414
vn -0.2627 -0.1524 -0.9528
vn -0.2934 -0.4110 -0.8631
vn -0.2648 -0.9054 -0.3319
vn -0.0562 -0.5401 -0.8397
vn -0.0959 -0.4146 -0.9049
vn 0.0979 -0.3399 -0.9353
vn 0.1020 -0.9054 -0.4121
vn -0.2647 -0.9054 -0.3319
vn -0.1566 -0.1577 -0.9750
vn 0.3543 -0.2655 -0.8966
vn 0.2420 -0.1882 -0.9519
vn 0.4444 -0.7627 -0.4699
vn -0.0356 -0.1507 -0.9879
vn 0.8595 -0.1546 -0.4873
vn 0.7104 -0.4991 -0.4962
vn 0.8595 -0.1545 -0.4873
vn 0.0162 -0.0402 -0.9991
vn 0.8688 0.2183 -0.4444
vn 0.0531 0.0604 -0.9968
vn 0.3181 -0.0017 -0.9480
vn 0.7372 0.5627 -0.3741
vn 0.3273 0.1981 -0.9239
vn 0.0618 0.1665 -0.9841
vn 0.4599 0.2127 -0.8621
vn 0.1141 0.5365 -0.8362
vn 0.0607 0.2857 -0.9564
vn -0.0466 0.3409 -0.9389
vn 0.2596 0.3924 -0.8824
vn -0.1457 0.3777 -0.9144
vn 0.2006 0.6235 -0.7556
vn 0.4845 0.8264 -0.2869
vn -0.0680 0.6103 -0.7893
vn -0.0241 0.7163 -0.6974
vn -0.1088 0.1841 -0.9769
vn -0.1271 0.0996 -0.9869
vn -0.1462 0.0144 -0.9891
vn -0.1920 0.2039 -0.9600
vn -0.2121 0.1171 -0.9702
vn -0.2307 0.0289 -0.9726
vn -0.2748 0.2181 -0.9365
vn -0.3125 0.0481 -0.9487
vn -0.2956 0.1336 -0.9459
vn 0.1164 0.9309 -0.3462
vn -0.2503 0.9309 -0.2660
vn 0.1165 0.9309 -0.3462
vn -0.6138 0.2522 -0.7481
vn -0.3772 0.2219 -0.8992
vn -0.4305 0.1116 -0.8957
vn -0.2837 0.4800 -0.8302
vn -0.2617 0.2296 -0.9374
vn -0.4736 0.4046 -0.7823
vn -0.2905 0.5998 -0.7455
vn -0.4646 0.0105 -0.8855
vn -0.6917 0.3236 -0.6456
vn -0.8447 0.5222 -0.1176
vn -0.5878 0.7874 -0.1857
vn -0.6859 -0.1365 -0.7148
vn -0.4690 -0.0964 -0.8779
vn -0.6843 0.0647 -0.7263
vn -0.9818 0.1756 -0.0721
vn -0.4584 -0.2172 -0.8618
vn -0.7808 -0.1573 -0.6046
vn -0.9783 -0.1994 -0.0562
vn -0.9818 0.1757 -0.0721
vn -0.6100 -0.3321 -0.7195
vn -0.8347 -0.5460 -0.0720
vn -0.4608 -0.4769 -0.7485
vn -0.3544 -0.2718 -0.8947
vn -0.5073 -0.5708 -0.6456
vn -0.5729 -0.8112 -0.1174
vn -0.2547 -0.3087 -0.9164
vn -0.2769 -0.5510 -0.7872
vn -0.2327 -0.9547 -0.1853
vn -0.0354 -0.6667 -0.7445
vn -0.0792 -0.5543 -0.8285
vn 0.1121 -0.4787 -0.8708
vn 0.1341 -0.9547 -0.2655
vn 0.1341 -0.9547 -0.2656
vn -0.1486 -0.3136 -0.9378
vn 0.3659 -0.3903 -0.8449
vn 0.2509 -0.3265 -0.9113
vn 0.4716 -0.8112 -0.3459
vn 0.4716 -0.8111 -0.3459
vn -0.0277 -0.3048 -0.9520
vn 0.8655 -0.1994 -0.4595
vn 0.7284 -0.5459 -0.4140
vn 0.8655 -0.1994 -0.4594
vn 0.0202 -0.1958 -0.9804
vn 0.8621 0.1756 -0.4754
vn 0.8621 0.1756 -0.4753
vn 0.0534 -0.0947 -0.9941
vn 0.3207 -0.1394 -0.9369
vn 0.7185 0.5221 -0.4595
vn 0.3228 0.0620 -0.9444
vn 0.0587 0.0123 -0.9982
vn 0.4548 0.0908 -0.8860
vn 0.0979 0.4025 -0.9102
vn 0.0536 0.1343 -0.9895
vn -0.0557 0.1878 -0.9806
vn 0.2484 0.2580 -0.9337
vn -0.1561 0.2244 -0.9619
vn 0.1812 0.5041 -0.8444
vn 0.4566 0.7874 -0.4142
vn 0.4565 0.7874 -0.4142
vn -0.0867 0.4764 -0.8750
vn -0.0467 0.5967 -0.8011
vn -0.1123 0.0250 -0.9934
vn -0.1281 -0.0607 -0.9899
vn -0.1440 -0.1459 -0.9788
vn -0.1963 0.0446 -0.9795
vn -0.2135 -0.0438 -0.9760
vn -0.2289 -0.1318 -0.9645
vn -0.2797 0.0590 -0.9583
vn -0.3113 -0.1118 -0.9437
vn -0.2975 -0.0264 -0.9544
vn 0.1165 0.9309 -0.3463
vn -0.3772 0.2218 -0.8992
vn -0.4305 0.1116 -0.8956
vn -0.2836 0.4799 -0.8302
vn -0.2616 0.2296 -0.9375
vn -0.2903 0.5997 -0.7457
vn -0.4648 0.0105 -0.8854
vn -0.6917 0.3235 -0.6457
vn -0.8447 0.5222 -0.1177
vn -0.5879 0.7874 -0.1857
vn -0.6858 -0.1364 -0.7149
vn -0.6844 0.0648 -0.7263
vn -0.4584 -0.2173 -0.8618
vn -0.7809 -0.1577 -0.6045
vn -0.9783 -0.1995 -0.0561
vn -0.4607 -0.4769 -0.7485
vn -0.3544 -0.2719 -0.8947
vn -0.5071 -0.5709 -0.6457
vn -0.2548 -0.3088 -0.9164
vn -0.0353 -0.6667 -0.7445
vn -0.1485 -0.3136 -0.9379
vn 0.3659 -0.3905 -0.8448
vn 0.2510 -0.3267 -0.9112
vn -0.0278 -0.3047 -0.9521
vn 0.8655 -0.1995 -0.4594
vn 0.7284 -0.5460 -0.4139
vn 0.7284 -0.5460 -0.4140
vn 0.0202 -0.1957 -0.9804
vn 0.0537 -0.0948 -0.9940
vn 0.3206 -0.1393 -0.9369
vn 0.7185 0.5222 -0.4595
vn 0.4548 0.0907 -0.8860
vn 0.0980 0.4025 -0.9101
vn 0.0535 0.1343 -0.9895
vn -0.0557 0.1877 -0.9806
vn 0.2484 0.2580 -0.9336
vn -0.1560 0.2245 -0.9619
vn 0.1813 0.5041 -0.8444
vn 0.4566 0.7873 -0.4143
vn 0.7184 0.5222 -0.4596
vn -0.0866 0.4765 -0.8749
vn -0.0466 0.5972 -0.8008
vn -0.1124 0.0251 -0.9933
vn -0.1963 0.0443 -0.9795
vn -0.2135 -0.0437 -0.9760
vn -0.2289 -0.1314 -0.9645
vn -0.2796 0.0590 -0.9583
vn -0.3113 -0.1119 -0.9437
vn -0.2971 -0.0264 -0.9545
vn 0.1492 -0.9691 -0.1964
vn -0.2176 -0.9691 -0.1162
vn -0.3670 -0.3728 -0.8522
vn -0.6028 -0.3872 -0.6976
vn -0.4241 -0.2653 -0.8659
vn -0.2648 -0.6135 -0.7439
vn -0.4574 -0.5382 -0.7079
vn -0.2677 -0.7188 -0.6416
vn -0.4998 -0.6241 -0.6006
vn -0.4619 -0.1650 -0.8714
vn -0.6798 -0.2011 -0.7053
vn -0.6785 -0.4441 -0.5852
vn -0.8260 -0.5628 -0.0322
vn -0.5600 -0.8264 -0.0586
vn -0.6881 -0.0009 -0.7256
vn -0.4697 -0.0584 -0.8809
vn -0.7755 -0.2142 -0.5939
vn -0.9750 -0.2183 -0.0410
vn -0.4633 0.0637 -0.8839
vn -0.6191 0.1942 -0.7609
vn -0.7841 0.0340 -0.6197
vn -0.9844 0.1545 -0.0839
vn -0.9844 0.1546 -0.0839
vn -0.6970 0.2683 -0.6650
vn -0.8527 0.4990 -0.1544
vn -0.8527 0.4991 -0.1544
vn -0.4748 0.3376 -0.8128
vn -0.3611 0.1160 -0.9253
vn -0.5249 0.4450 -0.7256
vn -0.6000 0.7627 -0.2415
vn -0.6000 0.7627 -0.2414
vn -0.2627 0.1525 -0.9528
vn -0.2934 0.4110 -0.8631
vn -0.3009 0.5372 -0.7880
vn -0.2648 0.9053 -0.3321
vn -0.0562 0.5401 -0.8397
vn -0.0959 0.4146 -0.9049
vn 0.0979 0.3399 -0.9354
vn 0.1765 0.4458 -0.8776
vn 0.1020 0.9055 -0.4120
vn 0.1020 0.9053 -0.4123
vn -0.1566 0.1576 -0.9750
vn 0.3544 0.2654 -0.8966
vn 0.2420 0.1880 -0.9519
vn 0.4444 0.7627 -0.4699
vn -0.0356 0.1508 -0.9879
vn 0.8594 0.1546 -0.4873
vn 0.7104 0.4990 -0.4962
vn 0.8594 0.1545 -0.4873
vn 0.7105 0.4991 -0.4962
vn 0.0161 0.0403 -0.9991
vn 0.8688 -0.2183 -0.4444
vn 0.0531 -0.0604 -0.9968
vn 0.3181 0.0017 -0.9480
vn 0.4506 0.0350 -0.8920
vn 0.7372 -0.5628 -0.3740
vn 0.7371 -0.5628 -0.3740
vn 0.3274 -0.1981 -0.9239
vn 0.0617 -0.1665 -0.9841
vn 0.4601 -0.2127 -0.8620
vn 0.0608 -0.2858 -0.9564
vn 0.1142 -0.5366 -0.8361
vn -0.0466 -0.3409 -0.9389
vn 0.2597 -0.3925 -0.8823
vn 0.3736 -0.4466 -0.8130
vn -0.1456 -0.3777 -0.9144
vn -0.0679 -0.6103 -0.7893
vn 0.2005 -0.6237 -0.7556
vn 0.4844 -0.8264 -0.2870
vn 0.4844 -0.8264 -0.2871
vn -0.0239 -0.7164 -0.6973
vn -0.1088 -0.1841 -0.9769
vn -0.1275 -0.0995 -0.9868
vn -0.1462 -0.0143 -0.9891
vn -0.1919 -0.2042 -0.9599
vn -0.2121 -0.1171 -0.9702
vn -0.2306 -0.0289 -0.9726
vn -0.2511 -0.3825 -0.8892
vn -0.2749 -0.2181 -0.9364
vn -0.3125 -0.0481 -0.9487
vn -0.2953 -0.1336 -0.9460
vn -0.1274 0.9691 -0.2112
vn 0.2287 0.9691 -0.0923
vn -0.1609 0.3872 -0.9078
vn 0.1210 0.3727 -0.9200
vn 0.0788 0.2652 -0.9610
vn 0.1533 0.6135 -0.7747
vn 0.2393 0.3825 -0.8924
vn -0.0306 0.5381 -0.8423
vn 0.0983 0.7188 -0.6882
vn 0.0494 0.1650 -0.9851
vn -0.2835 0.4439 -0.8500
vn -0.6932 0.5628 -0.4503
vn -0.4513 0.8264 -0.3368
vn -0.2199 0.0008 -0.9755
vn 0.0473 0.0585 -0.9972
vn -0.2230 0.2011 -0.9538
vn -0.8166 0.2183 -0.5343
vn 0.0544 -0.0638 -0.9965
vn -0.3566 -0.0341 -0.9336
vn -0.8027 -0.1545 -0.5760
vn -0.1424 -0.1941 -0.9706
vn -0.6536 -0.4990 -0.5690
vn -0.6536 -0.4991 -0.5690
vn 0.0081 -0.3376 -0.9413
vn 0.1632 -0.1160 -0.9797
vn -0.0792 -0.4448 -0.8921
vn -0.3919 -0.7627 -0.5144
vn -0.3920 -0.7627 -0.5144
vn 0.2618 -0.1525 -0.9530
vn 0.1896 -0.4109 -0.8918
vn -0.0576 -0.9054 -0.4206
vn 0.3814 -0.5402 -0.7502
vn 0.3808 -0.4147 -0.8264
vn 0.5628 -0.3399 -0.7535
vn 0.2986 -0.9054 -0.3019
vn 0.3644 -0.1576 -0.9178
vn 0.7633 -0.2657 -0.5889
vn 0.6950 -0.1882 -0.6939
vn 0.6223 -0.7627 -0.1762
vn 0.4750 -0.1506 -0.8670
vn 0.9878 -0.1545 0.0212
vn 0.8643 -0.4991 -0.0628
vn 0.8643 -0.4990 -0.0628
vn 0.5251 -0.0402 -0.8501
vn 0.9738 0.2183 0.0628
vn 0.5556 0.0604 -0.8293
vn 0.7585 -0.0017 -0.6517
vn 0.8247 0.5628 0.0558
vn 0.7540 0.1981 -0.6262
vn 0.5567 0.1665 -0.8139
vn 0.8363 0.2124 -0.5055
vn 0.5260 0.5365 -0.6599
vn 0.5416 0.2858 -0.7906
vn 0.4405 0.3409 -0.8305
vn 0.6747 0.3925 -0.6251
vn 0.3428 0.3777 -0.8601
vn -0.1275 0.9691 -0.2112
vn 0.5591 0.6236 -0.5464
vn 0.5631 0.8264 0.0015
vn 0.3455 0.6103 -0.7128
vn 0.3363 0.7164 -0.6114
vn 0.4065 0.1842 -0.8949
vn 0.3954 0.0995 -0.9131
vn 0.3806 0.0144 -0.9246
vn 0.3263 0.2042 -0.9229
vn 0.3143 0.1170 -0.9421
vn 0.2996 0.0294 -0.9536
vn 0.2431 0.2180 -0.9452
vn 0.2171 0.0480 -0.9750
vn 0.2302 0.1337 -0.9639
vn 0.2772 0.9309 -0.2378
vn -0.0789 0.9309 -0.3566
vn -0.1446 0.2522 -0.9568
vn 0.1361 0.2219 -0.9655
vn 0.0884 0.1116 -0.9898
vn 0.1812 0.4800 -0.8584
vn 0.2551 0.2296 -0.9393
vn -0.0065 0.4046 -0.9145
vn 0.1322 0.5997 -0.7892
vn 0.0540 0.0105 -0.9985
vn -0.2638 0.3234 -0.9088
vn -0.6655 0.5222 -0.5334
vn -0.4100 0.7874 -0.4604
vn -0.4099 0.7874 -0.4604
vn -0.2233 -0.1363 -0.9652
vn 0.0463 -0.0963 -0.9943
vn -0.2163 0.0648 -0.9742
vn -0.8066 0.1756 -0.5644
vn -0.6655 0.5221 -0.5334
vn 0.0471 -0.2173 -0.9750
vn -0.3615 -0.1576 -0.9189
vn -0.8117 -0.1994 -0.5489
vn -0.1559 -0.3321 -0.9303
vn -0.6803 -0.5460 -0.4891
vn -0.0129 -0.4769 -0.8789
vn 0.1534 -0.2718 -0.9500
vn -0.1052 -0.5709 -0.8143
vn -0.4321 -0.8112 -0.3941
vn -0.6803 -0.5460 -0.4890
vn 0.2502 -0.3087 -0.9177
vn 0.1651 -0.5509 -0.8181
vn -0.1051 -0.9547 -0.2783
vn 0.3505 -0.6665 -0.6579
vn 0.3560 -0.5543 -0.7523
vn 0.5419 -0.4786 -0.6909
vn 0.2511 -0.9547 -0.1595
vn -0.1050 -0.9547 -0.2782
vn 0.3523 -0.3137 -0.8817
vn 0.7465 -0.3903 -0.5389
vn 0.6819 -0.3265 -0.6545
vn 0.5821 -0.8112 -0.0558
vn 0.4633 -0.3047 -0.8321
vn 0.9787 -0.1995 0.0483
vn 0.8376 -0.5460 0.0172
vn 0.9787 -0.1994 0.0484
vn 0.5191 -0.1957 -0.8320
vn 0.9839 0.1757 0.0327
vn 0.5548 -0.0947 -0.8266
vn 0.7549 -0.1393 -0.6409
vn 0.8524 0.5222 -0.0271
vn 0.7607 0.0620 -0.6462
vn 0.5613 0.0123 -0.8276
vn 0.8441 0.0908 -0.5284
vn 0.5499 0.4025 -0.7318
vn 0.5523 0.1343 -0.8228
vn 0.4539 0.1878 -0.8710
vn 0.6912 0.2580 -0.6750
vn 0.3583 0.2248 -0.9061
vn -0.0789 0.9309 -0.3567
vn 0.5878 0.5040 -0.6328
vn 0.6043 0.7874 -0.1221
vn 0.3733 0.4763 -0.7961
vn 0.3698 0.5970 -0.7119
vn 0.4118 0.0251 -0.9109
vn 0.3965 -0.0607 -0.9160
vn 0.3772 -0.1459 -0.9146
vn 0.3328 0.0447 -0.9420
vn 0.3161 -0.0437 -0.9477
vn 0.2970 -0.1314 -0.9458
vn 0.2502 0.0590 -0.9664
vn 0.2155 -0.1118 -0.9701
vn 0.2332 -0.0265 -0.9721
vn 0.2773 0.9309 -0.2378
vn 0.2772 0.9309 -0.2379
vn -0.1445 0.2520 -0.9569
vn 0.1362 0.2217 -0.9656
vn 0.0885 0.1115 -0.9898
vn 0.1812 0.4799 -0.8584
vn 0.2550 0.2295 -0.9393
vn 0.1320 0.5998 -0.7892
vn 0.0539 0.0105 -0.9985
vn -0.2640 0.3235 -0.9086
vn -0.6654 0.5221 -0.5335
vn -0.4099 0.7873 -0.4606
vn -0.2163 0.0647 -0.9742
vn -0.8066 0.1756 -0.5645
vn -0.8066 0.1757 -0.5644
vn 0.0472 -0.2173 -0.9750
vn -0.3615 -0.1575 -0.9190
vn -0.8118 -0.1994 -0.5489
vn -0.8117 -0.1995 -0.5489
vn -0.0127 -0.4769 -0.8789
vn 0.1534 -0.2719 -0.9500
vn -0.4321 -0.8112 -0.3940
vn 0.1650 -0.5509 -0.8181
vn 0.3506 -0.6666 -0.6578
vn 0.7466 -0.3902 -0.5388
vn 0.6819 -0.3266 -0.6545
vn 0.4633 -0.3048 -0.8321
vn 0.9787 -0.1995 0.0484
vn 0.5546 -0.0947 -0.8267
vn 0.7548 -0.1393 -0.6410
vn 0.8524 0.5222 -0.0272
vn 0.7607 0.0620 -0.6461
vn 0.5613 0.0122 -0.8275
vn 0.8441 0.0907 -0.5284
vn 0.5523 0.1343 -0.8227
vn 0.4540 0.1878 -0.8710
vn 0.6913 0.2581 -0.6749
vn 0.3582 0.2245 -0.9063
vn -0.4099 0.7873 -0.4605
vn -0.0790 0.9309 -0.3567
vn 0.5879 0.5041 -0.6327
vn 0.6043 0.7873 -0.1222
vn 0.3733 0.4764 -0.7960
vn 0.3326 0.0443 -0.9420
vn 0.2970 -0.1315 -0.9458
vn 0.2501 0.0590 -0.9664
vn 0.2332 -0.0263 -0.9721
vn 0.2287 -0.9691 -0.0923
vn -0.1274 -0.9691 -0.2112
vn 0.1210 -0.3727 -0.9200
vn -0.1609 -0.3872 -0.9079
vn 0.0788 -0.2652 -0.9610
vn 0.1533 -0.6136 -0.7746
vn -0.0306 -0.5381 -0.8423
vn 0.0983 -0.7188 -0.6882
vn -0.1221 -0.6241 -0.7717
vn 0.0494 -0.1650 -0.9851
vn -0.2230 -0.2011 -0.9539
vn -0.2834 -0.4441 -0.8499
vn -0.6932 -0.5628 -0.4503
vn -0.4511 -0.8264 -0.3369
vn -0.2197 -0.0010 -0.9756
vn 0.0473 -0.0584 -0.9972
vn -0.3623 -0.2142 -0.9071
vn -0.8166 -0.2183 -0.5343
vn -0.8166 -0.2182 -0.5343
vn 0.0542 0.0638 -0.9965
vn -0.1424 0.1941 -0.9706
vn -0.3565 0.0341 -0.9337
vn -0.8027 0.1545 -0.5760
vn -0.8027 0.1546 -0.5760
vn -0.2583 0.2682 -0.9281
vn -0.6536 0.4991 -0.5690
vn 0.0079 0.3376 -0.9413
vn 0.1635 0.1161 -0.9797
vn -0.0790 0.4448 -0.8921
vn -0.3919 0.7627 -0.5145
vn -0.3920 0.7627 -0.5144
vn 0.2619 0.1523 -0.9530
vn 0.1896 0.4110 -0.8917
vn 0.1448 0.5373 -0.8309
vn -0.0576 0.9053 -0.4208
vn 0.3813 0.5401 -0.7503
vn 0.3808 0.4147 -0.8265
vn 0.5628 0.3399 -0.7535
vn 0.6008 0.4459 -0.6635
vn 0.2986 0.9053 -0.3020
vn 0.2987 0.9053 -0.3020
vn 0.3644 0.1576 -0.9178
vn 0.7634 0.2653 -0.5890
vn 0.6951 0.1882 -0.6939
vn 0.6223 0.7627 -0.1763
vn 0.6223 0.7627 -0.1762
vn 0.4749 0.1506 -0.8670
vn 0.9878 0.1545 0.0212
vn 0.8643 0.4991 -0.0628
vn 0.5251 0.0403 -0.8501
vn 0.9739 -0.2183 0.0628
vn 0.9739 -0.2183 0.0629
vn 0.5556 -0.0604 -0.8293
vn 0.7585 0.0017 -0.6516
vn 0.8436 0.0350 -0.5358
vn 0.8247 -0.5628 0.0558
vn 0.7541 -0.1982 -0.6261
vn 0.5567 -0.1665 -0.8139
vn 0.8364 -0.2128 -0.5051
vn 0.5416 -0.2858 -0.7906
vn 0.5260 -0.5365 -0.6599
vn 0.4404 -0.3410 -0.8305
vn 0.6746 -0.3925 -0.6252
vn 0.7371 -0.4467 -0.5072
vn 0.3429 -0.3776 -0.8602
vn 0.3456 -0.6103 -0.7128
vn 0.5590 -0.6236 -0.5464
vn 0.5630 -0.8264 0.0015
vn 0.3363 -0.7162 -0.6115
vn 0.4064 -0.1842 -0.8949
vn 0.3954 -0.0995 -0.9131
vn 0.3806 -0.0144 -0.9246
vn 0.3264 -0.2042 -0.9229
vn 0.3143 -0.1170 -0.9421
vn 0.2996 -0.0289 -0.9536
vn 0.2394 -0.3825 -0.8924
vn 0.2431 -0.2180 -0.9452
vn 0.2170 -0.0481 -0.9750
vn 0.2305 -0.1336 -0.9639
vn 0.2276 0.9691 0.0951
vn 0.0577 0.9691 -0.2398
vn 0.5237 0.3872 -0.7588
vn 0.7327 0.3728 -0.5693
vn 0.7315 0.2653 -0.6281
vn 0.6536 0.6135 -0.4432
vn 0.7975 0.3825 -0.4665
vn 0.5704 0.5381 -0.6206
vn 0.5538 0.7188 -0.4204
vn 0.7274 0.1650 -0.6660
vn 0.3957 0.4442 -0.8038
vn -0.1764 0.5627 -0.8076
vn -0.0841 0.8264 -0.5568
vn -0.0841 0.8264 -0.5567
vn 0.5294 0.0009 -0.8484
vn 0.7346 0.0584 -0.6760
vn 0.5118 0.2012 -0.8352
vn -0.2053 0.2183 -0.9540
vn 0.7391 -0.0638 -0.6706
vn 0.4028 -0.0340 -0.9147
vn -0.1660 -0.1545 -0.9739
vn 0.5810 -0.1942 -0.7904
vn -0.0649 -0.4991 -0.8641
vn 0.6674 -0.3375 -0.6638
vn 0.8048 -0.1160 -0.5821
vn 0.5707 -0.4447 -0.6903
vn 0.0828 -0.7627 -0.6414
vn 0.8561 -0.1526 -0.4938
vn 0.7617 -0.4109 -0.5010
vn 0.2547 -0.9054 -0.3397
vn 0.7986 -0.5402 -0.2654
vn 0.8518 -0.4146 -0.3203
vn 0.9299 -0.3399 -0.1403
vn 0.4246 -0.9054 -0.0049
vn 0.9043 -0.1576 -0.3967
vn 0.9569 -0.2654 0.1177
vn 0.9821 -0.1881 -0.0049
vn 0.5665 -0.7627 0.3120
vn 0.9473 -0.1506 -0.2829
vn 0.6876 -0.1546 0.7094
vn 0.6589 -0.4990 0.5629
vn 0.9710 -0.0402 -0.2355
vn 0.6484 0.2183 0.7293
vn 0.9780 0.0605 -0.1994
vn 0.9976 -0.0017 0.0697
vn 0.5472 0.5628 0.6195
vn 0.5472 0.5628 0.6196
vn 0.9765 0.1981 0.0846
vn 0.9680 0.1666 -0.1875
vn 0.9500 0.2127 0.2286
vn 0.8380 0.5365 -0.0996
vn 0.9409 0.2859 -0.1815
vn 0.8971 0.3410 -0.2810
vn 0.9193 0.3924 0.0295
vn 0.8484 0.3779 -0.3708
vn 0.7817 0.6236 0.0043
vn 0.3994 0.8264 0.3969
vn 0.7469 0.6102 -0.2642
vn 0.6689 0.7164 -0.1985
vn 0.9182 0.1842 -0.3507
vn 0.9232 0.0995 -0.3712
vn 0.9206 0.0143 -0.3902
vn 0.8808 0.2044 -0.4271
vn 0.8857 0.1170 -0.4492
vn 0.8834 0.0293 -0.4677
vn 0.8373 0.2181 -0.5014
vn 0.8398 0.0481 -0.5408
vn 0.8415 0.1336 -0.5235
vn 0.1946 0.9309 -0.3091
vn 0.3644 0.9309 0.0257
vn 0.5698 0.2522 -0.7821
vn 0.7756 0.2219 -0.5910
vn 0.7587 0.1116 -0.6418
vn 0.7322 0.4800 -0.4832
vn 0.8416 0.2296 -0.4889
vn 0.6382 0.4046 -0.6550
vn 0.6486 0.5999 -0.4685
vn 0.7402 0.0105 -0.6723
vn 0.4510 0.3234 -0.8318
vn -0.0984 0.5221 -0.8472
vn 0.0320 0.7874 -0.6156
vn 0.5196 -0.1364 -0.8435
vn 0.7319 -0.0963 -0.6746
vn 0.5309 0.0648 -0.8450
vn -0.1769 0.1757 -0.9684
vn 0.7189 -0.2174 -0.6602
vn 0.3888 -0.1576 -0.9077
vn -0.1916 -0.1995 -0.9610
vn -0.1769 0.1756 -0.9684
vn 0.5430 -0.3322 -0.7713
vn -0.1400 -0.5460 -0.8260
vn 0.6087 -0.4769 -0.6341
vn 0.7769 -0.2719 -0.5679
vn 0.4974 -0.5709 -0.6532
vn -0.0303 -0.8112 -0.5840
vn 0.8229 -0.3088 -0.4769
vn 0.6925 -0.5508 -0.4659
vn 0.1209 -0.9547 -0.2718
vn -0.0304 -0.8112 -0.5840
vn 0.7118 -0.6665 -0.2216
vn 0.7820 -0.5544 -0.2848
vn 0.8710 -0.4786 -0.1104
vn 0.2907 -0.9547 0.0631
vn 0.8704 -0.3136 -0.3795
vn 0.9098 -0.3902 0.1415
vn 0.9451 -0.3266 0.0138
vn 0.4532 -0.8112 0.3695
vn 0.4533 -0.8112 0.3696
vn 0.9145 -0.3047 -0.2661
vn 0.6621 -0.1995 0.7224
vn 0.5837 -0.5460 0.6011
vn 0.6621 -0.1995 0.7223
vn 0.5837 -0.5460 0.6010
vn 0.9541 -0.1958 -0.2268
vn 0.6768 0.1756 0.7149
vn 0.9756 -0.0948 -0.1979
vn 0.9874 -0.1394 0.0747
vn 0.6253 0.5222 0.5799
vn 0.9952 0.0621 0.0752
vn 0.9809 0.0123 -0.1940
vn 0.9718 0.0908 0.2175
vn 0.9056 0.4025 -0.1339
vn 0.9712 0.1342 -0.1970
vn 0.9352 0.1878 -0.3004
vn 0.9661 0.2580 0.0058
vn 0.8918 0.2246 -0.3928
vn 0.8629 0.5040 -0.0366
vn 0.5156 0.7874 0.3379
vn 0.8251 0.4764 -0.3038
vn 0.7633 0.5972 -0.2464
vn 0.9332 0.0250 -0.3584
vn 0.9259 -0.0608 -0.3729
vn 0.9112 -0.1458 -0.3853
vn 0.8987 0.0445 -0.4362
vn 0.8910 -0.0437 -0.4519
vn 0.8761 -0.1314 -0.4639
vn 0.8572 0.0589 -0.5116
vn 0.8352 -0.1118 -0.5385
vn 0.8490 -0.0263 -0.5277
vn 0.1946 0.9309 -0.3092
vn 0.7756 0.2218 -0.5910
vn 0.6485 0.5999 -0.4685
vn 0.7403 0.0105 -0.6722
vn 0.4511 0.3237 -0.8317
vn -0.0984 0.5222 -0.8472
vn 0.0321 0.7873 -0.6157
vn 0.5196 -0.1364 -0.8434
vn 0.5310 0.0648 -0.8449
vn 0.7189 -0.2174 -0.6603
vn 0.3887 -0.1577 -0.9077
vn -0.1915 -0.1995 -0.9610
vn 0.5430 -0.3322 -0.7712
vn 0.4975 -0.5709 -0.6531
vn 0.8229 -0.3089 -0.4769
vn 0.6925 -0.5509 -0.4659
vn 0.7118 -0.6666 -0.2214
vn 0.7821 -0.5543 -0.2849
vn 0.8710 -0.4787 -0.1104
vn 0.2906 -0.9548 0.0631
vn 0.8704 -0.3137 -0.3795
vn 0.9145 -0.3048 -0.2660
vn 0.5836 -0.5460 0.6010
vn 0.6621 -0.1994 0.7224
vn 0.9756 -0.0948 -0.1981
vn 0.9874 -0.1393 0.0747
vn 0.6254 0.5222 0.5798
vn 0.9952 0.0620 0.0751
vn 0.9718 0.0907 0.2175
vn 0.9056 0.4026 -0.1337
vn 0.9712 0.1344 -0.1968
vn 0.9661 0.2581 0.0058
vn 0.8918 0.2244 -0.3928
vn 0.8629 0.5041 -0.0366
vn 0.5157 0.7873 0.3379
vn 0.7633 0.5972 -0.2463
vn 0.5157 0.7874 0.3378
vn 0.8987 0.0442 -0.4363
vn 0.8572 0.0589 -0.5115
vn 0.2276 -0.9691 0.0950
vn 0.0578 -0.9691 -0.2397
vn 0.0578 -0.9691 -0.2398
vn 0.7327 -0.3727 -0.5694
vn 0.5239 -0.3870 -0.7588
vn 0.7315 -0.2653 -0.6281
vn 0.6536 -0.6135 -0.4432
vn 0.5703 -0.5381 -0.6206
vn 0.5537 -0.7188 -0.4203
vn 0.4557 -0.6241 -0.6347
vn 0.7274 -0.1650 -0.6660
vn 0.5118 -0.2012 -0.8352
vn 0.3958 -0.4442 -0.8038
vn -0.1765 -0.5627 -0.8076
vn -0.0840 -0.8264 -0.5568
vn -0.1766 -0.5627 -0.8076
vn 0.5294 -0.0009 -0.8484
vn 0.7346 -0.0584 -0.6760
vn 0.3799 -0.2143 -0.8999
vn -0.2053 -0.2183 -0.9541
vn 0.7391 0.0638 -0.6705
vn 0.5810 0.1942 -0.7904
vn 0.4027 0.0341 -0.9147
vn -0.1662 0.1545 -0.9739
vn -0.1662 0.1546 -0.9739
vn 0.4687 0.2682 -0.8416
vn -0.0649 0.4991 -0.8641
vn 0.6674 0.3376 -0.6638
vn 0.8048 0.1160 -0.5821
vn 0.5706 0.4449 -0.6903
vn 0.0829 0.7627 -0.6414
vn 0.0828 0.7627 -0.6414
vn 0.8562 0.1523 -0.4938
vn 0.7617 0.4110 -0.5010
vn 0.6871 0.5372 -0.4892
vn 0.2549 0.9053 -0.3398
vn 0.7985 0.5402 -0.2656
vn 0.8518 0.4147 -0.3202
vn 0.9299 0.3399 -0.1403
vn 0.8937 0.4459 -0.0496
vn 0.4247 0.9053 -0.0049
vn 0.4248 0.9053 -0.0049
vn 0.9043 0.1576 -0.3967
vn 0.9569 0.2655 0.1178
vn 0.9821 0.1882 -0.0049
vn 0.5666 0.7626 0.3120
vn 0.5665 0.7627 0.3120
vn 0.9473 0.1508 -0.2828
vn 0.6876 0.1546 0.7094
vn 0.6589 0.4990 0.5629
vn 0.6876 0.1545 0.7094
vn 0.9710 0.0403 -0.2355
vn 0.6484 -0.2183 0.7293
vn 0.9781 -0.0604 -0.1993
vn 0.9976 0.0017 0.0698
vn 0.9767 0.0350 0.2120
vn 0.5472 -0.5628 0.6195
vn 0.5472 -0.5628 0.6196
vn 0.9765 -0.1982 0.0847
vn 0.9680 -0.1665 -0.1875
vn 0.9501 -0.2125 0.2285
vn 0.9409 -0.2858 -0.1816
vn 0.8380 -0.5365 -0.0997
vn 0.8971 -0.3409 -0.2810
vn 0.9193 -0.3924 0.0294
vn 0.8808 -0.4466 0.1572
vn 0.8485 -0.3775 -0.3709
vn 0.7469 -0.6103 -0.2641
vn -0.0839 -0.8264 -0.5568
vn 0.7817 -0.6236 0.0037
vn 0.3995 -0.8264 0.3967
vn 0.3996 -0.8264 0.3967
vn 0.6689 -0.7164 -0.1985
vn 0.9182 -0.1842 -0.3507
vn 0.9231 -0.0996 -0.3715
vn 0.9206 -0.0143 -0.3902
vn 0.8809 -0.2042 -0.4271
vn 0.8857 -0.1170 -0.4492
vn 0.8834 -0.0293 -0.4677
vn 0.7975 -0.3825 -0.4665
vn 0.8373 -0.2180 -0.5014
vn 0.8398 -0.0481 -0.5408
vn 0.8412 -0.1337 -0.5240
vn 0.0938 0.9691 0.2281
vn 0.2104 0.9691 -0.1288
vn 0.9068 0.3873 -0.1666
vn 0.9208 0.3727 0.1154
vn 0.9614 0.2652 0.0729
vn 0.7756 0.6136 0.1485
vn 0.8939 0.3825 0.2339
vn 0.8421 0.5382 -0.0358
vn 0.6889 0.7187 0.0943
vn 0.9853 0.1650 0.0433
vn 0.8480 0.4443 -0.2889
vn 0.4461 0.5628 -0.6959
vn 0.3340 0.8264 -0.4533
vn 0.9742 0.0008 -0.2259
vn 0.9974 0.0584 0.0411
vn 0.9524 0.2012 -0.2289
vn 0.5293 0.2184 -0.8199
vn 0.9968 -0.0639 0.0481
vn 0.9315 -0.0340 -0.3622
vn 0.5710 -0.1546 -0.8063
vn 0.5293 0.2183 -0.8199
vn 0.9697 -0.1941 -0.1484
vn 0.5649 -0.4991 -0.6571
vn 0.9413 -0.3375 0.0023
vn 0.9807 -0.1161 0.1572
vn 0.8916 -0.4448 -0.0845
vn 0.5120 -0.7627 -0.3951
vn 0.5120 -0.7627 -0.3952
vn 0.9546 -0.1524 0.2559
vn 0.8929 -0.4108 0.1840
vn 0.4203 -0.9054 -0.0602
vn 0.7527 -0.5400 0.3767
vn 0.8289 -0.4146 0.3756
vn 0.7569 -0.3399 0.5582
vn 0.3037 -0.9054 0.2967
vn 0.4202 -0.9054 -0.0602
vn 0.9201 -0.1575 0.3586
vn 0.5937 -0.2653 0.7597
vn 0.6982 -0.1882 0.6907
vn 0.1801 -0.7627 0.6212
vn 0.8699 -0.1507 0.4697
vn -0.0151 -0.1546 0.9879
vn 0.0681 -0.4990 0.8639
vn 0.8533 -0.0403 0.5198
vn -0.0569 0.2183 0.9742
vn 0.8323 0.0602 0.5511
vn 0.6563 -0.0017 0.7545
vn -0.0508 0.5628 0.8251
vn 0.6311 0.1980 0.7500
vn 0.8173 0.1665 0.5517
vn 0.5105 0.2127 0.8332
vn 0.6631 0.5365 0.5219
vn 0.7938 0.2859 0.5368
vn 0.8332 0.3410 0.4353
vn 0.6294 0.3924 0.6707
vn 0.8622 0.3778 0.3375
vn 0.2103 0.9691 -0.1288
vn 0.5499 0.6235 0.5557
vn 0.0020 0.8264 0.5631
vn 0.7150 0.6102 0.3411
vn 0.6134 0.7164 0.3324
vn 0.8974 0.1843 0.4009
vn 0.9153 0.0994 0.3903
vn 0.9270 0.0143 0.3748
vn 0.9249 0.2044 0.3206
vn 0.9440 0.1170 0.3084
vn 0.9554 0.0292 0.2938
vn 0.9467 0.2180 0.2372
vn 0.9763 0.0480 0.2111
vn 0.9653 0.1337 0.2245
vn 0.3562 0.9309 -0.0811
vn 0.2396 0.9309 0.2757
vn 0.9559 0.2522 -0.1505
vn 0.9664 0.2218 0.1302
vn 0.9903 0.1116 0.0823
vn 0.8595 0.4800 0.1759
vn 0.9408 0.2296 0.2492
vn 0.9144 0.4046 -0.0122
vn 0.7900 0.5998 0.1272
vn 0.9988 0.0104 0.0479
vn 0.9070 0.3236 -0.2695
vn 0.5292 0.5221 -0.6688
vn 0.4578 0.7874 -0.4128
vn 0.4579 0.7874 -0.4128
vn 0.9637 -0.1364 -0.2293
vn 0.9945 -0.0964 0.0402
vn 0.9728 0.0648 -0.2224
vn 0.5595 0.1757 -0.8100
vn 0.9752 -0.2173 0.0413
vn 0.9167 -0.1575 -0.3671
vn 0.5439 -0.1995 -0.8151
vn 0.9293 -0.3321 -0.1616
vn 0.4848 -0.5460 -0.6833
vn 0.8788 -0.4769 -0.0182
vn 0.9510 -0.2719 0.1475
vn 0.8136 -0.5708 -0.1102
vn 0.3914 -0.8112 -0.4345
vn 0.9192 -0.3088 0.2444
vn 0.8192 -0.5508 0.1600
vn 0.2777 -0.9547 -0.1068
vn 0.2776 -0.9547 -0.1068
vn 0.6601 -0.6665 0.3464
vn 0.7546 -0.5542 0.3513
vn 0.6941 -0.4787 0.5376
vn 0.1610 -0.9547 0.2501
vn 0.8839 -0.3137 0.3469
vn 0.5433 -0.3904 0.7432
vn 0.6587 -0.3266 0.6778
vn 0.0593 -0.8112 0.5818
vn 0.8350 -0.3047 0.4582
vn -0.0422 -0.1995 0.9790
vn -0.0120 -0.5460 0.8377
vn -0.0422 -0.1994 0.9790
vn -0.0121 -0.5460 0.8377
vn 0.8352 -0.1957 0.5139
vn -0.0265 0.1757 0.9841
vn 0.8301 -0.0948 0.5495
vn 0.6455 -0.1394 0.7509
vn 0.0324 0.5221 0.8523
vn 0.0324 0.5221 0.8522
vn 0.6508 0.0621 0.7567
vn 0.8311 0.0123 0.5560
vn 0.5335 0.0909 0.8409
vn 0.7351 0.4025 0.5455
vn 0.8262 0.1344 0.5472
vn 0.8738 0.1878 0.4486
vn 0.6792 0.2580 0.6871
vn 0.9084 0.2245 0.3526
vn 0.6364 0.5040 0.5840
vn 0.1259 0.7874 0.6035
vn 0.7983 0.4764 0.3684
vn 0.7142 0.5971 0.3653
vn 0.9135 0.0250 0.4061
vn 0.9185 -0.0608 0.3908
vn 0.9169 -0.1458 0.3716
vn 0.9440 0.0443 0.3269
vn 0.9496 -0.0438 0.3103
vn 0.9476 -0.1314 0.2911
vn 0.9679 0.0591 0.2442
vn 0.9714 -0.1119 0.2095
vn 0.9735 -0.0265 0.2271
vn 0.3562 0.9309 -0.0812
vn 0.9559 0.2523 -0.1505
vn 0.9664 0.2219 0.1301
vn 0.7900 0.5999 0.1271
vn 0.9988 0.0105 0.0475
vn 0.5292 0.5222 -0.6688
vn 0.9637 -0.1364 -0.2294
vn 0.9728 0.0648 -0.2223
vn 0.5592 0.1755 -0.8102
vn 0.9752 -0.2172 0.0413
vn 0.9167 -0.1576 -0.3672
vn 0.9293 -0.3322 -0.1617
vn 0.8136 -0.5708 -0.1103
vn 0.9192 -0.3086 0.2444
vn 0.6601 -0.6665 0.3465
vn 0.7546 -0.5542 0.3512
vn 0.6941 -0.4787 0.5377
vn 0.8839 -0.3137 0.3468
vn 0.5433 -0.3903 0.7433
vn 0.0594 -0.8112 0.5818
vn 0.8299 -0.0948 0.5497
vn 0.6510 0.0618 0.7566
vn 0.8311 0.0123 0.5561
vn 0.5336 0.0907 0.8409
vn 0.7352 0.4025 0.5454
vn 0.6793 0.2580 0.6871
vn 0.9084 0.2247 0.3526
vn 0.7145 0.5967 0.3653
vn 0.0938 -0.9691 0.2281
vn 0.2103 -0.9691 -0.1287
vn 0.2104 -0.9691 -0.1288
vn 0.9208 -0.3727 0.1153
vn 0.9069 -0.3871 -0.1665
vn 0.9614 -0.2653 0.0729
vn 0.7756 -0.6136 0.1485
vn 0.8421 -0.5381 -0.0358
vn 0.6888 -0.7188 0.0941
vn 0.7710 -0.6241 -0.1269
vn 0.9853 -0.1649 0.0434
vn 0.9524 -0.2011 -0.2289
vn 0.8481 -0.4442 -0.2888
vn 0.4461 -0.5628 -0.6959
vn 0.3341 -0.8264 -0.4532
vn 0.4461 -0.5627 -0.6959
vn 0.9741 -0.0008 -0.2259
vn 0.9974 -0.0584 0.0411
vn 0.9049 -0.2142 -0.3679
vn 0.5292 -0.2183 -0.8199
vn 0.5291 -0.2183 -0.8200
vn 0.9968 0.0638 0.0482
vn 0.9697 0.1941 -0.1484
vn 0.9315 0.0340 -0.3622
vn 0.5710 0.1546 -0.8063
vn 0.5710 0.1545 -0.8063
vn 0.9264 0.2683 -0.2641
vn 0.5650 0.4991 -0.6571
vn 0.5650 0.4990 -0.6571
vn 0.9413 0.3376 0.0023
vn 0.9807 0.1160 0.1572
vn 0.8916 0.4449 -0.0848
vn 0.5120 0.7627 -0.3951
vn 0.9546 0.1523 0.2560
vn 0.8929 0.4109 0.1841
vn 0.8320 0.5369 0.1398
vn 0.4204 0.9053 -0.0602
vn 0.7526 0.5400 0.3767
vn 0.8289 0.4145 0.3755
vn 0.7569 0.3399 0.5581
vn 0.6673 0.4458 0.5966
vn 0.3039 0.9053 0.2967
vn 0.3038 0.9053 0.2968
vn 0.9201 0.1575 0.3587
vn 0.5936 0.2657 0.7596
vn 0.6982 0.1882 0.6907
vn 0.1801 0.7627 0.6212
vn 0.8699 0.1507 0.4696
vn -0.0151 0.1546 0.9879
vn 0.0681 0.4991 0.8639
vn 0.8533 0.0403 0.5198
vn -0.0569 -0.2183 0.9742
vn 0.8325 -0.0603 0.5508
vn 0.6563 0.0017 0.7545
vn 0.5410 0.0350 0.8403
vn -0.0507 -0.5628 0.8251
vn -0.0507 -0.5627 0.8251
vn 0.6309 -0.1981 0.7501
vn 0.8173 -0.1666 0.5517
vn 0.5104 -0.2128 0.8332
vn 0.7939 -0.2858 0.5367
vn 0.6632 -0.5365 0.5218
vn 0.8332 -0.3410 0.4354
vn 0.6294 -0.3924 0.6707
vn 0.5119 -0.4466 0.7338
vn 0.8622 -0.3777 0.3375
vn 0.7150 -0.6103 0.3411
vn 0.5499 -0.6235 0.5557
vn 0.0022 -0.8264 0.5630
vn 0.0022 -0.8264 0.5631
vn 0.6134 -0.7164 0.3325
vn 0.8974 -0.1843 0.4009
vn 0.9155 -0.0995 0.3897
vn 0.9270 -0.0143 0.3747
vn 0.9249 -0.2043 0.3206
vn 0.9441 -0.1170 0.3083
vn 0.9555 -0.0293 0.2937
vn 0.8939 -0.3825 0.2339
vn 0.9467 -0.2180 0.2372
vn 0.9763 -0.0480 0.2111
vn 0.9653 -0.1336 0.2242
vn -0.0918 0.9691 0.2289
vn 0.2406 0.9691 0.0544
vn -0.0919 0.9691 0.2289
vn 0.7660 0.3871 0.5132
vn 0.5794 0.3726 0.7249
vn 0.6381 0.2653 0.7228
vn 0.4522 0.6136 0.6473
vn 0.4775 0.3825 0.7910
vn 0.6285 0.5381 0.5617
vn 0.4281 0.7188 0.5478
vn 0.6760 0.1650 0.7182
vn 0.8092 0.4441 0.3846
vn 0.8050 0.5628 -0.1877
vn 0.5555 0.8264 -0.0919
vn 0.5555 0.8264 -0.0920
vn 0.8556 0.0009 0.5176
vn 0.6862 0.0585 0.7251
vn 0.8422 0.2011 0.5002
vn 0.9511 0.2183 -0.2185
vn 0.9511 0.2183 -0.2186
vn 0.6808 -0.0638 0.7297
vn 0.9202 -0.0339 0.3901
vn 0.9715 -0.1546 -0.1796
vn 0.7985 -0.1942 0.5699
vn 0.8632 -0.4989 -0.0767
vn 0.6730 -0.3376 0.6581
vn 0.5932 -0.1160 0.7967
vn 0.6981 -0.4448 0.5611
vn 0.6426 -0.7627 0.0740
vn 0.8632 -0.4990 -0.0767
vn 0.5056 -0.1525 0.8492
vn 0.5115 -0.4110 0.7546
vn 0.3432 -0.9054 0.2500
vn 0.6425 -0.7627 0.0739
vn 0.2767 -0.5400 0.7949
vn 0.3320 -0.4146 0.8473
vn 0.1532 -0.3399 0.9279
vn 0.0107 -0.9054 0.4244
vn 0.3431 -0.9054 0.2500
vn 0.4092 -0.1576 0.8987
vn -0.1045 -0.2654 0.9585
vn 0.0185 -0.1883 0.9819
vn -0.3042 -0.7627 0.5708
vn 0.2959 -0.1507 0.9433
vn -0.6998 -0.1546 0.6974
vn -0.5537 -0.4990 0.6667
vn -0.6998 -0.1546 0.6975
vn -0.5537 -0.4990 0.6666
vn 0.2489 -0.0403 0.9677
vn -0.7201 0.2183 0.6586
vn -0.7201 0.2184 0.6586
vn 0.2129 0.0604 0.9752
vn -0.0559 -0.0017 0.9984
vn -0.6118 0.5628 0.5558
vn -0.6118 0.5627 0.5559
vn -0.0711 0.1981 0.9776
vn 0.2010 0.1665 0.9653
vn -0.2155 0.2128 0.9530
vn 0.1113 0.5365 0.8365
vn 0.1945 0.2858 0.9383
vn 0.2935 0.3410 0.8931
vn -0.0168 0.3924 0.9196
vn 0.3826 0.3776 0.8432
vn 0.0063 0.6235 0.7818
vn -0.3913 0.8264 0.4049
vn 0.2744 0.6103 0.7431
vn 0.2078 0.7164 0.6661
vn 0.3635 0.1841 0.9132
vn 0.3842 0.0996 0.9178
vn 0.4030 0.0143 0.9151
vn 0.4393 0.2043 0.8748
vn 0.4615 0.1170 0.8794
vn 0.4799 0.0293 0.8768
vn 0.5130 0.2180 0.8302
vn 0.5524 0.0481 0.8322
vn 0.5355 0.1337 0.8339
vn 0.3118 0.9309 0.1902
vn -0.0206 0.9309 0.3647
vn -0.0207 0.9309 0.3647
vn 0.7900 0.2523 0.5588
vn 0.6017 0.2218 0.7673
vn 0.6523 0.1116 0.7497
vn 0.4933 0.4800 0.7254
vn 0.5005 0.2296 0.8347
vn 0.6638 0.4045 0.6291
vn 0.4774 0.5997 0.6422
vn 0.6826 0.0105 0.7307
vn 0.8380 0.3234 0.4395
vn 0.8457 0.5222 -0.1101
vn 0.6160 0.7874 0.0235
vn 0.8506 -0.1364 0.5079
vn 0.6848 -0.0964 0.7224
vn 0.8522 0.0647 0.5192
vn 0.9659 0.1757 -0.1902
vn 0.8457 0.5221 -0.1101
vn 0.6703 -0.2173 0.7096
vn 0.9130 -0.1576 0.3764
vn 0.9582 -0.1994 -0.2050
vn 0.9659 0.1756 -0.1903
vn 0.7787 -0.3321 0.5323
vn 0.8240 -0.5460 -0.1516
vn 0.9582 -0.1995 -0.2050
vn 0.6424 -0.4769 0.5999
vn 0.5786 -0.2719 0.7689
vn 0.6601 -0.5708 0.4884
vn 0.5835 -0.8112 -0.0384
vn 0.4883 -0.3088 0.8162
vn 0.4755 -0.5509 0.6859
vn 0.2735 -0.9547 0.1171
vn 0.2734 -0.9547 0.1171
vn 0.2315 -0.6665 0.7086
vn 0.2957 -0.5544 0.7780
vn 0.1224 -0.4788 0.8694
vn -0.0590 -0.9547 0.2915
vn -0.0590 -0.9547 0.2916
vn 0.3916 -0.3137 0.8650
vn -0.1290 -0.3904 0.9116
vn -0.0006 -0.3264 0.9452
vn -0.3632 -0.8112 0.4584
vn -0.3632 -0.8111 0.4584
vn 0.2788 -0.3047 0.9107
vn -0.7131 -0.1995 0.6721
vn -0.5929 -0.5460 0.5919
vn -0.7131 -0.1994 0.6721
vn -0.5929 -0.5460 0.5920
vn 0.2401 -0.1957 0.9508
vn -0.7054 0.1756 0.6867
vn -0.7054 0.1757 0.6867
vn 0.2114 -0.0947 0.9728
vn -0.0612 -0.1393 0.9884
vn -0.5712 0.5221 0.6333
vn -0.0613 0.0620 0.9962
vn 0.2076 0.0122 0.9781
vn -0.2040 0.0907 0.9748
vn 0.1463 0.4026 0.9036
vn 0.2102 0.1343 0.9684
vn 0.3133 0.1879 0.9309
vn 0.0076 0.2580 0.9661
vn 0.4052 0.2246 0.8862
vn 0.0489 0.5040 0.8623
vn -0.3307 0.7874 0.5203
vn -0.3306 0.7874 0.5203
vn 0.3152 0.4765 0.8208
vn 0.2569 0.5971 0.7599
vn 0.3713 0.0249 0.9282
vn 0.3853 -0.0609 0.9208
vn 0.3980 -0.1458 0.9057
vn 0.4488 0.0442 0.8926
vn 0.4642 -0.0438 0.8846
vn 0.4761 -0.1314 0.8695
vn 0.5234 0.0591 0.8500
vn 0.5500 -0.1119 0.8276
vn 0.5392 -0.0264 0.8418
vn 0.7900 0.2522 0.5589
vn 0.6017 0.2217 0.7673
vn 0.4933 0.4799 0.7255
vn 0.4775 0.5998 0.6420
vn 0.6825 0.0104 0.7308
vn 0.8380 0.3236 0.4394
vn 0.9659 0.1757 -0.1903
vn 0.9130 -0.1575 0.3764
vn 0.7787 -0.3321 0.5324
vn 0.6600 -0.5708 0.4884
vn 0.4755 -0.5508 0.6859
vn 0.2312 -0.6666 0.7087
vn 0.2957 -0.5543 0.7780
vn 0.1225 -0.4787 0.8694
vn 0.3916 -0.3136 0.8651
vn -0.0007 -0.3265 0.9452
vn -0.3632 -0.8112 0.4583
vn 0.2788 -0.3048 0.9107
vn -0.7055 0.1757 0.6866
vn 0.2115 -0.0947 0.9728
vn -0.0611 -0.1393 0.9884
vn -0.5711 0.5221 0.6334
vn -0.2039 0.0907 0.9748
vn 0.1467 0.4025 0.9036
vn 0.2104 0.1342 0.9684
vn 0.4051 0.2247 0.8862
vn 0.0485 0.5040 0.8623
vn 0.3152 0.4764 0.8208
vn 0.2569 0.5970 0.7600
vn 0.3856 -0.0608 0.9207
vn 0.4487 0.0442 0.8926
vn 0.5392 -0.0265 0.8418
vn -0.0919 -0.9691 0.2289
vn 0.2405 -0.9691 0.0545
vn 0.2406 -0.9691 0.0545
vn 0.5794 -0.3725 0.7249
vn 0.7660 -0.3871 0.5132
vn 0.6381 -0.2653 0.7228
vn 0.4522 -0.6135 0.6475
vn 0.6285 -0.5381 0.5617
vn 0.4281 -0.7189 0.5477
vn 0.6410 -0.6241 0.4468
vn 0.6759 -0.1650 0.7183
vn 0.8422 -0.2011 0.5003
vn 0.8092 -0.4441 0.3847
vn 0.5555 -0.8264 -0.0918
vn 0.8051 -0.5627 -0.1876
vn 0.8556 -0.0009 0.5176
vn 0.6862 -0.0585 0.7251
vn 0.9052 -0.2142 0.3671
vn 0.9511 -0.2183 -0.2185
vn 0.9511 -0.2183 -0.2186
vn 0.6808 0.0637 0.7297
vn 0.7984 0.1941 0.5699
vn 0.9202 0.0341 0.3900
vn 0.9715 0.1546 -0.1796
vn 0.9715 0.1545 -0.1796
vn 0.8481 0.2683 0.4568
vn 0.8632 0.4990 -0.0768
vn 0.6730 0.3376 0.6581
vn 0.5932 0.1159 0.7967
vn 0.6981 0.4449 0.5610
vn 0.6426 0.7626 0.0741
vn 0.6426 0.7627 0.0741
vn 0.5056 0.1523 0.8492
vn 0.5115 0.4109 0.7546
vn 0.4987 0.5372 0.6802
vn 0.3433 0.9053 0.2501
vn 0.3432 0.9053 0.2501
vn 0.2767 0.5400 0.7949
vn 0.3320 0.4146 0.8473
vn 0.1531 0.3399 0.9279
vn 0.0620 0.4458 0.8930
vn 0.0108 0.9053 0.4246
vn 0.4092 0.1576 0.8987
vn -0.1044 0.2652 0.9585
vn 0.0186 0.1882 0.9819
vn -0.3041 0.7626 0.5709
vn -0.3041 0.7626 0.5710
vn 0.2959 0.1507 0.9433
vn -0.6998 0.1546 0.6974
vn -0.5537 0.4990 0.6666
vn -0.5537 0.4991 0.6666
vn 0.2489 0.0403 0.9677
vn -0.7202 -0.2183 0.6585
vn 0.2129 -0.0604 0.9752
vn -0.0559 0.0018 0.9984
vn -0.1983 0.0350 0.9795
vn -0.6118 -0.5628 0.5558
vn -0.0711 -0.1982 0.9776
vn 0.2010 -0.1665 0.9653
vn -0.2153 -0.2128 0.9531
vn 0.1946 -0.2858 0.9383
vn 0.1113 -0.5365 0.8365
vn 0.2935 -0.3410 0.8931
vn -0.0167 -0.3924 0.9196
vn -0.1449 -0.4466 0.8829
vn 0.3825 -0.3777 0.8432
vn 0.2744 -0.6103 0.7431
vn 0.0065 -0.6235 0.7818
vn -0.3912 -0.8264 0.4049
vn -0.3913 -0.8264 0.4049
vn 0.2078 -0.7163 0.6661
vn 0.3635 -0.1841 0.9132
vn 0.3843 -0.0996 0.9178
vn 0.4030 -0.0143 0.9151
vn 0.4393 -0.2041 0.8748
vn 0.4615 -0.1170 0.8794
vn 0.4799 -0.0293 0.8768
vn 0.4775 -0.3824 0.7910
vn 0.5130 -0.2179 0.8302
vn 0.5524 -0.0481 0.8322
vn 0.5351 -0.1337 0.8341
vn 0.1942 0.0979 -0.9761
vn 0.3808 -0.0998 -0.9193
vn 0.1941 -0.0979 -0.9761
vn 0.5529 0.0980 -0.8275
vn 0.3808 0.0998 -0.9193
vn 0.9193 0.0998 -0.3808
vn 0.8275 -0.0979 -0.5529
vn 0.8275 0.0979 -0.5529
vn 0.9761 0.0980 -0.1941
vn 0.9193 -0.0998 -0.3808
vn 0.9761 0.0979 0.1941
vn 0.9193 -0.0998 0.3808
vn 0.9761 -0.0979 0.1941
vn 0.8275 0.0980 0.5529
vn 0.9193 0.0998 0.3808
vn 0.3808 0.0998 0.9193
vn 0.5529 -0.0979 0.8275
vn 0.5529 0.0979 0.8275
vn 0.1941 0.0980 0.9761
vn 0.3808 -0.0998 0.9193
vn -0.3808 0.0998 0.9193
vn -0.1941 -0.0979 0.9761
vn -0.1942 0.0980 0.9761
vn -0.5529 0.0979 0.8275
vn -0.3808 -0.0998 0.9193
vn -0.9193 0.0998 0.3808
vn -0.8275 -0.0980 0.5529
vn -0.8275 0.0980 0.5529
vn -0.9761 0.0977 0.1940
vn -0.9192 -0.0998 0.3809
vn -0.9760 0.0982 -0.1942
vn -0.9192 -0.0999 -0.3808
vn -0.9761 -0.0983 -0.1940
vn -0.9191 0.0998 -0.3812
vn -0.8275 -0.0980 -0.5529
vn -0.5529 0.0979 -0.8275
vn -0.3808 -0.0998 -0.9193
vn -0.5529 -0.0979 -0.8275
vn -0.1941 0.0980 -0.9761
vn -0.3808 0.0998 -0.9193
vn -0.1903 -0.0985 0.9768
vn -0.3808 0.1003 0.9192
vn -0.3808 -0.1003 0.9192
vn 0.1913 0.1974 -0.9615
vn -0.1941 -0.0980 -0.9761
vn -0.3749 -0.2012 -0.9050
vn -0.3749 0.2012 -0.9050
vn -0.5447 -0.1975 -0.8151
vn -0.9051 -0.2012 -0.3747
vn -0.9065 0.2012 -0.3713
vn -0.8275 0.0980 -0.5529
vn -0.9615 -0.1975 -0.1910
vn -0.9616 -0.1970 0.1911
vn -0.9050 -0.2010 0.3750
vn -0.9614 0.1974 0.1915
vn -0.8151 -0.1975 0.5447
vn -0.8151 0.1974 0.5446
vn -0.5529 -0.0979 0.8275
vn -0.3749 -0.2012 0.9050
vn -0.3822 0.2011 0.9019
vn -0.1912 -0.1975 0.9615
vn -0.1912 0.1974 0.9615
vn 0.1941 -0.0980 0.9761
vn 0.3749 -0.2012 0.9050
vn 0.3749 0.2012 0.9050
vn 0.5447 -0.1975 0.8151
vn 0.8275 -0.0980 0.5529
vn 0.9050 -0.2012 0.3749
vn 0.9050 0.2012 0.3749
vn 0.9615 -0.1975 0.1912
vn 0.9761 -0.0980 -0.1941
vn 0.9050 -0.2012 -0.3749
vn 0.9050 0.2012 -0.3748
vn 0.8151 -0.1975 -0.5447
vn 0.5529 -0.0980 -0.8275
vn 0.3749 -0.2012 -0.9050
vn 0.3834 0.2011 -0.9014
vn 0.1912 -0.1975 -0.9615
vn -0.5562 -0.0985 0.8252
vn -0.8253 0.0984 0.5561
vn -0.9192 -0.1003 0.3807
vn -0.8253 -0.0985 0.5561
vn -0.9768 0.0985 0.1902
vn -0.9768 -0.0985 0.1902
vn -0.9768 0.0984 -0.1903
vn -0.9192 -0.1003 -0.3808
vn -0.9768 -0.0985 -0.1903
vn -0.9192 0.1003 -0.3808
vn -0.8252 -0.0985 -0.5562
vn -0.5562 0.0984 -0.8252
vn -0.3807 -0.1003 -0.9192
vn -0.5561 -0.0984 -0.8253
vn -0.1901 0.0985 -0.9768
vn -0.1902 -0.0985 -0.9768
vn 0.1903 0.0984 -0.9768
vn 0.3807 -0.1004 -0.9192
vn 0.1900 -0.0984 -0.9768
vn 0.5562 0.0984 -0.8252
vn 0.5561 -0.0985 -0.8253
vn 0.8252 -0.0986 -0.5562
vn 0.9191 0.1004 -0.3811
vn 0.9192 -0.1004 -0.3808
vn 0.9768 -0.0979 -0.1905
vn 0.9769 -0.0987 0.1896
vn 0.9192 0.1002 0.3807
vn 0.9192 -0.1003 0.3807
vn 0.8252 -0.0985 0.5562
vn 0.5561 0.0984 0.8253
vn 0.3807 -0.1003 0.9192
vn 0.5561 -0.0984 0.8253
vn 0.1902 0.0985 0.9768
vn 0.1902 -0.0985 0.9768
vn -0.1872 -0.1983 0.9621
vn 0.3747 0.2023 0.9048
vn 0.3807 0.1003 0.9192
vn 0.3747 -0.2023 0.9048
vn 0.5479 -0.1984 0.8126
vn 0.9047 0.2022 0.3750
vn 0.8252 0.0985 0.5562
vn 0.9064 -0.2019 0.3710
vn 0.9767 0.0992 0.1903
vn 0.9621 -0.1979 0.1874
vn 0.9620 0.1987 -0.1874
vn 0.9767 0.0981 -0.1906
vn 0.9621 -0.1984 -0.1870
vn 0.9064 -0.2024 -0.3707
vn 0.8252 0.0985 -0.5562
vn 0.9048 0.2024 -0.3748
vn 0.8125 -0.1982 -0.5482
vn 0.3748 0.2023 -0.9048
vn 0.3808 0.1003 -0.9192
vn 0.3821 -0.2022 -0.9017
vn 0.1871 -0.1982 -0.9621
vn -0.3747 0.2023 -0.9048
vn -0.3807 0.1003 -0.9192
vn -0.3747 -0.2023 -0.9048
vn -0.5479 -0.1984 -0.8127
vn -0.9048 0.2022 -0.3748
vn -0.8252 0.0985 -0.5562
vn -0.9047 -0.2023 -0.3748
vn -0.9620 -0.1983 -0.1875
vn -0.9048 0.2023 0.3747
vn -0.9192 0.1003 0.3807
vn -0.9049 -0.2023 0.3746
vn -0.8127 -0.1984 0.5478
vn -0.3748 0.2022 0.9048
vn -0.5562 0.0985 0.8252
vn -0.3834 -0.2021 0.9012
vn -0.1903 0.0984 0.9768
vn -0.5597 -0.0190 0.8284
vn -0.5629 -0.0362 0.8257
vn -0.8282 0.0201 -0.5601
vn -0.8285 -0.0184 -0.5597
vn -0.8284 -0.0202 -0.5598
vn -0.3044 0.9442 -0.1261
vn -0.2781 0.9421 -0.1876
vn 0.8285 -0.0184 -0.5597
vn 0.8283 0.0201 -0.5600
vn 0.8283 -0.0201 -0.5600
vn 0.1875 0.9421 0.2780
vn 0.1260 0.9442 0.3043
vn 0.1260 0.9442 0.3044
vn 0.8254 -0.0384 -0.5633
vn 0.8253 -0.0384 -0.5634
vn -0.5630 0.0362 0.8257
vn -0.5598 0.0190 0.8284
vn -0.5629 0.0362 0.8257
vn -0.1260 -0.9442 -0.3044
vn -0.1875 -0.9421 -0.2781
vn -0.1261 -0.9442 -0.3044
vn -0.3293 -0.9421 0.0640
vn -0.3043 -0.9442 0.1260
vn -0.3044 -0.9442 0.1261
vn 0.0542 -0.0089 0.9985
vn 0.0452 -0.0208 0.9988
vn 0.0453 -0.0208 0.9988
vn -0.1875 0.9421 -0.2780
vn -0.1261 0.9442 -0.3044
vn -0.1260 0.9442 -0.3043
vn 0.1899 -0.0189 0.9816
vn 0.1859 -0.0362 0.9819
vn 0.1859 -0.0361 0.9819
vn -0.0139 0.0022 -0.9999
vn -0.0526 -0.0068 -0.9986
vn -0.0510 -0.0081 -0.9987
vn 0.0640 0.9421 0.3292
vn 0.1900 -0.0184 -0.9816
vn 0.1897 0.0201 -0.9816
vn 0.1897 -0.0201 -0.9816
vn 0.9816 -0.0190 -0.1899
vn 0.9819 -0.0363 -0.1858
vn 0.9819 -0.0364 -0.1858
vn 0.1860 0.0362 0.9819
vn 0.1899 0.0189 0.9816
vn 0.1859 0.0362 0.9819
vn -0.9816 -0.0184 -0.1900
vn -0.9816 0.0201 -0.1898
vn -0.9817 -0.0201 -0.1896
vn -0.0640 0.9421 -0.3292
vn 0.8284 -0.0189 0.5598
vn 0.8258 -0.0361 0.5628
vn -0.8282 0.0201 0.5601
vn -0.8253 0.0384 0.5633
vn 0.9819 -0.0384 0.1853
vn 0.9817 -0.0201 0.1896
vn -0.5597 -0.0184 -0.8285
vn -0.5599 0.0201 -0.8283
vn -0.5601 -0.0201 -0.8282
vn 0.5595 0.0176 -0.8286
vn 0.5598 -0.0192 -0.8284
vn 0.5599 0.0191 -0.8283
vn 0.1261 -0.9442 -0.3044
vn 0.0640 -0.9421 -0.3293
vn -0.2781 -0.9421 0.1875
vn -0.5632 0.0384 -0.8254
vn 0.1201 0.9427 -0.3112
vn 0.1859 0.9424 -0.2779
vn 0.1873 0.9424 -0.2772
vn 0.8258 0.0361 0.5629
vn 0.8285 0.0189 0.5597
vn 0.8257 0.0361 0.5629
vn -0.9819 0.0385 -0.1856
vn 0.8286 0.0173 0.5595
vn 0.9819 0.0363 -0.1858
vn 0.9816 0.0190 -0.1899
vn 0.9819 0.0364 -0.1858
vn -0.1261 -0.9442 0.3044
vn -0.0640 -0.9421 0.3292
vn 0.9816 -0.0175 -0.1904
vn -0.2038 0.9370 0.2839
vn -0.1960 0.9394 0.2814
vn -0.1956 0.9395 0.2812
vn 0.2519 0.9369 -0.2423
vn 0.0640 -0.9421 0.3292
vn 0.1261 -0.9442 0.3044
vn 0.1260 -0.9442 0.3043
vn 0.1853 0.0384 -0.9819
vn 0.1852 0.0384 -0.9819
vn 0.5627 -0.0354 0.8259
vn 0.5596 -0.0186 0.8285
vn -0.9819 -0.0384 -0.1853
vn -0.1876 -0.9421 0.2780
vn 0.1904 -0.0174 0.9816
vn 0.3036 -0.9444 -0.1260
vn 0.2781 -0.9421 -0.1876
vn 0.5629 -0.0366 -0.8257
vn -0.1883 0.9416 0.2792
vn 0.3125 0.9419 -0.1232
vn 0.3208 0.9424 -0.0946
vn 0.3208 0.9424 -0.0943
vn -0.8285 -0.0185 0.5596
vn -0.8283 -0.0201 0.5600
vn -0.5633 -0.0384 -0.8253
vn -0.5633 -0.0384 -0.8254
vn 0.1875 -0.9421 0.2781
vn 0.1875 -0.9421 -0.2781
vn 0.8253 0.0384 -0.5633
vn 0.8254 0.0384 -0.5633
vn 0.3278 -0.9426 -0.0638
vn 0.5630 0.0366 -0.8257
vn 0.5629 0.0366 -0.8257
vn -0.2471 0.9383 0.2418
vn -0.2992 0.9463 0.1229
vn -0.2992 0.9462 0.1229
vn -0.8253 -0.0384 -0.5633
vn -0.8253 -0.0384 -0.5634
vn -0.5595 0.0174 0.8286
vn 0.3290 0.9420 -0.0658
vn -0.0326 -0.0221 -0.9992
vn 0.5593 -0.0170 0.8288
vn 0.5597 0.0185 0.8285
vn -0.0654 0.0003 0.9979
vn -0.0036 0.0021 1.0000
vn 0.0018 0.0022 1.0000
vn -0.8254 0.0384 -0.5632
vn 0.3048 -0.9440 0.1262
vn 0.3300 -0.9418 0.0641
vn 0.3047 -0.9440 0.1262
vn -0.3462 0.9382 0.0018
vn -0.0640 -0.9421 -0.3293
vn 0.9816 0.0201 0.1897
vn 0.9819 0.0384 0.1853
vn 0.3484 0.9373 -0.0042
vn 0.3149 0.9447 0.0914
vn 0.0385 -0.0025 -0.9993
vn 0.1853 -0.0384 -0.9819
vn 0.1852 -0.0384 -0.9819
vn -0.9816 -0.0190 0.1900
vn -0.9819 -0.0362 0.1858
vn -0.9816 0.0174 0.1902
vn -0.9816 0.0190 0.1900
vn -0.3044 -0.9442 -0.1261
vn -0.3292 -0.9421 -0.0640
vn -0.3043 -0.9442 -0.1261
vn 0.9816 -0.0184 0.1901
vn 0.2781 -0.9421 0.1876
vn -0.3293 0.9421 -0.0640
vn -0.9819 0.0363 0.1859
vn 0.3144 0.9448 0.0925
vn 0.2775 0.9423 0.1873
vn -0.2780 -0.9421 -0.1876
vn 0.5627 0.0354 0.8259
vn -0.8254 -0.0384 0.5633
vn -0.8254 -0.0384 0.5632
vn 0.3809 0.1401 0.9139
vn 0.3809 -0.1476 0.9127
vn 0.3798 0.1405 -0.9143
vn 0.9156 0.1403 -0.3767
vn 0.9148 -0.1475 0.3760
vn 0.9127 -0.1474 -0.3810
vn -0.3813 0.1405 -0.9137
vn 0.3763 -0.1472 -0.9147
vn -0.9157 0.1405 -0.3764
vn -0.9147 -0.1474 0.3764
vn -0.9137 0.1403 0.3814
vn -0.3767 0.1402 0.9157
vn -0.3805 -0.1472 -0.9130
vn -0.5939 -0.1445 0.7915
vn 0.1375 0.6241 0.7692
vn 0.3804 0.2142 0.8997
vn 0.8141 -0.1546 0.5598
vn 0.2769 -0.2682 0.9227
vn -0.1282 -0.5369 0.8339
vn -0.5873 -0.4458 0.6756
vn -0.9880 -0.1546 -0.0013
vn -0.8326 -0.0349 0.5528
vn -0.7267 0.4465 0.5220
vn 0.1104 0.5048 0.8561
vn 0.3730 0.0918 0.9233
vn 0.2927 -0.3928 0.8718
vn -0.0993 -0.6639 0.7412
vn 0.1107 -0.9547 0.2761
vn -0.5629 -0.5714 0.5972
vn -0.9795 -0.1995 -0.0285
vn -0.8280 -0.1588 0.5378
vn -0.7452 0.3263 0.5815
vn 0.6760 0.5221 0.5200
vn 0.3732 0.0919 0.9232
vn 0.2928 -0.3929 0.8717
vn -0.0992 -0.6641 0.7410
vn -0.8279 -0.1588 0.5379
vn -0.7453 0.3263 0.5815
vn -0.1322 0.6240 0.7702
vn 0.0519 0.2142 0.9754
vn -0.0530 -0.2684 0.9619
vn -0.4039 -0.5370 0.7406
vn -0.7819 -0.4458 0.4357
vn -0.8388 -0.4990 -0.2178
vn -0.9022 0.2183 -0.3721
vn -0.9709 -0.0350 0.2369
vn -0.8608 0.4466 0.2440
vn -0.1871 0.5048 0.8427
vn 0.0373 0.0919 0.9951
vn -0.0210 -0.3929 0.9194
vn -0.3455 -0.6637 0.6635
vn -0.7323 -0.5715 0.3702
vn -0.9115 -0.1995 -0.3596
vn -0.9615 -0.1589 0.2242
vn -0.8985 0.3262 0.2937
vn 0.0372 0.0919 0.9951
vn -0.0210 -0.3929 0.9193
vn -0.9615 -0.1589 0.2243
vn -0.6037 0.6241 0.4960
vn -0.5988 0.2142 0.7717
vn -0.6694 -0.2683 0.6927
vn -0.1596 -0.4990 0.8518
vn -0.7900 -0.5370 0.2960
vn -0.8764 -0.4459 -0.1819
vn -0.4917 -0.4990 -0.7135
vn -0.8893 -0.0349 -0.4560
vn -0.8106 0.4466 -0.3787
vn -0.6928 0.5048 0.5150
vn -0.1228 0.5221 0.8440
vn -0.6228 0.0918 0.7770
vn -0.6172 -0.3929 0.6817
vn -0.0773 -0.5459 0.8343
vn -0.6952 -0.6638 0.2758
vn -0.7961 -0.5715 -0.1991
vn -0.8740 -0.1589 -0.4593
vn -0.8717 0.3262 -0.3656
vn -0.6228 0.0918 0.7769
vn -0.6949 -0.6641 0.2758
vn -0.8741 -0.1588 -0.4591
vn -0.8717 0.3262 -0.3657
vn -0.4113 0.7874 -0.4593
vn -0.7781 0.6241 -0.0715
vn -0.6070 0.5627 0.5611
vn -0.9684 0.2142 0.1280
vn -0.9631 -0.2683 0.0224
vn -0.7699 -0.5369 -0.3448
vn -0.4955 -0.4458 -0.7455
vn 0.2634 -0.1546 -0.9522
vn -0.3119 -0.0350 -0.9495
vn 0.2569 0.5627 -0.7857
vn -0.3104 0.4466 -0.8392
vn -0.8548 0.5048 -0.1207
vn -0.5470 0.7874 0.2842
vn -0.9892 0.0918 0.1147
vn -0.9181 -0.3929 0.0511
vn -0.6882 -0.6641 -0.2923
vn -0.4264 -0.5715 -0.7011
vn -0.2987 -0.1588 -0.9410
vn 0.1832 0.5221 -0.8330
vn -0.3629 0.3263 -0.8729
vn -0.9891 0.0918 0.1148
vn -0.2987 -0.1589 -0.9410
vn -0.3628 0.3263 -0.8729
vn -0.4998 0.6241 -0.6005
vn -0.7755 0.2142 -0.5939
vn -0.6969 -0.2683 -0.6651
vn -0.3009 -0.5372 -0.7880
vn 0.1765 -0.4457 -0.8776
vn 0.4505 -0.0349 -0.8921
vn 0.7371 0.5627 -0.3741
vn 0.3736 0.4465 -0.8130
vn -0.5193 0.5048 -0.6896
vn -0.7809 0.0919 -0.6179
vn -0.6855 -0.3929 -0.6129
vn -0.2801 -0.6641 -0.6932
vn 0.1941 -0.5715 -0.7973
vn 0.4538 -0.1589 -0.8768
vn 0.7185 0.5221 -0.4594
vn 0.3603 0.3263 -0.8739
vn -0.6855 -0.3930 -0.6129
vn -0.5729 -0.8112 -0.1175
vn -0.2802 -0.6640 -0.6933
vn 0.1942 -0.5716 -0.7972
vn 0.4540 -0.1589 -0.8767
vn 0.4566 0.7873 -0.4144
vn -0.1220 0.6241 -0.7718
vn -0.3623 0.2142 -0.9071
vn -0.8027 -0.1546 -0.5760
vn -0.2583 -0.2682 -0.9281
vn 0.1448 -0.5372 -0.8310
vn 0.6008 -0.4458 -0.6636
vn 0.6223 -0.7627 -0.1763
vn 0.9739 0.2183 0.0629
vn 0.8435 -0.0349 -0.5360
vn 0.7371 0.4467 -0.5071
vn -0.0932 0.5048 -0.8582
vn -0.3546 0.0918 -0.9305
vn -0.2753 -0.3929 -0.8774
vn 0.1141 -0.6640 -0.7390
vn 0.5748 -0.5714 -0.5858
vn 0.8385 -0.1588 -0.5212
vn 0.7568 0.3263 -0.5664
vn -0.0933 0.5048 -0.8582
vn -0.3547 0.0919 -0.9305
vn 0.8386 -0.1589 -0.5210
vn 0.6043 0.7873 -0.1223
vn -0.1274 -0.9691 -0.2111
vn 0.4557 0.6241 -0.6347
vn 0.3799 0.2143 -0.8999
vn 0.4683 -0.2684 -0.8418
vn 0.6871 -0.5371 -0.4892
vn 0.8937 -0.4459 -0.0496
vn 0.9767 -0.0350 0.2120
vn 0.8808 0.4466 0.1573
vn 0.5370 0.5048 -0.6759
vn 0.4019 0.0919 -0.9111
vn 0.4209 -0.3930 -0.8176
vn 0.6007 -0.6639 -0.4454
vn 0.8206 -0.5714 -0.0126
vn 0.9628 -0.1588 0.2188
vn 0.9364 0.3263 0.1290
vn 0.4018 0.0919 -0.9111
vn 0.6008 -0.6638 -0.4455
vn 0.8206 -0.5714 -0.0125
vn 0.9628 -0.1589 0.2187
vn 0.9364 0.3263 0.1291
vn 0.7710 0.6241 -0.1269
vn 0.9048 0.2143 -0.3680
vn 0.9265 -0.2682 -0.2640
vn 0.8318 -0.5372 0.1396
vn 0.6673 -0.4457 0.5966
vn 0.5411 -0.0350 0.8402
vn -0.0510 0.5628 0.8250
vn 0.5119 0.4466 0.7339
vn 0.8576 0.5048 -0.0985
vn 0.9283 0.0919 -0.3603
vn 0.5438 -0.1995 -0.8151
vn 0.8757 -0.3929 -0.2807
vn 0.3915 -0.8111 -0.4345
vn 0.7397 -0.6639 0.1095
vn 0.5893 -0.5714 0.5712
vn 0.5262 -0.1588 0.8354
vn 0.5712 0.3262 0.7532
vn 0.9283 0.0919 -0.3604
vn 0.8757 -0.3930 -0.2807
vn 0.7397 -0.6640 0.1095
vn 0.5892 -0.5715 0.5712
vn 0.0595 -0.8111 0.5818
vn 0.5260 -0.1589 0.8355
vn 0.6410 0.6241 0.4468
vn 0.8051 0.5628 -0.1876
vn 0.9050 0.2142 0.3675
vn 0.8481 -0.2682 0.4569
vn 0.4988 -0.5367 0.6805
vn 0.0620 -0.4458 0.8930
vn -0.3042 -0.7627 0.5707
vn -0.1983 -0.0350 0.9795
vn -0.1450 0.4466 0.8829
vn 0.6833 0.5048 0.5275
vn 0.9165 0.0918 0.3893
vn 0.8233 -0.3928 0.4097
vn 0.5836 -0.8112 -0.0384
vn 0.4537 -0.6639 0.5944
vn 0.0243 -0.5714 0.8203
vn -0.2055 -0.1588 0.9657
vn -0.1161 0.3263 0.9381
vn 0.4537 -0.6640 0.5944
vn 0.0240 -0.5714 0.8203
vn -0.1160 0.3263 0.9381
vn -0.9761 -0.0978 0.1940
vn -0.1912 -0.1975 -0.9615
vn -0.1912 0.1975 -0.9615
vn -0.5447 0.1975 -0.8151
vn -0.8151 -0.1975 -0.5447
vn -0.8150 0.1975 -0.5447
vn -0.9614 0.1979 -0.1913
vn -0.9067 0.2010 0.3708
vn -0.5447 -0.1975 0.8151
vn -0.5447 0.1975 0.8150
vn 0.1912 -0.1975 0.9615
vn 0.1912 0.1975 0.9615
vn 0.5447 0.1975 0.8151
vn 0.8151 -0.1975 0.5447
vn 0.8151 0.1975 0.5447
vn 0.9615 0.1975 0.1912
vn 0.9615 -0.1975 -0.1912
vn 0.9615 0.1975 -0.1911
vn 0.8150 0.1975 -0.5448
vn 0.5447 -0.1975 -0.8151
vn 0.5447 0.1975 -0.8151
vn 0.1871 0.1984 0.9621
vn 0.1871 -0.1984 0.9621
vn 0.5477 0.1983 0.8128
vn 0.8126 0.1984 0.5480
vn 0.8125 -0.1984 0.5481
vn 0.9620 0.1982 0.1876
vn 0.8125 0.1984 -0.5481
vn 0.5479 0.1984 -0.8126
vn 0.5476 -0.1984 -0.8129
vn 0.1872 0.1984 -0.9621
vn -0.1874 0.1983 -0.9621
vn -0.1871 -0.1984 -0.9621
vn -0.5479 0.1984 -0.8126
vn -0.8126 0.1984 -0.5480
vn -0.8126 -0.1985 -0.5480
vn -0.9620 0.1983 -0.1875
vn -0.9621 0.1984 0.1870
vn -0.9621 -0.1984 0.1872
vn -0.8126 0.1984 0.5479
vn -0.5481 0.1984 0.8126
vn -0.5479 -0.1984 0.8127
vn -0.1875 0.1983 0.9620
vn -0.5596 -0.0173 0.8286
vn -0.8285 0.0185 -0.5596
vn -0.2780 0.9421 -0.1876
vn 0.8285 0.0185 -0.5597
vn 0.1875 0.9421 0.2781
vn -0.1876 -0.9421 -0.2781
vn -0.3292 -0.9421 0.0640
vn 0.0549 -0.0079 0.9985
vn -0.1875 0.9421 -0.2781
vn -0.0182 0.0026 -0.9998
vn 0.1900 0.0184 -0.9816
vn 0.1905 0.0174 0.9815
vn -0.9816 0.0185 -0.1902
vn 0.8286 -0.0173 0.5595
vn -0.8284 0.0184 0.5598
vn -0.5597 0.0184 -0.8285
vn 0.5595 -0.0176 -0.8286
vn -0.2781 -0.9421 0.1876
vn 0.1201 0.9427 -0.3114
vn 0.9816 0.0174 -0.1903
vn -0.2038 0.9370 0.2838
vn 0.0640 -0.9421 0.3293
vn -0.1876 -0.9421 0.2781
vn 0.3123 0.9420 -0.1231
vn 0.5594 0.0170 0.8287
vn 0.9816 0.0184 0.1900
vn -0.9816 -0.0174 0.1904
vn -0.3293 0.9421 -0.0641
vn 0.2776 0.9423 0.1873
vn -0.2781 -0.9421 -0.1876
vt 1.000000 0.630086
vt 0.990896 0.584172
vt 0.991067 0.674885
vt 0.967515 0.710875
vt 0.967515 0.548474
vt 0.507077 0.790451
vt 0.545093 0.602541
vt 0.507077 0.576733
vt 0.705440 0.750663
vt 0.749337 0.528509
vt 0.705440 0.519573
vt 0.753316 0.264594
vt 0.709700 0.486737
vt 0.752200 0.478309
vt 0.792180 0.130639
vt 0.756409 0.319629
vt 0.793103 0.294047
vt 0.946597 0.127518
vt 0.970822 0.001045
vt 0.947050 0.036733
vt 0.937741 0.082732
vt 0.367302 0.914397
vt 0.353782 0.870723
vt 0.361383 0.959998
vt 0.331381 0.855103
vt 0.199408 0.526361
vt 0.244599 0.687902
vt 0.236831 0.534493
vt 0.432257 0.724786
vt 0.388839 0.528655
vt 0.387837 0.723093
vt 0.056380 0.723529
vt 0.013260 0.527418
vt 0.007339 0.727620
vt 0.695599 0.688542
vt 0.652983 0.526091
vt 0.650882 0.700591
vt 0.958488 0.773614
vt 0.927324 0.668908
vt 0.924354 0.794828
vt 0.964114 0.729127
vt 0.949926 0.684300
vt 0.001219 0.737401
vt 0.063660 0.730213
vt 0.964821 0.777657
vt 0.970822 0.728435
vt 0.063660 0.520126
vt 0.006003 0.520375
vt 0.367708 0.964078
vt 0.374005 0.913735
vt 0.243015 0.527284
vt 0.191878 0.519088
vt 0.645429 0.710875
vt 0.702918 0.694042
vt 0.251989 0.693362
vt 0.444297 0.514771
vt 0.381556 0.521973
vt 0.359329 0.866098
vt 0.323327 0.845447
vt 0.323327 0.992042
vt 0.381556 0.732095
vt 0.328398 0.980457
vt 0.695489 0.527398
vt 0.645429 0.518741
vt 0.197328 0.700634
vt 0.191878 0.710875
vt 0.438176 0.524546
vt 0.439514 0.731825
vt 0.919294 0.806366
vt 0.919294 0.659378
vt 0.057381 0.529129
vt 0.955444 0.679610
vt 0.689252 0.534511
vt 0.997347 0.240166
vt 0.988244 0.194252
vt 0.988414 0.284965
vt 0.964862 0.320955
vt 0.964862 0.158554
vt 0.751109 0.790451
vt 0.789125 0.602541
vt 0.751109 0.576733
vt 0.335413 0.750663
vt 0.379310 0.528509
vt 0.335413 0.519573
vt 0.755968 0.009952
vt 0.712353 0.232095
vt 0.754853 0.223667
vt 0.789528 0.385281
vt 0.753757 0.574270
vt 0.790451 0.548689
vt 0.938640 0.315847
vt 0.962865 0.189374
vt 0.939092 0.225062
vt 0.929783 0.271060
vt 0.974729 0.491321
vt 0.961209 0.447646
vt 0.968810 0.536921
vt 0.938808 0.432026
vt 0.137074 0.526361
vt 0.182264 0.687902
vt 0.174497 0.534493
vt 0.322178 0.727438
vt 0.278759 0.531308
vt 0.277757 0.725745
vt 0.120040 0.723529
vt 0.076921 0.527418
vt 0.071000 0.727620
vt 0.496660 0.688542
vt 0.454044 0.526091
vt 0.451943 0.700591
vt 0.954509 0.935418
vt 0.923345 0.830711
vt 0.920375 0.956632
vt 0.960135 0.890931
vt 0.945947 0.846104
vt 0.064880 0.737401
vt 0.127321 0.730213
vt 0.966844 0.890238
vt 0.960842 0.939460
vt 0.127321 0.520126
vt 0.069664 0.520375
vt 0.975135 0.541002
vt 0.981432 0.490658
vt 0.180681 0.527284
vt 0.129544 0.519088
vt 0.446490 0.710875
vt 0.503979 0.694042
vt 0.189655 0.693362
vt 0.334217 0.517424
vt 0.271477 0.524625
vt 0.966756 0.443021
vt 0.930754 0.422370
vt 0.930754 0.568965
vt 0.271477 0.734748
vt 0.935825 0.557380
vt 0.496550 0.527398
vt 0.446490 0.518741
vt 0.134993 0.700634
vt 0.129544 0.710875
vt 0.328096 0.527199
vt 0.329434 0.734477
vt 0.915315 0.968170
vt 0.915315 0.821181
vt 0.121041 0.529129
vt 0.951465 0.841414
vt 0.490313 0.534511
vt 0.367075 0.175751
vt 0.414643 0.182746
vt 0.416018 0.176496
vt 0.365652 0.240618
vt 0.312834 0.246429
vt 0.365509 0.246915
vt 0.054721 0.240584
vt 0.106090 0.246434
vt 0.106017 0.239512
vt 0.261892 0.240036
vt 0.209462 0.245895
vt 0.261852 0.246130
vt 0.158476 0.240026
vt 0.209435 0.238995
vt 0.054769 0.172825
vt 0.002464 0.180750
vt 0.054859 0.179194
vt 0.312858 0.239517
vt 0.159644 0.172748
vt 0.106746 0.178974
vt 0.159630 0.178905
vt 0.415911 0.248691
vt 0.417504 0.241851
vt 0.106710 0.171989
vt 0.003020 0.248682
vt 0.054833 0.246895
vt 0.315797 0.180118
vt 0.366886 0.181748
vt 0.211317 0.178927
vt 0.211358 0.171958
vt 0.158496 0.246125
vt 0.262990 0.173246
vt 0.315975 0.173174
vt 0.262927 0.179405
vt 0.417413 0.144338
vt 0.367871 0.148442
vt 0.418435 0.151021
vt 0.365754 0.215868
vt 0.313254 0.207120
vt 0.313141 0.214207
vt 0.105649 0.207108
vt 0.054630 0.215839
vt 0.105719 0.214205
vt 0.262047 0.214576
vt 0.209449 0.206464
vt 0.209425 0.213568
vt 0.158320 0.214568
vt 0.054792 0.147790
vt 0.001771 0.138705
vt 0.000003 0.145870
vt 0.159609 0.147013
vt 0.106494 0.139220
vt 0.106533 0.146381
vt 0.416764 0.207124
vt 0.418435 0.214223
vt 0.002142 0.207092
vt 0.000437 0.214201
vt 0.316503 0.140099
vt 0.316443 0.147254
vt 0.211505 0.139057
vt 0.211479 0.146233
vt 0.263270 0.147482
vt 0.159668 0.203893
vt 0.055175 0.272135
vt 0.262651 0.204370
vt 0.366384 0.205961
vt 0.158644 0.270818
vt 0.261706 0.270823
vt 0.365165 0.272144
vt 0.000842 0.173832
vt 0.001393 0.241835
vt 0.055079 0.204729
vt 0.412847 0.172515
vt 0.414553 0.174772
vt 0.416415 0.152743
vt 0.413458 0.154803
vt 0.416487 0.065745
vt 0.367752 0.061227
vt 0.417545 0.059288
vt 0.053486 0.077822
vt 0.105985 0.070342
vt 0.106094 0.077270
vt 0.312505 0.070382
vt 0.363505 0.077864
vt 0.312440 0.077314
vt 0.156954 0.076560
vt 0.209267 0.069694
vt 0.209291 0.076619
vt 0.260134 0.076575
vt 0.055852 0.060840
vt 0.002025 0.068966
vt 0.000391 0.061813
vt 0.160419 0.062045
vt 0.107533 0.068359
vt 0.107596 0.061359
vt 0.001663 0.069778
vt 0.000092 0.076867
vt 0.416719 0.069860
vt 0.418319 0.076944
vt 0.316585 0.068243
vt 0.316542 0.061259
vt 0.212060 0.068966
vt 0.212061 0.061963
vt 0.263631 0.061944
vt 0.367076 0.033965
vt 0.416944 0.026422
vt 0.418435 0.033151
vt 0.053651 0.102706
vt 0.106454 0.109678
vt 0.053857 0.109146
vt 0.363313 0.102710
vt 0.312042 0.109704
vt 0.312133 0.102656
vt 0.157107 0.101808
vt 0.209271 0.109089
vt 0.157152 0.107988
vt 0.259965 0.101811
vt 0.209296 0.102068
vt 0.056023 0.035688
vt 0.002208 0.025508
vt 0.056197 0.029178
vt 0.106409 0.102634
vt 0.160570 0.036514
vt 0.107967 0.028578
vt 0.160581 0.030269
vt 0.001906 0.112786
vt 0.000003 0.105569
vt 0.107885 0.035696
vt 0.416500 0.112823
vt 0.363143 0.109155
vt 0.315985 0.028209
vt 0.366938 0.027802
vt 0.212021 0.029095
vt 0.212038 0.036192
vt 0.259943 0.107993
vt 0.263435 0.036379
vt 0.316157 0.035275
vt 0.263390 0.030131
vt 0.108251 0.003382
vt 0.211987 0.003907
vt 0.160702 0.004399
vt 0.414118 0.137931
vt 0.315620 0.003114
vt 0.263190 0.004280
vt 0.415903 0.002457
vt 0.366510 0.003010
vt 0.311740 0.134595
vt 0.362316 0.134912
vt 0.209269 0.133978
vt 0.259796 0.133549
vt 0.106755 0.134587
vt 0.157304 0.133554
vt 0.004301 0.137931
vt 0.054713 0.134931
vt 0.004605 0.000091
vt 0.057018 0.003103
vt 0.414070 0.055411
vt 0.413600 0.037322
vt 0.415946 0.057613
vt 0.416485 0.035035
vt 0.314790 0.457191
vt 0.262355 0.451698
vt 0.262425 0.457366
vt 0.001428 0.398541
vt 0.054938 0.391118
vt 0.000003 0.392133
vt 0.365352 0.450286
vt 0.314719 0.451145
vt 0.417101 0.398011
vt 0.366089 0.391177
vt 0.366099 0.396698
vt 0.104370 0.458223
vt 0.051426 0.452277
vt 0.051297 0.457817
vt 0.210670 0.458223
vt 0.210643 0.452044
vt 0.316277 0.397844
vt 0.264483 0.392270
vt 0.264531 0.397871
vt 0.158466 0.452038
vt 0.104353 0.451932
vt 0.158457 0.457830
vt 0.001965 0.455624
vt 0.001079 0.449887
vt 0.108877 0.398137
vt 0.054967 0.396992
vt 0.316229 0.391869
vt 0.213658 0.398541
vt 0.160822 0.392293
vt 0.160806 0.398008
vt 0.213677 0.392442
vt 0.417093 0.457043
vt 0.365373 0.455873
vt 0.108968 0.391920
vt 0.261670 0.428873
vt 0.313839 0.422827
vt 0.261673 0.423526
vt 0.001960 0.360209
vt 0.054500 0.368324
vt 0.054647 0.362650
vt 0.364697 0.428426
vt 0.364598 0.422961
vt 0.365512 0.369632
vt 0.416739 0.362117
vt 0.365437 0.364232
vt 0.051567 0.426800
vt 0.104172 0.422162
vt 0.051634 0.421372
vt 0.210061 0.423042
vt 0.263881 0.369754
vt 0.315443 0.363948
vt 0.263896 0.364472
vt 0.158019 0.428712
vt 0.158057 0.423252
vt 0.001336 0.421306
vt 0.108691 0.362806
vt 0.160447 0.369291
vt 0.213157 0.363850
vt 0.160508 0.363901
vt 0.416612 0.420654
vt 0.210409 0.400511
vt 0.158557 0.400359
vt 0.104048 0.428407
vt 0.109331 0.340061
vt 0.055522 0.339128
vt 0.213574 0.341636
vt 0.161052 0.341309
vt 0.210044 0.429191
vt 0.415779 0.399239
vt 0.364501 0.400816
vt 0.313986 0.400720
vt 0.261927 0.401077
vt 0.213152 0.369922
vt 0.415984 0.341006
vt 0.365408 0.342407
vt 0.104753 0.399194
vt 0.418116 0.426685
vt 0.418435 0.451021
vt 0.001063 0.399304
vt 0.052090 0.398670
vt 0.313889 0.428861
vt 0.315654 0.342161
vt 0.418196 0.368080
vt 0.418435 0.392066
vt 0.264214 0.342350
vt 0.004766 0.445836
vt 0.002998 0.336801
vt 0.108648 0.369014
vt 0.000448 0.366492
vt 0.002709 0.448298
vt 0.000189 0.427114
vt 0.001741 0.428688
vt 0.004983 0.431457
vt 0.314790 0.516873
vt 0.262355 0.511379
vt 0.262425 0.517048
vt 0.001428 0.336207
vt 0.054938 0.328784
vt 0.000003 0.329799
vt 0.365352 0.509968
vt 0.314719 0.510826
vt 0.417101 0.335677
vt 0.366089 0.328843
vt 0.366099 0.334364
vt 0.104370 0.517905
vt 0.051427 0.511959
vt 0.051297 0.517499
vt 0.210671 0.517905
vt 0.210643 0.511726
vt 0.316277 0.335510
vt 0.264483 0.329935
vt 0.264531 0.335537
vt 0.158466 0.511720
vt 0.104353 0.511614
vt 0.158457 0.517512
vt 0.001965 0.515306
vt 0.001079 0.509569
vt 0.108877 0.335803
vt 0.054967 0.334658
vt 0.316229 0.329535
vt 0.213658 0.336207
vt 0.160822 0.329959
vt 0.160806 0.335674
vt 0.213677 0.330108
vt 0.417093 0.516724
vt 0.365373 0.515555
vt 0.108968 0.329586
vt 0.261670 0.488555
vt 0.313839 0.482508
vt 0.261673 0.483208
vt 0.001960 0.297874
vt 0.054500 0.305990
vt 0.054647 0.300316
vt 0.364698 0.488108
vt 0.364598 0.482643
vt 0.365512 0.307298
vt 0.416739 0.299783
vt 0.365437 0.301898
vt 0.051567 0.486481
vt 0.104172 0.481843
vt 0.051634 0.481054
vt 0.210061 0.482724
vt 0.263881 0.307420
vt 0.315443 0.301614
vt 0.263896 0.302138
vt 0.158019 0.488394
vt 0.158057 0.482933
vt 0.001336 0.480987
vt 0.108691 0.300471
vt 0.160447 0.306957
vt 0.213157 0.301516
vt 0.160508 0.301567
vt 0.416612 0.480336
vt 0.210409 0.460193
vt 0.158557 0.460041
vt 0.109331 0.277727
vt 0.055521 0.276794
vt 0.315476 0.307578
vt 0.213574 0.279302
vt 0.161052 0.278975
vt 0.210045 0.488873
vt 0.415779 0.458920
vt 0.364501 0.460497
vt 0.313986 0.460402
vt 0.108648 0.306680
vt 0.261927 0.460759
vt 0.213152 0.307588
vt 0.415984 0.278672
vt 0.365408 0.280072
vt 0.104753 0.458876
vt 0.418116 0.486366
vt 0.418435 0.510703
vt 0.052090 0.458352
vt 0.001063 0.458986
vt 0.313889 0.488543
vt 0.315654 0.279827
vt 0.418196 0.305746
vt 0.418435 0.329732
vt 0.264214 0.280016
vt 0.004766 0.505518
vt 0.002998 0.274466
vt 0.002709 0.507980
vt 0.000189 0.486796
vt 0.001741 0.488370
vt 0.004983 0.491139
vt 0.270837 0.903209
vt 0.284974 0.917772
vt 0.268090 0.917669
vt 0.294633 0.886361
vt 0.283413 0.884315
vt 0.285429 0.880800
vt 0.280923 0.895451
vt 0.279363 0.884825
vt 0.288790 0.892448
vt 0.282417 0.903427
vt 0.287122 0.876361
vt 0.301317 0.890830
vt 0.314369 0.899209
vt 0.293020 0.898859
vt 0.297928 0.870031
vt 0.287274 0.871612
vt 0.298064 0.878556
vt 0.305861 0.880122
vt 0.286770 0.867589
vt 0.305818 0.868509
vt 0.320955 0.882715
vt 0.294910 0.862146
vt 0.313750 0.849000
vt 0.301386 0.857792
vt 0.288763 0.856366
vt 0.283227 0.865555
vt 0.293147 0.849673
vt 0.301201 0.836831
vt 0.278828 0.863877
vt 0.280968 0.853011
vt 0.282480 0.845265
vt 0.270959 0.845351
vt 0.272494 0.853177
vt 0.264652 0.856196
vt 0.267590 0.830631
vt 0.274127 0.863757
vt 0.252252 0.857948
vt 0.258906 0.862306
vt 0.260323 0.849762
vt 0.270088 0.864288
vt 0.247853 0.868545
vt 0.239512 0.849933
vt 0.251608 0.837493
vt 0.268095 0.867800
vt 0.233290 0.883294
vt 0.247909 0.880000
vt 0.266426 0.872222
vt 0.255558 0.870065
vt 0.240044 0.899164
vt 0.252247 0.890595
vt 0.255700 0.878506
vt 0.266276 0.876944
vt 0.264733 0.892097
vt 0.266771 0.880945
vt 0.270289 0.882982
vt 0.258673 0.886322
vt 0.274665 0.884675
vt 0.301707 0.912087
vt 0.260333 0.898684
vt 0.252296 0.911193
vt 0.272456 0.895512
vt 0.271149 0.878121
vt 0.271785 0.873290
vt 0.273053 0.868582
vt 0.275730 0.879414
vt 0.276761 0.874284
vt 0.277784 0.869150
vt 0.280460 0.879997
vt 0.282377 0.870436
vt 0.281742 0.875282
vt 0.812921 0.837114
vt 0.798593 0.851356
vt 0.801341 0.836896
vt 0.825137 0.820048
vt 0.813917 0.818002
vt 0.815933 0.814487
vt 0.811427 0.829138
vt 0.809867 0.818512
vt 0.819294 0.826135
vt 0.817626 0.810049
vt 0.831821 0.824517
vt 0.832211 0.845774
vt 0.823524 0.832546
vt 0.828432 0.803718
vt 0.817778 0.805299
vt 0.828568 0.812243
vt 0.836365 0.813809
vt 0.844873 0.832896
vt 0.817274 0.801276
vt 0.836322 0.802196
vt 0.851459 0.816402
vt 0.825414 0.795833
vt 0.831890 0.791479
vt 0.851191 0.798802
vt 0.819267 0.790053
vt 0.813730 0.799242
vt 0.823650 0.783360
vt 0.844254 0.782687
vt 0.809332 0.797564
vt 0.811472 0.786698
vt 0.812984 0.778952
vt 0.831705 0.770518
vt 0.801463 0.779038
vt 0.802998 0.786865
vt 0.795156 0.789883
vt 0.798093 0.764318
vt 0.804631 0.797444
vt 0.782756 0.791635
vt 0.789410 0.795993
vt 0.782112 0.771180
vt 0.790827 0.783450
vt 0.800591 0.797975
vt 0.778357 0.802232
vt 0.770016 0.783620
vt 0.798599 0.801486
vt 0.763793 0.816981
vt 0.778412 0.813687
vt 0.796929 0.805909
vt 0.786062 0.803752
vt 0.770548 0.832851
vt 0.782751 0.824283
vt 0.786204 0.812193
vt 0.796779 0.810632
vt 0.795237 0.825784
vt 0.797275 0.814632
vt 0.800792 0.816669
vt 0.789177 0.820009
vt 0.805169 0.818362
vt 0.815478 0.851459
vt 0.790836 0.832372
vt 0.782800 0.844880
vt 0.802960 0.829199
vt 0.801653 0.811808
vt 0.802288 0.806977
vt 0.803557 0.802270
vt 0.806234 0.813101
vt 0.807265 0.807971
vt 0.808288 0.802837
vt 0.810964 0.813684
vt 0.812881 0.804123
vt 0.812246 0.808969
vt 0.117960 0.903427
vt 0.103633 0.917669
vt 0.106381 0.903209
vt 0.130177 0.886361
vt 0.118957 0.884315
vt 0.120972 0.880800
vt 0.116467 0.895451
vt 0.114907 0.884825
vt 0.124334 0.892448
vt 0.122666 0.876362
vt 0.136861 0.890830
vt 0.137251 0.912087
vt 0.128564 0.898859
vt 0.133472 0.870031
vt 0.122817 0.871612
vt 0.133608 0.878556
vt 0.156499 0.882715
vt 0.141405 0.880122
vt 0.122313 0.867589
vt 0.141362 0.868509
vt 0.130454 0.862146
vt 0.136930 0.857792
vt 0.156231 0.865115
vt 0.124307 0.856366
vt 0.118770 0.865555
vt 0.128690 0.849673
vt 0.149293 0.849000
vt 0.114372 0.863877
vt 0.116512 0.853011
vt 0.118023 0.845265
vt 0.136744 0.836831
vt 0.106502 0.845351
vt 0.108038 0.853177
vt 0.100195 0.856196
vt 0.103133 0.830631
vt 0.109670 0.863757
vt 0.087795 0.857948
vt 0.094450 0.862306
vt 0.087151 0.837493
vt 0.095867 0.849762
vt 0.105631 0.864288
vt 0.083397 0.868545
vt 0.075056 0.849933
vt 0.103639 0.867800
vt 0.068833 0.883294
vt 0.083452 0.880000
vt 0.101969 0.872222
vt 0.091102 0.870065
vt 0.087791 0.890596
vt 0.091244 0.878506
vt 0.101819 0.876944
vt 0.100277 0.892097
vt 0.102315 0.880945
vt 0.105832 0.882982
vt 0.094217 0.886322
vt 0.110209 0.884675
vt 0.120518 0.917772
vt 0.095876 0.898684
vt 0.075588 0.899164
vt 0.108000 0.895512
vt 0.087840 0.911193
vt 0.106693 0.878121
vt 0.107328 0.873290
vt 0.108597 0.868582
vt 0.111274 0.879414
vt 0.112304 0.874284
vt 0.113328 0.869150
vt 0.116004 0.879997
vt 0.117921 0.870436
vt 0.117286 0.875282
vt 0.216460 0.778540
vt 0.230597 0.793103
vt 0.228040 0.778758
vt 0.229036 0.759647
vt 0.240256 0.761693
vt 0.231052 0.756131
vt 0.226547 0.770783
vt 0.234414 0.767779
vt 0.238644 0.774191
vt 0.232745 0.751693
vt 0.243687 0.753887
vt 0.246940 0.766162
vt 0.259992 0.774541
vt 0.243551 0.745362
vt 0.232897 0.746944
vt 0.251484 0.755454
vt 0.266578 0.758046
vt 0.232393 0.742920
vt 0.240533 0.737477
vt 0.251441 0.743841
vt 0.266311 0.740446
vt 0.247009 0.733124
vt 0.259373 0.724332
vt 0.234387 0.731697
vt 0.228850 0.740887
vt 0.238770 0.725005
vt 0.246824 0.712162
vt 0.224451 0.739208
vt 0.226591 0.728342
vt 0.228103 0.720596
vt 0.230613 0.705706
vt 0.216582 0.720683
vt 0.218117 0.728509
vt 0.210275 0.731528
vt 0.205946 0.725094
vt 0.213213 0.705963
vt 0.219750 0.739088
vt 0.197875 0.733279
vt 0.204529 0.737638
vt 0.197231 0.712824
vt 0.215711 0.739620
vt 0.193476 0.743876
vt 0.185135 0.725265
vt 0.178698 0.741351
vt 0.213719 0.743131
vt 0.178913 0.758625
vt 0.193531 0.755332
vt 0.212049 0.747554
vt 0.201182 0.745396
vt 0.197870 0.765927
vt 0.185667 0.774496
vt 0.201323 0.753837
vt 0.211899 0.752276
vt 0.212394 0.756276
vt 0.210356 0.767428
vt 0.215912 0.758313
vt 0.204296 0.761653
vt 0.220288 0.760007
vt 0.218079 0.770843
vt 0.247331 0.787418
vt 0.205956 0.774016
vt 0.197919 0.786524
vt 0.213713 0.793001
vt 0.216772 0.753452
vt 0.217408 0.748621
vt 0.218676 0.743914
vt 0.221353 0.754746
vt 0.222384 0.749615
vt 0.223407 0.744482
vt 0.224986 0.760156
vt 0.226084 0.755328
vt 0.228000 0.745768
vt 0.227365 0.750613
vt 0.132549 0.805283
vt 0.118222 0.819526
vt 0.120970 0.805066
vt 0.144766 0.788218
vt 0.133546 0.786172
vt 0.135561 0.782656
vt 0.131056 0.797308
vt 0.129496 0.786681
vt 0.138923 0.794304
vt 0.137255 0.778218
vt 0.151450 0.792687
vt 0.151840 0.813944
vt 0.143153 0.800716
vt 0.148061 0.771887
vt 0.137406 0.773469
vt 0.148197 0.780413
vt 0.155994 0.781979
vt 0.164502 0.801066
vt 0.136902 0.769446
vt 0.155951 0.770366
vt 0.171088 0.784572
vt 0.145043 0.764003
vt 0.151519 0.759649
vt 0.170820 0.766971
vt 0.138896 0.758223
vt 0.133359 0.767412
vt 0.143279 0.751530
vt 0.151333 0.738688
vt 0.128961 0.765733
vt 0.131100 0.754868
vt 0.135122 0.732232
vt 0.132612 0.747121
vt 0.121091 0.747208
vt 0.122626 0.755034
vt 0.114784 0.758053
vt 0.117722 0.732488
vt 0.124259 0.765613
vt 0.102384 0.759804
vt 0.109039 0.764163
vt 0.110456 0.751619
vt 0.120220 0.766145
vt 0.083207 0.767877
vt 0.097986 0.770401
vt 0.101740 0.739349
vt 0.118228 0.769656
vt 0.098041 0.781857
vt 0.116558 0.774079
vt 0.105691 0.771921
vt 0.090176 0.801021
vt 0.102380 0.792452
vt 0.105832 0.780363
vt 0.116408 0.778801
vt 0.114866 0.793954
vt 0.116904 0.782801
vt 0.120421 0.784838
vt 0.108806 0.788179
vt 0.124797 0.786532
vt 0.110465 0.800541
vt 0.102429 0.813049
vt 0.122588 0.797369
vt 0.121282 0.779977
vt 0.121917 0.775146
vt 0.123185 0.770439
vt 0.125863 0.781271
vt 0.126893 0.776141
vt 0.127916 0.771007
vt 0.130593 0.781853
vt 0.132510 0.772293
vt 0.131874 0.777139
vt 0.298688 0.815676
vt 0.312825 0.830239
vt 0.295941 0.830136
vt 0.322484 0.798828
vt 0.311265 0.796782
vt 0.313280 0.793267
vt 0.308775 0.807918
vt 0.307214 0.797291
vt 0.316642 0.804915
vt 0.310268 0.815894
vt 0.314974 0.788828
vt 0.329169 0.803297
vt 0.329559 0.824554
vt 0.320872 0.811326
vt 0.325780 0.782497
vt 0.315125 0.784079
vt 0.325915 0.791022
vt 0.333713 0.792589
vt 0.342221 0.811676
vt 0.314621 0.780056
vt 0.333669 0.780976
vt 0.348806 0.795182
vt 0.322761 0.774613
vt 0.329237 0.770259
vt 0.348539 0.777581
vt 0.316615 0.768833
vt 0.311078 0.778022
vt 0.320998 0.762140
vt 0.341601 0.761467
vt 0.306679 0.776344
vt 0.308819 0.765478
vt 0.310331 0.757731
vt 0.329052 0.749298
vt 0.298810 0.757818
vt 0.300345 0.765644
vt 0.292503 0.768663
vt 0.295441 0.743098
vt 0.301978 0.776223
vt 0.280103 0.770414
vt 0.286758 0.774773
vt 0.279459 0.749959
vt 0.288174 0.762229
vt 0.297939 0.776755
vt 0.275705 0.781011
vt 0.267364 0.762400
vt 0.295947 0.780266
vt 0.261141 0.795760
vt 0.275760 0.792467
vt 0.294277 0.784689
vt 0.283410 0.782532
vt 0.267895 0.811631
vt 0.280099 0.803062
vt 0.283551 0.790973
vt 0.294127 0.789411
vt 0.292584 0.804564
vt 0.294622 0.793411
vt 0.298140 0.795448
vt 0.286524 0.798789
vt 0.302516 0.797142
vt 0.288184 0.811151
vt 0.280148 0.823659
vt 0.300307 0.807979
vt 0.299001 0.790587
vt 0.299636 0.785757
vt 0.300904 0.781049
vt 0.303581 0.791881
vt 0.304612 0.786751
vt 0.305635 0.781617
vt 0.308312 0.792464
vt 0.310229 0.782903
vt 0.309593 0.787749
vt 0.833171 0.155198
vt 0.847308 0.169761
vt 0.830424 0.169659
vt 0.856967 0.138350
vt 0.845747 0.136305
vt 0.847763 0.132789
vt 0.843257 0.147440
vt 0.841697 0.136814
vt 0.851125 0.144437
vt 0.844751 0.155416
vt 0.849456 0.128351
vt 0.863651 0.142819
vt 0.864042 0.164076
vt 0.855355 0.150849
vt 0.860262 0.122020
vt 0.849608 0.123601
vt 0.860398 0.130545
vt 0.868195 0.132112
vt 0.876703 0.151198
vt 0.849104 0.119578
vt 0.868152 0.120499
vt 0.883289 0.134704
vt 0.857244 0.114135
vt 0.863720 0.109782
vt 0.883021 0.117104
vt 0.851097 0.108355
vt 0.845561 0.117545
vt 0.855481 0.101662
vt 0.876084 0.100990
vt 0.841162 0.115866
vt 0.843302 0.105000
vt 0.844814 0.097254
vt 0.863535 0.088820
vt 0.833293 0.097341
vt 0.834828 0.105167
vt 0.826986 0.108186
vt 0.829924 0.082620
vt 0.836461 0.115746
vt 0.814586 0.109937
vt 0.821240 0.114295
vt 0.813942 0.089482
vt 0.822657 0.101752
vt 0.832422 0.116277
vt 0.810187 0.120534
vt 0.801846 0.101923
vt 0.830430 0.119789
vt 0.795624 0.135283
vt 0.810243 0.131990
vt 0.828760 0.124212
vt 0.817893 0.122054
vt 0.802378 0.151154
vt 0.814581 0.142585
vt 0.818034 0.130495
vt 0.828610 0.128934
vt 0.827067 0.144086
vt 0.829105 0.132934
vt 0.832623 0.134971
vt 0.821007 0.138311
vt 0.836999 0.136665
vt 0.822667 0.150674
vt 0.814630 0.163182
vt 0.834790 0.147501
vt 0.833483 0.130110
vt 0.834119 0.125279
vt 0.835387 0.120572
vt 0.838064 0.131404
vt 0.839095 0.126273
vt 0.840118 0.121139
vt 0.842795 0.131986
vt 0.844711 0.122426
vt 0.844076 0.127271
vt 0.550583 0.962762
vt 0.564910 0.948520
vt 0.553330 0.948302
vt 0.565907 0.929408
vt 0.577126 0.931454
vt 0.567922 0.925893
vt 0.563417 0.940544
vt 0.571284 0.937541
vt 0.575514 0.943952
vt 0.569616 0.921454
vt 0.580557 0.923649
vt 0.583811 0.935923
vt 0.584201 0.957180
vt 0.596863 0.944302
vt 0.580422 0.915123
vt 0.569767 0.916705
vt 0.588355 0.925215
vt 0.603448 0.927808
vt 0.569263 0.912682
vt 0.577403 0.907239
vt 0.588311 0.913602
vt 0.603181 0.910207
vt 0.583879 0.902885
vt 0.596243 0.894093
vt 0.571257 0.901459
vt 0.565720 0.910648
vt 0.575640 0.894766
vt 0.583694 0.881924
vt 0.561321 0.908970
vt 0.563461 0.898104
vt 0.564973 0.890358
vt 0.567483 0.875468
vt 0.553452 0.890444
vt 0.554987 0.898270
vt 0.547145 0.901289
vt 0.542817 0.894855
vt 0.550083 0.875724
vt 0.556620 0.908849
vt 0.534745 0.903040
vt 0.541400 0.907399
vt 0.534101 0.882586
vt 0.552581 0.909381
vt 0.515568 0.911113
vt 0.530347 0.913637
vt 0.522006 0.895026
vt 0.550589 0.912892
vt 0.515783 0.928387
vt 0.530402 0.925093
vt 0.548919 0.917315
vt 0.538052 0.915158
vt 0.522537 0.944257
vt 0.534741 0.935688
vt 0.538193 0.923599
vt 0.548769 0.922037
vt 0.549264 0.926037
vt 0.547226 0.937190
vt 0.552782 0.928075
vt 0.541166 0.931415
vt 0.557158 0.929768
vt 0.554949 0.940605
vt 0.542826 0.943778
vt 0.534790 0.956285
vt 0.553643 0.923213
vt 0.554278 0.918383
vt 0.555546 0.913675
vt 0.558223 0.924507
vt 0.559254 0.919377
vt 0.560277 0.914243
vt 0.561856 0.929917
vt 0.562954 0.925090
vt 0.564871 0.915529
vt 0.564235 0.920375
vt 0.873929 0.903427
vt 0.859602 0.917669
vt 0.862349 0.903209
vt 0.886145 0.886361
vt 0.874925 0.884315
vt 0.876941 0.880800
vt 0.872435 0.895451
vt 0.870875 0.884825
vt 0.880302 0.892448
vt 0.878634 0.876362
vt 0.892829 0.890830
vt 0.905881 0.899209
vt 0.884532 0.898859
vt 0.889440 0.870031
vt 0.878786 0.871612
vt 0.889576 0.878556
vt 0.912467 0.882715
vt 0.897373 0.880122
vt 0.878282 0.867589
vt 0.897330 0.868509
vt 0.886422 0.862146
vt 0.892898 0.857792
vt 0.912199 0.865115
vt 0.880275 0.856366
vt 0.874738 0.865555
vt 0.884658 0.849673
vt 0.892713 0.836831
vt 0.870340 0.863877
vt 0.872479 0.853011
vt 0.876501 0.830375
vt 0.873992 0.845265
vt 0.862471 0.845351
vt 0.864006 0.853178
vt 0.856164 0.856196
vt 0.865639 0.863757
vt 0.843764 0.857947
vt 0.850418 0.862306
vt 0.851835 0.849763
vt 0.859102 0.830631
vt 0.861600 0.864288
vt 0.824586 0.866020
vt 0.839365 0.868545
vt 0.843120 0.837493
vt 0.859607 0.867800
vt 0.839420 0.880001
vt 0.857937 0.872222
vt 0.847070 0.870065
vt 0.831556 0.899165
vt 0.843759 0.890596
vt 0.847212 0.878506
vt 0.857787 0.876945
vt 0.856245 0.892097
vt 0.858283 0.880945
vt 0.861801 0.882982
vt 0.850185 0.886322
vt 0.866177 0.884675
vt 0.893219 0.912087
vt 0.851845 0.898685
vt 0.843808 0.911193
vt 0.863968 0.895512
vt 0.862661 0.878121
vt 0.863297 0.873290
vt 0.864565 0.868583
vt 0.867242 0.879414
vt 0.868273 0.874284
vt 0.869296 0.869150
vt 0.871972 0.879997
vt 0.873889 0.870436
vt 0.873254 0.875282
vt 0.596740 0.720403
vt 0.582413 0.734645
vt 0.585160 0.720185
vt 0.608956 0.703337
vt 0.597737 0.701291
vt 0.599752 0.697776
vt 0.595247 0.712427
vt 0.593686 0.701801
vt 0.603114 0.709424
vt 0.601446 0.693338
vt 0.615640 0.707806
vt 0.616031 0.729063
vt 0.607344 0.715835
vt 0.612252 0.687007
vt 0.601597 0.688588
vt 0.612388 0.695532
vt 0.635278 0.699691
vt 0.620185 0.697098
vt 0.601093 0.684565
vt 0.620141 0.685485
vt 0.609233 0.679122
vt 0.615709 0.674769
vt 0.635011 0.682091
vt 0.603087 0.673342
vt 0.597550 0.682531
vt 0.607470 0.666649
vt 0.615524 0.653807
vt 0.593152 0.680853
vt 0.595291 0.669987
vt 0.596803 0.662241
vt 0.585282 0.662327
vt 0.586817 0.670154
vt 0.578975 0.673172
vt 0.581913 0.647607
vt 0.588450 0.680733
vt 0.566575 0.674924
vt 0.573230 0.679282
vt 0.565931 0.654469
vt 0.574647 0.666738
vt 0.584411 0.681264
vt 0.547398 0.682996
vt 0.562176 0.685521
vt 0.553836 0.666909
vt 0.582419 0.684776
vt 0.562232 0.696976
vt 0.580749 0.689198
vt 0.569882 0.687041
vt 0.554367 0.716140
vt 0.566571 0.707572
vt 0.570023 0.695482
vt 0.580599 0.693921
vt 0.579056 0.709073
vt 0.581094 0.697921
vt 0.584612 0.699958
vt 0.572996 0.703298
vt 0.588988 0.701651
vt 0.599297 0.734748
vt 0.574656 0.715661
vt 0.566620 0.728169
vt 0.586779 0.712488
vt 0.585473 0.695097
vt 0.586108 0.690266
vt 0.587376 0.685559
vt 0.590053 0.696390
vt 0.591084 0.691260
vt 0.592107 0.686126
vt 0.594784 0.696973
vt 0.596700 0.687412
vt 0.596065 0.692258
vt 0.844751 0.245602
vt 0.830424 0.259844
vt 0.833171 0.245384
vt 0.856967 0.228536
vt 0.845747 0.226491
vt 0.847763 0.222975
vt 0.843257 0.237626
vt 0.841697 0.227000
vt 0.851124 0.234623
vt 0.849456 0.218537
vt 0.863651 0.233005
vt 0.864042 0.254262
vt 0.855355 0.241034
vt 0.860262 0.212206
vt 0.849608 0.213787
vt 0.860398 0.220731
vt 0.868195 0.222297
vt 0.876703 0.241384
vt 0.849104 0.209764
vt 0.868152 0.210684
vt 0.883289 0.224890
vt 0.857244 0.204321
vt 0.863720 0.199967
vt 0.883022 0.207290
vt 0.851097 0.198541
vt 0.845561 0.207731
vt 0.855481 0.191848
vt 0.863535 0.179006
vt 0.841162 0.206052
vt 0.843302 0.195186
vt 0.847324 0.172550
vt 0.844814 0.187440
vt 0.833293 0.187526
vt 0.834828 0.195353
vt 0.826986 0.198371
vt 0.829924 0.172806
vt 0.836461 0.205932
vt 0.814586 0.200123
vt 0.821240 0.204481
vt 0.813942 0.179668
vt 0.822657 0.191938
vt 0.832422 0.206463
vt 0.795409 0.208195
vt 0.810187 0.210720
vt 0.801846 0.192108
vt 0.830430 0.209975
vt 0.810243 0.222175
vt 0.828760 0.214397
vt 0.817893 0.212240
vt 0.814581 0.232771
vt 0.795624 0.225469
vt 0.818034 0.220681
vt 0.828610 0.219120
vt 0.827067 0.234272
vt 0.829105 0.223120
vt 0.832623 0.225157
vt 0.821007 0.228497
vt 0.836999 0.226850
vt 0.847308 0.259947
vt 0.822667 0.240860
vt 0.802378 0.241339
vt 0.834790 0.237687
vt 0.833483 0.220296
vt 0.834119 0.215465
vt 0.835387 0.210758
vt 0.838064 0.221589
vt 0.839095 0.216459
vt 0.840118 0.211325
vt 0.842795 0.222172
vt 0.844711 0.212611
vt 0.844076 0.217457
vt 0.035994 0.856661
vt 0.050321 0.842419
vt 0.038741 0.842201
vt 0.051318 0.823307
vt 0.062537 0.825353
vt 0.053333 0.819792
vt 0.048828 0.834443
vt 0.056695 0.831440
vt 0.060925 0.837851
vt 0.055027 0.815353
vt 0.065969 0.817548
vt 0.069222 0.829822
vt 0.082274 0.838201
vt 0.065833 0.809022
vt 0.055178 0.810604
vt 0.073766 0.819114
vt 0.088859 0.821707
vt 0.054674 0.806581
vt 0.062814 0.801138
vt 0.073722 0.807501
vt 0.088592 0.804106
vt 0.069290 0.796784
vt 0.081654 0.787992
vt 0.056668 0.795358
vt 0.051131 0.804547
vt 0.061051 0.788665
vt 0.069105 0.775823
vt 0.046733 0.802869
vt 0.048872 0.792003
vt 0.050384 0.784257
vt 0.052894 0.769367
vt 0.038864 0.784343
vt 0.040398 0.792169
vt 0.032556 0.795188
vt 0.028228 0.788754
vt 0.035494 0.769623
vt 0.042031 0.802749
vt 0.020156 0.796940
vt 0.026811 0.801298
vt 0.019512 0.776485
vt 0.037992 0.803280
vt 0.015758 0.807536
vt 0.007417 0.788925
vt 0.000979 0.805012
vt 0.036000 0.806791
vt 0.015813 0.818992
vt 0.001194 0.822286
vt 0.034330 0.811214
vt 0.023463 0.809057
vt 0.007948 0.838156
vt 0.020152 0.829588
vt 0.023604 0.817498
vt 0.034180 0.815937
vt 0.034675 0.819937
vt 0.032637 0.831089
vt 0.038193 0.821974
vt 0.026577 0.825314
vt 0.042569 0.823667
vt 0.040360 0.834504
vt 0.069612 0.851079
vt 0.028237 0.837676
vt 0.020201 0.850185
vt 0.039054 0.817113
vt 0.039689 0.812282
vt 0.040957 0.807574
vt 0.043634 0.818406
vt 0.044665 0.813276
vt 0.045688 0.808142
vt 0.047267 0.823817
vt 0.048365 0.818989
vt 0.050282 0.809428
vt 0.049646 0.814274
vt 0.867654 0.777214
vt 0.881791 0.791777
vt 0.864906 0.791675
vt 0.891450 0.760366
vt 0.880230 0.758321
vt 0.882246 0.754805
vt 0.877741 0.769456
vt 0.876180 0.758830
vt 0.885607 0.766453
vt 0.879234 0.777432
vt 0.883939 0.750367
vt 0.898134 0.764835
vt 0.898524 0.786092
vt 0.889837 0.772865
vt 0.894745 0.744036
vt 0.884091 0.745617
vt 0.894881 0.752561
vt 0.917772 0.756720
vt 0.902678 0.754128
vt 0.883587 0.741594
vt 0.902635 0.742514
vt 0.917504 0.739120
vt 0.891727 0.736151
vt 0.898203 0.731798
vt 0.885580 0.730371
vt 0.880044 0.739561
vt 0.889963 0.723679
vt 0.910567 0.723006
vt 0.875645 0.737882
vt 0.877785 0.727016
vt 0.881806 0.704380
vt 0.879296 0.719270
vt 0.867776 0.719357
vt 0.869311 0.727183
vt 0.861469 0.730202
vt 0.864406 0.704637
vt 0.870944 0.737762
vt 0.849069 0.731953
vt 0.855723 0.736311
vt 0.848425 0.711498
vt 0.857140 0.723768
vt 0.866904 0.738293
vt 0.844670 0.742550
vt 0.836329 0.723938
vt 0.864912 0.741805
vt 0.830106 0.757299
vt 0.844725 0.754006
vt 0.863242 0.746228
vt 0.852375 0.744070
vt 0.849064 0.764601
vt 0.852517 0.752511
vt 0.863092 0.750950
vt 0.861550 0.766102
vt 0.863588 0.754950
vt 0.867105 0.756987
vt 0.855490 0.760328
vt 0.871482 0.758681
vt 0.857149 0.772690
vt 0.849113 0.785198
vt 0.869273 0.769517
vt 0.867966 0.752126
vt 0.868602 0.747295
vt 0.869870 0.742588
vt 0.872547 0.753420
vt 0.873578 0.748289
vt 0.874601 0.743155
vt 0.877277 0.754002
vt 0.879194 0.744442
vt 0.878559 0.749287
vt 0.889844 0.530748
vt 0.875517 0.544990
vt 0.878264 0.530530
vt 0.902060 0.513682
vt 0.890840 0.511636
vt 0.892856 0.508121
vt 0.888350 0.522772
vt 0.886790 0.512146
vt 0.896218 0.519769
vt 0.894549 0.503682
vt 0.908744 0.518151
vt 0.921796 0.526530
vt 0.900448 0.526180
vt 0.905355 0.497351
vt 0.894701 0.498933
vt 0.905491 0.505877
vt 0.928382 0.510036
vt 0.913288 0.507443
vt 0.894197 0.494910
vt 0.913245 0.495830
vt 0.902337 0.489467
vt 0.921177 0.476321
vt 0.908813 0.485113
vt 0.896190 0.483687
vt 0.890654 0.492876
vt 0.900574 0.476994
vt 0.886255 0.491198
vt 0.888395 0.480332
vt 0.889907 0.472586
vt 0.908628 0.464152
vt 0.878386 0.472672
vt 0.879921 0.480498
vt 0.872079 0.483517
vt 0.892417 0.457696
vt 0.881554 0.491077
vt 0.859679 0.485268
vt 0.866333 0.489627
vt 0.859035 0.464814
vt 0.867750 0.477083
vt 0.877515 0.491609
vt 0.840502 0.493341
vt 0.855280 0.495865
vt 0.846939 0.477254
vt 0.875522 0.495120
vt 0.840717 0.510615
vt 0.855336 0.507321
vt 0.873853 0.499543
vt 0.862985 0.497386
vt 0.859674 0.517917
vt 0.863127 0.505827
vt 0.873703 0.504265
vt 0.872160 0.519418
vt 0.874198 0.508266
vt 0.877716 0.510303
vt 0.866100 0.513643
vt 0.882092 0.511996
vt 0.892401 0.545093
vt 0.867760 0.526005
vt 0.859723 0.538514
vt 0.879883 0.522833
vt 0.878576 0.505442
vt 0.879212 0.500611
vt 0.880480 0.495904
vt 0.883157 0.506735
vt 0.884188 0.501605
vt 0.885211 0.496471
vt 0.887887 0.507318
vt 0.889804 0.497757
vt 0.889169 0.502603
vt 0.892496 0.322525
vt 0.878169 0.336767
vt 0.880917 0.322307
vt 0.904712 0.305459
vt 0.893493 0.303414
vt 0.895508 0.299898
vt 0.891003 0.314549
vt 0.889443 0.303923
vt 0.898870 0.311546
vt 0.897202 0.295460
vt 0.911397 0.309928
vt 0.924449 0.318307
vt 0.903100 0.317957
vt 0.908008 0.289129
vt 0.897353 0.290710
vt 0.908144 0.297654
vt 0.931035 0.301813
vt 0.915941 0.299220
vt 0.896849 0.286687
vt 0.915898 0.287607
vt 0.930767 0.284213
vt 0.904990 0.281244
vt 0.923829 0.268098
vt 0.911466 0.276891
vt 0.898843 0.275464
vt 0.893306 0.284653
vt 0.903226 0.268771
vt 0.888908 0.282975
vt 0.891047 0.272109
vt 0.892559 0.264363
vt 0.911280 0.255929
vt 0.881038 0.264449
vt 0.882573 0.272276
vt 0.874731 0.275295
vt 0.895069 0.249473
vt 0.884206 0.282855
vt 0.862331 0.277046
vt 0.868986 0.281404
vt 0.861687 0.256591
vt 0.870403 0.268861
vt 0.880167 0.283386
vt 0.857933 0.287643
vt 0.849592 0.269031
vt 0.878175 0.286898
vt 0.857988 0.299099
vt 0.843154 0.285118
vt 0.876505 0.291321
vt 0.865638 0.289163
vt 0.862327 0.309694
vt 0.843369 0.302392
vt 0.865780 0.297604
vt 0.876355 0.296043
vt 0.874812 0.311195
vt 0.876850 0.300043
vt 0.880368 0.302080
vt 0.868753 0.305420
vt 0.884744 0.303773
vt 0.895054 0.336870
vt 0.870412 0.317783
vt 0.850123 0.318263
vt 0.882536 0.314610
vt 0.862376 0.330291
vt 0.881229 0.297219
vt 0.881864 0.292388
vt 0.883133 0.287681
vt 0.885809 0.298512
vt 0.886840 0.293382
vt 0.887863 0.288248
vt 0.890540 0.299095
vt 0.892457 0.289534
vt 0.891822 0.294380
vt 0.910094 0.407188
vt 0.924231 0.421751
vt 0.921674 0.407406
vt 0.922670 0.388294
vt 0.933890 0.390340
vt 0.924686 0.384779
vt 0.920181 0.399430
vt 0.928048 0.396427
vt 0.932278 0.402838
vt 0.926380 0.380341
vt 0.937321 0.382535
vt 0.940574 0.394809
vt 0.953626 0.403188
vt 0.937186 0.374010
vt 0.926531 0.375591
vt 0.945118 0.384101
vt 0.960212 0.386694
vt 0.926027 0.371568
vt 0.934167 0.366125
vt 0.945075 0.372488
vt 0.959945 0.369094
vt 0.940643 0.361771
vt 0.953007 0.352979
vt 0.928021 0.360345
vt 0.922484 0.369534
vt 0.932404 0.353652
vt 0.940458 0.340810
vt 0.918085 0.367856
vt 0.920225 0.356990
vt 0.921737 0.349244
vt 0.924247 0.334354
vt 0.910216 0.349330
vt 0.911751 0.357157
vt 0.903909 0.360175
vt 0.899580 0.353742
vt 0.906847 0.334610
vt 0.913384 0.367735
vt 0.891509 0.361926
vt 0.898163 0.366285
vt 0.890865 0.341472
vt 0.909345 0.368267
vt 0.887110 0.372524
vt 0.878769 0.353912
vt 0.872332 0.369999
vt 0.907353 0.371779
vt 0.887166 0.383980
vt 0.872547 0.387273
vt 0.905683 0.376201
vt 0.894816 0.374044
vt 0.891505 0.394574
vt 0.879301 0.403143
vt 0.894957 0.382485
vt 0.905533 0.380923
vt 0.906028 0.384924
vt 0.903990 0.396076
vt 0.909546 0.386961
vt 0.897930 0.390301
vt 0.913922 0.388654
vt 0.911713 0.399491
vt 0.940965 0.416066
vt 0.899590 0.402664
vt 0.891554 0.415172
vt 0.907347 0.421648
vt 0.910407 0.382100
vt 0.911042 0.377269
vt 0.912310 0.372562
vt 0.914987 0.383393
vt 0.916018 0.378263
vt 0.917041 0.373129
vt 0.918620 0.388804
vt 0.919718 0.383976
vt 0.921634 0.374415
vt 0.920999 0.379261
vt 0.709829 0.852811
vt 0.723966 0.867374
vt 0.707082 0.867271
vt 0.733625 0.835963
vt 0.722405 0.833918
vt 0.724421 0.830402
vt 0.719916 0.845053
vt 0.718355 0.834427
vt 0.727782 0.842050
vt 0.721409 0.853029
vt 0.726114 0.825964
vt 0.740309 0.840432
vt 0.740699 0.861689
vt 0.732012 0.848461
vt 0.736920 0.819633
vt 0.726266 0.821214
vt 0.737056 0.828158
vt 0.744853 0.829724
vt 0.753361 0.848811
vt 0.725762 0.817191
vt 0.744810 0.818111
vt 0.759947 0.832317
vt 0.733902 0.811748
vt 0.740378 0.807395
vt 0.759679 0.814717
vt 0.727755 0.805968
vt 0.722219 0.815157
vt 0.732139 0.799275
vt 0.740193 0.786433
vt 0.717820 0.813479
vt 0.719960 0.802613
vt 0.721472 0.794867
vt 0.709951 0.794953
vt 0.711486 0.802780
vt 0.703644 0.805798
vt 0.723982 0.779977
vt 0.713119 0.813359
vt 0.691244 0.807550
vt 0.697898 0.811908
vt 0.699315 0.799365
vt 0.706582 0.780233
vt 0.709080 0.813890
vt 0.672067 0.815622
vt 0.686845 0.818147
vt 0.678504 0.799535
vt 0.707087 0.817402
vt 0.672282 0.832896
vt 0.686901 0.829603
vt 0.705418 0.821824
vt 0.694550 0.819667
vt 0.691239 0.840198
vt 0.694692 0.828108
vt 0.705268 0.826547
vt 0.703725 0.841699
vt 0.705763 0.830547
vt 0.709281 0.832584
vt 0.697665 0.835924
vt 0.713657 0.834277
vt 0.699325 0.848287
vt 0.691288 0.860795
vt 0.711448 0.845114
vt 0.710141 0.827723
vt 0.710777 0.822892
vt 0.712045 0.818185
vt 0.714722 0.829016
vt 0.715753 0.823886
vt 0.716776 0.818752
vt 0.719452 0.829599
vt 0.721369 0.820038
vt 0.720734 0.824884
vt 0.379590 0.858116
vt 0.393727 0.872679
vt 0.376843 0.872576
vt 0.403386 0.841268
vt 0.392166 0.839222
vt 0.394182 0.835707
vt 0.389677 0.850358
vt 0.388116 0.839732
vt 0.397544 0.847355
vt 0.391170 0.858334
vt 0.395876 0.831269
vt 0.410071 0.845737
vt 0.423123 0.854116
vt 0.401774 0.853766
vt 0.406682 0.824938
vt 0.396027 0.826519
vt 0.406817 0.833463
vt 0.414614 0.835029
vt 0.395523 0.822496
vt 0.414571 0.823416
vt 0.429708 0.837622
vt 0.403663 0.817053
vt 0.410139 0.812700
vt 0.429441 0.820022
vt 0.397517 0.811273
vt 0.391980 0.820462
vt 0.401900 0.804580
vt 0.422503 0.803907
vt 0.387582 0.818784
vt 0.389721 0.807918
vt 0.393743 0.785282
vt 0.391233 0.800172
vt 0.379712 0.800258
vt 0.381247 0.808085
vt 0.373405 0.811103
vt 0.376343 0.785538
vt 0.382880 0.818664
vt 0.361005 0.812855
vt 0.367660 0.817213
vt 0.360361 0.792400
vt 0.369076 0.804670
vt 0.378841 0.819195
vt 0.341828 0.820927
vt 0.356606 0.823452
vt 0.348266 0.804840
vt 0.376849 0.822707
vt 0.342043 0.838201
vt 0.356662 0.834908
vt 0.375179 0.827129
vt 0.364312 0.824972
vt 0.361001 0.845503
vt 0.364453 0.833413
vt 0.375029 0.831852
vt 0.373486 0.847004
vt 0.375524 0.835852
vt 0.379042 0.837889
vt 0.367426 0.841229
vt 0.383418 0.839582
vt 0.369086 0.853592
vt 0.361050 0.866100
vt 0.381209 0.850419
vt 0.379903 0.833028
vt 0.380538 0.828197
vt 0.381806 0.823490
vt 0.384483 0.834321
vt 0.385514 0.829191
vt 0.386537 0.824057
vt 0.389214 0.834904
vt 0.391130 0.825343
vt 0.390495 0.830189
vt 0.768184 0.921776
vt 0.782321 0.936339
vt 0.765437 0.936237
vt 0.791980 0.904929
vt 0.780761 0.902883
vt 0.782776 0.899367
vt 0.778271 0.914019
vt 0.776710 0.903392
vt 0.786138 0.911015
vt 0.779764 0.921994
vt 0.784470 0.894929
vt 0.798665 0.909398
vt 0.811717 0.917777
vt 0.790368 0.917427
vt 0.795276 0.888598
vt 0.784621 0.890180
vt 0.795412 0.897124
vt 0.803209 0.898690
vt 0.784117 0.886157
vt 0.803165 0.887077
vt 0.818035 0.883682
vt 0.792258 0.880713
vt 0.811097 0.867568
vt 0.798734 0.876360
vt 0.786111 0.874933
vt 0.780574 0.884123
vt 0.790494 0.868241
vt 0.776176 0.882444
vt 0.778315 0.871579
vt 0.782337 0.848942
vt 0.779827 0.863832
vt 0.768306 0.863919
vt 0.769841 0.871745
vt 0.761999 0.874764
vt 0.764937 0.849199
vt 0.771474 0.882324
vt 0.749599 0.876515
vt 0.756254 0.880874
vt 0.748955 0.856060
vt 0.757671 0.868330
vt 0.767435 0.882856
vt 0.745201 0.887112
vt 0.736860 0.868501
vt 0.765443 0.886367
vt 0.730637 0.901861
vt 0.745256 0.898568
vt 0.763773 0.890790
vt 0.752906 0.888632
vt 0.749595 0.909163
vt 0.753047 0.897074
vt 0.763623 0.895512
vt 0.762080 0.910665
vt 0.764118 0.899512
vt 0.767636 0.901549
vt 0.756020 0.904889
vt 0.772012 0.903243
vt 0.757680 0.917252
vt 0.737391 0.917732
vt 0.769803 0.914079
vt 0.768497 0.896688
vt 0.769132 0.891857
vt 0.770400 0.887150
vt 0.773078 0.897982
vt 0.774108 0.892852
vt 0.775131 0.887717
vt 0.777808 0.898564
vt 0.779725 0.889004
vt 0.779089 0.893849
vt 0.904789 0.641936
vt 0.918926 0.656499
vt 0.916369 0.642154
vt 0.917365 0.623042
vt 0.928585 0.625088
vt 0.919381 0.619527
vt 0.914876 0.634178
vt 0.922743 0.631175
vt 0.926973 0.637586
vt 0.921075 0.615088
vt 0.932016 0.617283
vt 0.935270 0.629557
vt 0.935660 0.650814
vt 0.948322 0.637936
vt 0.931881 0.608757
vt 0.921226 0.610339
vt 0.939813 0.618849
vt 0.954907 0.621442
vt 0.920722 0.606316
vt 0.928862 0.600873
vt 0.939770 0.607236
vt 0.954639 0.603841
vt 0.935338 0.596519
vt 0.947702 0.587727
vt 0.922716 0.595093
vt 0.917179 0.604282
vt 0.927099 0.588400
vt 0.935153 0.575558
vt 0.912780 0.602604
vt 0.914920 0.591738
vt 0.916432 0.583991
vt 0.918942 0.569102
vt 0.904911 0.584078
vt 0.906446 0.591904
vt 0.898604 0.594923
vt 0.894275 0.588489
vt 0.901542 0.569358
vt 0.908079 0.602483
vt 0.886204 0.596674
vt 0.892859 0.601033
vt 0.885560 0.576220
vt 0.904040 0.603015
vt 0.881805 0.607271
vt 0.873465 0.588660
vt 0.867027 0.604747
vt 0.902048 0.606526
vt 0.881861 0.618727
vt 0.867242 0.622021
vt 0.900378 0.610949
vt 0.889511 0.608792
vt 0.886200 0.629322
vt 0.873996 0.637891
vt 0.889652 0.617233
vt 0.900228 0.615672
vt 0.900723 0.619672
vt 0.898685 0.630824
vt 0.904241 0.621709
vt 0.892625 0.625049
vt 0.908617 0.623402
vt 0.906408 0.634238
vt 0.894285 0.637411
vt 0.886249 0.649919
vt 0.902042 0.656396
vt 0.905102 0.616847
vt 0.905737 0.612016
vt 0.907005 0.607309
vt 0.909682 0.618141
vt 0.910713 0.613011
vt 0.911736 0.607877
vt 0.913315 0.623551
vt 0.914413 0.618724
vt 0.916329 0.609163
vt 0.915694 0.614009
vt 0.663053 0.784064
vt 0.648726 0.798306
vt 0.651473 0.783845
vt 0.675269 0.766998
vt 0.664050 0.764952
vt 0.666065 0.761436
vt 0.661560 0.776088
vt 0.659999 0.765461
vt 0.669427 0.773084
vt 0.667759 0.756998
vt 0.681954 0.771467
vt 0.682344 0.792724
vt 0.673657 0.779496
vt 0.678565 0.750667
vt 0.667910 0.752249
vt 0.678701 0.759192
vt 0.701591 0.763351
vt 0.686498 0.760759
vt 0.667406 0.748226
vt 0.686454 0.749146
vt 0.675546 0.742782
vt 0.694386 0.729637
vt 0.682022 0.738429
vt 0.669400 0.737003
vt 0.663863 0.746192
vt 0.673783 0.730310
vt 0.681837 0.717467
vt 0.659465 0.744513
vt 0.661604 0.733648
vt 0.665626 0.711011
vt 0.663116 0.725901
vt 0.651595 0.725988
vt 0.653130 0.733814
vt 0.645288 0.736833
vt 0.648226 0.711268
vt 0.654763 0.744393
vt 0.632888 0.738584
vt 0.639543 0.742942
vt 0.640960 0.730399
vt 0.650724 0.744925
vt 0.613711 0.746657
vt 0.628490 0.749181
vt 0.620149 0.730570
vt 0.648732 0.748436
vt 0.628545 0.760637
vt 0.647062 0.752859
vt 0.636195 0.750701
vt 0.620680 0.779801
vt 0.632884 0.771232
vt 0.636336 0.759142
vt 0.646912 0.757581
vt 0.645369 0.772734
vt 0.647407 0.761581
vt 0.650925 0.763618
vt 0.639309 0.766959
vt 0.655301 0.765312
vt 0.665610 0.798408
vt 0.640969 0.779321
vt 0.632933 0.791829
vt 0.653092 0.776149
vt 0.651786 0.758757
vt 0.652421 0.753926
vt 0.653689 0.749219
vt 0.656366 0.760051
vt 0.657397 0.754921
vt 0.658420 0.749787
vt 0.661097 0.760634
vt 0.663014 0.751073
vt 0.662378 0.755919
vt 0.628927 0.895251
vt 0.643064 0.909814
vt 0.626180 0.909712
vt 0.652723 0.878404
vt 0.641503 0.876358
vt 0.643519 0.872842
vt 0.639014 0.887493
vt 0.637453 0.876867
vt 0.646881 0.884490
vt 0.640507 0.895470
vt 0.645212 0.868404
vt 0.659407 0.882873
vt 0.659798 0.904130
vt 0.651111 0.890902
vt 0.656018 0.862073
vt 0.645364 0.863654
vt 0.656154 0.870598
vt 0.663951 0.872165
vt 0.672459 0.891252
vt 0.644860 0.859631
vt 0.663908 0.860552
vt 0.679045 0.874757
vt 0.653000 0.854188
vt 0.659476 0.849835
vt 0.678777 0.857157
vt 0.646853 0.848409
vt 0.641317 0.857598
vt 0.651237 0.841716
vt 0.671840 0.841043
vt 0.636918 0.855919
vt 0.639058 0.845054
vt 0.640570 0.837307
vt 0.659291 0.828873
vt 0.629049 0.837394
vt 0.630584 0.845220
vt 0.622742 0.848239
vt 0.643080 0.822417
vt 0.632217 0.855799
vt 0.610342 0.849990
vt 0.616997 0.854348
vt 0.618413 0.841805
vt 0.625680 0.822674
vt 0.628178 0.856331
vt 0.591165 0.858062
vt 0.605943 0.860587
vt 0.597602 0.841976
vt 0.626186 0.859842
vt 0.605999 0.872043
vt 0.624516 0.864265
vt 0.613649 0.862107
vt 0.598134 0.891207
vt 0.610337 0.882638
vt 0.613790 0.870548
vt 0.624366 0.868987
vt 0.622823 0.884139
vt 0.624861 0.872987
vt 0.628379 0.875024
vt 0.616763 0.878365
vt 0.632755 0.876717
vt 0.618423 0.890727
vt 0.630546 0.887554
vt 0.629240 0.870163
vt 0.629875 0.865332
vt 0.631143 0.860625
vt 0.633820 0.871457
vt 0.634851 0.866326
vt 0.635874 0.861192
vt 0.638551 0.872039
vt 0.640467 0.862479
vt 0.639832 0.867324
vt 0.912747 0.198965
vt 0.926884 0.213528
vt 0.910000 0.213425
vt 0.936543 0.182117
vt 0.925323 0.180071
vt 0.927339 0.176556
vt 0.922833 0.191207
vt 0.921273 0.180581
vt 0.930700 0.188204
vt 0.924327 0.199183
vt 0.929032 0.172118
vt 0.943227 0.186586
vt 0.956279 0.194965
vt 0.934930 0.194615
vt 0.939838 0.165787
vt 0.929184 0.167368
vt 0.939974 0.174312
vt 0.962865 0.178471
vt 0.947771 0.175878
vt 0.928680 0.163345
vt 0.947728 0.164265
vt 0.962597 0.160871
vt 0.936820 0.157902
vt 0.955660 0.144756
vt 0.943296 0.153549
vt 0.930673 0.152122
vt 0.925137 0.161311
vt 0.935056 0.145429
vt 0.920738 0.159633
vt 0.922878 0.148767
vt 0.924389 0.141021
vt 0.943111 0.132587
vt 0.912869 0.141107
vt 0.914404 0.148934
vt 0.906562 0.151952
vt 0.926899 0.126131
vt 0.916037 0.159512
vt 0.894162 0.153704
vt 0.900816 0.158062
vt 0.902233 0.145518
vt 0.909499 0.126387
vt 0.911998 0.160044
vt 0.874984 0.161776
vt 0.889763 0.164301
vt 0.893518 0.133249
vt 0.910005 0.163556
vt 0.889818 0.175757
vt 0.908335 0.167978
vt 0.897468 0.165821
vt 0.881954 0.194920
vt 0.894157 0.186352
vt 0.897610 0.174262
vt 0.908185 0.172701
vt 0.906643 0.187853
vt 0.908681 0.176701
vt 0.912199 0.178738
vt 0.900583 0.182078
vt 0.916575 0.180431
vt 0.943617 0.207843
vt 0.902243 0.194441
vt 0.914366 0.191268
vt 0.913059 0.173877
vt 0.913694 0.169046
vt 0.914963 0.164339
vt 0.917640 0.175170
vt 0.918671 0.170040
vt 0.919694 0.164906
vt 0.922370 0.175753
vt 0.924287 0.166192
vt 0.923652 0.171038
vt 0.035994 0.976025
vt 0.050321 0.961783
vt 0.038741 0.961564
vt 0.051318 0.942671
vt 0.062537 0.944717
vt 0.053333 0.939155
vt 0.048828 0.953807
vt 0.056695 0.950803
vt 0.060925 0.957215
vt 0.055027 0.934717
vt 0.065969 0.936911
vt 0.069222 0.949186
vt 0.069612 0.970443
vt 0.082274 0.957565
vt 0.065833 0.928386
vt 0.055178 0.929968
vt 0.073766 0.938478
vt 0.088859 0.941070
vt 0.054674 0.925945
vt 0.062814 0.920501
vt 0.073723 0.926865
vt 0.088592 0.923470
vt 0.069290 0.916148
vt 0.081654 0.907356
vt 0.056668 0.914722
vt 0.051131 0.923911
vt 0.061051 0.908029
vt 0.069105 0.895186
vt 0.046733 0.922232
vt 0.048872 0.911367
vt 0.050384 0.903620
vt 0.052894 0.888731
vt 0.038863 0.903707
vt 0.040398 0.911533
vt 0.032556 0.914552
vt 0.028228 0.908118
vt 0.035494 0.888987
vt 0.042031 0.922112
vt 0.020156 0.916303
vt 0.026811 0.920661
vt 0.019512 0.895848
vt 0.037992 0.922644
vt 0.015758 0.926900
vt 0.007417 0.908289
vt 0.000979 0.924375
vt 0.036000 0.926155
vt 0.015813 0.938356
vt 0.001194 0.941649
vt 0.034330 0.930578
vt 0.023463 0.928420
vt 0.007948 0.957520
vt 0.020152 0.948951
vt 0.023604 0.936862
vt 0.034180 0.935300
vt 0.034675 0.939300
vt 0.032637 0.950453
vt 0.038193 0.941337
vt 0.026577 0.944678
vt 0.042569 0.943031
vt 0.040360 0.953867
vt 0.028237 0.957040
vt 0.020201 0.969548
vt 0.039054 0.936476
vt 0.039689 0.931645
vt 0.040957 0.926938
vt 0.043634 0.937770
vt 0.044665 0.932639
vt 0.045688 0.927506
vt 0.047267 0.943180
vt 0.048365 0.938353
vt 0.050282 0.928792
vt 0.049646 0.933637
vt 0.181978 0.956259
vt 0.196115 0.970822
vt 0.179230 0.970720
vt 0.205773 0.939411
vt 0.194554 0.937366
vt 0.196569 0.933850
vt 0.192064 0.948501
vt 0.190503 0.937875
vt 0.199931 0.945498
vt 0.193557 0.956477
vt 0.198263 0.929412
vt 0.212458 0.943881
vt 0.212848 0.965137
vt 0.204161 0.951910
vt 0.209069 0.923081
vt 0.198414 0.924662
vt 0.209205 0.931606
vt 0.232095 0.935765
vt 0.217002 0.933173
vt 0.197910 0.920639
vt 0.216959 0.921560
vt 0.231828 0.918165
vt 0.206051 0.915196
vt 0.212527 0.910843
vt 0.199904 0.909416
vt 0.194367 0.918606
vt 0.204287 0.902723
vt 0.212341 0.889881
vt 0.189969 0.916927
vt 0.192108 0.906061
vt 0.193620 0.898315
vt 0.182099 0.898402
vt 0.183634 0.906228
vt 0.175792 0.909247
vt 0.196130 0.883425
vt 0.185267 0.916807
vt 0.163392 0.910998
vt 0.170047 0.915356
vt 0.171464 0.902813
vt 0.178730 0.883682
vt 0.181228 0.917339
vt 0.144215 0.919070
vt 0.158994 0.921595
vt 0.162748 0.890543
vt 0.179236 0.920850
vt 0.144430 0.936344
vt 0.159049 0.933051
vt 0.177566 0.925272
vt 0.166699 0.923115
vt 0.151185 0.952215
vt 0.163388 0.943646
vt 0.166841 0.931556
vt 0.177416 0.929995
vt 0.175873 0.945147
vt 0.177911 0.933995
vt 0.181429 0.936032
vt 0.169814 0.939372
vt 0.185805 0.937726
vt 0.171473 0.951735
vt 0.183597 0.948562
vt 0.163437 0.964243
vt 0.182290 0.931171
vt 0.182925 0.926340
vt 0.184193 0.921633
vt 0.186870 0.932465
vt 0.187901 0.927334
vt 0.188924 0.922200
vt 0.191601 0.933047
vt 0.193518 0.923487
vt 0.192883 0.928332
vt 0.834141 0.605018
vt 0.819814 0.619261
vt 0.822561 0.604800
vt 0.846357 0.587953
vt 0.835137 0.585907
vt 0.837153 0.582391
vt 0.832648 0.597043
vt 0.831087 0.586416
vt 0.840515 0.594039
vt 0.838846 0.577953
vt 0.853041 0.592422
vt 0.866093 0.600801
vt 0.844745 0.600451
vt 0.849652 0.571622
vt 0.838998 0.573204
vt 0.849788 0.580147
vt 0.857585 0.581714
vt 0.838494 0.569181
vt 0.857542 0.570101
vt 0.872679 0.584306
vt 0.846634 0.563737
vt 0.853110 0.559384
vt 0.872411 0.566706
vt 0.840487 0.557958
vt 0.834951 0.567147
vt 0.844870 0.551264
vt 0.865474 0.550592
vt 0.830552 0.565468
vt 0.832692 0.554602
vt 0.834204 0.546856
vt 0.852925 0.538422
vt 0.822683 0.546943
vt 0.824218 0.554769
vt 0.816376 0.557788
vt 0.819314 0.532223
vt 0.825851 0.565348
vt 0.803976 0.559539
vt 0.810630 0.563897
vt 0.803332 0.539084
vt 0.812047 0.551354
vt 0.821812 0.565880
vt 0.784799 0.567611
vt 0.799577 0.570136
vt 0.791236 0.551525
vt 0.819820 0.569391
vt 0.785014 0.584885
vt 0.799633 0.581592
vt 0.818150 0.573814
vt 0.807283 0.571656
vt 0.791768 0.600756
vt 0.803971 0.592187
vt 0.807424 0.580097
vt 0.818000 0.578536
vt 0.816457 0.593688
vt 0.818495 0.582536
vt 0.822013 0.584573
vt 0.810397 0.587914
vt 0.826389 0.586267
vt 0.853431 0.613679
vt 0.812057 0.600276
vt 0.804020 0.612784
vt 0.824180 0.597103
vt 0.822873 0.579712
vt 0.823509 0.574881
vt 0.824777 0.570174
vt 0.827454 0.581006
vt 0.828485 0.575876
vt 0.829508 0.570741
vt 0.832185 0.581588
vt 0.834101 0.572028
vt 0.833466 0.576874
vt 0.200189 0.866292
vt 0.185862 0.880534
vt 0.188609 0.866074
vt 0.212405 0.849226
vt 0.201185 0.847180
vt 0.203201 0.843664
vt 0.198695 0.858316
vt 0.197135 0.847689
vt 0.206562 0.855313
vt 0.204894 0.839226
vt 0.219089 0.853695
vt 0.232141 0.862074
vt 0.210792 0.861724
vt 0.215700 0.832895
vt 0.205046 0.834477
vt 0.215836 0.841420
vt 0.223633 0.842987
vt 0.204542 0.830454
vt 0.223590 0.831374
vt 0.238727 0.845579
vt 0.212682 0.825011
vt 0.219158 0.820657
vt 0.238459 0.827979
vt 0.206535 0.819231
vt 0.200999 0.828420
vt 0.210918 0.812538
vt 0.231522 0.811865
vt 0.196600 0.826741
vt 0.198740 0.815876
vt 0.200252 0.808129
vt 0.218973 0.799696
vt 0.188731 0.808216
vt 0.190266 0.816042
vt 0.182424 0.819061
vt 0.185362 0.793496
vt 0.191899 0.826621
vt 0.170024 0.820812
vt 0.176678 0.825171
vt 0.169380 0.800357
vt 0.178095 0.812627
vt 0.187860 0.827153
vt 0.165625 0.831409
vt 0.157284 0.812798
vt 0.185867 0.830664
vt 0.165680 0.842865
vt 0.150846 0.828885
vt 0.184197 0.835087
vt 0.173330 0.832930
vt 0.170019 0.853460
vt 0.151061 0.846158
vt 0.173472 0.841371
vt 0.184048 0.839809
vt 0.182505 0.854962
vt 0.184543 0.843809
vt 0.188061 0.845846
vt 0.176445 0.849187
vt 0.192437 0.847540
vt 0.219479 0.874952
vt 0.178105 0.861549
vt 0.157816 0.862029
vt 0.190228 0.858377
vt 0.170068 0.874057
vt 0.188921 0.840985
vt 0.189557 0.836155
vt 0.190825 0.831447
vt 0.193502 0.842279
vt 0.194533 0.837149
vt 0.195556 0.832015
vt 0.198232 0.842862
vt 0.200149 0.833301
vt 0.199514 0.838147
vt 0.886222 0.074296
vt 0.900358 0.088859
vt 0.897801 0.074514
vt 0.898798 0.055403
vt 0.910017 0.057449
vt 0.900813 0.051887
vt 0.896308 0.066539
vt 0.904175 0.063535
vt 0.908405 0.069947
vt 0.902507 0.047449
vt 0.913449 0.049643
vt 0.916702 0.061918
vt 0.917092 0.083175
vt 0.929754 0.070297
vt 0.913313 0.041118
vt 0.902658 0.042700
vt 0.921246 0.051210
vt 0.936339 0.053802
vt 0.902154 0.038677
vt 0.910295 0.033233
vt 0.921203 0.039597
vt 0.936072 0.036202
vt 0.916771 0.028880
vt 0.929134 0.020088
vt 0.904148 0.027453
vt 0.898611 0.036643
vt 0.908531 0.020761
vt 0.916585 0.007918
vt 0.894213 0.034964
vt 0.896352 0.024099
vt 0.897864 0.016352
vt 0.900374 0.001462
vt 0.886343 0.016439
vt 0.887878 0.024265
vt 0.880036 0.027284
vt 0.875708 0.020850
vt 0.882974 0.001719
vt 0.889511 0.034844
vt 0.867636 0.029035
vt 0.874291 0.033394
vt 0.866992 0.008580
vt 0.885472 0.035376
vt 0.863238 0.039632
vt 0.854897 0.021021
vt 0.848459 0.037107
vt 0.883480 0.038887
vt 0.863293 0.051088
vt 0.848674 0.054381
vt 0.881810 0.043310
vt 0.870943 0.041152
vt 0.855428 0.070252
vt 0.867632 0.061683
vt 0.871085 0.049593
vt 0.881660 0.048032
vt 0.882155 0.052032
vt 0.880117 0.063184
vt 0.885673 0.054069
vt 0.874057 0.057410
vt 0.890049 0.055763
vt 0.887840 0.066599
vt 0.875717 0.069772
vt 0.867681 0.082280
vt 0.883474 0.088757
vt 0.886534 0.049208
vt 0.887169 0.044377
vt 0.888437 0.039670
vt 0.891115 0.050502
vt 0.892145 0.045372
vt 0.893168 0.040238
vt 0.894747 0.055912
vt 0.895845 0.051085
vt 0.897762 0.041524
vt 0.897126 0.046370
vt 0.570572 0.826286
vt 0.584709 0.840849
vt 0.567824 0.840746
vt 0.594368 0.809438
vt 0.583148 0.807392
vt 0.585163 0.803877
vt 0.580658 0.818528
vt 0.579098 0.807902
vt 0.588525 0.815525
vt 0.582151 0.826504
vt 0.586857 0.799438
vt 0.601052 0.813907
vt 0.601442 0.835164
vt 0.592755 0.821936
vt 0.597663 0.793107
vt 0.587008 0.794689
vt 0.597799 0.801633
vt 0.605596 0.803199
vt 0.614104 0.822286
vt 0.586504 0.790666
vt 0.605553 0.791586
vt 0.620690 0.805792
vt 0.594645 0.785223
vt 0.613484 0.772077
vt 0.601121 0.780869
vt 0.588498 0.779443
vt 0.582961 0.788632
vt 0.592881 0.772750
vt 0.600935 0.759908
vt 0.578563 0.786954
vt 0.580702 0.776088
vt 0.582214 0.768342
vt 0.570693 0.768428
vt 0.572228 0.776254
vt 0.564386 0.779273
vt 0.584724 0.753452
vt 0.573861 0.786833
vt 0.551986 0.781024
vt 0.558641 0.785383
vt 0.560058 0.772839
vt 0.567324 0.753708
vt 0.569822 0.787365
vt 0.532809 0.789097
vt 0.547588 0.791621
vt 0.551342 0.760570
vt 0.567830 0.790876
vt 0.533024 0.806371
vt 0.547643 0.803077
vt 0.566160 0.795299
vt 0.555293 0.793142
vt 0.551982 0.813672
vt 0.555435 0.801583
vt 0.566010 0.800021
vt 0.564468 0.815174
vt 0.566506 0.804022
vt 0.570023 0.806059
vt 0.558408 0.809399
vt 0.574399 0.807752
vt 0.560067 0.821762
vt 0.552031 0.834269
vt 0.572191 0.818589
vt 0.570884 0.801198
vt 0.571519 0.796367
vt 0.572788 0.791660
vt 0.575465 0.802491
vt 0.576496 0.797361
vt 0.577518 0.792227
vt 0.580195 0.803074
vt 0.582112 0.793513
vt 0.581477 0.798359
vt 0.807616 0.073188
vt 0.793288 0.087431
vt 0.796036 0.072970
vt 0.819832 0.056122
vt 0.808612 0.054077
vt 0.810628 0.050561
vt 0.806122 0.065212
vt 0.804562 0.054586
vt 0.813989 0.062209
vt 0.812321 0.046123
vt 0.826516 0.060591
vt 0.826906 0.081848
vt 0.818219 0.068621
vt 0.823127 0.039792
vt 0.812473 0.041373
vt 0.823263 0.048317
vt 0.831060 0.049883
vt 0.839568 0.068970
vt 0.811969 0.037350
vt 0.831017 0.038270
vt 0.846154 0.052476
vt 0.820109 0.031907
vt 0.838949 0.018761
vt 0.826585 0.027554
vt 0.813962 0.026127
vt 0.808425 0.035317
vt 0.818345 0.019434
vt 0.804027 0.033638
vt 0.806167 0.022772
vt 0.810188 0.000136
vt 0.807679 0.015026
vt 0.796158 0.015113
vt 0.797693 0.022939
vt 0.789851 0.025958
vt 0.792788 0.000392
vt 0.799326 0.033518
vt 0.777451 0.027709
vt 0.784105 0.032067
vt 0.776807 0.007254
vt 0.785522 0.019524
vt 0.795287 0.034049
vt 0.758273 0.035781
vt 0.773052 0.038306
vt 0.764711 0.019695
vt 0.793294 0.037561
vt 0.758488 0.053055
vt 0.773107 0.049762
vt 0.791624 0.041984
vt 0.780757 0.039826
vt 0.765243 0.068926
vt 0.777446 0.060357
vt 0.780899 0.048267
vt 0.791474 0.046706
vt 0.789932 0.061858
vt 0.791970 0.050706
vt 0.795487 0.052743
vt 0.783872 0.056083
vt 0.799864 0.054436
vt 0.810173 0.087533
vt 0.785532 0.068446
vt 0.777495 0.080954
vt 0.797655 0.065273
vt 0.796348 0.047882
vt 0.796984 0.043051
vt 0.798252 0.038344
vt 0.800929 0.049175
vt 0.801960 0.044045
vt 0.802983 0.038911
vt 0.805659 0.049758
vt 0.807576 0.040197
vt 0.806941 0.045043
vt 0.462788 0.802631
vt 0.448461 0.816873
vt 0.451208 0.802413
vt 0.475004 0.785565
vt 0.463784 0.783520
vt 0.465800 0.780004
vt 0.461295 0.794655
vt 0.459734 0.784029
vt 0.469162 0.791652
vt 0.467493 0.775566
vt 0.481689 0.790034
vt 0.482079 0.811291
vt 0.473392 0.798063
vt 0.478300 0.769235
vt 0.467645 0.770816
vt 0.478435 0.777760
vt 0.486232 0.779326
vt 0.494741 0.798413
vt 0.467141 0.766793
vt 0.486189 0.767713
vt 0.501326 0.781919
vt 0.475281 0.761350
vt 0.494121 0.748204
vt 0.481757 0.756997
vt 0.469135 0.755570
vt 0.463598 0.764760
vt 0.473518 0.748877
vt 0.459199 0.763081
vt 0.461339 0.752215
vt 0.465361 0.729579
vt 0.462851 0.744469
vt 0.451330 0.744555
vt 0.452865 0.752382
vt 0.445023 0.755400
vt 0.447961 0.729835
vt 0.454498 0.762961
vt 0.432623 0.757152
vt 0.439278 0.761510
vt 0.440694 0.748967
vt 0.450459 0.763492
vt 0.413446 0.765224
vt 0.428224 0.767749
vt 0.419883 0.749137
vt 0.448467 0.767004
vt 0.413661 0.782498
vt 0.428280 0.779205
vt 0.446797 0.771426
vt 0.435930 0.769269
vt 0.420415 0.798369
vt 0.432619 0.789800
vt 0.436071 0.777710
vt 0.446647 0.776149
vt 0.445104 0.791301
vt 0.447142 0.780149
vt 0.450660 0.782186
vt 0.439044 0.785526
vt 0.455036 0.783879
vt 0.440704 0.797889
vt 0.432668 0.810397
vt 0.452827 0.794716
vt 0.451521 0.777325
vt 0.452156 0.772494
vt 0.453424 0.767787
vt 0.456101 0.778618
vt 0.457132 0.773488
vt 0.458155 0.768354
vt 0.460832 0.779201
vt 0.462748 0.769640
vt 0.462113 0.774486
vt 0.492322 0.881989
vt 0.506459 0.896552
vt 0.503902 0.882207
vt 0.504899 0.863095
vt 0.516118 0.865141
vt 0.506914 0.859580
vt 0.502409 0.874231
vt 0.510276 0.871228
vt 0.514506 0.877639
vt 0.508608 0.855141
vt 0.519550 0.857336
vt 0.522803 0.869610
vt 0.523193 0.890867
vt 0.535855 0.877989
vt 0.519414 0.848810
vt 0.508759 0.850392
vt 0.527347 0.858902
vt 0.542440 0.861495
vt 0.508255 0.846369
vt 0.516395 0.840926
vt 0.527303 0.847289
vt 0.542173 0.843894
vt 0.522871 0.836572
vt 0.535235 0.827780
vt 0.510249 0.835146
vt 0.504712 0.844335
vt 0.514632 0.828453
vt 0.522686 0.815611
vt 0.500314 0.842657
vt 0.502453 0.831791
vt 0.503965 0.824045
vt 0.506475 0.809155
vt 0.492444 0.824131
vt 0.493979 0.831957
vt 0.486137 0.834976
vt 0.481808 0.828542
vt 0.489075 0.809411
vt 0.495612 0.842536
vt 0.473737 0.836727
vt 0.480392 0.841086
vt 0.473093 0.816273
vt 0.491573 0.843068
vt 0.469338 0.847324
vt 0.460998 0.828713
vt 0.454560 0.844800
vt 0.489581 0.846579
vt 0.469394 0.858780
vt 0.454775 0.862074
vt 0.487911 0.851002
vt 0.477044 0.848845
vt 0.473733 0.869375
vt 0.461529 0.877944
vt 0.477185 0.857286
vt 0.487761 0.855724
vt 0.488256 0.859725
vt 0.486218 0.870877
vt 0.491774 0.861762
vt 0.480158 0.865102
vt 0.496150 0.863455
vt 0.493941 0.874292
vt 0.481818 0.877465
vt 0.473782 0.889973
vt 0.489575 0.896449
vt 0.492635 0.856901
vt 0.493270 0.852070
vt 0.494538 0.847363
vt 0.497215 0.858194
vt 0.498246 0.853064
vt 0.499269 0.847930
vt 0.500848 0.863605
vt 0.501946 0.858777
vt 0.503863 0.849216
vt 0.503227 0.854062
vt 0.830519 0.453607
vt 0.844656 0.468170
vt 0.827771 0.468067
vt 0.854315 0.436759
vt 0.843095 0.434713
vt 0.845110 0.431198
vt 0.840605 0.445849
vt 0.839044 0.435223
vt 0.848472 0.442846
vt 0.842098 0.453825
vt 0.846804 0.426759
vt 0.860999 0.441228
vt 0.861389 0.462485
vt 0.852702 0.449257
vt 0.857610 0.420428
vt 0.846955 0.422010
vt 0.857746 0.428954
vt 0.880637 0.433113
vt 0.865543 0.430520
vt 0.846451 0.417987
vt 0.865500 0.418907
vt 0.854592 0.412544
vt 0.861068 0.408190
vt 0.880369 0.415512
vt 0.848445 0.406764
vt 0.842908 0.415953
vt 0.852828 0.400071
vt 0.873431 0.399398
vt 0.838510 0.414275
vt 0.840649 0.403409
vt 0.842161 0.395663
vt 0.860882 0.387229
vt 0.830640 0.395749
vt 0.832175 0.403575
vt 0.824333 0.406594
vt 0.844671 0.380773
vt 0.833808 0.414154
vt 0.811933 0.408345
vt 0.818588 0.412704
vt 0.820005 0.400160
vt 0.827271 0.381029
vt 0.829769 0.414686
vt 0.792756 0.416418
vt 0.807535 0.418942
vt 0.799194 0.400331
vt 0.827777 0.418197
vt 0.792971 0.433692
vt 0.807590 0.430398
vt 0.826107 0.422620
vt 0.815240 0.420463
vt 0.799725 0.449562
vt 0.811929 0.440993
vt 0.815381 0.428904
vt 0.825957 0.427342
vt 0.824415 0.442495
vt 0.826452 0.431343
vt 0.829970 0.433380
vt 0.818355 0.436720
vt 0.834346 0.435073
vt 0.820014 0.449083
vt 0.832138 0.445910
vt 0.830831 0.428519
vt 0.831466 0.423688
vt 0.832734 0.418980
vt 0.835412 0.429812
vt 0.836442 0.424682
vt 0.837465 0.419548
vt 0.840142 0.430395
vt 0.842059 0.420834
vt 0.841423 0.425680
vt 0.842098 0.695204
vt 0.827771 0.709446
vt 0.830519 0.694986
vt 0.854315 0.678138
vt 0.843095 0.676093
vt 0.845110 0.672577
vt 0.840605 0.687228
vt 0.839045 0.676602
vt 0.848472 0.684225
vt 0.846804 0.668139
vt 0.860999 0.682607
vt 0.861389 0.703864
vt 0.852702 0.690636
vt 0.857610 0.661808
vt 0.846955 0.663389
vt 0.857746 0.670333
vt 0.865543 0.671899
vt 0.874051 0.690986
vt 0.846451 0.659366
vt 0.865500 0.660286
vt 0.880637 0.674492
vt 0.854592 0.653923
vt 0.861068 0.649570
vt 0.880369 0.656892
vt 0.848445 0.648143
vt 0.842908 0.657333
vt 0.852828 0.641450
vt 0.873431 0.640777
vt 0.838510 0.655654
vt 0.840649 0.644788
vt 0.844671 0.622152
vt 0.842161 0.637042
vt 0.830640 0.637128
vt 0.832175 0.644955
vt 0.824333 0.647973
vt 0.827271 0.622408
vt 0.833808 0.655534
vt 0.811933 0.649725
vt 0.818588 0.654083
vt 0.811289 0.629270
vt 0.820005 0.641540
vt 0.829769 0.656065
vt 0.792756 0.657797
vt 0.807535 0.660322
vt 0.799194 0.641710
vt 0.827777 0.659577
vt 0.792971 0.675071
vt 0.807590 0.671778
vt 0.826107 0.663999
vt 0.815240 0.661842
vt 0.799726 0.690942
vt 0.811929 0.682373
vt 0.815381 0.670283
vt 0.825957 0.668722
vt 0.824415 0.683874
vt 0.826453 0.672722
vt 0.829970 0.674759
vt 0.818355 0.678099
vt 0.834346 0.676452
vt 0.844656 0.709549
vt 0.820014 0.690462
vt 0.811978 0.702970
vt 0.832138 0.687289
vt 0.830831 0.669898
vt 0.831466 0.665067
vt 0.832735 0.660360
vt 0.835412 0.671191
vt 0.836442 0.666061
vt 0.837465 0.660927
vt 0.840142 0.671774
vt 0.842059 0.662213
vt 0.841424 0.667059
vt 0.812921 0.368944
vt 0.798594 0.383186
vt 0.801341 0.368726
vt 0.825137 0.351878
vt 0.813917 0.349833
vt 0.815933 0.346317
vt 0.811427 0.360968
vt 0.809867 0.350342
vt 0.819294 0.357965
vt 0.817626 0.341879
vt 0.831821 0.356347
vt 0.832211 0.377604
vt 0.823524 0.364376
vt 0.828432 0.335548
vt 0.817778 0.337129
vt 0.828568 0.344073
vt 0.836365 0.345639
vt 0.844873 0.364726
vt 0.817274 0.333106
vt 0.836322 0.334026
vt 0.851459 0.348232
vt 0.825414 0.327663
vt 0.831890 0.323310
vt 0.851191 0.330632
vt 0.819267 0.321883
vt 0.813731 0.331073
vt 0.823650 0.315190
vt 0.844254 0.314517
vt 0.809332 0.329394
vt 0.811472 0.318528
vt 0.815494 0.295892
vt 0.812984 0.310782
vt 0.801463 0.310868
vt 0.802998 0.318695
vt 0.795156 0.321714
vt 0.804631 0.329274
vt 0.782756 0.323465
vt 0.789410 0.327823
vt 0.782112 0.303010
vt 0.790827 0.315280
vt 0.800592 0.329805
vt 0.763578 0.331537
vt 0.778357 0.334062
vt 0.770016 0.315451
vt 0.798599 0.333317
vt 0.763794 0.348811
vt 0.778413 0.345518
vt 0.796929 0.337739
vt 0.786062 0.335582
vt 0.782751 0.356113
vt 0.786204 0.344023
vt 0.796779 0.342462
vt 0.795237 0.357614
vt 0.797275 0.346462
vt 0.800793 0.348499
vt 0.789177 0.351839
vt 0.805169 0.350192
vt 0.815478 0.383289
vt 0.790837 0.364202
vt 0.770548 0.364682
vt 0.802960 0.361029
vt 0.801653 0.343638
vt 0.802289 0.338807
vt 0.803557 0.334100
vt 0.806234 0.344931
vt 0.807265 0.339801
vt 0.808288 0.334667
vt 0.810964 0.345514
vt 0.812881 0.335953
vt 0.812246 0.340799
vt 0.420704 0.937692
vt 0.434841 0.952255
vt 0.432284 0.937910
vt 0.433281 0.918798
vt 0.444500 0.920844
vt 0.435296 0.915283
vt 0.430791 0.929934
vt 0.438658 0.926931
vt 0.442888 0.933342
vt 0.436990 0.910844
vt 0.447931 0.913039
vt 0.451185 0.925313
vt 0.464237 0.933692
vt 0.447796 0.904513
vt 0.437141 0.906095
vt 0.455728 0.914605
vt 0.470822 0.917198
vt 0.436637 0.902072
vt 0.444777 0.896629
vt 0.455685 0.902992
vt 0.470555 0.899597
vt 0.451253 0.892275
vt 0.463617 0.883483
vt 0.438631 0.890849
vt 0.433094 0.900038
vt 0.443014 0.884156
vt 0.451068 0.871314
vt 0.428695 0.898359
vt 0.430835 0.887494
vt 0.432347 0.879747
vt 0.434857 0.864858
vt 0.420826 0.879834
vt 0.422361 0.887660
vt 0.414519 0.890679
vt 0.410190 0.884245
vt 0.417457 0.865114
vt 0.423994 0.898239
vt 0.402119 0.892430
vt 0.408774 0.896789
vt 0.401475 0.871975
vt 0.419955 0.898771
vt 0.397720 0.903027
vt 0.389380 0.884416
vt 0.382942 0.900503
vt 0.417963 0.902282
vt 0.383157 0.917776
vt 0.397776 0.914483
vt 0.416293 0.906705
vt 0.405426 0.904548
vt 0.389911 0.933647
vt 0.402115 0.925078
vt 0.405567 0.912989
vt 0.416143 0.911427
vt 0.416638 0.915427
vt 0.414600 0.926580
vt 0.420156 0.917464
vt 0.408540 0.920805
vt 0.424532 0.919158
vt 0.422323 0.929995
vt 0.451575 0.946570
vt 0.410200 0.933167
vt 0.402164 0.945675
vt 0.417957 0.952152
vt 0.421017 0.912603
vt 0.421652 0.907772
vt 0.422920 0.903065
vt 0.425597 0.913897
vt 0.426628 0.908767
vt 0.427651 0.903633
vt 0.429230 0.919307
vt 0.430328 0.914480
vt 0.432244 0.904919
vt 0.431609 0.909765
vt 0.511273 0.430409
vt 0.478711 0.343576
vt 0.511273 0.343576
vt 0.447125 0.430409
vt 0.478711 0.430409
vt 0.545640 0.174675
vt 0.578249 0.087716
vt 0.578249 0.174675
vt 0.513982 0.174675
vt 0.545640 0.087716
vt 0.710875 0.174830
vt 0.678235 0.087791
vt 0.710875 0.087791
vt 0.646536 0.174831
vt 0.678235 0.174830
vt 0.610650 0.560542
vt 0.643236 0.473646
vt 0.643236 0.560542
vt 0.578971 0.560542
vt 0.610650 0.473646
vt 0.452149 0.174279
vt 0.484748 0.087348
vt 0.484748 0.174279
vt 0.419550 0.174279
vt 0.452149 0.087348
vt 0.613361 0.173813
vt 0.644562 0.087216
vt 0.644562 0.173813
vt 0.580887 0.173813
vt 0.613361 0.087216
vt 0.708223 0.432058
vt 0.676628 0.345547
vt 0.708223 0.345547
vt 0.676628 0.432057
vt 0.644941 0.345547
vt 0.576923 0.493316
vt 0.544349 0.406452
vt 0.576923 0.406452
vt 0.512644 0.493316
vt 0.544349 0.493316
vt 0.511273 0.511710
vt 0.512644 0.406452
vt 0.544349 0.319589
vt 0.544349 0.578249
vt 0.576923 0.319589
vt 0.676628 0.259037
vt 0.676628 0.515988
vt 0.644941 0.432058
vt 0.708223 0.259037
vt 0.580887 0.000619
vt 0.613361 0.000619
vt 0.580887 0.258556
vt 0.644562 0.000619
vt 0.644562 0.256003
vt 0.419550 0.087348
vt 0.452149 0.000418
vt 0.452149 0.255838
vt 0.484748 0.000418
vt 0.484748 0.253618
vt 0.578971 0.473646
vt 0.610650 0.386750
vt 0.610650 0.644562
vt 0.643236 0.386750
vt 0.646535 0.087791
vt 0.678235 0.000751
vt 0.678235 0.254642
vt 0.710875 0.000751
vt 0.513982 0.087716
vt 0.545640 0.000758
vt 0.545640 0.256259
vt 0.578249 0.000758
vt 0.447125 0.343576
vt 0.478711 0.256743
vt 0.478711 0.517241
vt 0.511273 0.256743
vt 0.582185 0.173813
vt 0.705958 0.432058
vt 0.576923 0.578249
vt 0.706690 0.345547
vt 0.707046 0.518471
vt 0.583209 0.000619
vt 0.580887 0.087216
vt 0.583209 0.258560
vt 0.613361 0.258621
vt 0.643236 0.644562
vt 0.710875 0.254642
vt 0.578249 0.258621
vt 0.646535 0.000751
vt 0.375102 0.751867
vt 0.341389 0.750890
vt 0.375099 0.744171
vt 0.636605 0.312097
vt 0.602258 0.312390
vt 0.602386 0.304695
vt 0.646535 0.254642
vt 0.513982 0.000758
vt 0.708223 0.518568
vt 0.580902 0.300094
vt 0.546527 0.301755
vt 0.546346 0.294061
vt 0.568859 0.310785
vt 0.512644 0.319589
vt 0.513982 0.258621
vt 0.513066 0.301498
vt 0.447125 0.256743
vt 0.583554 0.274438
vt 0.548898 0.276811
vt 0.548590 0.269116
vt 0.447125 0.517241
vt 0.512644 0.578249
vt 0.068966 0.741154
vt 0.034436 0.743623
vt 0.034242 0.735923
vt 0.514450 0.277638
vt 0.644941 0.259037
vt 0.001163 0.743127
vt 0.067639 0.753536
vt 0.034502 0.755096
vt 0.034483 0.747400
vt 0.419550 0.000418
vt 0.644941 0.515988
vt 0.580902 0.262984
vt 0.546599 0.266268
vt 0.545956 0.258590
vt 0.003991 0.761273
vt 0.000145 0.754190
vt 0.419550 0.258621
vt 0.513211 0.268446
vt 0.578971 0.386750
vt 0.577809 0.298408
vt 0.548016 0.282310
vt 0.580902 0.291266
vt 0.409814 0.751062
vt 0.578971 0.644562
vt 0.547563 0.289998
vt 0.514086 0.287115
vt 0.544893 0.764942
vt 0.748221 0.742224
vt 0.709700 0.255647
vt 0.756409 0.105910
vt 0.970822 0.164456
vt 0.788925 0.764942
vt 0.378195 0.742224
vt 0.712353 0.001005
vt 0.753757 0.360552
vt 0.962865 0.352785
vt 0.368128 0.142140
vt 0.365741 0.209332
vt 0.054606 0.209292
vt 0.262077 0.208044
vt 0.158264 0.208031
vt 0.054807 0.141183
vt 0.159578 0.140416
vt 0.263345 0.140880
vt 0.106913 0.204948
vt 0.211201 0.204778
vt 0.003025 0.273873
vt 0.315417 0.205910
vt 0.415305 0.206233
vt 0.106373 0.272109
vt 0.209439 0.271465
vt 0.312507 0.272099
vt 0.415863 0.273873
vt 0.002341 0.206233
vt 0.367897 0.067456
vt 0.053528 0.071265
vt 0.363499 0.071304
vt 0.156922 0.070088
vt 0.260190 0.070101
vt 0.055871 0.067464
vt 0.160363 0.068583
vt 0.263683 0.068487
vt 0.000245 0.032798
vt 0.418435 0.105606
vt 0.315476 0.369912
vt 0.000448 0.304158
vt 0.104048 0.488089
vt 0.320687 0.865115
vt 0.284990 0.830375
vt 0.233075 0.866020
vt 0.815493 0.764062
vt 0.763578 0.799707
vt 0.149913 0.899209
vt 0.120533 0.830375
vt 0.068618 0.866020
vt 0.135106 0.819629
vt 0.163882 0.750857
vt 0.089645 0.751790
vt 0.083422 0.785150
vt 0.312841 0.742842
vt 0.260926 0.778487
vt 0.847324 0.082364
vt 0.795409 0.118009
vt 0.567467 0.962865
vt 0.876486 0.917772
vt 0.905262 0.849000
vt 0.831024 0.849933
vt 0.824802 0.883294
vt 0.628693 0.716185
vt 0.628073 0.665976
vt 0.599313 0.647351
vt 0.547613 0.700270
vt 0.876084 0.191175
vt 0.814630 0.253368
vt 0.052878 0.856764
vt 0.911186 0.773214
vt 0.898018 0.710836
vt 0.829891 0.740025
vt 0.836861 0.773170
vt 0.909135 0.539408
vt 0.928114 0.492436
vt 0.875017 0.457952
vt 0.847471 0.526485
vt 0.911787 0.331185
vt 0.877669 0.249729
vt 0.752742 0.798602
vt 0.690600 0.787095
vt 0.679036 0.848767
vt 0.410461 0.866994
vt 0.409954 0.791738
vt 0.348797 0.854071
vt 0.799055 0.930655
vt 0.818302 0.901282
vt 0.798548 0.855398
vt 0.730422 0.884588
vt 0.749644 0.929760
vt 0.695006 0.779846
vt 0.701324 0.745751
vt 0.632244 0.718129
vt 0.613926 0.763930
vt 0.609698 0.829535
vt 0.591380 0.875336
vt 0.610386 0.903235
vt 0.881422 0.145689
vt 0.875199 0.179050
vt 0.894206 0.206949
vt 0.052878 0.976127
vt 0.225510 0.952260
vt 0.224890 0.902050
vt 0.150653 0.902984
vt 0.836698 0.619363
vt 0.836714 0.531966
vt 0.202746 0.880637
vt 0.202762 0.793240
vt 0.620422 0.788191
vt 0.539247 0.773010
vt 0.539779 0.822241
vt 0.845886 0.034876
vt 0.826400 0.006592
vt 0.465345 0.816976
vt 0.501059 0.764319
vt 0.481572 0.736035
vt 0.431979 0.736697
vt 0.874051 0.449607
vt 0.811289 0.387891
vt 0.811978 0.461590
vt 0.860882 0.628608
vt 0.831705 0.302348
vt 0.798094 0.296148
vt 0.782800 0.376710
vt 0.342896 0.758447
vt 0.634976 0.319629
vt 0.579577 0.307685
vt 0.570236 0.318367
vt 0.514746 0.309019
vt 0.582307 0.282048
vt 0.067598 0.748744
vt 0.516210 0.285146
vt 0.002805 0.750663
vt 0.066130 0.761092
vt 0.580033 0.270650
vt 0.515342 0.275862
vt 0.408314 0.758621
vt 0.515167 0.294750
s 1
usemtl barrel
f 13/1/1 12/2/1 14/3/1
f 18/4/1 12/2/1 11/5/1
f 16/6/1 17/7/1 19/8/1
f 22/9/1 10/10/1 9/11/1
f 2/12/1 21/13/1 23/14/1
f 26/15/1 8/16/1 7/17/1
f 4/18/1 25/19/1 6/20/1
f 4/18/1 6/20/1 5/21/1
f 39/22/2 40/23/2 38/24/2
f 44/25/2 38/24/2 40/23/2
f 42/26/2 43/27/2 41/28/2
f 48/29/2 36/30/2 46/31/2
f 28/32/2 47/33/2 27/34/2
f 52/35/2 34/36/2 50/37/2
f 30/38/2 51/39/2 29/40/2
f 30/38/2 31/41/2 32/42/2
f 28/32/3 1/43/3 2/44/3
f 31/41/4 4/45/4 5/46/4
f 47/33/5 23/47/5 21/48/5
f 39/22/6 12/49/6 13/50/6
f 42/26/7 15/51/7 16/52/7
f 52/35/8 24/53/8 26/54/8
f 41/28/9 17/55/9 15/51/9
f 36/30/10 9/56/10 10/57/10
f 44/25/11 14/58/11 18/59/11
f 38/24/12 11/60/12 12/49/12
f 46/31/13 10/57/13 20/61/13
f 37/62/14 18/59/14 11/60/14
f 34/36/15 7/63/15 8/64/15
f 27/34/16 21/48/16 1/43/16
f 45/65/17 16/52/17 19/66/17
f 40/23/18 13/50/18 14/58/18
f 50/37/13 8/64/19 24/53/13
f 35/67/20 22/68/20 9/56/20
f 30/38/21 3/69/21 4/45/21
f 29/40/22 25/70/22 3/69/22
f 48/29/23 20/61/23 22/68/23
f 49/71/24 2/44/17 23/47/24
f 32/42/25 5/46/25 6/72/25
f 51/39/26 6/72/26 25/70/26
f 43/27/27 19/66/27 17/55/27
f 33/73/28 26/54/28 7/63/28
f 65/74/2 64/75/2 66/76/2
f 70/77/2 64/75/2 63/78/2
f 68/79/2 69/80/2 71/81/2
f 74/82/2 62/83/2 61/84/2
f 54/85/2 73/86/2 75/87/2
f 78/88/2 60/89/2 59/90/2
f 56/91/2 77/92/2 58/93/2
f 56/91/2 58/93/2 57/94/2
f 91/95/1 92/96/1 90/97/1
f 96/98/1 90/97/1 92/96/1
f 94/99/1 95/100/1 93/101/1
f 100/102/1 88/103/1 98/104/1
f 80/105/1 99/106/1 79/107/1
f 104/108/1 86/109/1 102/110/1
f 82/111/1 103/112/1 81/113/1
f 82/111/1 83/114/1 84/115/1
f 80/105/29 53/116/29 54/117/29
f 57/118/30 82/111/30 56/119/30
f 99/106/31 75/120/31 73/121/31
f 91/95/32 64/122/32 65/123/32
f 94/99/33 67/124/33 68/125/33
f 104/108/34 76/126/34 78/127/34
f 93/101/35 69/128/35 67/124/35
f 88/103/36 61/129/36 62/130/36
f 96/98/37 66/131/37 70/132/37
f 90/97/38 63/133/38 64/122/38
f 98/104/39 62/130/39 72/134/39
f 89/135/40 70/132/40 63/133/40
f 86/109/41 59/136/41 60/137/41
f 79/107/42 73/121/42 53/116/42
f 97/138/43 68/125/43 71/139/44
f 92/96/45 65/123/45 66/131/45
f 102/110/46 60/137/46 76/126/46
f 87/140/47 74/141/47 61/129/47
f 82/111/48 55/142/48 56/119/48
f 81/113/49 77/143/49 55/142/49
f 100/102/50 72/134/50 74/141/50
f 101/144/43 54/117/43 75/120/43
f 84/115/51 57/118/51 58/145/51
f 103/112/52 58/145/52 77/143/52
f 95/100/53 71/139/53 69/128/53
f 85/146/54 78/127/54 59/136/54
f 168/147/55 129/148/2 167/149/2
f 107/150/2 123/151/2 122/152/2
f 113/153/2 127/154/2 112/155/2
f 109/156/2 125/157/2 124/158/2
f 111/159/2 125/157/2 110/160/2
f 105/161/2 121/162/2 120/163/2
f 109/156/2 123/151/2 108/164/2
f 118/165/2 135/166/2 134/167/2
f 107/150/2 121/168/2 106/169/2
f 105/161/2 135/166/2 119/170/2
f 113/153/2 129/171/2 128/172/2
f 168/147/55 131/173/2 130/174/55
f 118/165/2 133/175/2 117/176/2
f 111/159/2 127/154/2 126/177/2
f 116/178/2 131/173/2 115/179/2
f 116/178/2 133/175/2 132/180/2
f 160/181/1 170/182/56 169/183/1
f 138/184/1 154/185/1 139/186/1
f 158/187/1 144/188/1 143/189/1
f 140/190/1 156/191/1 141/192/1
f 156/191/1 142/193/1 141/192/1
f 136/194/1 152/195/1 137/196/1
f 154/185/1 140/190/1 139/186/1
f 149/197/1 166/198/1 150/199/1
f 152/200/1 138/184/1 137/201/1
f 166/198/1 136/194/1 150/199/1
f 144/188/1 160/202/1 169/203/1
f 170/182/56 162/204/1 146/205/1
f 164/206/1 149/197/1 148/207/1
f 142/193/1 158/187/1 143/189/1
f 162/204/1 147/208/1 146/205/1
f 147/208/1 164/206/1 148/207/1
f 135/166/57 165/209/58 134/167/59
f 165/209/58 133/175/60 134/167/59
f 112/155/61 144/188/62 113/153/63
f 129/171/64 159/210/65 128/172/66
f 163/211/67 131/173/68 132/180/69
f 110/160/70 142/193/71 111/159/72
f 161/212/73 129/148/64 130/174/74
f 108/164/75 140/190/76 109/156/77
f 159/210/65 127/154/78 128/172/66
f 106/169/79 138/184/80 107/150/81
f 157/213/82 125/157/83 126/177/82
f 170/182/84 115/179/85 168/147/86
f 155/214/87 123/151/88 124/158/89
f 142/193/71 112/155/61 111/159/72
f 153/215/90 121/168/91 122/152/92
f 147/208/93 117/176/94 116/178/95
f 131/173/68 161/212/73 130/174/74
f 138/184/80 108/164/75 107/150/81
f 127/154/78 157/213/82 126/177/82
f 140/190/76 110/160/70 109/156/77
f 133/175/60 163/211/67 132/180/69
f 136/194/96 106/216/79 105/161/96
f 119/170/97 136/194/96 105/161/96
f 123/151/88 153/215/90 122/152/92
f 149/197/98 119/170/97 118/165/99
f 117/176/94 149/197/98 118/165/99
f 125/157/83 155/214/87 124/158/89
f 144/188/62 167/217/100 113/153/63
f 115/179/85 147/208/93 116/178/95
f 121/162/91 151/218/101 120/163/101
f 151/218/101 135/166/57 120/163/101
f 114/219/102 170/182/84 168/147/86
f 168/147/103 167/149/100 171/220/104
f 172/221/105 169/183/100 170/182/106
f 167/149/100 172/221/105 171/220/104
f 114/219/107 172/221/108 145/222/108
f 145/222/109 172/221/109 170/182/109
f 168/147/110 171/220/110 114/219/110
f 197/223/1 236/224/56 235/225/1
f 175/226/1 191/227/1 176/228/1
f 195/229/1 181/230/1 180/231/1
f 177/232/1 193/233/1 178/234/1
f 193/233/1 179/235/1 178/234/1
f 173/236/1 189/237/1 174/238/1
f 191/227/1 177/232/1 176/228/1
f 186/239/1 203/240/1 187/241/1
f 189/242/1 175/226/1 174/243/1
f 203/240/1 173/236/1 187/241/1
f 181/230/1 197/244/1 235/245/1
f 236/224/56 199/246/1 183/247/1
f 201/248/1 186/239/1 185/249/1
f 179/235/1 195/229/1 180/231/1
f 199/246/1 184/250/1 183/247/1
f 184/250/1 201/248/1 185/249/1
f 238/251/55 228/252/2 237/253/2
f 206/254/2 222/255/2 221/256/2
f 212/257/2 226/258/2 211/259/2
f 208/260/2 224/261/2 223/262/2
f 210/263/2 224/261/2 209/264/2
f 204/265/2 220/266/2 219/267/2
f 208/260/2 222/255/2 207/268/2
f 217/269/2 234/270/2 233/271/2
f 206/254/2 220/272/2 205/273/2
f 204/265/2 234/270/2 218/274/2
f 212/257/2 228/275/2 227/276/2
f 238/251/55 230/277/2 229/278/55
f 217/269/2 232/279/2 216/280/2
f 210/263/2 226/258/2 225/281/2
f 215/282/2 230/277/2 214/283/2
f 215/282/2 232/279/2 231/284/2
f 203/285/111 233/271/112 234/270/113
f 201/286/114 233/271/112 202/287/115
f 180/231/116 212/257/117 211/259/118
f 197/288/119 227/276/120 228/275/121
f 199/289/122 231/284/123 200/290/124
f 178/234/125 210/263/126 209/264/127
f 197/291/119 229/278/128 198/292/129
f 176/228/130 208/260/131 207/268/132
f 195/293/133 227/276/120 196/294/134
f 174/243/135 206/254/136 205/273/137
f 193/295/138 225/281/139 194/296/139
f 183/247/140 238/251/141 236/224/142
f 191/297/143 223/262/144 192/298/145
f 180/231/116 210/263/126 179/235/146
f 189/299/147 221/256/148 190/300/149
f 185/249/150 215/282/151 184/250/152
f 199/289/122 229/278/128 230/277/153
f 176/228/130 206/254/136 175/226/154
f 195/293/133 225/281/139 226/258/155
f 178/234/125 208/260/131 177/232/156
f 201/286/114 231/284/123 232/279/114
f 174/238/135 204/265/157 173/236/157
f 187/241/158 204/265/157 218/274/159
f 191/297/143 221/256/148 222/255/160
f 187/241/158 217/269/161 186/239/162
f 185/249/150 217/269/161 216/280/150
f 193/295/138 223/262/144 224/261/163
f 235/245/164 212/257/117 181/230/165
f 183/247/140 215/282/151 214/283/166
f 189/301/147 219/267/167 220/266/168
f 203/285/111 219/267/167 188/302/167
f 182/303/169 238/251/141 213/304/170
f 236/224/171 239/305/172 235/225/164
f 240/306/173 238/251/174 237/253/164
f 240/306/173 235/225/164 239/305/172
f 182/303/175 240/306/176 239/305/175
f 213/304/177 238/251/177 240/306/178
f 236/224/179 182/303/179 239/305/179
f 256/307/1 270/308/1 255/309/1
f 242/310/1 259/311/1 258/312/1
f 256/307/1 257/313/1 271/314/1
f 250/315/1 265/316/1 249/317/1
f 252/318/1 304/319/1 251/320/1
f 254/321/1 270/308/1 269/322/1
f 248/323/1 263/324/1 247/325/1
f 252/318/1 268/326/1 267/327/1
f 254/321/1 268/326/1 253/328/1
f 250/329/1 304/319/1 303/330/1
f 244/331/1 259/311/1 243/332/1
f 248/323/1 265/316/1 264/333/1
f 246/334/1 261/335/1 245/336/1
f 246/334/1 263/324/1 262/337/1
f 242/338/1 257/313/1 241/339/1
f 244/331/1 261/335/1 260/340/1
f 301/341/2 287/342/2 286/343/2
f 273/344/2 290/345/2 274/346/2
f 287/342/2 288/347/2 272/348/2
f 296/349/2 281/350/2 280/351/2
f 306/352/2 283/353/2 282/354/2
f 285/355/2 301/341/2 286/343/2
f 294/356/2 279/357/2 278/358/2
f 283/353/2 299/359/2 284/360/2
f 299/359/2 285/355/2 284/360/2
f 281/361/2 306/352/2 282/354/2
f 290/345/2 275/362/2 274/346/2
f 279/357/2 296/349/2 280/351/2
f 292/363/2 277/364/2 276/365/2
f 277/364/2 294/356/2 278/358/2
f 288/347/2 273/366/2 272/348/2
f 275/362/2 292/363/2 276/365/2
f 284/360/180 254/367/181 253/368/180
f 298/369/182 304/319/183 267/327/182
f 274/346/184 244/370/185 243/371/184
f 264/333/186 294/356/187 263/324/187
f 276/365/188 246/372/189 245/373/188
f 300/374/190 268/326/191 269/322/190
f 272/348/192 242/375/193 241/376/192
f 287/342/194 241/376/192 256/377/194
f 260/340/195 290/345/196 259/311/196
f 286/343/197 256/377/194 255/378/197
f 254/367/181 286/343/197 255/378/197
f 293/379/198 261/335/199 262/337/198
f 280/351/200 250/380/201 249/381/200
f 283/353/202 253/368/180 252/382/202
f 289/383/203 257/313/204 258/384/203
f 288/347/204 271/314/205 257/313/204
f 250/385/201 282/354/206 251/386/206
f 302/387/205 270/308/207 271/314/205
f 301/341/208 269/322/190 270/308/207
f 279/357/209 249/381/200 248/388/209
f 305/389/210 265/316/211 303/390/210
f 299/359/191 267/327/182 268/326/191
f 277/364/189 247/391/212 246/372/189
f 306/352/183 266/392/213 304/319/183
f 275/362/185 245/373/188 244/370/185
f 296/349/211 264/333/186 265/316/211
f 273/344/193 243/371/184 242/393/193
f 263/324/187 293/379/198 262/337/198
f 251/386/206 283/353/202 252/382/202
f 261/335/199 291/394/195 260/340/195
f 247/391/212 279/357/209 248/388/209
f 259/311/196 289/395/203 258/312/203
f 307/396/214 303/330/210 304/319/215
f 306/352/216 305/397/210 308/398/217
f 305/397/210 307/396/214 308/398/217
f 266/392/218 307/396/218 304/319/218
f 306/352/219 308/398/219 297/399/219
f 297/399/220 307/396/220 266/392/220
f 324/400/1 338/401/1 323/402/1
f 310/403/1 327/404/1 326/405/1
f 324/400/1 325/406/1 339/407/1
f 318/408/1 333/409/1 317/410/1
f 320/411/1 372/412/1 319/413/1
f 322/414/1 338/401/1 337/415/1
f 316/416/1 331/417/1 315/418/1
f 320/411/1 336/419/1 335/420/1
f 322/414/1 336/419/1 321/421/1
f 318/422/1 372/412/1 371/423/1
f 312/424/1 327/404/1 311/425/1
f 316/416/1 333/409/1 332/426/1
f 314/427/1 329/428/1 313/429/1
f 314/427/1 331/417/1 330/430/1
f 310/431/1 325/406/1 309/432/1
f 312/424/1 329/428/1 328/433/1
f 369/434/2 355/435/2 354/436/2
f 341/437/2 358/438/2 342/439/2
f 355/435/2 356/440/2 340/441/2
f 364/442/2 349/443/2 348/444/2
f 374/445/2 351/446/2 350/447/2
f 353/448/2 369/434/2 354/436/2
f 362/449/2 347/450/2 346/451/2
f 351/446/2 367/452/2 352/453/2
f 367/452/2 353/448/2 352/453/2
f 349/454/2 374/445/2 350/447/2
f 358/438/2 343/455/2 342/439/2
f 347/450/2 364/442/2 348/444/2
f 360/456/2 345/457/2 344/458/2
f 345/457/2 362/449/2 346/451/2
f 356/440/2 341/459/2 340/441/2
f 343/455/2 360/456/2 344/458/2
f 352/453/180 322/460/181 321/461/180
f 335/420/182 374/445/183 372/412/183
f 342/439/184 312/462/185 311/463/184
f 363/464/186 331/417/187 332/426/186
f 344/458/188 314/465/189 313/466/188
f 368/467/190 336/419/191 337/415/190
f 340/441/192 310/468/193 309/469/192
f 355/435/194 309/469/192 324/470/194
f 359/471/195 327/404/196 328/433/195
f 354/436/197 324/470/194 323/472/197
f 353/448/181 323/472/197 322/460/181
f 361/473/198 329/428/199 330/430/198
f 348/444/200 318/474/201 317/475/200
f 351/446/202 321/461/180 320/476/202
f 357/477/203 325/406/204 326/478/221
f 356/440/204 339/407/205 325/406/204
f 349/454/201 319/479/206 318/480/201
f 370/481/205 338/401/207 339/407/205
f 369/434/208 337/415/190 338/401/207
f 347/450/209 317/475/200 316/482/209
f 373/483/210 333/409/211 371/484/210
f 367/452/191 335/420/182 336/419/191
f 314/465/189 346/451/212 315/485/212
f 374/445/183 334/486/213 372/412/183
f 343/455/185 313/466/188 312/462/185
f 364/442/211 332/426/186 333/409/211
f 341/437/193 311/463/184 310/487/193
f 362/449/187 330/430/198 331/417/187
f 350/447/206 320/476/202 319/479/206
f 360/456/199 328/433/195 329/428/199
f 346/451/212 316/482/209 315/485/212
f 358/438/196 326/405/221 327/404/196
f 375/488/214 371/423/210 372/412/215
f 374/445/216 373/489/210 376/490/217
f 373/489/210 375/488/214 376/490/217
f 334/486/218 375/488/218 372/412/218
f 374/445/219 376/490/219 365/491/219
f 376/490/222 334/486/220 365/491/222
f 439/492/223 380/493/224 440/494/225
f 386/495/226 381/496/227 385/497/228
f 381/496/227 378/498/229 377/499/230
f 382/500/231 379/501/232 378/498/229
f 389/502/233 386/495/226 385/497/228
f 387/503/234 382/500/231 386/495/226
f 388/504/235 383/505/236 387/503/237
f 394/506/238 389/502/233 393/507/239
f 390/508/240 387/503/234 386/495/226
f 391/509/241 388/504/235 387/503/237
f 397/510/242 394/506/238 393/507/239
f 395/511/243 390/508/240 394/506/238
f 395/511/244 392/512/241 391/509/241
f 398/513/245 395/511/243 394/506/238
f 400/514/246 395/511/244 399/515/247
f 402/516/248 397/510/242 401/517/249
f 403/518/250 398/513/245 402/516/248
f 404/519/251 399/515/247 403/518/252
f 405/520/253 402/516/248 401/517/249
f 406/521/254 403/518/250 402/516/248
f 407/522/255 404/519/251 403/518/252
f 411/523/256 406/521/254 410/524/257
f 414/525/258 411/523/256 410/524/257
f 412/526/259 407/522/255 411/523/259
f 410/524/257 405/520/253 409/527/260
f 419/528/261 414/525/258 418/529/262
f 415/530/263 412/526/259 411/523/259
f 413/531/264 410/524/257 409/527/260
f 423/532/265 420/533/266 419/528/266
f 419/528/266 416/534/263 415/530/263
f 418/529/262 413/531/264 417/535/267
f 428/536/268 423/532/265 427/537/269
f 421/538/270 418/529/262 417/535/267
f 422/539/271 419/528/261 418/529/262
f 432/540/272 427/537/269 431/541/273
f 426/542/274 421/538/270 425/543/275
f 427/537/276 422/539/271 426/542/274
f 434/544/277 429/545/278 433/546/279
f 429/545/278 426/542/274 425/543/275
f 430/547/280 427/537/276 426/542/274
f 437/548/281 434/544/277 433/546/279
f 384/549/282 379/501/283 383/505/236
f 435/550/284 430/547/280 434/544/277
f 436/551/285 431/541/273 435/550/285
f 438/552/286 379/501/232 439/492/287
f 438/552/286 435/550/284 434/544/277
f 440/494/225 435/550/285 439/492/223
f 437/548/281 378/498/229 438/552/286
f 429/545/278 441/553/288 433/546/279
f 425/543/275 444/554/289 441/553/288
f 417/535/267 444/554/289 421/538/270
f 413/531/264 447/555/290 417/535/267
f 433/546/279 442/556/291 437/548/281
f 441/553/288 445/557/292 442/556/291
f 447/555/290 445/557/292 444/554/289
f 409/527/260 448/558/293 447/555/290
f 442/556/291 377/499/230 437/548/281
f 445/557/292 443/559/294 442/556/291
f 445/557/292 449/560/295 446/561/296
f 448/558/293 401/517/249 449/560/295
f 443/559/294 381/496/227 377/499/230
f 446/561/296 385/497/228 443/559/294
f 446/561/296 393/507/239 389/502/233
f 449/560/295 397/510/242 393/507/239
f 452/562/297 513/563/298 512/564/298
f 459/565/299 454/566/300 458/567/301
f 454/566/300 451/568/302 450/569/303
f 455/570/304 452/562/305 451/568/302
f 462/571/306 459/565/299 458/567/301
f 460/572/307 455/570/304 459/565/299
f 460/572/308 457/573/309 456/574/310
f 467/575/311 462/571/306 466/576/312
f 463/577/313 460/572/307 459/565/299
f 464/578/314 461/579/308 460/572/308
f 470/580/315 467/575/311 466/576/312
f 468/581/316 463/577/313 467/575/311
f 468/581/317 465/582/318 464/578/314
f 471/583/319 468/581/316 467/575/311
f 472/584/320 469/585/317 468/581/317
f 475/586/321 470/580/315 474/587/322
f 476/588/323 471/583/319 475/586/321
f 476/588/324 473/589/320 472/584/320
f 478/590/325 475/586/321 474/587/322
f 479/591/326 476/588/323 475/586/321
f 480/592/327 477/593/324 476/588/324
f 484/594/328 479/591/326 483/595/329
f 487/596/330 484/594/328 483/595/329
f 485/597/331 480/592/327 484/594/331
f 483/595/329 478/590/325 482/598/332
f 492/599/333 487/596/330 491/600/334
f 489/601/335 484/594/331 488/602/336
f 486/603/337 483/595/329 482/598/332
f 496/604/338 493/605/339 492/599/340
f 493/605/339 488/602/336 492/599/340
f 491/600/334 486/603/337 490/606/341
f 501/607/342 496/604/338 500/608/342
f 494/609/343 491/600/334 490/606/341
f 495/610/344 492/599/333 491/600/334
f 505/611/345 500/608/342 504/612/345
f 499/613/346 494/609/343 498/614/347
f 500/608/348 495/610/344 499/613/346
f 507/615/349 502/616/350 506/617/351
f 502/616/350 499/613/346 498/614/347
f 503/618/352 500/608/348 499/613/346
f 510/619/353 507/615/349 506/617/351
f 456/574/310 453/620/354 452/562/297
f 508/621/355 503/618/352 507/615/349
f 509/622/356 504/612/345 508/621/357
f 511/623/358 452/562/305 512/564/359
f 511/623/358 508/621/355 507/615/349
f 512/564/298 509/622/356 508/621/357
f 510/619/353 451/568/302 511/623/358
f 502/616/350 514/624/360 506/617/351
f 498/614/347 517/625/361 514/624/360
f 490/606/341 517/625/361 494/609/343
f 486/603/337 520/626/362 490/606/341
f 506/617/351 515/627/363 510/619/353
f 514/624/360 518/628/364 515/627/363
f 520/626/362 518/628/364 517/625/361
f 482/598/332 521/629/365 520/626/362
f 515/627/363 450/569/303 510/619/353
f 518/628/364 516/630/366 515/627/363
f 518/628/364 522/631/367 519/632/368
f 521/629/365 474/587/322 522/631/367
f 516/630/366 454/566/300 450/569/303
f 519/632/368 458/567/301 516/630/366
f 519/632/368 466/576/312 462/571/306
f 522/631/367 470/580/315 466/576/312
f 525/633/297 586/634/298 585/635/298
f 532/636/369 527/637/370 531/638/301
f 527/637/370 524/639/371 523/640/303
f 528/641/304 525/633/372 524/639/371
f 535/642/373 532/636/369 531/638/301
f 533/643/374 528/641/304 532/636/369
f 533/643/375 530/644/309 529/645/309
f 540/646/376 535/642/373 539/647/312
f 536/648/377 533/643/374 532/636/369
f 538/649/318 533/643/375 537/650/314
f 543/651/378 540/646/376 539/647/312
f 541/652/379 536/648/377 540/646/376
f 541/652/317 538/649/318 537/650/314
f 544/653/380 541/652/379 540/646/376
f 545/654/320 542/655/381 541/652/317
f 548/656/382 543/651/378 547/657/322
f 549/658/383 544/653/380 548/656/382
f 549/658/324 546/659/320 545/654/320
f 551/660/384 548/656/382 547/657/322
f 552/661/385 549/658/383 548/656/382
f 553/662/327 550/663/324 549/658/324
f 557/664/328 552/661/385 556/665/386
f 560/666/330 557/664/328 556/665/386
f 558/667/331 553/662/327 557/664/331
f 556/665/386 551/660/384 555/668/387
f 565/669/388 560/666/330 564/670/389
f 562/671/335 557/664/331 561/672/335
f 559/673/390 556/665/386 555/668/387
f 569/674/338 566/675/339 565/669/340
f 566/675/339 561/672/335 565/669/340
f 564/670/389 559/673/390 563/676/391
f 574/677/342 569/674/338 573/678/392
f 567/679/393 564/670/389 563/676/391
f 568/680/394 565/669/388 564/670/389
f 577/681/395 574/677/342 573/678/392
f 572/682/396 567/679/393 571/683/397
f 573/678/348 568/680/394 572/682/396
f 580/684/398 575/685/350 579/686/351
f 575/685/350 572/682/396 571/683/397
f 576/687/399 573/678/348 572/682/396
f 583/688/400 580/684/398 579/686/351
f 529/645/309 526/689/354 525/633/297
f 581/690/401 576/687/399 580/684/398
f 581/690/402 578/691/395 577/681/395
f 584/692/403 525/633/372 585/635/404
f 584/692/403 581/690/401 580/684/398
f 585/635/298 582/693/405 581/690/402
f 583/688/400 524/639/371 584/692/403
f 575/685/350 587/694/406 579/686/351
f 571/683/397 590/695/407 587/694/406
f 563/676/391 590/695/407 567/679/393
f 559/673/390 593/696/408 563/676/391
f 579/686/351 588/697/363 583/688/400
f 587/694/406 591/698/364 588/697/363
f 593/696/408 591/698/364 590/695/407
f 555/668/387 594/699/365 593/696/408
f 588/697/363 523/640/303 583/688/400
f 591/698/364 589/700/366 588/697/363
f 591/698/364 595/701/367 592/702/409
f 594/699/365 547/657/322 595/701/367
f 589/700/366 527/637/370 523/640/303
f 592/702/409 531/638/301 589/700/366
f 592/702/409 539/647/312 535/642/373
f 595/701/367 543/651/378 539/647/312
f 658/703/410 599/704/411 598/705/412
f 600/706/413 605/707/414 604/708/415
f 600/706/413 597/709/416 601/710/417
f 601/710/417 598/705/418 602/711/419
f 608/712/420 605/707/414 609/713/421
f 601/710/417 606/714/422 605/707/414
f 602/711/423 607/715/424 606/714/424
f 608/712/420 613/716/425 612/717/426
f 609/713/421 606/714/422 610/718/427
f 610/718/428 607/715/424 611/719/429
f 616/720/430 613/716/425 617/721/431
f 609/713/421 614/722/432 613/716/425
f 610/718/428 615/723/433 614/722/434
f 617/721/431 614/722/432 618/724/435
f 614/722/434 619/725/436 618/724/436
f 616/720/430 621/726/437 620/727/438
f 617/721/431 622/728/439 621/726/437
f 618/724/436 623/729/440 622/728/441
f 624/730/442 621/726/437 625/731/443
f 625/731/443 622/728/439 626/732/444
f 626/732/445 623/729/440 627/733/445
f 625/731/443 630/734/446 629/735/447
f 633/736/448 630/734/446 634/737/449
f 626/732/445 631/738/450 630/734/451
f 624/730/442 629/735/447 628/739/452
f 633/736/448 638/740/453 637/741/454
f 630/734/451 635/742/455 634/737/456
f 632/743/457 629/735/447 633/736/448
f 642/744/458 639/745/459 643/746/458
f 638/740/460 635/742/455 639/745/459
f 632/743/457 637/741/454 636/747/461
f 642/744/458 647/748/462 646/749/462
f 640/750/463 637/741/454 641/751/464
f 641/751/464 638/740/453 642/744/465
f 650/752/466 647/748/462 651/753/466
f 640/750/463 645/754/467 644/755/468
f 641/751/464 646/749/469 645/754/467
f 648/756/470 653/757/471 652/758/472
f 648/756/470 645/754/467 649/759/473
f 649/759/473 646/749/469 650/752/474
f 656/760/475 653/757/471 657/761/476
f 598/705/412 603/762/423 602/711/423
f 649/759/473 654/763/477 653/757/471
f 654/763/478 651/753/466 655/764/479
f 598/705/418 657/761/476 658/703/480
f 657/761/476 654/763/477 658/703/480
f 658/703/410 655/764/479 659/765/410
f 597/709/416 656/760/475 657/761/476
f 648/756/470 660/766/481 644/755/468
f 644/755/468 663/767/482 640/750/463
f 663/767/482 636/747/461 640/750/463
f 666/768/483 632/743/457 636/747/461
f 652/758/472 661/769/484 660/766/481
f 660/766/481 664/770/485 663/767/482
f 664/770/485 666/768/483 663/767/482
f 667/771/486 628/739/452 666/768/483
f 596/772/487 661/769/484 656/760/475
f 662/773/488 664/770/485 661/769/484
f 664/770/485 668/774/489 667/771/486
f 667/771/486 620/727/438 624/730/442
f 600/706/413 662/773/488 596/772/487
f 604/708/415 665/775/490 662/773/488
f 665/775/490 612/717/426 668/774/489
f 668/774/489 616/720/430 620/727/438
f 671/776/491 732/777/492 731/778/493
f 678/779/494 673/780/495 677/781/496
f 673/780/495 670/782/497 669/783/498
f 674/784/499 671/776/500 670/782/497
f 681/785/501 678/779/494 677/781/496
f 679/786/502 674/784/499 678/779/494
f 679/786/503 676/787/504 675/788/504
f 686/789/505 681/785/501 685/790/506
f 682/791/507 679/786/502 678/779/494
f 683/792/508 680/793/503 679/786/503
f 689/794/509 686/789/505 685/790/506
f 687/795/510 682/791/507 686/789/505
f 687/795/511 684/796/512 683/792/508
f 690/797/513 687/795/510 686/789/505
f 691/798/514 688/799/515 687/795/511
f 694/800/516 689/794/509 693/801/517
f 695/802/518 690/797/513 694/800/516
f 696/803/519 691/798/514 695/802/520
f 697/804/521 694/800/516 693/801/517
f 698/805/522 695/802/518 694/800/516
f 700/806/523 695/802/520 699/807/523
f 703/808/524 698/805/522 702/809/525
f 706/810/526 703/808/524 702/809/525
f 704/811/527 699/807/523 703/808/527
f 702/809/525 697/804/521 701/812/528
f 711/813/529 706/810/526 710/814/530
f 707/815/531 704/811/527 703/808/527
f 705/816/532 702/809/525 701/812/528
f 716/817/533 711/813/534 715/818/535
f 711/813/534 708/819/531 707/815/531
f 710/814/530 705/816/532 709/820/536
f 719/821/537 716/817/533 715/818/535
f 713/822/538 710/814/530 709/820/536
f 714/823/539 711/813/529 710/814/530
f 724/824/540 719/821/537 723/825/541
f 718/826/542 713/822/538 717/827/543
f 719/821/544 714/823/539 718/826/542
f 726/828/545 721/829/546 725/830/547
f 721/829/546 718/826/542 717/827/543
f 722/831/548 719/821/544 718/826/542
f 729/832/549 726/828/545 725/830/547
f 676/787/504 671/776/491 675/788/504
f 727/833/550 722/831/548 726/828/545
f 728/834/551 723/825/541 727/833/551
f 730/835/552 671/776/500 731/778/553
f 730/835/552 727/833/550 726/828/545
f 731/778/493 728/834/551 727/833/551
f 729/832/549 670/782/497 730/835/552
f 721/829/546 733/836/554 725/830/547
f 717/827/543 736/837/555 733/836/554
f 709/820/536 736/837/555 713/822/538
f 705/816/532 739/838/556 709/820/536
f 725/830/547 734/839/557 729/832/549
f 733/836/554 737/840/558 734/839/557
f 739/838/556 737/840/558 736/837/555
f 701/812/528 740/841/559 739/838/556
f 734/839/557 669/783/498 729/832/549
f 737/840/558 735/842/560 734/839/557
f 737/840/558 741/843/561 738/844/562
f 740/841/559 693/801/517 741/843/561
f 735/842/560 673/780/495 669/783/498
f 738/844/562 677/781/496 735/842/560
f 738/844/562 685/790/506 681/785/501
f 741/843/561 689/794/509 685/790/506
f 804/845/563 745/846/564 805/847/565
f 751/848/566 746/849/567 750/850/568
f 746/849/567 743/851/569 742/852/570
f 747/853/571 744/854/572 743/851/569
f 754/855/573 751/848/566 750/850/568
f 752/856/574 747/853/571 751/848/566
f 752/856/575 749/857/576 748/858/577
f 759/859/578 754/855/573 758/860/579
f 755/861/580 752/856/574 751/848/566
f 756/862/581 753/863/582 752/856/575
f 762/864/583 759/859/578 758/860/579
f 760/865/584 755/861/580 759/859/578
f 760/865/585 757/866/581 756/862/581
f 763/867/586 760/865/584 759/859/578
f 764/868/587 761/869/588 760/865/585
f 767/870/589 762/864/583 766/871/590
f 768/872/591 763/867/586 767/870/589
f 768/872/592 765/873/587 764/868/587
f 770/874/593 767/870/589 766/871/590
f 771/875/594 768/872/591 767/870/589
f 772/876/595 769/877/596 768/872/592
f 776/878/597 771/875/594 775/879/598
f 779/880/599 776/878/597 775/879/598
f 777/881/600 772/876/595 776/878/601
f 775/879/598 770/874/593 774/882/602
f 784/883/603 779/880/599 783/884/604
f 781/885/605 776/878/601 780/886/606
f 778/887/607 775/879/598 774/882/602
f 788/888/608 785/889/609 784/883/609
f 785/889/609 780/886/606 784/883/609
f 783/884/604 778/887/607 782/890/610
f 793/891/611 788/888/608 792/892/611
f 786/893/612 783/884/604 782/890/610
f 787/894/613 784/883/603 783/884/604
f 797/895/614 792/892/611 796/896/614
f 791/897/615 786/893/612 790/898/616
f 792/892/617 787/894/613 791/897/615
f 799/899/618 794/900/619 798/901/620
f 794/900/619 791/897/615 790/898/616
f 795/902/621 792/892/617 791/897/615
f 802/903/622 799/899/618 798/901/620
f 749/857/576 744/854/564 748/858/577
f 800/904/623 795/902/621 799/899/618
f 801/905/624 796/896/614 800/904/625
f 803/906/626 744/854/572 804/845/627
f 803/906/626 800/904/623 799/899/618
f 804/845/563 801/905/624 800/904/625
f 802/903/622 743/851/569 803/906/626
f 794/900/619 806/907/628 798/901/620
f 790/898/616 809/908/629 806/907/628
f 782/890/610 809/908/629 786/893/612
f 778/887/607 812/909/630 782/890/610
f 798/901/620 807/910/631 802/903/622
f 806/907/628 810/911/632 807/910/631
f 812/909/630 810/911/632 809/908/629
f 774/882/602 813/912/633 812/909/630
f 807/910/631 742/852/570 802/903/622
f 810/911/632 808/913/634 807/910/631
f 810/911/632 814/914/635 811/915/636
f 813/912/633 766/871/590 814/914/635
f 808/913/634 746/849/567 742/852/570
f 811/915/636 750/850/568 808/913/634
f 811/915/636 758/860/579 754/855/573
f 814/914/635 762/864/583 758/860/579
f 877/916/563 818/917/564 878/918/565
f 824/919/637 819/920/638 823/921/639
f 819/920/638 816/922/640 815/923/641
f 820/924/571 817/925/642 816/922/640
f 827/926/573 824/919/637 823/921/639
f 825/927/643 820/924/571 824/919/637
f 825/927/575 822/928/577 821/929/577
f 832/930/644 827/926/573 831/931/579
f 828/932/645 825/927/643 824/919/637
f 829/933/581 826/934/582 825/927/575
f 835/935/646 832/930/644 831/931/579
f 833/936/647 828/932/645 832/930/644
f 833/936/585 830/937/581 829/933/581
f 836/938/648 833/936/647 832/930/644
f 837/939/587 834/940/588 833/936/585
f 840/941/589 835/935/646 839/942/590
f 841/943/591 836/938/648 840/941/589
f 841/943/596 838/944/587 837/939/587
f 843/945/649 840/941/589 839/942/590
f 844/946/594 841/943/591 840/941/589
f 845/947/595 842/948/596 841/943/596
f 849/949/650 844/946/594 848/950/651
f 852/951/652 849/949/650 848/950/651
f 850/952/601 845/947/595 849/949/601
f 848/950/651 843/945/649 847/953/602
f 857/954/653 852/951/652 856/955/654
f 854/956/655 849/949/601 853/957/656
f 851/958/657 848/950/651 847/953/602
f 861/959/658 858/960/609 857/954/659
f 858/960/609 853/957/656 857/954/659
f 856/955/654 851/958/657 855/961/610
f 866/962/660 861/959/658 865/963/611
f 859/964/661 856/955/654 855/961/610
f 860/965/662 857/954/653 856/955/654
f 870/966/614 865/963/611 869/967/614
f 864/968/615 859/964/661 863/969/616
f 865/963/663 860/965/662 864/968/615
f 872/970/618 867/971/619 871/972/620
f 867/971/619 864/968/615 863/969/616
f 868/973/664 865/963/663 864/968/615
f 875/974/665 872/970/618 871/972/620
f 822/928/577 817/925/564 821/929/577
f 873/975/666 868/973/664 872/970/618
f 874/976/624 869/967/614 873/975/625
f 876/977/667 817/925/642 877/916/668
f 876/977/667 873/975/666 872/970/618
f 877/916/563 874/976/624 873/975/625
f 875/974/665 816/922/640 876/977/667
f 867/971/619 879/978/628 871/972/620
f 863/969/616 882/979/629 879/978/628
f 855/961/610 882/979/629 859/964/661
f 851/958/657 885/980/630 855/961/610
f 871/972/620 880/981/631 875/974/665
f 879/978/628 883/982/632 880/981/631
f 885/980/630 883/982/632 882/979/629
f 847/953/602 886/983/633 885/980/630
f 880/981/631 815/923/641 875/974/665
f 883/982/632 881/984/634 880/981/631
f 883/982/632 887/985/635 884/986/669
f 886/983/633 839/942/590 887/985/635
f 881/984/634 819/920/638 815/923/641
f 884/986/669 823/921/639 881/984/634
f 884/986/669 831/931/579 827/926/573
f 887/985/635 835/935/646 831/931/579
f 951/987/670 890/988/671 950/989/672
f 892/990/673 897/991/674 896/992/675
f 892/990/673 889/993/676 893/994/677
f 893/994/677 890/988/678 894/995/679
f 900/996/680 897/991/674 901/997/681
f 893/994/677 898/998/682 897/991/674
f 898/998/683 895/999/684 899/1000/685
f 900/996/680 905/1001/686 904/1002/687
f 901/997/681 898/998/682 902/1003/688
f 902/1003/689 899/1000/685 903/1004/690
f 908/1005/691 905/1001/686 909/1006/692
f 901/997/681 906/1007/693 905/1001/686
f 906/1007/694 903/1004/690 907/1008/695
f 909/1006/692 906/1007/693 910/1009/696
f 910/1009/697 907/1008/695 911/1010/697
f 908/1005/691 913/1011/698 912/1012/699
f 909/1006/692 914/1013/700 913/1011/698
f 910/1009/697 915/1014/701 914/1013/702
f 916/1015/703 913/1011/698 917/1016/704
f 917/1016/704 914/1013/700 918/1017/705
f 914/1013/702 919/1018/706 918/1017/706
f 917/1016/704 922/1019/707 921/1020/708
f 925/1021/709 922/1019/707 926/1022/710
f 918/1017/706 923/1023/711 922/1019/711
f 916/1015/703 921/1020/708 920/1024/712
f 925/1021/709 930/1025/713 929/1026/714
f 926/1022/715 923/1023/711 927/1027/715
f 924/1028/716 921/1020/708 925/1021/709
f 930/1025/717 935/1029/718 934/1030/718
f 930/1025/717 927/1027/715 931/1031/719
f 924/1028/716 929/1026/714 928/1032/720
f 934/1030/718 939/1033/721 938/1034/722
f 932/1035/723 929/1026/714 933/1036/724
f 933/1036/724 930/1025/713 934/1030/725
f 938/1034/722 943/1037/726 942/1038/727
f 932/1035/723 937/1039/728 936/1040/729
f 933/1036/724 938/1034/730 937/1039/728
f 940/1041/731 945/1042/732 944/1043/733
f 940/1041/731 937/1039/728 941/1044/734
f 941/1044/734 938/1034/730 942/1038/735
f 948/1045/736 945/1042/732 949/1046/737
f 890/988/671 895/999/684 894/995/738
f 941/1044/734 946/1047/739 945/1042/732
f 942/1038/727 947/1048/740 946/1047/741
f 890/988/678 949/1046/737 950/989/742
f 949/1046/737 946/1047/739 950/989/742
f 950/989/672 947/1048/740 951/987/670
f 889/993/676 948/1045/736 949/1046/737
f 940/1041/731 952/1049/743 936/1040/729
f 936/1040/729 955/1050/744 932/1035/723
f 955/1050/744 928/1032/720 932/1035/723
f 958/1051/745 924/1028/716 928/1032/720
f 944/1043/733 953/1052/746 952/1049/743
f 952/1049/743 956/1053/747 955/1050/744
f 956/1053/747 958/1051/745 955/1050/744
f 959/1054/748 920/1024/712 958/1051/745
f 888/1055/749 953/1052/746 948/1045/736
f 954/1056/750 956/1053/747 953/1052/746
f 956/1053/747 960/1057/751 959/1054/748
f 959/1054/748 912/1012/699 916/1015/703
f 892/990/673 954/1056/750 888/1055/749
f 896/992/675 957/1058/752 954/1056/750
f 957/1058/752 904/1002/687 960/1057/751
f 960/1057/751 908/1005/691 912/1012/699
f 963/1059/753 1024/1060/754 1023/1061/755
f 970/1062/756 965/1063/757 969/1064/758
f 965/1063/757 962/1065/759 961/1066/760
f 966/1067/761 963/1059/762 962/1065/759
f 973/1068/763 970/1062/756 969/1064/758
f 971/1069/764 966/1067/761 970/1062/756
f 972/1070/765 967/1071/766 971/1069/767
f 978/1072/768 973/1068/763 977/1073/769
f 974/1074/770 971/1069/764 970/1062/756
f 976/1075/771 971/1069/767 975/1076/772
f 981/1077/773 978/1072/768 977/1073/769
f 979/1078/774 974/1074/770 978/1072/768
f 979/1078/775 976/1075/771 975/1076/772
f 982/1079/776 979/1078/774 978/1072/768
f 983/1080/777 980/1081/778 979/1078/775
f 986/1082/779 981/1077/773 985/1083/780
f 987/1084/781 982/1079/776 986/1082/779
f 988/1085/782 983/1080/777 987/1084/782
f 989/1086/783 986/1082/779 985/1083/780
f 990/1087/784 987/1084/781 986/1082/779
f 992/1088/785 987/1084/782 991/1089/786
f 995/1090/787 990/1087/784 994/1091/788
f 998/1092/789 995/1090/787 994/1091/788
f 995/1090/790 992/1088/785 991/1089/786
f 994/1091/788 989/1086/783 993/1093/791
f 1003/1094/792 998/1092/789 1002/1095/793
f 999/1096/794 996/1097/795 995/1090/790
f 997/1098/796 994/1091/788 993/1093/791
f 1008/1099/797 1003/1094/798 1007/1100/797
f 1003/1094/798 1000/1101/794 999/1096/794
f 1002/1095/793 997/1098/796 1001/1102/799
f 1011/1103/800 1008/1099/797 1007/1100/797
f 1005/1104/801 1002/1095/793 1001/1102/799
f 1006/1105/802 1003/1094/792 1002/1095/793
f 1016/1106/803 1011/1103/800 1015/1107/803
f 1010/1108/804 1005/1104/801 1009/1109/805
f 1011/1103/806 1006/1105/802 1010/1108/804
f 1018/1110/807 1013/1111/808 1017/1112/809
f 1013/1111/808 1010/1108/804 1009/1109/805
f 1014/1113/810 1011/1103/806 1010/1108/804
f 1021/1114/811 1018/1110/807 1017/1112/809
f 968/1115/766 963/1059/753 967/1071/766
f 1019/1116/812 1014/1113/810 1018/1110/807
f 1020/1117/813 1015/1107/803 1019/1116/813
f 1022/1118/814 963/1059/762 1023/1061/815
f 1022/1118/814 1019/1116/812 1018/1110/807
f 1024/1060/754 1019/1116/813 1023/1061/755
f 1021/1114/811 962/1065/759 1022/1118/814
f 1013/1111/808 1025/1119/816 1017/1112/809
f 1009/1109/805 1028/1120/817 1025/1119/816
f 1001/1102/799 1028/1120/817 1005/1104/801
f 997/1098/796 1031/1121/818 1001/1102/799
f 1017/1112/809 1026/1122/819 1021/1114/811
f 1025/1119/816 1029/1123/820 1026/1122/819
f 1031/1121/818 1029/1123/820 1028/1120/817
f 993/1093/791 1032/1124/821 1031/1121/818
f 1026/1122/819 961/1066/760 1021/1114/811
f 1029/1123/820 1027/1125/822 1026/1122/819
f 1029/1123/820 1033/1126/823 1030/1127/824
f 1032/1124/821 985/1083/780 1033/1126/823
f 1027/1125/822 965/1063/757 961/1066/760
f 1030/1127/824 969/1064/758 1027/1125/822
f 1030/1127/824 977/1073/769 973/1068/763
f 1033/1126/823 981/1077/773 977/1073/769
f 1036/1128/825 1097/1129/826 1096/1130/827
f 1043/1131/828 1038/1132/829 1042/1133/830
f 1038/1132/829 1035/1134/831 1034/1135/832
f 1039/1136/833 1036/1128/834 1035/1134/831
f 1046/1137/835 1043/1131/828 1042/1133/830
f 1044/1138/836 1039/1136/833 1043/1131/828
f 1044/1138/837 1041/1139/838 1040/1140/839
f 1051/1141/840 1046/1137/835 1050/1142/841
f 1047/1143/842 1044/1138/836 1043/1131/828
f 1049/1144/843 1044/1138/837 1048/1145/843
f 1054/1146/844 1051/1141/840 1050/1142/841
f 1052/1147/845 1047/1143/842 1051/1141/840
f 1052/1147/846 1049/1144/843 1048/1145/843
f 1055/1148/847 1052/1147/845 1051/1141/840
f 1056/1149/848 1053/1150/849 1052/1147/846
f 1059/1151/850 1054/1146/844 1058/1152/851
f 1060/1153/852 1055/1148/847 1059/1151/850
f 1061/1154/853 1056/1149/848 1060/1153/853
f 1062/1155/854 1059/1151/850 1058/1152/851
f 1063/1156/855 1060/1153/852 1059/1151/850
f 1064/1157/856 1061/1154/853 1060/1153/853
f 1068/1158/857 1063/1156/855 1067/1159/858
f 1071/1160/859 1068/1158/857 1067/1159/858
f 1069/1161/860 1064/1157/856 1068/1158/861
f 1067/1159/858 1062/1155/854 1066/1162/862
f 1076/1163/863 1071/1160/859 1075/1164/864
f 1073/1165/865 1068/1158/861 1072/1166/866
f 1070/1167/867 1067/1159/858 1066/1162/862
f 1081/1168/868 1076/1163/869 1080/1169/870
f 1077/1170/869 1072/1166/866 1076/1163/869
f 1075/1164/864 1070/1167/867 1074/1171/871
f 1084/1172/872 1081/1168/868 1080/1169/870
f 1078/1173/873 1075/1164/864 1074/1171/871
f 1079/1174/874 1076/1163/863 1075/1164/864
f 1089/1175/875 1084/1172/872 1088/1176/875
f 1083/1177/876 1078/1173/873 1082/1178/877
f 1084/1172/878 1079/1174/874 1083/1177/876
f 1091/1179/879 1086/1180/880 1090/1181/881
f 1086/1180/880 1083/1177/876 1082/1178/877
f 1087/1182/882 1084/1172/878 1083/1177/876
f 1094/1183/883 1091/1179/879 1090/1181/881
f 1040/1140/839 1037/1184/884 1036/1128/825
f 1092/1185/885 1087/1182/882 1091/1179/879
f 1093/1186/886 1088/1176/875 1092/1185/887
f 1095/1187/888 1036/1128/834 1096/1130/889
f 1095/1187/888 1092/1185/885 1091/1179/879
f 1097/1129/826 1092/1185/887 1096/1130/827
f 1094/1183/883 1035/1134/831 1095/1187/888
f 1086/1180/880 1098/1188/890 1090/1181/881
f 1082/1178/877 1101/1189/891 1098/1188/890
f 1074/1171/871 1101/1189/891 1078/1173/873
f 1070/1167/867 1104/1190/892 1074/1171/871
f 1090/1181/881 1099/1191/893 1094/1183/883
f 1098/1188/890 1102/1192/894 1099/1191/893
f 1104/1190/892 1102/1192/894 1101/1189/891
f 1066/1162/862 1105/1193/895 1104/1190/892
f 1099/1191/893 1034/1135/832 1094/1183/883
f 1102/1192/894 1100/1194/896 1099/1191/893
f 1102/1192/894 1106/1195/897 1103/1196/898
f 1105/1193/895 1058/1152/851 1106/1195/897
f 1100/1194/896 1038/1132/829 1034/1135/832
f 1103/1196/898 1042/1133/830 1100/1194/896
f 1103/1196/898 1050/1142/841 1046/1137/835
f 1106/1195/897 1054/1146/844 1050/1142/841
f 1109/1197/825 1170/1198/827 1169/1199/827
f 1116/1200/899 1111/1201/900 1115/1202/830
f 1111/1201/900 1108/1203/831 1107/1204/832
f 1112/1205/833 1109/1197/901 1108/1203/831
f 1119/1206/902 1116/1200/899 1115/1202/830
f 1117/1207/903 1112/1205/833 1116/1200/899
f 1117/1207/904 1114/1208/839 1113/1209/839
f 1124/1210/840 1119/1206/902 1123/1211/841
f 1120/1212/842 1117/1207/903 1116/1200/899
f 1121/1213/905 1118/1214/906 1117/1207/904
f 1127/1215/844 1124/1210/840 1123/1211/841
f 1125/1216/845 1120/1212/842 1124/1210/840
f 1125/1216/907 1122/1217/908 1121/1213/905
f 1128/1218/909 1125/1216/845 1124/1210/840
f 1129/1219/848 1126/1220/907 1125/1216/907
f 1132/1221/910 1127/1215/844 1131/1222/911
f 1133/1223/852 1128/1218/909 1132/1221/910
f 1134/1224/912 1129/1219/848 1133/1223/912
f 1135/1225/913 1132/1221/910 1131/1222/911
f 1136/1226/914 1133/1223/852 1132/1221/910
f 1138/1227/915 1133/1223/912 1137/1228/915
f 1141/1229/916 1136/1226/914 1140/1230/917
f 1144/1231/918 1141/1229/916 1140/1230/917
f 1142/1232/919 1137/1228/915 1141/1229/861
f 1140/1230/917 1135/1225/913 1139/1233/862
f 1149/1234/863 1144/1231/918 1148/1235/864
f 1146/1236/865 1141/1229/861 1145/1237/866
f 1143/1238/867 1140/1230/917 1139/1233/862
f 1154/1239/868 1149/1234/869 1153/1240/870
f 1150/1241/869 1145/1237/866 1149/1234/869
f 1148/1235/864 1143/1238/867 1147/1242/871
f 1157/1243/872 1154/1239/868 1153/1240/870
f 1151/1244/920 1148/1235/864 1147/1242/871
f 1152/1245/874 1149/1234/863 1148/1235/864
f 1161/1246/921 1158/1247/922 1157/1243/872
f 1156/1248/923 1151/1244/920 1155/1249/877
f 1157/1243/878 1152/1245/874 1156/1248/923
f 1164/1250/924 1159/1251/925 1163/1252/926
f 1159/1251/925 1156/1248/923 1155/1249/877
f 1160/1253/882 1157/1243/878 1156/1248/923
f 1167/1254/927 1164/1250/924 1163/1252/926
f 1113/1209/839 1110/1255/884 1109/1197/825
f 1165/1256/928 1160/1253/882 1164/1250/924
f 1165/1256/887 1162/1257/929 1161/1246/921
f 1168/1258/888 1109/1197/901 1169/1199/889
f 1168/1258/888 1165/1256/928 1164/1250/924
f 1170/1198/827 1165/1256/887 1169/1199/827
f 1167/1254/927 1108/1203/831 1168/1258/888
f 1159/1251/925 1171/1259/890 1163/1252/926
f 1155/1249/877 1174/1260/930 1171/1259/890
f 1147/1242/871 1174/1260/930 1151/1244/920
f 1143/1238/867 1177/1261/892 1147/1242/871
f 1163/1252/926 1172/1262/893 1167/1254/927
f 1171/1259/890 1175/1263/894 1172/1262/893
f 1177/1261/892 1175/1263/894 1174/1260/930
f 1139/1233/862 1178/1264/931 1177/1261/892
f 1172/1262/893 1107/1204/832 1167/1254/927
f 1175/1263/894 1173/1265/896 1172/1262/893
f 1175/1263/894 1179/1266/897 1176/1267/932
f 1178/1264/931 1131/1222/911 1179/1266/897
f 1173/1265/896 1111/1201/900 1107/1204/832
f 1176/1267/932 1115/1202/830 1173/1265/896
f 1176/1267/932 1123/1211/841 1119/1206/902
f 1179/1266/897 1127/1215/844 1123/1211/841
f 1243/1268/933 1182/1269/934 1242/1270/933
f 1184/1271/935 1189/1272/936 1188/1273/937
f 1184/1271/935 1181/1274/938 1185/1275/939
f 1185/1275/939 1182/1269/940 1186/1276/941
f 1192/1277/942 1189/1272/936 1193/1278/943
f 1185/1275/939 1190/1279/944 1189/1272/936
f 1186/1276/945 1191/1280/946 1190/1279/946
f 1192/1277/942 1197/1281/947 1196/1282/948
f 1193/1278/943 1190/1279/944 1194/1283/949
f 1190/1279/946 1195/1284/950 1194/1283/950
f 1200/1285/951 1197/1281/947 1201/1286/952
f 1193/1278/943 1198/1287/953 1197/1281/947
f 1194/1283/950 1199/1288/954 1198/1287/955
f 1201/1286/952 1198/1287/953 1202/1289/956
f 1202/1289/957 1199/1288/954 1203/1290/957
f 1200/1285/951 1205/1291/958 1204/1292/959
f 1201/1286/952 1206/1293/960 1205/1291/958
f 1202/1289/957 1207/1294/961 1206/1293/962
f 1208/1295/963 1205/1291/958 1209/1296/964
f 1209/1296/964 1206/1293/960 1210/1297/965
f 1210/1297/966 1207/1294/961 1211/1298/967
f 1209/1296/964 1214/1299/968 1213/1300/969
f 1217/1301/970 1214/1299/968 1218/1302/971
f 1214/1299/972 1211/1298/967 1215/1303/973
f 1208/1295/963 1213/1300/969 1212/1304/974
f 1217/1301/970 1222/1305/975 1221/1306/976
f 1214/1299/972 1219/1307/977 1218/1302/978
f 1216/1308/979 1213/1300/969 1217/1301/970
f 1226/1309/980 1223/1310/981 1227/1311/982
f 1222/1305/983 1219/1307/977 1223/1310/981
f 1216/1308/979 1221/1306/976 1220/1312/984
f 1230/1313/985 1227/1311/982 1231/1314/985
f 1224/1315/986 1221/1306/976 1225/1316/987
f 1225/1316/987 1222/1305/975 1226/1309/988
f 1230/1313/985 1235/1317/989 1234/1318/990
f 1224/1315/986 1229/1319/991 1228/1320/992
f 1225/1316/987 1230/1313/993 1229/1319/991
f 1232/1321/994 1237/1322/995 1236/1323/996
f 1232/1321/994 1229/1319/991 1233/1324/997
f 1233/1324/997 1230/1313/993 1234/1318/998
f 1240/1325/999 1237/1322/995 1241/1326/1000
f 1182/1269/934 1187/1327/945 1186/1276/945
f 1233/1324/997 1238/1328/1001 1237/1322/995
f 1234/1318/990 1239/1329/1002 1238/1328/1003
f 1182/1269/940 1241/1326/1000 1242/1270/1004
f 1241/1326/1000 1238/1328/1001 1242/1270/1004
f 1242/1270/933 1239/1329/1002 1243/1268/933
f 1181/1274/938 1240/1325/999 1241/1326/1000
f 1232/1321/994 1244/1330/1005 1228/1320/992
f 1228/1320/992 1247/1331/1006 1224/1315/986
f 1247/1331/1006 1220/1312/984 1224/1315/986
f 1250/1332/1007 1216/1308/979 1220/1312/984
f 1236/1323/996 1245/1333/1008 1244/1330/1005
f 1244/1330/1005 1248/1334/1009 1247/1331/1006
f 1248/1334/1009 1250/1332/1007 1247/1331/1006
f 1251/1335/1010 1212/1304/974 1250/1332/1007
f 1180/1336/1011 1245/1333/1008 1240/1325/999
f 1246/1337/1012 1248/1334/1009 1245/1333/1008
f 1248/1334/1009 1252/1338/1013 1251/1335/1010
f 1251/1335/1010 1204/1292/959 1208/1295/963
f 1184/1271/935 1246/1337/1012 1180/1336/1011
f 1188/1273/937 1249/1339/1014 1246/1337/1012
f 1249/1339/1014 1196/1282/948 1252/1338/1013
f 1252/1338/1013 1200/1285/951 1204/1292/959
f 1315/1340/1015 1256/1341/1016 1316/1342/1015
f 1262/1343/1017 1257/1344/1018 1261/1345/1019
f 1257/1344/1018 1254/1346/1020 1253/1347/1021
f 1258/1348/1022 1255/1349/1023 1254/1346/1020
f 1265/1350/1024 1262/1343/1017 1261/1345/1019
f 1263/1351/1025 1258/1348/1022 1262/1343/1017
f 1263/1351/1026 1260/1352/1027 1259/1353/1027
f 1270/1354/1028 1265/1350/1024 1269/1355/1029
f 1266/1356/1030 1263/1351/1025 1262/1343/1017
f 1268/1357/1031 1263/1351/1026 1267/1358/1031
f 1273/1359/1032 1270/1354/1028 1269/1355/1029
f 1271/1360/1033 1266/1356/1030 1270/1354/1028
f 1272/1361/1034 1267/1358/1031 1271/1360/1034
f 1274/1362/1035 1271/1360/1033 1270/1354/1028
f 1275/1363/1036 1272/1361/1034 1271/1360/1034
f 1278/1364/1037 1273/1359/1032 1277/1365/1038
f 1279/1366/1039 1274/1362/1035 1278/1364/1037
f 1279/1366/1040 1276/1367/1041 1275/1363/1036
f 1281/1368/1042 1278/1364/1037 1277/1365/1038
f 1282/1369/1043 1279/1366/1039 1278/1364/1037
f 1284/1370/1044 1279/1366/1040 1283/1371/1044
f 1287/1372/1045 1282/1369/1043 1286/1373/1046
f 1290/1374/1047 1287/1372/1045 1286/1373/1046
f 1288/1375/1048 1283/1371/1044 1287/1372/1048
f 1286/1373/1046 1281/1368/1042 1285/1376/1049
f 1295/1377/1050 1290/1374/1047 1294/1378/1051
f 1292/1379/1052 1287/1372/1048 1291/1380/1052
f 1289/1381/1053 1286/1373/1046 1285/1376/1049
f 1299/1382/1054 1296/1383/1055 1295/1377/1056
f 1296/1383/1055 1291/1380/1052 1295/1377/1056
f 1294/1378/1051 1289/1381/1053 1293/1384/1057
f 1304/1385/1058 1299/1382/1054 1303/1386/1058
f 1297/1387/1059 1294/1378/1051 1293/1384/1057
f 1298/1388/1060 1295/1377/1050 1294/1378/1051
f 1307/1389/1061 1304/1385/1058 1303/1386/1058
f 1302/1390/1062 1297/1387/1059 1301/1391/1063
f 1303/1386/1064 1298/1388/1060 1302/1390/1062
f 1310/1392/1065 1305/1393/1066 1309/1394/1067
f 1305/1393/1066 1302/1390/1062 1301/1391/1063
f 1306/1395/1068 1303/1386/1064 1302/1390/1062
f 1313/1396/1069 1310/1392/1065 1309/1394/1067
f 1259/1353/1027 1256/1341/1016 1255/1349/1016
f 1311/1397/1070 1306/1395/1068 1310/1392/1065
f 1312/1398/1071 1307/1389/1061 1311/1397/1072
f 1314/1399/1073 1255/1349/1023 1315/1340/1074
f 1314/1399/1073 1311/1397/1070 1310/1392/1065
f 1316/1342/1015 1311/1397/1072 1315/1340/1015
f 1313/1396/1069 1254/1346/1020 1314/1399/1073
f 1305/1393/1066 1317/1400/1075 1309/1394/1067
f 1301/1391/1063 1320/1401/1076 1317/1400/1075
f 1293/1384/1057 1320/1401/1076 1297/1387/1059
f 1289/1381/1053 1323/1402/1077 1293/1384/1057
f 1309/1394/1067 1318/1403/1078 1313/1396/1069
f 1317/1400/1075 1321/1404/1079 1318/1403/1078
f 1323/1402/1077 1321/1404/1079 1320/1401/1076
f 1285/1376/1049 1324/1405/1080 1323/1402/1077
f 1318/1403/1078 1253/1347/1021 1313/1396/1069
f 1321/1404/1079 1319/1406/1081 1318/1403/1078
f 1321/1404/1079 1325/1407/1082 1322/1408/1083
f 1324/1405/1080 1277/1365/1038 1325/1407/1082
f 1319/1406/1081 1257/1344/1018 1253/1347/1021
f 1322/1408/1083 1261/1345/1019 1319/1406/1081
f 1322/1408/1083 1269/1355/1029 1265/1350/1024
f 1325/1407/1082 1273/1359/1032 1269/1355/1029
f 1328/1409/1084 1389/1410/1085 1388/1411/1085
f 1335/1412/1086 1330/1413/1087 1334/1414/1088
f 1330/1413/1087 1327/1415/1089 1326/1416/1090
f 1331/1417/1091 1328/1409/1092 1327/1415/1089
f 1338/1418/1093 1335/1412/1086 1334/1414/1088
f 1336/1419/1094 1331/1417/1091 1335/1412/1086
f 1337/1420/1095 1332/1421/1096 1336/1419/1095
f 1343/1422/1097 1338/1418/1093 1342/1423/1098
f 1339/1424/1099 1336/1419/1094 1335/1412/1086
f 1341/1425/1100 1336/1419/1095 1340/1426/1101
f 1346/1427/1102 1343/1422/1097 1342/1423/1098
f 1344/1428/1103 1339/1424/1099 1343/1422/1097
f 1344/1428/1104 1341/1425/1100 1340/1426/1101
f 1347/1429/1105 1344/1428/1103 1343/1422/1097
f 1349/1430/1106 1344/1428/1104 1348/1431/1107
f 1351/1432/1108 1346/1427/1102 1350/1433/1109
f 1352/1434/1110 1347/1429/1105 1351/1432/1108
f 1352/1434/1111 1349/1430/1106 1348/1431/1107
f 1354/1435/1112 1351/1432/1108 1350/1433/1109
f 1355/1436/1113 1352/1434/1110 1351/1432/1108
f 1356/1437/1114 1353/1438/1111 1352/1434/1111
f 1360/1439/1115 1355/1436/1113 1359/1440/1116
f 1363/1441/1117 1360/1439/1115 1359/1440/1116
f 1360/1439/1118 1357/1442/1114 1356/1437/1114
f 1359/1440/1116 1354/1435/1112 1358/1443/1119
f 1368/1444/1120 1363/1441/1117 1367/1445/1121
f 1365/1446/1122 1360/1439/1118 1364/1447/1122
f 1362/1448/1123 1359/1440/1116 1358/1443/1119
f 1373/1449/1124 1368/1444/1125 1372/1450/1124
f 1369/1451/1125 1364/1447/1122 1368/1444/1125
f 1367/1445/1121 1362/1448/1123 1366/1452/1126
f 1377/1453/1127 1372/1450/1124 1376/1454/1128
f 1370/1455/1129 1367/1445/1121 1366/1452/1126
f 1371/1456/1130 1368/1444/1120 1367/1445/1121
f 1380/1457/1131 1377/1453/1127 1376/1454/1128
f 1375/1458/1132 1370/1455/1129 1374/1459/1133
f 1376/1454/1134 1371/1456/1130 1375/1458/1132
f 1383/1460/1135 1378/1461/1136 1382/1462/1137
f 1378/1461/1136 1375/1458/1132 1374/1459/1133
f 1379/1463/1138 1376/1454/1134 1375/1458/1132
f 1386/1464/1139 1383/1460/1135 1382/1462/1137
f 1332/1421/1096 1329/1465/1140 1328/1409/1084
f 1384/1466/1141 1379/1463/1138 1383/1460/1135
f 1385/1467/1142 1380/1457/1131 1384/1466/1143
f 1387/1468/1144 1328/1409/1092 1388/1411/1145
f 1387/1468/1144 1384/1466/1141 1383/1460/1135
f 1388/1411/1085 1385/1467/1142 1384/1466/1143
f 1386/1464/1139 1327/1415/1089 1387/1468/1144
f 1378/1461/1136 1390/1469/1146 1382/1462/1137
f 1374/1459/1133 1393/1470/1147 1390/1469/1146
f 1366/1452/1126 1393/1470/1147 1370/1455/1129
f 1362/1448/1123 1396/1471/1148 1366/1452/1126
f 1382/1462/1137 1391/1472/1149 1386/1464/1139
f 1390/1469/1146 1394/1473/1150 1391/1472/1149
f 1396/1471/1148 1394/1473/1150 1393/1470/1147
f 1358/1443/1119 1397/1474/1151 1396/1471/1148
f 1391/1472/1149 1326/1416/1090 1386/1464/1139
f 1394/1473/1150 1392/1475/1152 1391/1472/1149
f 1394/1473/1150 1398/1476/1153 1395/1477/1154
f 1397/1474/1151 1350/1433/1109 1398/1476/1153
f 1392/1475/1152 1330/1413/1087 1326/1416/1090
f 1395/1477/1154 1334/1414/1088 1392/1475/1152
f 1395/1477/1154 1342/1423/1098 1338/1418/1093
f 1398/1476/1153 1346/1427/1102 1342/1423/1098
f 1401/1478/1084 1462/1479/1085 1461/1480/1085
f 1408/1481/1155 1403/1482/1156 1407/1483/1157
f 1403/1482/1156 1400/1484/1158 1399/1485/1159
f 1404/1486/1160 1401/1478/1161 1400/1484/1158
f 1411/1487/1093 1408/1481/1155 1407/1483/1157
f 1409/1488/1162 1404/1486/1160 1408/1481/1155
f 1410/1489/1095 1405/1490/1096 1409/1488/1095
f 1416/1491/1097 1411/1487/1093 1415/1492/1163
f 1412/1493/1164 1409/1488/1162 1408/1481/1155
f 1414/1494/1165 1409/1488/1095 1413/1495/1100
f 1419/1496/1166 1416/1491/1097 1415/1492/1163
f 1417/1497/1167 1412/1493/1164 1416/1491/1097
f 1418/1498/1104 1413/1495/1100 1417/1497/1168
f 1420/1499/1105 1417/1497/1167 1416/1491/1097
f 1422/1500/1107 1417/1497/1168 1421/1501/1106
f 1424/1502/1108 1419/1496/1166 1423/1503/1109
f 1425/1504/1169 1420/1499/1105 1424/1502/1108
f 1425/1504/1111 1422/1500/1107 1421/1501/1106
f 1427/1505/1170 1424/1502/1108 1423/1503/1109
f 1428/1506/1171 1425/1504/1169 1424/1502/1108
f 1429/1507/1114 1426/1508/1111 1425/1504/1111
f 1433/1509/1172 1428/1506/1171 1432/1510/1173
f 1436/1511/1117 1433/1509/1172 1432/1510/1173
f 1433/1509/1118 1430/1512/1114 1429/1507/1114
f 1432/1510/1173 1427/1505/1170 1431/1513/1119
f 1441/1514/1174 1436/1511/1117 1440/1515/1175
f 1438/1516/1122 1433/1509/1118 1437/1517/1122
f 1435/1518/1176 1432/1510/1173 1431/1513/1119
f 1445/1519/1177 1442/1520/1125 1441/1514/1125
f 1442/1520/1125 1437/1517/1122 1441/1514/1125
f 1440/1515/1175 1435/1518/1176 1439/1521/1178
f 1449/1522/1128 1446/1523/1179 1445/1519/1177
f 1443/1524/1180 1440/1515/1175 1439/1521/1178
f 1444/1525/1130 1441/1514/1174 1440/1515/1175
f 1453/1526/1131 1450/1527/1128 1449/1522/1128
f 1448/1528/1132 1443/1524/1180 1447/1529/1181
f 1449/1522/1182 1444/1525/1130 1448/1528/1132
f 1456/1530/1183 1451/1531/1136 1455/1532/1137
f 1451/1531/1136 1448/1528/1132 1447/1529/1181
f 1452/1533/1184 1449/1522/1182 1448/1528/1132
f 1459/1534/1185 1456/1530/1183 1455/1532/1137
f 1405/1490/1096 1402/1535/1140 1401/1478/1084
f 1457/1536/1186 1452/1533/1184 1456/1530/1183
f 1457/1536/1142 1454/1537/1187 1453/1526/1131
f 1460/1538/1188 1401/1478/1161 1461/1480/1189
f 1460/1538/1188 1457/1536/1186 1456/1530/1183
f 1461/1480/1085 1458/1539/1190 1457/1536/1142
f 1459/1534/1185 1400/1484/1158 1460/1538/1188
f 1451/1531/1136 1463/1540/1191 1455/1532/1137
f 1447/1529/1181 1466/1541/1192 1463/1540/1191
f 1439/1521/1178 1466/1541/1192 1443/1524/1180
f 1435/1518/1176 1469/1542/1148 1439/1521/1178
f 1455/1532/1137 1464/1543/1193 1459/1534/1185
f 1463/1540/1191 1467/1544/1150 1464/1543/1193
f 1469/1542/1148 1467/1544/1150 1466/1541/1192
f 1431/1513/1119 1470/1545/1194 1469/1542/1148
f 1464/1543/1193 1399/1485/1159 1459/1534/1185
f 1467/1544/1150 1465/1546/1152 1464/1543/1193
f 1467/1544/1150 1471/1547/1153 1468/1548/1195
f 1470/1545/1194 1423/1503/1109 1471/1547/1153
f 1465/1546/1152 1403/1482/1156 1399/1485/1159
f 1468/1548/1195 1407/1483/1157 1465/1546/1152
f 1468/1548/1195 1415/1492/1163 1411/1487/1093
f 1471/1547/1153 1419/1496/1166 1415/1492/1163
f 1534/1549/1196 1475/1550/1197 1474/1551/1197
f 1476/1552/1198 1481/1553/1199 1480/1554/1200
f 1476/1552/1198 1473/1555/1201 1477/1556/1202
f 1477/1556/1202 1474/1551/1203 1478/1557/1204
f 1484/1558/1205 1481/1553/1199 1485/1559/1206
f 1477/1556/1202 1482/1560/1207 1481/1553/1199
f 1478/1557/1208 1483/1561/1209 1482/1560/1209
f 1484/1558/1205 1489/1562/1210 1488/1563/1211
f 1485/1559/1206 1482/1560/1207 1486/1564/1212
f 1486/1564/1213 1483/1561/1209 1487/1565/1213
f 1492/1566/1214 1489/1562/1210 1493/1567/1215
f 1485/1559/1206 1490/1568/1216 1489/1562/1210
f 1486/1564/1213 1491/1569/1217 1490/1568/1218
f 1493/1567/1215 1490/1568/1216 1494/1570/1219
f 1490/1568/1218 1495/1571/1220 1494/1570/1220
f 1492/1566/1214 1497/1572/1221 1496/1573/1222
f 1493/1567/1215 1498/1574/1223 1497/1572/1221
f 1498/1574/1224 1495/1571/1220 1499/1575/1225
f 1500/1576/1226 1497/1572/1221 1501/1577/1227
f 1501/1577/1227 1498/1574/1223 1502/1578/1228
f 1502/1578/1229 1499/1575/1225 1503/1579/1230
f 1501/1577/1227 1506/1580/1231 1505/1581/1232
f 1509/1582/1233 1506/1580/1231 1510/1583/1234
f 1502/1578/1229 1507/1584/1235 1506/1580/1235
f 1500/1576/1226 1505/1581/1232 1504/1585/1236
f 1509/1582/1233 1514/1586/1237 1513/1587/1238
f 1506/1580/1235 1511/1588/1239 1510/1583/1239
f 1508/1589/1240 1505/1581/1232 1509/1582/1233
f 1518/1590/1241 1515/1591/1242 1519/1592/1243
f 1510/1583/1239 1515/1591/1242 1514/1586/1242
f 1508/1589/1240 1513/1587/1238 1512/1593/1244
f 1522/1594/1245 1519/1592/1243 1523/1595/1245
f 1516/1596/1246 1513/1587/1238 1517/1597/1247
f 1517/1597/1247 1514/1586/1237 1518/1590/1248
f 1526/1598/1249 1523/1595/1245 1527/1599/1250
f 1516/1596/1246 1521/1600/1251 1520/1601/1252
f 1517/1597/1247 1522/1594/1253 1521/1600/1251
f 1524/1602/1254 1529/1603/1255 1528/1604/1256
f 1524/1602/1254 1521/1600/1251 1525/1605/1257
f 1525/1605/1257 1522/1594/1253 1526/1598/1258
f 1532/1606/1259 1529/1603/1255 1533/1607/1260
f 1478/1557/1208 1475/1550/1197 1479/1608/1208
f 1525/1605/1257 1530/1609/1261 1529/1603/1255
f 1526/1598/1249 1531/1610/1262 1530/1609/1263
f 1474/1551/1203 1533/1607/1260 1534/1549/1264
f 1533/1607/1260 1530/1609/1261 1534/1549/1264
f 1534/1549/1196 1531/1610/1262 1535/1611/1265
f 1473/1555/1201 1532/1606/1259 1533/1607/1260
f 1524/1602/1254 1536/1612/1266 1520/1601/1252
f 1520/1601/1252 1539/1613/1267 1516/1596/1246
f 1539/1613/1267 1512/1593/1244 1516/1596/1246
f 1542/1614/1268 1508/1589/1240 1512/1593/1244
f 1528/1604/1256 1537/1615/1269 1536/1612/1266
f 1536/1612/1266 1540/1616/1270 1539/1613/1267
f 1540/1616/1270 1542/1614/1268 1539/1613/1267
f 1543/1617/1271 1504/1585/1236 1542/1614/1268
f 1472/1618/1272 1537/1615/1269 1532/1606/1259
f 1538/1619/1273 1540/1616/1270 1537/1615/1269
f 1540/1616/1270 1544/1620/1274 1543/1617/1271
f 1543/1617/1271 1496/1573/1222 1500/1576/1226
f 1476/1552/1198 1538/1619/1273 1472/1618/1272
f 1480/1554/1200 1541/1621/1275 1538/1619/1273
f 1541/1621/1275 1488/1563/1211 1544/1620/1274
f 1544/1620/1274 1492/1566/1214 1496/1573/1222
f 1607/1622/1276 1548/1623/1277 1608/1624/1276
f 1554/1625/1278 1549/1626/1279 1553/1627/1280
f 1549/1626/1279 1546/1628/1281 1545/1629/1282
f 1550/1630/1283 1547/1631/1284 1546/1628/1281
f 1557/1632/1285 1554/1625/1278 1553/1627/1280
f 1555/1633/1286 1550/1630/1283 1554/1625/1278
f 1555/1633/1287 1552/1634/1288 1551/1635/1288
f 1562/1636/1289 1557/1632/1285 1561/1637/1290
f 1558/1638/1291 1555/1633/1286 1554/1625/1278
f 1559/1639/1292 1556/1640/1293 1555/1633/1287
f 1565/1641/1294 1562/1636/1289 1561/1637/1290
f 1563/1642/1295 1558/1638/1291 1562/1636/1289
f 1563/1642/1296 1560/1643/1292 1559/1639/1292
f 1566/1644/1297 1563/1642/1295 1562/1636/1289
f 1567/1645/1298 1564/1646/1296 1563/1642/1296
f 1570/1647/1299 1565/1641/1294 1569/1648/1300
f 1571/1649/1301 1566/1644/1297 1570/1647/1299
f 1572/1650/1302 1567/1645/1298 1571/1649/1303
f 1573/1651/1304 1570/1647/1299 1569/1648/1300
f 1574/1652/1305 1571/1649/1301 1570/1647/1299
f 1575/1653/1306 1572/1650/1302 1571/1649/1303
f 1579/1654/1307 1574/1652/1305 1578/1655/1308
f 1582/1656/1309 1579/1654/1307 1578/1655/1308
f 1579/1654/1310 1576/1657/1311 1575/1653/1306
f 1578/1655/1308 1573/1651/1304 1577/1658/1312
f 1587/1659/1313 1582/1656/1309 1586/1660/1314
f 1583/1661/1315 1580/1662/1310 1579/1654/1310
f 1581/1663/1316 1578/1655/1308 1577/1658/1312
f 1592/1664/1317 1587/1659/1318 1591/1665/1319
f 1588/1666/1318 1583/1661/1315 1587/1659/1318
f 1586/1660/1314 1581/1663/1316 1585/1667/1320
f 1596/1668/1321 1591/1665/1319 1595/1669/1321
f 1589/1670/1322 1586/1660/1314 1585/1667/1320
f 1590/1671/1323 1587/1659/1313 1586/1660/1314
f 1599/1672/1324 1596/1668/1321 1595/1669/1321
f 1594/1673/1325 1589/1670/1322 1593/1674/1326
f 1595/1669/1327 1590/1671/1323 1594/1673/1325
f 1602/1675/1328 1597/1676/1329 1601/1677/1330
f 1597/1676/1329 1594/1673/1325 1593/1674/1326
f 1598/1678/1331 1595/1669/1327 1594/1673/1325
f 1605/1679/1332 1602/1675/1328 1601/1677/1330
f 1551/1635/1288 1548/1623/1277 1547/1631/1277
f 1603/1680/1333 1598/1678/1331 1602/1675/1328
f 1604/1681/1334 1599/1672/1324 1603/1680/1334
f 1606/1682/1335 1547/1631/1284 1607/1622/1336
f 1606/1682/1335 1603/1680/1333 1602/1675/1328
f 1608/1624/1276 1603/1680/1334 1607/1622/1276
f 1605/1679/1332 1546/1628/1281 1606/1682/1335
f 1597/1676/1329 1609/1683/1337 1601/1677/1330
f 1593/1674/1326 1612/1684/1338 1609/1683/1337
f 1585/1667/1320 1612/1684/1338 1589/1670/1322
f 1581/1663/1316 1615/1685/1339 1585/1667/1320
f 1601/1677/1330 1610/1686/1340 1605/1679/1332
f 1609/1683/1337 1613/1687/1341 1610/1686/1340
f 1615/1685/1339 1613/1687/1341 1612/1684/1338
f 1577/1658/1312 1616/1688/1342 1615/1685/1339
f 1610/1686/1340 1545/1629/1282 1605/1679/1332
f 1613/1687/1341 1611/1689/1343 1610/1686/1340
f 1613/1687/1341 1617/1690/1344 1614/1691/1345
f 1616/1688/1342 1569/1648/1300 1617/1690/1344
f 1611/1689/1343 1549/1626/1279 1545/1629/1282
f 1614/1691/1345 1553/1627/1280 1611/1689/1343
f 1614/1691/1345 1561/1637/1290 1557/1632/1285
f 1617/1690/1344 1565/1641/1294 1561/1637/1290
f 1680/1692/1346 1621/1693/1347 1681/1694/1348
f 1627/1695/1349 1622/1696/1350 1626/1697/1351
f 1622/1696/1350 1619/1698/1352 1618/1699/1353
f 1623/1700/1354 1620/1701/1355 1619/1698/1352
f 1630/1702/1356 1627/1695/1349 1626/1697/1351
f 1628/1703/1357 1623/1700/1354 1627/1695/1349
f 1629/1704/1358 1624/1705/1359 1628/1703/1358
f 1635/1706/1360 1630/1702/1356 1634/1707/1361
f 1631/1708/1362 1628/1703/1357 1627/1695/1349
f 1632/1709/1363 1629/1704/1358 1628/1703/1358
f 1638/1710/1364 1635/1706/1360 1634/1707/1361
f 1636/1711/1365 1631/1708/1362 1635/1706/1360
f 1636/1711/1366 1633/1712/1367 1632/1709/1363
f 1639/1713/1368 1636/1711/1365 1635/1706/1360
f 1640/1714/1369 1637/1715/1366 1636/1711/1366
f 1643/1716/1370 1638/1710/1364 1642/1717/1371
f 1644/1718/1372 1639/1713/1368 1643/1716/1370
f 1644/1718/1373 1641/1719/1369 1640/1714/1369
f 1646/1720/1374 1643/1716/1370 1642/1717/1371
f 1647/1721/1375 1644/1718/1372 1643/1716/1370
f 1649/1722/1376 1644/1718/1373 1648/1723/1376
f 1652/1724/1377 1647/1721/1375 1651/1725/1378
f 1655/1726/1379 1652/1724/1377 1651/1725/1378
f 1653/1727/1380 1648/1723/1376 1652/1724/1381
f 1651/1725/1378 1646/1720/1374 1650/1728/1382
f 1660/1729/1383 1655/1726/1379 1659/1730/1384
f 1657/1731/1385 1652/1724/1381 1656/1732/1386
f 1654/1733/1387 1651/1725/1378 1650/1728/1382
f 1665/1734/1388 1660/1729/1389 1664/1735/1390
f 1661/1736/1389 1656/1732/1386 1660/1729/1389
f 1659/1730/1384 1654/1733/1387 1658/1737/1391
f 1669/1738/1392 1664/1735/1390 1668/1739/1393
f 1662/1740/1394 1659/1730/1384 1658/1737/1391
f 1663/1741/1395 1660/1729/1383 1659/1730/1384
f 1672/1742/1396 1669/1738/1392 1668/1739/1393
f 1667/1743/1397 1662/1740/1394 1666/1744/1398
f 1668/1739/1399 1663/1741/1395 1667/1743/1397
f 1675/1745/1400 1670/1746/1401 1674/1747/1402
f 1670/1746/1401 1667/1743/1397 1666/1744/1398
f 1671/1748/1403 1668/1739/1399 1667/1743/1397
f 1678/1749/1404 1675/1745/1400 1674/1747/1402
f 1624/1705/1359 1621/1693/1347 1620/1701/1347
f 1676/1750/1405 1671/1748/1403 1675/1745/1400
f 1677/1751/1406 1672/1742/1396 1676/1750/1407
f 1679/1752/1408 1620/1701/1355 1680/1692/1409
f 1679/1752/1408 1676/1750/1405 1675/1745/1400
f 1681/1694/1348 1676/1750/1407 1680/1692/1346
f 1678/1749/1404 1619/1698/1352 1679/1752/1408
f 1670/1746/1401 1682/1753/1410 1674/1747/1402
f 1666/1744/1398 1685/1754/1411 1682/1753/1410
f 1658/1737/1391 1685/1754/1411 1662/1740/1394
f 1654/1733/1387 1688/1755/1412 1658/1737/1391
f 1674/1747/1402 1683/1756/1413 1678/1749/1404
f 1682/1753/1410 1686/1757/1414 1683/1756/1413
f 1688/1755/1412 1686/1757/1414 1685/1754/1411
f 1650/1728/1382 1689/1758/1415 1688/1755/1412
f 1683/1756/1413 1618/1699/1353 1678/1749/1404
f 1686/1757/1414 1684/1759/1416 1683/1756/1413
f 1686/1757/1414 1690/1760/1417 1687/1761/1418
f 1689/1758/1415 1642/1717/1371 1690/1760/1417
f 1684/1759/1416 1622/1696/1350 1618/1699/1353
f 1687/1761/1418 1626/1697/1351 1684/1759/1416
f 1687/1761/1418 1634/1707/1361 1630/1702/1356
f 1690/1760/1417 1638/1710/1364 1634/1707/1361
f 1753/1762/1348 1694/1763/1347 1754/1764/1419
f 1700/1765/1349 1695/1766/1420 1699/1767/1421
f 1695/1766/1420 1692/1768/1422 1691/1769/1423
f 1696/1770/1354 1693/1771/1424 1692/1768/1422
f 1703/1772/1425 1700/1765/1349 1699/1767/1421
f 1701/1773/1426 1696/1770/1354 1700/1765/1349
f 1702/1774/1427 1697/1775/1428 1701/1773/1427
f 1708/1776/1429 1703/1772/1425 1707/1777/1361
f 1704/1778/1430 1701/1773/1426 1700/1765/1349
f 1705/1779/1367 1702/1774/1427 1701/1773/1427
f 1711/1780/1431 1708/1776/1429 1707/1777/1361
f 1709/1781/1432 1704/1778/1430 1708/1776/1429
f 1710/1782/1433 1705/1779/1367 1709/1781/1433
f 1712/1783/1368 1709/1781/1432 1708/1776/1429
f 1714/1784/1369 1709/1781/1433 1713/1785/1369
f 1716/1786/1434 1711/1780/1431 1715/1787/1435
f 1717/1788/1436 1712/1783/1368 1716/1786/1434
f 1717/1788/1373 1714/1784/1369 1713/1785/1369
f 1719/1789/1437 1716/1786/1434 1715/1787/1435
f 1720/1790/1375 1717/1788/1436 1716/1786/1434
f 1722/1791/1376 1717/1788/1373 1721/1792/1376
f 1725/1793/1438 1720/1790/1375 1724/1794/1378
f 1728/1795/1379 1725/1793/1438 1724/1794/1378
f 1726/1796/1380 1721/1792/1376 1725/1793/1381
f 1724/1794/1378 1719/1789/1437 1723/1797/1439
f 1733/1798/1440 1728/1795/1379 1732/1799/1441
f 1730/1800/1385 1725/1793/1381 1729/1801/1386
f 1727/1802/1442 1724/1794/1378 1723/1797/1439
f 1737/1803/1443 1734/1804/1444 1733/1798/1445
f 1734/1804/1444 1729/1801/1386 1733/1798/1445
f 1732/1799/1441 1727/1802/1442 1731/1805/1446
f 1742/1806/1392 1737/1803/1443 1741/1807/1393
f 1735/1808/1447 1732/1799/1441 1731/1805/1446
f 1736/1809/1448 1733/1798/1440 1732/1799/1441
f 1745/1810/1449 1742/1806/1392 1741/1807/1393
f 1740/1811/1397 1735/1808/1447 1739/1812/1398
f 1741/1807/1450 1736/1809/1448 1740/1811/1397
f 1748/1813/1451 1743/1814/1452 1747/1815/1453
f 1743/1814/1452 1740/1811/1397 1739/1812/1398
f 1744/1816/1454 1741/1807/1450 1740/1811/1397
f 1751/1817/1455 1748/1813/1451 1747/1815/1453
f 1697/1775/1428 1694/1763/1347 1693/1771/1347
f 1749/1818/1456 1744/1816/1454 1748/1813/1451
f 1749/1818/1457 1746/1819/1458 1745/1810/1449
f 1752/1820/1459 1693/1771/1424 1753/1762/1460
f 1752/1820/1459 1749/1818/1456 1748/1813/1451
f 1754/1764/1419 1749/1818/1457 1753/1762/1348
f 1751/1817/1455 1692/1768/1422 1752/1820/1459
f 1743/1814/1452 1755/1821/1461 1747/1815/1453
f 1739/1812/1398 1758/1822/1411 1755/1821/1461
f 1731/1805/1446 1758/1822/1411 1735/1808/1447
f 1727/1802/1442 1761/1823/1412 1731/1805/1446
f 1747/1815/1453 1756/1824/1462 1751/1817/1455
f 1755/1821/1461 1759/1825/1463 1756/1824/1462
f 1761/1823/1412 1759/1825/1463 1758/1822/1411
f 1723/1797/1439 1762/1826/1464 1761/1823/1412
f 1756/1824/1462 1691/1769/1423 1751/1817/1455
f 1759/1825/1463 1757/1827/1465 1756/1824/1462
f 1759/1825/1463 1763/1828/1466 1760/1829/1467
f 1762/1826/1464 1715/1787/1435 1763/1828/1466
f 1757/1827/1465 1695/1766/1420 1691/1769/1423
f 1760/1829/1467 1699/1767/1421 1757/1827/1465
f 1760/1829/1467 1707/1777/1361 1703/1772/1425
f 1763/1828/1466 1711/1780/1431 1707/1777/1361
f 1826/1830/1468 1767/1831/1469 1766/1832/1469
f 1768/1833/1470 1773/1834/1471 1772/1835/1472
f 1768/1833/1470 1765/1836/1473 1769/1837/1474
f 1769/1837/1474 1766/1832/1475 1770/1838/1476
f 1776/1839/1477 1773/1834/1471 1777/1840/1478
f 1769/1837/1474 1774/1841/1479 1773/1834/1471
f 1774/1841/1480 1771/1842/1481 1775/1843/1480
f 1776/1839/1477 1781/1844/1482 1780/1845/1483
f 1777/1840/1478 1774/1841/1479 1778/1846/1484
f 1774/1841/1480 1779/1847/1485 1778/1846/1485
f 1784/1848/1486 1781/1844/1482 1785/1849/1487
f 1777/1840/1478 1782/1850/1488 1781/1844/1482
f 1778/1846/1485 1783/1851/1489 1782/1850/1490
f 1785/1849/1487 1782/1850/1488 1786/1852/1491
f 1782/1850/1490 1787/1853/1492 1786/1852/1493
f 1784/1848/1486 1789/1854/1494 1788/1855/1495
f 1785/1849/1487 1790/1856/1496 1789/1854/1494
f 1786/1852/1493 1791/1857/1497 1790/1856/1498
f 1792/1858/1499 1789/1854/1494 1793/1859/1500
f 1793/1859/1500 1790/1856/1496 1794/1860/1501
f 1794/1860/1502 1791/1857/1497 1795/1861/1502
f 1793/1859/1500 1798/1862/1503 1797/1863/1504
f 1801/1864/1505 1798/1862/1503 1802/1865/1506
f 1798/1862/1507 1795/1861/1502 1799/1866/1508
f 1792/1858/1499 1797/1863/1504 1796/1867/1509
f 1801/1864/1505 1806/1868/1510 1805/1869/1511
f 1798/1862/1507 1803/1870/1512 1802/1865/1512
f 1800/1871/1513 1797/1863/1504 1801/1864/1505
f 1810/1872/1514 1807/1873/1515 1811/1874/1516
f 1802/1865/1512 1807/1873/1515 1806/1868/1517
f 1800/1871/1513 1805/1869/1511 1804/1875/1518
f 1814/1876/1519 1811/1874/1516 1815/1877/1519
f 1808/1878/1520 1805/1869/1511 1809/1879/1521
f 1809/1879/1521 1806/1868/1510 1810/1872/1522
f 1818/1880/1523 1815/1877/1519 1819/1881/1524
f 1808/1878/1520 1813/1882/1525 1812/1883/1526
f 1809/1879/1521 1814/1876/1527 1813/1882/1525
f 1816/1884/1528 1821/1885/1529 1820/1886/1530
f 1816/1884/1528 1813/1882/1525 1817/1887/1531
f 1817/1887/1531 1814/1876/1527 1818/1880/1532
f 1824/1888/1533 1821/1885/1529 1825/1889/1534
f 1770/1838/1481 1767/1831/1469 1771/1842/1481
f 1817/1887/1531 1822/1890/1535 1821/1885/1529
f 1822/1890/1536 1819/1881/1524 1823/1891/1537
f 1766/1832/1475 1825/1889/1534 1826/1830/1538
f 1825/1889/1534 1822/1890/1535 1826/1830/1538
f 1822/1890/1536 1827/1892/1468 1826/1830/1468
f 1765/1836/1473 1824/1888/1533 1825/1889/1534
f 1816/1884/1528 1828/1893/1539 1812/1883/1526
f 1812/1883/1526 1831/1894/1540 1808/1878/1520
f 1831/1894/1540 1804/1875/1518 1808/1878/1520
f 1834/1895/1541 1800/1871/1513 1804/1875/1518
f 1820/1886/1530 1829/1896/1542 1828/1893/1539
f 1828/1893/1539 1832/1897/1543 1831/1894/1540
f 1832/1897/1543 1834/1895/1541 1831/1894/1540
f 1835/1898/1544 1796/1867/1509 1834/1895/1541
f 1764/1899/1545 1829/1896/1542 1824/1888/1533
f 1830/1900/1546 1832/1897/1543 1829/1896/1542
f 1832/1897/1543 1836/1901/1547 1835/1898/1544
f 1835/1898/1544 1788/1855/1495 1792/1858/1499
f 1768/1833/1470 1830/1900/1546 1764/1899/1545
f 1772/1835/1472 1833/1902/1548 1830/1900/1546
f 1833/1902/1548 1780/1845/1483 1836/1901/1547
f 1836/1901/1547 1784/1848/1486 1788/1855/1495
f 1839/1903/1549 1900/1904/1550 1899/1905/1550
f 1846/1906/1551 1841/1907/1552 1845/1908/1553
f 1841/1907/1552 1838/1909/1554 1837/1910/1555
f 1842/1911/1556 1839/1903/1557 1838/1909/1554
f 1849/1912/1558 1846/1906/1551 1845/1908/1553
f 1847/1913/1559 1842/1911/1556 1846/1906/1551
f 1847/1913/1560 1844/1914/1561 1843/1915/1561
f 1854/1916/1562 1849/1912/1558 1853/1917/1563
f 1850/1918/1564 1847/1913/1559 1846/1906/1551
f 1852/1919/1565 1847/1913/1560 1851/1920/1565
f 1857/1921/1566 1854/1916/1562 1853/1917/1563
f 1855/1922/1567 1850/1918/1564 1854/1916/1562
f 1855/1922/1568 1852/1919/1565 1851/1920/1565
f 1858/1923/1569 1855/1922/1567 1854/1916/1562
f 1860/1924/1570 1855/1922/1568 1859/1925/1571
f 1862/1926/1572 1857/1921/1566 1861/1927/1573
f 1863/1928/1574 1858/1923/1569 1862/1926/1572
f 1864/1929/1575 1859/1925/1571 1863/1928/1576
f 1865/1930/1577 1862/1926/1572 1861/1927/1573
f 1866/1931/1578 1863/1928/1574 1862/1926/1572
f 1868/1932/1579 1863/1928/1576 1867/1933/1579
f 1871/1934/1580 1866/1931/1578 1870/1935/1581
f 1874/1936/1582 1871/1934/1580 1870/1935/1581
f 1872/1937/1583 1867/1933/1579 1871/1934/1583
f 1870/1935/1581 1865/1930/1577 1869/1938/1584
f 1879/1939/1585 1874/1936/1582 1878/1940/1586
f 1875/1941/1587 1872/1937/1583 1871/1934/1583
f 1873/1942/1588 1870/1935/1581 1869/1938/1584
f 1884/1943/1589 1879/1939/1590 1883/1944/1589
f 1880/1945/1591 1875/1941/1587 1879/1939/1590
f 1878/1940/1586 1873/1942/1588 1877/1946/1592
f 1887/1947/1593 1884/1943/1589 1883/1944/1589
f 1881/1948/1594 1878/1940/1586 1877/1946/1592
f 1882/1949/1595 1879/1939/1585 1878/1940/1586
f 1892/1950/1596 1887/1947/1593 1891/1951/1596
f 1886/1952/1597 1881/1948/1594 1885/1953/1598
f 1887/1947/1599 1882/1949/1595 1886/1952/1597
f 1894/1954/1600 1889/1955/1601 1893/1956/1602
f 1889/1955/1601 1886/1952/1597 1885/1953/1598
f 1890/1957/1603 1887/1947/1599 1886/1952/1597
f 1897/1958/1604 1894/1954/1600 1893/1956/1602
f 1843/1915/1561 1840/1959/1605 1839/1903/1549
f 1895/1960/1606 1890/1957/1603 1894/1954/1600
f 1896/1961/1607 1891/1951/1596 1895/1960/1607
f 1898/1962/1608 1839/1903/1557 1899/1905/1609
f 1898/1962/1608 1895/1960/1606 1894/1954/1600
f 1899/1905/1550 1896/1961/1607 1895/1960/1607
f 1897/1958/1604 1838/1909/1554 1898/1962/1608
f 1889/1955/1601 1901/1963/1610 1893/1956/1602
f 1885/1953/1598 1904/1964/1611 1901/1963/1610
f 1877/1946/1592 1904/1964/1611 1881/1948/1594
f 1873/1942/1588 1907/1965/1612 1877/1946/1592
f 1893/1956/1602 1902/1966/1613 1897/1958/1604
f 1901/1963/1610 1905/1967/1614 1902/1966/1613
f 1907/1965/1612 1905/1967/1614 1904/1964/1611
f 1869/1938/1584 1908/1968/1615 1907/1965/1612
f 1902/1966/1613 1837/1910/1555 1897/1958/1604
f 1905/1967/1614 1903/1969/1616 1902/1966/1613
f 1905/1967/1614 1909/1970/1617 1906/1971/1618
f 1908/1968/1615 1861/1927/1573 1909/1970/1617
f 1903/1969/1616 1841/1907/1552 1837/1910/1555
f 1906/1971/1618 1845/1908/1553 1903/1969/1616
f 1906/1971/1618 1853/1917/1563 1849/1912/1558
f 1909/1970/1617 1857/1921/1566 1853/1917/1563
f 1972/1972/1619 1913/1973/1620 1973/1974/1619
f 1919/1975/1621 1914/1976/1622 1918/1977/1623
f 1914/1976/1622 1911/1978/1624 1910/1979/1625
f 1915/1980/1626 1912/1981/1627 1911/1978/1624
f 1922/1982/1628 1919/1975/1621 1918/1977/1623
f 1920/1983/1629 1915/1980/1626 1919/1975/1621
f 1920/1983/1630 1917/1984/1631 1916/1985/1632
f 1927/1986/1633 1922/1982/1628 1926/1987/1634
f 1923/1988/1635 1920/1983/1629 1919/1975/1621
f 1924/1989/1636 1921/1990/1637 1920/1983/1630
f 1930/1991/1638 1927/1986/1633 1926/1987/1634
f 1928/1992/1639 1923/1988/1635 1927/1986/1633
f 1928/1992/1640 1925/1993/1636 1924/1989/1636
f 1931/1994/1641 1928/1992/1639 1927/1986/1633
f 1932/1995/1642 1929/1996/1640 1928/1992/1640
f 1935/1997/1643 1930/1991/1638 1934/1998/1644
f 1936/1999/1645 1931/1994/1641 1935/1997/1643
f 1936/1999/1646 1933/2000/1647 1932/1995/1642
f 1938/2001/1648 1935/1997/1643 1934/1998/1644
f 1939/2002/1649 1936/1999/1645 1935/1997/1643
f 1940/2003/1650 1937/2004/1646 1936/1999/1646
f 1944/2005/1651 1939/2002/1649 1943/2006/1652
f 1947/2007/1653 1944/2005/1651 1943/2006/1652
f 1944/2005/1654 1941/2008/1655 1940/2003/1650
f 1943/2006/1652 1938/2001/1648 1942/2009/1656
f 1952/2010/1657 1947/2007/1653 1951/2011/1658
f 1948/2012/1659 1945/2013/1654 1944/2005/1654
f 1946/2014/1660 1943/2006/1652 1942/2009/1656
f 1957/2015/1661 1952/2010/1662 1956/2016/1663
f 1953/2017/1662 1948/2012/1659 1952/2010/1662
f 1951/2011/1658 1946/2014/1660 1950/2018/1664
f 1960/2019/1665 1957/2015/1661 1956/2016/1663
f 1954/2020/1666 1951/2011/1658 1950/2018/1664
f 1955/2021/1667 1952/2010/1657 1951/2011/1658
f 1965/2022/1668 1960/2019/1665 1964/2023/1668
f 1959/2024/1669 1954/2020/1666 1958/2025/1670
f 1960/2019/1671 1955/2021/1667 1959/2024/1669
f 1967/2026/1672 1962/2027/1673 1966/2028/1674
f 1962/2027/1673 1959/2024/1669 1958/2025/1670
f 1963/2029/1675 1960/2019/1671 1959/2024/1669
f 1970/2030/1676 1967/2026/1672 1966/2028/1674
f 1916/1985/1632 1913/1973/1620 1912/1981/1677
f 1968/2031/1678 1963/2029/1675 1967/2026/1672
f 1968/2031/1679 1965/2022/1668 1964/2023/1668
f 1971/2032/1680 1912/1981/1627 1972/1972/1681
f 1971/2032/1680 1968/2031/1678 1967/2026/1672
f 1973/1974/1619 1968/2031/1679 1972/1972/1619
f 1970/2030/1676 1911/1978/1624 1971/2032/1680
f 1962/2027/1673 1974/2033/1682 1966/2028/1674
f 1958/2025/1670 1977/2034/1683 1974/2033/1682
f 1950/2018/1664 1977/2034/1683 1954/2020/1666
f 1946/2014/1660 1980/2035/1684 1950/2018/1664
f 1966/2028/1674 1975/2036/1685 1970/2030/1676
f 1974/2033/1682 1978/2037/1686 1975/2036/1685
f 1980/2035/1684 1978/2037/1686 1977/2034/1683
f 1942/2009/1656 1981/2038/1687 1980/2035/1684
f 1975/2036/1685 1910/1979/1625 1970/2030/1676
f 1978/2037/1686 1976/2039/1688 1975/2036/1685
f 1978/2037/1686 1982/2040/1689 1979/2041/1690
f 1981/2038/1687 1934/1998/1644 1982/2040/1689
f 1976/2039/1688 1914/1976/1622 1910/1979/1625
f 1979/2041/1690 1918/1977/1623 1976/2039/1688
f 1979/2041/1690 1926/1987/1634 1922/1982/1628
f 1982/2040/1689 1930/1991/1638 1926/1987/1634
f 2045/2042/1691 1986/2043/1620 2046/2044/1692
f 1992/2045/1693 1987/2046/1694 1991/2047/1695
f 1987/2046/1694 1984/2048/1696 1983/2049/1697
f 1988/2050/1626 1985/2051/1698 1984/2048/1696
f 1995/2052/1699 1992/2045/1693 1991/2047/1695
f 1993/2053/1700 1988/2050/1626 1992/2045/1693
f 1994/2054/1701 1989/2055/1702 1993/2053/1701
f 2000/2056/1633 1995/2052/1699 1999/2057/1634
f 1996/2058/1703 1993/2053/1700 1992/2045/1693
f 1998/2059/1704 1993/2053/1701 1997/2060/1705
f 2003/2061/1706 2000/2056/1633 1999/2057/1634
f 2001/2062/1707 1996/2058/1703 2000/2056/1633
f 2002/2063/1708 1997/2060/1705 2001/2062/1709
f 2004/2064/1641 2001/2062/1707 2000/2056/1633
f 2006/2065/1647 2001/2062/1709 2005/2066/1647
f 2008/2067/1710 2003/2061/1706 2007/2068/1711
f 2009/2069/1645 2004/2064/1641 2008/2067/1710
f 2009/2069/1712 2006/2065/1647 2005/2066/1647
f 2011/2070/1648 2008/2067/1710 2007/2068/1711
f 2012/2071/1713 2009/2069/1645 2008/2067/1710
f 2013/2072/1650 2010/2073/1712 2009/2069/1712
f 2017/2074/1714 2012/2071/1713 2016/2075/1652
f 2020/2076/1653 2017/2074/1714 2016/2075/1652
f 2017/2074/1654 2014/2077/1650 2013/2072/1650
f 2016/2075/1652 2011/2070/1648 2015/2078/1656
f 2025/2079/1715 2020/2076/1653 2024/2080/1716
f 2021/2081/1659 2018/2082/1654 2017/2074/1654
f 2019/2083/1717 2016/2075/1652 2015/2078/1656
f 2030/2084/1718 2025/2079/1662 2029/2085/1718
f 2025/2079/1662 2022/2086/1659 2021/2081/1659
f 2024/2080/1716 2019/2083/1717 2023/2087/1664
f 2033/2088/1665 2030/2084/1718 2029/2085/1718
f 2027/2089/1719 2024/2080/1716 2023/2087/1664
f 2028/2090/1720 2025/2079/1715 2024/2080/1716
f 2038/2091/1721 2033/2088/1665 2037/2092/1721
f 2032/2093/1722 2027/2089/1719 2031/2094/1723
f 2033/2088/1724 2028/2090/1720 2032/2093/1722
f 2040/2095/1672 2035/2096/1725 2039/2097/1726
f 2035/2096/1725 2032/2093/1722 2031/2094/1723
f 2036/2098/1727 2033/2088/1724 2032/2093/1722
f 2043/2099/1728 2040/2095/1672 2039/2097/1726
f 1990/2100/1729 1985/2051/1730 1989/2055/1702
f 2041/2101/1731 2036/2098/1727 2040/2095/1672
f 2041/2101/1732 2038/2091/1721 2037/2092/1721
f 2044/2102/1733 1985/2051/1698 2045/2042/1681
f 2044/2102/1733 2041/2101/1731 2040/2095/1672
f 2046/2044/1692 2041/2101/1732 2045/2042/1691
f 2043/2099/1728 1984/2048/1696 2044/2102/1733
f 2035/2096/1725 2047/2103/1682 2039/2097/1726
f 2031/2094/1723 2050/2104/1683 2047/2103/1682
f 2023/2087/1664 2050/2104/1683 2027/2089/1719
f 2019/2083/1717 2053/2105/1684 2023/2087/1664
f 2039/2097/1726 2048/2106/1734 2043/2099/1728
f 2047/2103/1682 2051/2107/1686 2048/2106/1734
f 2053/2105/1684 2051/2107/1686 2050/2104/1683
f 2015/2078/1656 2054/2108/1735 2053/2105/1684
f 2048/2106/1734 1983/2049/1697 2043/2099/1728
f 2051/2107/1686 2049/2109/1736 2048/2106/1734
f 2051/2107/1686 2055/2110/1689 2052/2111/1737
f 2054/2108/1735 2007/2068/1711 2055/2110/1689
f 2049/2109/1736 1987/2046/1694 1983/2049/1697
f 2052/2111/1737 1991/2047/1695 2049/2109/1736
f 2052/2111/1737 1999/2057/1634 1995/2052/1699
f 2055/2110/1689 2003/2061/1706 1999/2057/1634
f 2119/2112/1738 2058/2113/1739 2118/2114/1738
f 2060/2115/1740 2065/2116/1741 2064/2117/1742
f 2060/2115/1740 2057/2118/1743 2061/2119/1744
f 2061/2119/1744 2058/2113/1745 2062/2120/1746
f 2068/2121/1747 2065/2116/1741 2069/2122/1748
f 2061/2119/1744 2066/2123/1749 2065/2116/1741
f 2066/2123/1750 2063/2124/1751 2067/2125/1750
f 2068/2121/1747 2073/2126/1752 2072/2127/1753
f 2069/2122/1748 2066/2123/1749 2070/2128/1754
f 2066/2123/1750 2071/2129/1755 2070/2128/1756
f 2076/2130/1757 2073/2126/1752 2077/2131/1758
f 2069/2122/1748 2074/2132/1759 2073/2126/1752
f 2070/2128/1756 2075/2133/1760 2074/2132/1761
f 2077/2131/1758 2074/2132/1759 2078/2134/1762
f 2074/2132/1761 2079/2135/1763 2078/2134/1763
f 2076/2130/1757 2081/2136/1764 2080/2137/1765
f 2077/2131/1758 2082/2138/1766 2081/2136/1764
f 2078/2134/1763 2083/2139/1767 2082/2138/1768
f 2084/2140/1769 2081/2136/1764 2085/2141/1770
f 2085/2141/1770 2082/2138/1766 2086/2142/1771
f 2086/2142/1772 2083/2139/1767 2087/2143/1772
f 2085/2141/1770 2090/2144/1773 2089/2145/1774
f 2093/2146/1775 2090/2144/1773 2094/2147/1776
f 2086/2142/1772 2091/2148/1777 2090/2144/1778
f 2084/2140/1769 2089/2145/1774 2088/2149/1779
f 2093/2146/1775 2098/2150/1780 2097/2151/1781
f 2090/2144/1778 2095/2152/1782 2094/2147/1783
f 2092/2153/1784 2089/2145/1774 2093/2146/1775
f 2102/2154/1785 2099/2155/1786 2103/2156/1785
f 2094/2147/1783 2099/2155/1786 2098/2150/1786
f 2092/2153/1784 2097/2151/1781 2096/2157/1787
f 2106/2158/1788 2103/2156/1785 2107/2159/1789
f 2100/2160/1790 2097/2151/1781 2101/2161/1791
f 2101/2161/1791 2098/2150/1780 2102/2154/1792
f 2106/2158/1788 2111/2162/1793 2110/2163/1793
f 2100/2160/1790 2105/2164/1794 2104/2165/1795
f 2101/2161/1791 2106/2158/1796 2105/2164/1794
f 2108/2166/1797 2113/2167/1798 2112/2168/1799
f 2108/2166/1797 2105/2164/1794 2109/2169/1800
f 2109/2169/1800 2106/2158/1796 2110/2163/1801
f 2116/2170/1802 2113/2167/1798 2117/2171/1803
f 2058/2113/1739 2063/2124/1751 2062/2120/1751
f 2109/2169/1800 2114/2172/1804 2113/2167/1798
f 2110/2163/1793 2115/2173/1805 2114/2172/1805
f 2058/2113/1745 2117/2171/1803 2118/2114/1806
f 2117/2171/1803 2114/2172/1804 2118/2114/1806
f 2114/2172/1805 2119/2112/1738 2118/2114/1738
f 2057/2118/1743 2116/2170/1802 2117/2171/1803
f 2108/2166/1797 2120/2174/1807 2104/2165/1795
f 2104/2165/1795 2123/2175/1808 2100/2160/1790
f 2123/2175/1808 2096/2157/1787 2100/2160/1790
f 2126/2176/1809 2092/2153/1784 2096/2157/1787
f 2112/2168/1799 2121/2177/1810 2120/2174/1807
f 2120/2174/1807 2124/2178/1811 2123/2175/1808
f 2124/2178/1811 2126/2176/1809 2123/2175/1808
f 2127/2179/1812 2088/2149/1779 2126/2176/1809
f 2056/2180/1813 2121/2177/1810 2116/2170/1802
f 2122/2181/1814 2124/2178/1811 2121/2177/1810
f 2124/2178/1811 2128/2182/1815 2127/2179/1812
f 2127/2179/1812 2080/2137/1765 2084/2140/1769
f 2060/2115/1740 2122/2181/1814 2056/2180/1813
f 2064/2117/1742 2125/2183/1816 2122/2181/1814
f 2125/2183/1816 2072/2127/1753 2128/2182/1815
f 2128/2182/1815 2076/2130/1757 2080/2137/1765
f 2191/2184/1817 2132/2185/1818 2192/2186/1817
f 2138/2187/1819 2133/2188/1820 2137/2189/1821
f 2133/2188/1820 2130/2190/1822 2129/2191/1823
f 2134/2192/1824 2131/2193/1825 2130/2190/1822
f 2141/2194/1826 2138/2187/1819 2137/2189/1821
f 2139/2195/1827 2134/2192/1824 2138/2187/1819
f 2139/2195/1828 2136/2196/1829 2135/2197/1830
f 2146/2198/1831 2141/2194/1826 2145/2199/1832
f 2142/2200/1833 2139/2195/1827 2138/2187/1819
f 2144/2201/1834 2139/2195/1828 2143/2202/1834
f 2149/2203/1835 2146/2198/1831 2145/2199/1832
f 2147/2204/1836 2142/2200/1833 2146/2198/1831
f 2148/2205/1837 2143/2202/1834 2147/2204/1837
f 2150/2206/1838 2147/2204/1836 2146/2198/1831
f 2151/2207/1839 2148/2205/1837 2147/2204/1837
f 2154/2208/1840 2149/2203/1835 2153/2209/1841
f 2155/2210/1842 2150/2206/1838 2154/2208/1840
f 2156/2211/1843 2151/2207/1839 2155/2210/1843
f 2157/2212/1844 2154/2208/1840 2153/2209/1841
f 2158/2213/1845 2155/2210/1842 2154/2208/1840
f 2159/2214/1846 2156/2211/1843 2155/2210/1843
f 2163/2215/1847 2158/2213/1845 2162/2216/1848
f 2166/2217/1849 2163/2215/1847 2162/2216/1848
f 2163/2215/1850 2160/2218/1846 2159/2214/1846
f 2162/2216/1848 2157/2212/1844 2161/2219/1851
f 2171/2220/1852 2166/2217/1849 2170/2221/1853
f 2167/2222/1854 2164/2223/1850 2163/2215/1850
f 2165/2224/1855 2162/2216/1848 2161/2219/1851
f 2176/2225/1856 2171/2220/1857 2175/2226/1856
f 2171/2220/1857 2168/2227/1854 2167/2222/1854
f 2170/2221/1853 2165/2224/1855 2169/2228/1858
f 2180/2229/1859 2175/2226/1856 2179/2230/1859
f 2173/2231/1860 2170/2221/1853 2169/2228/1858
f 2174/2232/1861 2171/2220/1852 2170/2221/1853
f 2184/2233/1862 2179/2230/1859 2183/2234/1863
f 2178/2235/1864 2173/2231/1860 2177/2236/1865
f 2179/2230/1866 2174/2232/1861 2178/2235/1864
f 2186/2237/1867 2181/2238/1868 2185/2239/1869
f 2181/2238/1868 2178/2235/1864 2177/2236/1865
f 2182/2240/1870 2179/2230/1866 2178/2235/1864
f 2189/2241/1871 2186/2237/1867 2185/2239/1869
f 2135/2197/1830 2132/2185/1818 2131/2193/1818
f 2187/2242/1872 2182/2240/1870 2186/2237/1867
f 2187/2242/1873 2184/2233/1862 2183/2234/1863
f 2190/2243/1874 2131/2193/1825 2191/2184/1875
f 2190/2243/1874 2187/2242/1872 2186/2237/1867
f 2191/2184/1817 2188/2244/1873 2187/2242/1873
f 2189/2241/1871 2130/2190/1822 2190/2243/1874
f 2181/2238/1868 2193/2245/1876 2185/2239/1869
f 2177/2236/1865 2196/2246/1877 2193/2245/1876
f 2169/2228/1858 2196/2246/1877 2173/2231/1860
f 2165/2224/1855 2199/2247/1878 2169/2228/1858
f 2185/2239/1869 2194/2248/1879 2189/2241/1871
f 2193/2245/1876 2197/2249/1880 2194/2248/1879
f 2199/2247/1878 2197/2249/1880 2196/2246/1877
f 2161/2219/1851 2200/2250/1881 2199/2247/1878
f 2194/2248/1879 2129/2191/1823 2189/2241/1871
f 2197/2249/1880 2195/2251/1882 2194/2248/1879
f 2197/2249/1880 2201/2252/1883 2198/2253/1884
f 2200/2250/1881 2153/2209/1841 2201/2252/1883
f 2195/2251/1882 2133/2188/1820 2129/2191/1823
f 2198/2253/1884 2137/2189/1821 2195/2251/1882
f 2198/2253/1884 2145/2199/1832 2141/2194/1826
f 2201/2252/1883 2149/2203/1835 2145/2199/1832
f 2204/2254/1885 2265/2255/1886 2264/2256/1886
f 2211/2257/1887 2206/2258/1888 2210/2259/1889
f 2206/2258/1888 2203/2260/1890 2202/2261/1891
f 2207/2262/1892 2204/2254/1893 2203/2260/1890
f 2214/2263/1894 2211/2257/1887 2210/2259/1889
f 2212/2264/1895 2207/2262/1892 2211/2257/1887
f 2213/2265/1896 2208/2266/1897 2212/2264/1896
f 2219/2267/1898 2214/2263/1894 2218/2268/1899
f 2215/2269/1900 2212/2264/1895 2211/2257/1887
f 2216/2270/1901 2213/2265/1896 2212/2264/1896
f 2222/2271/1902 2219/2267/1898 2218/2268/1899
f 2220/2272/1903 2215/2269/1900 2219/2267/1898
f 2220/2272/1904 2217/2273/1905 2216/2270/1901
f 2223/2274/1906 2220/2272/1903 2219/2267/1898
f 2224/2275/1907 2221/2276/1904 2220/2272/1904
f 2227/2277/1908 2222/2271/1902 2226/2278/1909
f 2228/2279/1910 2223/2274/1906 2227/2277/1908
f 2228/2279/1911 2225/2280/1907 2224/2275/1907
f 2230/2281/1912 2227/2277/1908 2226/2278/1909
f 2231/2282/1913 2228/2279/1910 2227/2277/1908
f 2232/2283/1914 2229/2284/1915 2228/2279/1911
f 2236/2285/1916 2231/2282/1913 2235/2286/1917
f 2239/2287/1918 2236/2285/1916 2235/2286/1917
f 2237/2288/1919 2232/2283/1914 2236/2285/1919
f 2235/2286/1917 2230/2281/1912 2234/2289/1920
f 2244/2290/1921 2239/2287/1918 2243/2291/1922
f 2241/2292/1923 2236/2285/1919 2240/2293/1924
f 2238/2294/1925 2235/2286/1917 2234/2289/1920
f 2249/2295/1926 2244/2290/1927 2248/2296/1928
f 2245/2297/1929 2240/2293/1924 2244/2290/1927
f 2243/2291/1922 2238/2294/1925 2242/2298/1930
f 2253/2299/1931 2248/2296/1928 2252/2300/1931
f 2246/2301/1932 2243/2291/1922 2242/2298/1930
f 2247/2302/1933 2244/2290/1921 2243/2291/1922
f 2257/2303/1934 2252/2300/1931 2256/2304/1934
f 2251/2305/1935 2246/2301/1932 2250/2306/1936
f 2252/2300/1937 2247/2302/1933 2251/2305/1935
f 2259/2307/1938 2254/2308/1939 2258/2309/1940
f 2254/2308/1939 2251/2305/1935 2250/2306/1936
f 2255/2310/1941 2252/2300/1937 2251/2305/1935
f 2262/2311/1942 2259/2307/1938 2258/2309/1940
f 2209/2312/1897 2204/2254/1885 2208/2266/1897
f 2260/2313/1943 2255/2310/1941 2259/2307/1938
f 2261/2314/1944 2256/2304/1934 2260/2313/1944
f 2263/2315/1945 2204/2254/1893 2264/2256/1946
f 2263/2315/1945 2260/2313/1943 2259/2307/1938
f 2264/2256/1886 2261/2314/1944 2260/2313/1944
f 2262/2311/1942 2203/2260/1890 2263/2315/1945
f 2254/2308/1939 2266/2316/1947 2258/2309/1940
f 2250/2306/1936 2269/2317/1948 2266/2316/1947
f 2242/2298/1930 2269/2317/1948 2246/2301/1932
f 2238/2294/1925 2272/2318/1949 2242/2298/1930
f 2258/2309/1940 2267/2319/1950 2262/2311/1942
f 2266/2316/1947 2270/2320/1951 2267/2319/1950
f 2272/2318/1949 2270/2320/1951 2269/2317/1948
f 2234/2289/1920 2273/2321/1952 2272/2318/1949
f 2267/2319/1950 2202/2261/1891 2262/2311/1942
f 2270/2320/1951 2268/2322/1953 2267/2319/1950
f 2270/2320/1951 2274/2323/1954 2271/2324/1955
f 2273/2321/1952 2226/2278/1909 2274/2323/1954
f 2268/2322/1953 2206/2258/1888 2202/2261/1891
f 2271/2324/1955 2210/2259/1889 2268/2322/1953
f 2271/2324/1955 2218/2268/1899 2214/2263/1894
f 2274/2323/1954 2222/2271/1902 2218/2268/1899
f 2277/2325/1956 2338/2326/1886 2337/2327/1886
f 2284/2328/1887 2279/2329/1957 2283/2330/1889
f 2279/2329/1957 2276/2331/1890 2275/2332/1891
f 2280/2333/1892 2277/2325/1958 2276/2331/1890
f 2287/2334/1959 2284/2328/1887 2283/2330/1889
f 2285/2335/1960 2280/2333/1892 2284/2328/1887
f 2286/2336/1961 2281/2337/1962 2285/2335/1896
f 2292/2338/1963 2287/2334/1959 2291/2339/1899
f 2288/2340/1964 2285/2335/1960 2284/2328/1887
f 2289/2341/1901 2286/2336/1961 2285/2335/1896
f 2295/2342/1965 2292/2338/1963 2291/2339/1899
f 2293/2343/1966 2288/2340/1964 2292/2338/1963
f 2293/2343/1967 2290/2344/1905 2289/2341/1901
f 2296/2345/1968 2293/2343/1966 2292/2338/1963
f 2297/2346/1907 2294/2347/1967 2293/2343/1967
f 2300/2348/1908 2295/2342/1965 2299/2349/1909
f 2301/2350/1969 2296/2345/1968 2300/2348/1908
f 2301/2350/1911 2298/2351/1907 2297/2346/1907
f 2303/2352/1970 2300/2348/1908 2299/2349/1909
f 2304/2353/1971 2301/2350/1969 2300/2348/1908
f 2305/2354/1914 2302/2355/1915 2301/2350/1911
f 2309/2356/1972 2304/2353/1971 2308/2357/1973
f 2312/2358/1974 2309/2356/1972 2308/2357/1973
f 2310/2359/1975 2305/2354/1914 2309/2356/1919
f 2308/2357/1973 2303/2352/1970 2307/2360/1976
f 2317/2361/1921 2312/2358/1974 2316/2362/1922
f 2314/2363/1923 2309/2356/1919 2313/2364/1924
f 2311/2365/1977 2308/2357/1973 2307/2360/1976
f 2321/2366/1926 2318/2367/1978 2317/2361/1929
f 2318/2367/1978 2313/2364/1924 2317/2361/1929
f 2316/2362/1922 2311/2365/1977 2315/2368/1930
f 2325/2369/1931 2322/2370/1979 2321/2366/1926
f 2319/2371/1980 2316/2362/1922 2315/2368/1930
f 2320/2372/1981 2317/2361/1921 2316/2362/1922
f 2329/2373/1982 2326/2374/1931 2325/2369/1931
f 2324/2375/1983 2319/2371/1980 2323/2376/1936
f 2325/2369/1984 2320/2372/1981 2324/2375/1983
f 2332/2377/1985 2327/2378/1986 2331/2379/1940
f 2327/2378/1986 2324/2375/1983 2323/2376/1936
f 2328/2380/1987 2325/2369/1984 2324/2375/1983
f 2335/2381/1988 2332/2377/1985 2331/2379/1940
f 2282/2382/1962 2277/2325/1956 2281/2337/1962
f 2333/2383/1989 2328/2380/1987 2332/2377/1985
f 2333/2383/1990 2330/2384/1982 2329/2373/1982
f 2336/2385/1945 2277/2325/1958 2337/2327/1991
f 2336/2385/1945 2333/2383/1989 2332/2377/1985
f 2337/2327/1886 2334/2386/1992 2333/2383/1990
f 2335/2381/1988 2276/2331/1890 2336/2385/1945
f 2327/2378/1986 2339/2387/1947 2331/2379/1940
f 2323/2376/1936 2342/2388/1948 2339/2387/1947
f 2315/2368/1930 2342/2388/1948 2319/2371/1980
f 2311/2365/1977 2345/2389/1949 2315/2368/1930
f 2331/2379/1940 2340/2390/1993 2335/2381/1988
f 2339/2387/1947 2343/2391/1951 2340/2390/1993
f 2345/2389/1949 2343/2391/1951 2342/2388/1948
f 2307/2360/1976 2346/2392/1952 2345/2389/1949
f 2340/2390/1993 2275/2332/1891 2335/2381/1988
f 2343/2391/1951 2341/2393/1994 2340/2390/1993
f 2343/2391/1951 2347/2394/1954 2344/2395/1955
f 2346/2392/1952 2299/2349/1909 2347/2394/1954
f 2341/2393/1994 2279/2329/1957 2275/2332/1891
f 2344/2395/1955 2283/2330/1889 2341/2393/1994
f 2344/2395/1955 2291/2339/1899 2287/2334/1959
f 2347/2394/1954 2295/2342/1965 2291/2339/1899
f 2410/2396/1995 2351/2397/1996 2350/2398/1997
f 2352/2399/1998 2357/2400/1999 2356/2401/2000
f 2352/2399/1998 2349/2402/2001 2353/2403/2002
f 2353/2403/2002 2350/2398/2003 2354/2404/2004
f 2360/2405/2005 2357/2400/1999 2361/2406/2006
f 2353/2403/2002 2358/2407/2007 2357/2400/1999
f 2358/2407/2008 2355/2408/2009 2359/2409/2010
f 2360/2405/2005 2365/2410/2011 2364/2411/2012
f 2361/2406/2006 2358/2407/2007 2362/2412/2013
f 2358/2407/2008 2363/2413/2014 2362/2412/2014
f 2368/2414/2015 2365/2410/2011 2369/2415/2016
f 2361/2406/2006 2366/2416/2017 2365/2410/2011
f 2362/2412/2014 2367/2417/2018 2366/2416/2019
f 2369/2415/2016 2366/2416/2017 2370/2418/2020
f 2366/2416/2019 2371/2419/2021 2370/2418/2021
f 2368/2414/2015 2373/2420/2022 2372/2421/2023
f 2369/2415/2016 2374/2422/2024 2373/2420/2022
f 2370/2418/2021 2375/2423/2025 2374/2422/2026
f 2376/2424/2027 2373/2420/2022 2377/2425/2028
f 2377/2425/2028 2374/2422/2024 2378/2426/2029
f 2378/2426/2030 2375/2423/2025 2379/2427/2030
f 2377/2425/2028 2382/2428/2031 2381/2429/2032
f 2385/2430/2033 2382/2428/2031 2386/2431/2034
f 2382/2428/2035 2379/2427/2030 2383/2432/2036
f 2376/2424/2027 2381/2429/2032 2380/2433/2037
f 2385/2430/2033 2390/2434/2038 2389/2435/2039
f 2382/2428/2035 2387/2436/2040 2386/2431/2041
f 2384/2437/2042 2381/2429/2032 2385/2430/2033
f 2394/2438/2043 2391/2439/2044 2395/2440/2045
f 2390/2434/2044 2387/2436/2040 2391/2439/2044
f 2384/2437/2042 2389/2435/2039 2388/2441/2046
f 2398/2442/2047 2395/2440/2045 2399/2443/2047
f 2392/2444/2048 2389/2435/2039 2393/2445/2049
f 2393/2445/2049 2390/2434/2038 2394/2438/2050
f 2398/2442/2047 2403/2446/2051 2402/2447/2052
f 2392/2444/2048 2397/2448/2053 2396/2449/2054
f 2393/2445/2049 2398/2442/2055 2397/2448/2053
f 2400/2450/2056 2405/2451/2057 2404/2452/2058
f 2400/2450/2056 2397/2448/2053 2401/2453/2059
f 2401/2453/2059 2398/2442/2055 2402/2447/2060
f 2408/2454/2061 2405/2451/2057 2409/2455/2062
f 2350/2398/1997 2355/2408/2009 2354/2404/2063
f 2401/2453/2059 2406/2456/2064 2405/2451/2057
f 2406/2456/2065 2403/2446/2051 2407/2457/2066
f 2350/2398/2003 2409/2455/2062 2410/2396/2067
f 2409/2455/2062 2406/2456/2064 2410/2396/2067
f 2406/2456/2065 2411/2458/1995 2410/2396/1995
f 2349/2402/2001 2408/2454/2061 2409/2455/2062
f 2400/2450/2056 2412/2459/2068 2396/2449/2054
f 2396/2449/2054 2415/2460/2069 2392/2444/2048
f 2415/2460/2069 2388/2441/2046 2392/2444/2048
f 2418/2461/2070 2384/2437/2042 2388/2441/2046
f 2404/2452/2058 2413/2462/2071 2412/2459/2068
f 2412/2459/2068 2416/2463/2072 2415/2460/2069
f 2416/2463/2072 2418/2461/2070 2415/2460/2069
f 2419/2464/2073 2380/2433/2037 2418/2461/2070
f 2348/2465/2074 2413/2462/2071 2408/2454/2061
f 2414/2466/2075 2416/2463/2072 2413/2462/2071
f 2416/2463/2072 2420/2467/2076 2419/2464/2073
f 2419/2464/2073 2372/2421/2023 2376/2424/2027
f 2352/2399/1998 2414/2466/2075 2348/2465/2074
f 2356/2401/2000 2417/2468/2077 2414/2466/2075
f 2417/2468/2077 2364/2411/2012 2420/2467/2076
f 2420/2467/2076 2368/2414/2015 2372/2421/2023
f 2483/2469/2078 2424/2470/2079 2484/2471/2078
f 2430/2472/2080 2425/2473/2081 2429/2474/2082
f 2425/2473/2081 2422/2475/2083 2421/2476/2084
f 2426/2477/2085 2423/2478/2086 2422/2475/2083
f 2433/2479/2087 2430/2472/2080 2429/2474/2082
f 2431/2480/2088 2426/2477/2085 2430/2472/2080
f 2431/2480/2089 2428/2481/2090 2427/2482/2090
f 2438/2483/2091 2433/2479/2087 2437/2484/2092
f 2434/2485/2093 2431/2480/2088 2430/2472/2080
f 2435/2486/2094 2432/2487/2089 2431/2480/2089
f 2441/2488/2095 2438/2483/2091 2437/2484/2092
f 2439/2489/2096 2434/2485/2093 2438/2483/2091
f 2439/2489/2097 2436/2490/2098 2435/2486/2094
f 2442/2491/2099 2439/2489/2096 2438/2483/2091
f 2444/2492/2100 2439/2489/2097 2443/2493/2100
f 2446/2494/2101 2441/2488/2095 2445/2495/2102
f 2447/2496/2103 2442/2491/2099 2446/2494/2101
f 2448/2497/2104 2443/2493/2100 2447/2496/2105
f 2449/2498/2106 2446/2494/2101 2445/2495/2102
f 2450/2499/2107 2447/2496/2103 2446/2494/2101
f 2451/2500/2108 2448/2497/2104 2447/2496/2105
f 2455/2501/2109 2450/2499/2107 2454/2502/2110
f 2458/2503/2111 2455/2501/2109 2454/2502/2110
f 2455/2501/2112 2452/2504/2113 2451/2500/2108
f 2454/2502/2110 2449/2498/2106 2453/2505/2114
f 2463/2506/2115 2458/2503/2111 2462/2507/2116
f 2459/2508/2117 2456/2509/2112 2455/2501/2112
f 2457/2510/2118 2454/2502/2110 2453/2505/2114
f 2468/2511/2119 2463/2506/2120 2467/2512/2119
f 2463/2506/2120 2460/2513/2117 2459/2508/2117
f 2462/2507/2116 2457/2510/2118 2461/2514/2121
f 2472/2515/2122 2467/2512/2119 2471/2516/2122
f 2465/2517/2123 2462/2507/2116 2461/2514/2121
f 2466/2518/2124 2463/2506/2115 2462/2507/2116
f 2475/2519/2125 2472/2515/2122 2471/2516/2122
f 2470/2520/2126 2465/2517/2123 2469/2521/2127
f 2471/2516/2128 2466/2518/2124 2470/2520/2126
f 2478/2522/2129 2473/2523/2130 2477/2524/2131
f 2473/2523/2130 2470/2520/2126 2469/2521/2127
f 2474/2525/2132 2471/2516/2128 2470/2520/2126
f 2481/2526/2133 2478/2522/2129 2477/2524/2131
f 2428/2481/2090 2423/2478/2134 2427/2482/2090
f 2479/2527/2135 2474/2525/2132 2478/2522/2129
f 2480/2528/2136 2475/2519/2125 2479/2527/2136
f 2482/2529/2137 2423/2478/2086 2483/2469/2138
f 2482/2529/2137 2479/2527/2135 2478/2522/2129
f 2484/2471/2078 2479/2527/2136 2483/2469/2078
f 2481/2526/2133 2422/2475/2083 2482/2529/2137
f 2473/2523/2130 2485/2530/2139 2477/2524/2131
f 2469/2521/2127 2488/2531/2140 2485/2530/2139
f 2461/2514/2121 2488/2531/2140 2465/2517/2123
f 2457/2510/2118 2491/2532/2141 2461/2514/2121
f 2477/2524/2131 2486/2533/2142 2481/2526/2133
f 2485/2530/2139 2489/2534/2143 2486/2533/2142
f 2491/2532/2141 2489/2534/2143 2488/2531/2140
f 2453/2505/2114 2492/2535/2144 2491/2532/2141
f 2486/2533/2142 2421/2476/2084 2481/2526/2133
f 2489/2534/2143 2487/2536/2145 2486/2533/2142
f 2489/2534/2143 2493/2537/2146 2490/2538/2147
f 2492/2535/2144 2445/2495/2102 2493/2537/2146
f 2487/2536/2145 2425/2473/2081 2421/2476/2084
f 2490/2538/2147 2429/2474/2082 2487/2536/2145
f 2490/2538/2147 2437/2484/2092 2433/2479/2087
f 2493/2537/2146 2441/2488/2095 2437/2484/2092
f 2496/2539/2148 2557/2540/2149 2556/2541/2149
f 2503/2542/2150 2498/2543/2151 2502/2544/2152
f 2498/2543/2151 2495/2545/2153 2494/2546/2154
f 2499/2547/2155 2496/2539/2156 2495/2545/2153
f 2506/2548/2157 2503/2542/2150 2502/2544/2152
f 2504/2549/2158 2499/2547/2155 2503/2542/2150
f 2504/2549/2159 2501/2550/2160 2500/2551/2161
f 2511/2552/2162 2506/2548/2157 2510/2553/2163
f 2507/2554/2164 2504/2549/2158 2503/2542/2150
f 2508/2555/2165 2505/2556/2159 2504/2549/2159
f 2514/2557/2166 2511/2552/2162 2510/2553/2163
f 2512/2558/2167 2507/2554/2164 2511/2552/2162
f 2512/2558/2168 2509/2559/2165 2508/2555/2165
f 2515/2560/2169 2512/2558/2167 2511/2552/2162
f 2517/2561/2170 2512/2558/2168 2516/2562/2170
f 2519/2563/2171 2514/2557/2166 2518/2564/2172
f 2520/2565/2173 2515/2560/2169 2519/2563/2171
f 2520/2565/2174 2517/2561/2170 2516/2562/2170
f 2522/2566/2175 2519/2563/2171 2518/2564/2172
f 2523/2567/2176 2520/2565/2173 2519/2563/2171
f 2525/2568/2177 2520/2565/2174 2524/2569/2178
f 2528/2570/2179 2523/2567/2176 2527/2571/2180
f 2531/2572/2181 2528/2570/2179 2527/2571/2180
f 2529/2573/2182 2524/2569/2178 2528/2570/2182
f 2527/2571/2180 2522/2566/2175 2526/2574/2183
f 2536/2575/2184 2531/2572/2181 2535/2576/2185
f 2533/2577/2186 2528/2570/2182 2532/2578/2186
f 2530/2579/2187 2527/2571/2180 2526/2574/2183
f 2541/2580/2188 2536/2575/2189 2540/2581/2190
f 2537/2582/2191 2532/2578/2186 2536/2575/2189
f 2535/2576/2185 2530/2579/2187 2534/2583/2192
f 2545/2584/2193 2540/2581/2190 2544/2585/2193
f 2538/2586/2194 2535/2576/2185 2534/2583/2192
f 2539/2587/2195 2536/2575/2184 2535/2576/2185
f 2549/2588/2196 2544/2585/2193 2548/2589/2197
f 2543/2590/2198 2538/2586/2194 2542/2591/2199
f 2544/2585/2200 2539/2587/2195 2543/2590/2198
f 2551/2592/2201 2546/2593/2202 2550/2594/2203
f 2546/2593/2202 2543/2590/2198 2542/2591/2199
f 2547/2595/2204 2544/2585/2200 2543/2590/2198
f 2554/2596/2205 2551/2592/2201 2550/2594/2203
f 2500/2551/2161 2497/2597/2148 2496/2539/2148
f 2552/2598/2206 2547/2595/2204 2551/2592/2201
f 2553/2599/2207 2548/2589/2197 2552/2598/2207
f 2555/2600/2208 2496/2539/2156 2556/2541/2209
f 2555/2600/2208 2552/2598/2206 2551/2592/2201
f 2556/2541/2149 2553/2599/2207 2552/2598/2207
f 2554/2596/2205 2495/2545/2153 2555/2600/2208
f 2546/2593/2202 2558/2601/2210 2550/2594/2203
f 2542/2591/2199 2561/2602/2211 2558/2601/2210
f 2534/2583/2192 2561/2602/2211 2538/2586/2194
f 2530/2579/2187 2564/2603/2212 2534/2583/2192
f 2550/2594/2203 2559/2604/2213 2554/2596/2205
f 2558/2601/2210 2562/2605/2214 2559/2604/2213
f 2564/2603/2212 2562/2605/2214 2561/2602/2211
f 2526/2574/2183 2565/2606/2215 2564/2603/2212
f 2559/2604/2213 2494/2546/2154 2554/2596/2205
f 2562/2605/2214 2560/2607/2216 2559/2604/2213
f 2562/2605/2214 2566/2608/2217 2563/2609/2218
f 2565/2606/2215 2518/2564/2172 2566/2608/2217
f 2560/2607/2216 2498/2543/2151 2494/2546/2154
f 2563/2609/2218 2502/2544/2152 2560/2607/2216
f 2563/2609/2218 2510/2553/2163 2506/2548/2157
f 2566/2608/2217 2514/2557/2166 2510/2553/2163
f 2569/2610/2219 2630/2611/2149 2629/2612/2149
f 2576/2613/2220 2571/2614/2221 2575/2615/2152
f 2571/2614/2221 2568/2616/2153 2567/2617/2154
f 2572/2618/2155 2569/2610/2222 2568/2616/2153
f 2579/2619/2223 2576/2613/2220 2575/2615/2152
f 2577/2620/2158 2572/2618/2155 2576/2613/2220
f 2577/2620/2224 2574/2621/2160 2573/2622/2160
f 2584/2623/2225 2579/2619/2223 2583/2624/2163
f 2580/2625/2226 2577/2620/2158 2576/2613/2220
f 2581/2626/2227 2578/2627/2224 2577/2620/2224
f 2587/2628/2228 2584/2623/2225 2583/2624/2163
f 2585/2629/2229 2580/2625/2226 2584/2623/2225
f 2585/2629/2168 2582/2630/2165 2581/2626/2227
f 2588/2631/2230 2585/2629/2229 2584/2623/2225
f 2590/2632/2170 2585/2629/2168 2589/2633/2170
f 2592/2634/2171 2587/2628/2228 2591/2635/2172
f 2593/2636/2231 2588/2631/2230 2592/2634/2171
f 2593/2636/2174 2590/2632/2170 2589/2633/2170
f 2595/2637/2232 2592/2634/2171 2591/2635/2172
f 2596/2638/2176 2593/2636/2231 2592/2634/2171
f 2598/2639/2177 2593/2636/2174 2597/2640/2178
f 2601/2641/2233 2596/2638/2176 2600/2642/2234
f 2604/2643/2235 2601/2641/2233 2600/2642/2234
f 2602/2644/2182 2597/2640/2178 2601/2641/2182
f 2600/2642/2234 2595/2637/2232 2599/2645/2236
f 2609/2646/2237 2604/2643/2235 2608/2647/2185
f 2605/2648/2238 2602/2644/2182 2601/2641/2182
f 2603/2649/2187 2600/2642/2234 2599/2645/2236
f 2614/2650/2188 2609/2646/2189 2613/2651/2190
f 2610/2652/2189 2605/2648/2238 2609/2646/2189
f 2608/2647/2185 2603/2649/2187 2607/2653/2192
f 2618/2654/2193 2613/2651/2190 2617/2655/2193
f 2611/2656/2239 2608/2647/2185 2607/2653/2192
f 2612/2657/2195 2609/2646/2237 2608/2647/2185
f 2622/2658/2196 2617/2655/2193 2621/2659/2196
f 2616/2660/2240 2611/2656/2239 2615/2661/2241
f 2617/2655/2242 2612/2657/2195 2616/2660/2240
f 2624/2662/2243 2619/2663/2202 2623/2664/2203
f 2619/2663/2202 2616/2660/2240 2615/2661/2241
f 2620/2665/2244 2617/2655/2242 2616/2660/2240
f 2627/2666/2245 2624/2662/2243 2623/2664/2203
f 2574/2621/2160 2569/2610/2219 2573/2622/2160
f 2625/2667/2206 2620/2665/2244 2624/2662/2243
f 2626/2668/2207 2621/2659/2196 2625/2667/2207
f 2628/2669/2208 2569/2610/2222 2629/2612/2246
f 2628/2669/2208 2625/2667/2206 2624/2662/2243
f 2629/2612/2149 2626/2668/2207 2625/2667/2207
f 2627/2666/2245 2568/2616/2153 2628/2669/2208
f 2619/2663/2202 2631/2670/2210 2623/2664/2203
f 2615/2661/2241 2634/2671/2211 2631/2670/2210
f 2607/2653/2192 2634/2671/2211 2611/2656/2239
f 2603/2649/2187 2637/2672/2212 2607/2653/2192
f 2623/2664/2203 2632/2673/2213 2627/2666/2245
f 2631/2670/2210 2635/2674/2214 2632/2673/2213
f 2637/2672/2212 2635/2674/2214 2634/2671/2211
f 2599/2645/2236 2638/2675/2215 2637/2672/2212
f 2632/2673/2213 2567/2617/2154 2627/2666/2245
f 2635/2674/2214 2633/2676/2216 2632/2673/2213
f 2635/2674/2214 2639/2677/2217 2636/2678/2218
f 2638/2675/2215 2591/2635/2172 2639/2677/2217
f 2633/2676/2216 2571/2614/2221 2567/2617/2154
f 2636/2678/2218 2575/2615/2152 2633/2676/2216
f 2636/2678/2218 2583/2624/2163 2579/2619/2223
f 2639/2677/2217 2587/2628/2228 2583/2624/2163
f 2702/2679/2247 2643/2680/2248 2642/2681/2249
f 2644/2682/2250 2649/2683/2251 2648/2684/2252
f 2644/2682/2250 2641/2685/2253 2645/2686/2254
f 2645/2686/2254 2642/2681/2255 2646/2687/2256
f 2652/2688/2257 2649/2683/2251 2653/2689/2258
f 2645/2686/2254 2650/2690/2259 2649/2683/2251
f 2650/2690/2260 2647/2691/2261 2651/2692/2262
f 2652/2688/2257 2657/2693/2263 2656/2694/2264
f 2653/2689/2258 2650/2690/2259 2654/2695/2265
f 2650/2690/2260 2655/2696/2266 2654/2695/2267
f 2660/2697/2268 2657/2693/2263 2661/2698/2269
f 2653/2689/2258 2658/2699/2270 2657/2693/2263
f 2658/2699/2271 2655/2696/2266 2659/2700/2272
f 2661/2698/2269 2658/2699/2270 2662/2701/2273
f 2658/2699/2271 2663/2702/2274 2662/2701/2275
f 2660/2697/2268 2665/2703/2276 2664/2704/2277
f 2661/2698/2269 2666/2705/2278 2665/2703/2276
f 2666/2705/2279 2663/2702/2274 2667/2706/2279
f 2668/2707/2280 2665/2703/2276 2669/2708/2281
f 2669/2708/2281 2666/2705/2278 2670/2709/2282
f 2670/2709/2283 2667/2706/2279 2671/2710/2283
f 2669/2708/2281 2674/2711/2284 2673/2712/2285
f 2677/2713/2286 2674/2711/2284 2678/2714/2287
f 2674/2711/2288 2671/2710/2283 2675/2715/2289
f 2668/2707/2280 2673/2712/2285 2672/2716/2290
f 2677/2713/2286 2682/2717/2291 2681/2718/2292
f 2678/2714/2293 2675/2715/2289 2679/2719/2293
f 2676/2720/2294 2673/2712/2285 2677/2713/2286
f 2686/2721/2295 2683/2722/2296 2687/2723/2295
f 2682/2717/2296 2679/2719/2293 2683/2722/2296
f 2676/2720/2294 2681/2718/2292 2680/2724/2297
f 2690/2725/2298 2687/2723/2295 2691/2726/2298
f 2684/2727/2299 2681/2718/2292 2685/2728/2300
f 2685/2728/2300 2682/2717/2291 2686/2721/2301
f 2694/2729/2302 2691/2726/2298 2695/2730/2303
f 2684/2727/2299 2689/2731/2304 2688/2732/2305
f 2685/2728/2300 2690/2725/2306 2689/2731/2304
f 2692/2733/2307 2697/2734/2308 2696/2735/2309
f 2692/2733/2307 2689/2731/2304 2693/2736/2310
f 2693/2736/2310 2690/2725/2306 2694/2729/2311
f 2700/2737/2312 2697/2734/2308 2701/2738/2313
f 2642/2681/2249 2647/2691/2261 2646/2687/2261
f 2693/2736/2310 2698/2739/2314 2697/2734/2308
f 2694/2729/2302 2699/2740/2315 2698/2739/2316
f 2642/2681/2255 2701/2738/2313 2702/2679/2317
f 2701/2738/2313 2698/2739/2314 2702/2679/2317
f 2698/2739/2316 2703/2741/2247 2702/2679/2247
f 2641/2685/2253 2700/2737/2312 2701/2738/2313
f 2692/2733/2307 2704/2742/2318 2688/2732/2305
f 2688/2732/2305 2707/2743/2319 2684/2727/2299
f 2707/2743/2319 2680/2724/2297 2684/2727/2299
f 2710/2744/2320 2676/2720/2294 2680/2724/2297
f 2696/2735/2309 2705/2745/2321 2704/2742/2318
f 2704/2742/2318 2708/2746/2322 2707/2743/2319
f 2708/2746/2322 2710/2744/2320 2707/2743/2319
f 2711/2747/2323 2672/2716/2290 2710/2744/2320
f 2640/2748/2324 2705/2745/2321 2700/2737/2312
f 2706/2749/2325 2708/2746/2322 2705/2745/2321
f 2708/2746/2322 2712/2750/2326 2711/2747/2323
f 2711/2747/2323 2664/2704/2277 2668/2707/2280
f 2644/2682/2250 2706/2749/2325 2640/2748/2324
f 2648/2684/2252 2709/2751/2327 2706/2749/2325
f 2709/2751/2327 2656/2694/2264 2712/2750/2326
f 2712/2750/2326 2660/2697/2268 2664/2704/2277
f 2775/2752/2328 2716/2753/2329 2776/2754/2330
f 2722/2755/2331 2717/2756/2332 2721/2757/2333
f 2717/2756/2332 2714/2758/2334 2713/2759/2335
f 2718/2760/2336 2715/2761/2337 2714/2758/2334
f 2725/2762/2338 2722/2755/2331 2721/2757/2333
f 2723/2763/2339 2718/2760/2336 2722/2755/2331
f 2723/2763/2340 2720/2764/2341 2719/2765/2342
f 2730/2766/2343 2725/2762/2338 2729/2767/2344
f 2726/2768/2345 2723/2763/2339 2722/2755/2331
f 2728/2769/2346 2723/2763/2340 2727/2770/2347
f 2733/2771/2348 2730/2766/2343 2729/2767/2344
f 2731/2772/2349 2726/2768/2345 2730/2766/2343
f 2731/2772/2350 2728/2769/2346 2727/2770/2347
f 2734/2773/2351 2731/2772/2349 2730/2766/2343
f 2735/2774/2352 2732/2775/2350 2731/2772/2350
f 2738/2776/2353 2733/2771/2348 2737/2777/2354
f 2739/2778/2355 2734/2773/2351 2738/2776/2353
f 2739/2778/2356 2736/2779/2357 2735/2774/2352
f 2741/2780/2358 2738/2776/2353 2737/2777/2354
f 2742/2781/2359 2739/2778/2355 2738/2776/2353
f 2743/2782/2360 2740/2783/2361 2739/2778/2356
f 2747/2784/2362 2742/2781/2359 2746/2785/2363
f 2750/2786/2364 2747/2784/2362 2746/2785/2363
f 2747/2784/2365 2744/2787/2366 2743/2782/2360
f 2746/2785/2363 2741/2780/2358 2745/2788/2367
f 2755/2789/2368 2750/2786/2364 2754/2790/2369
f 2751/2791/2370 2748/2792/2365 2747/2784/2365
f 2749/2793/2371 2746/2785/2363 2745/2788/2367
f 2760/2794/2372 2755/2789/2373 2759/2795/2374
f 2756/2796/2375 2751/2791/2370 2755/2789/2373
f 2754/2790/2369 2749/2793/2371 2753/2797/2376
f 2764/2798/2377 2759/2795/2374 2763/2799/2378
f 2757/2800/2379 2754/2790/2369 2753/2797/2376
f 2758/2801/2380 2755/2789/2368 2754/2790/2369
f 2768/2802/2381 2763/2799/2378 2767/2803/2382
f 2762/2804/2383 2757/2800/2379 2761/2805/2384
f 2763/2799/2385 2758/2801/2380 2762/2804/2383
f 2770/2806/2386 2765/2807/2387 2769/2808/2388
f 2765/2807/2387 2762/2804/2383 2761/2805/2384
f 2766/2809/2389 2763/2799/2385 2762/2804/2383
f 2773/2810/2390 2770/2806/2386 2769/2808/2388
f 2720/2764/2341 2715/2761/2329 2719/2765/2342
f 2771/2811/2391 2766/2809/2389 2770/2806/2386
f 2771/2811/2392 2768/2802/2381 2767/2803/2382
f 2774/2812/2393 2715/2761/2337 2775/2752/2394
f 2774/2812/2393 2771/2811/2391 2770/2806/2386
f 2776/2754/2330 2771/2811/2392 2775/2752/2328
f 2773/2810/2390 2714/2758/2334 2774/2812/2393
f 2765/2807/2387 2777/2813/2395 2769/2808/2388
f 2761/2805/2384 2780/2814/2396 2777/2813/2395
f 2753/2797/2376 2780/2814/2396 2757/2800/2379
f 2749/2793/2371 2783/2815/2397 2753/2797/2376
f 2769/2808/2388 2778/2816/2398 2773/2810/2390
f 2777/2813/2395 2781/2817/2399 2778/2816/2398
f 2783/2815/2397 2781/2817/2399 2780/2814/2396
f 2745/2788/2367 2784/2818/2400 2783/2815/2397
f 2778/2816/2398 2713/2759/2335 2773/2810/2390
f 2781/2817/2399 2779/2819/2401 2778/2816/2398
f 2781/2817/2399 2785/2820/2402 2782/2821/2403
f 2784/2818/2400 2737/2777/2354 2785/2820/2402
f 2779/2819/2401 2717/2756/2332 2713/2759/2335
f 2782/2821/2403 2721/2757/2333 2779/2819/2401
f 2782/2821/2403 2729/2767/2344 2725/2762/2338
f 2785/2820/2402 2733/2771/2348 2729/2767/2344
f 2788/2822/2404 2849/2823/2405 2848/2824/2406
f 2795/2825/2407 2790/2826/2408 2794/2827/2409
f 2790/2826/2408 2787/2828/2410 2786/2829/2411
f 2791/2830/2412 2788/2822/2413 2787/2828/2410
f 2798/2831/2414 2795/2825/2407 2794/2827/2409
f 2796/2832/2415 2791/2830/2412 2795/2825/2407
f 2796/2832/2416 2793/2833/2417 2792/2834/2417
f 2803/2835/2418 2798/2831/2414 2802/2836/2419
f 2799/2837/2420 2796/2832/2415 2795/2825/2407
f 2800/2838/2421 2797/2839/2422 2796/2832/2416
f 2806/2840/2423 2803/2835/2418 2802/2836/2419
f 2804/2841/2424 2799/2837/2420 2803/2835/2418
f 2804/2841/2425 2801/2842/2426 2800/2838/2421
f 2807/2843/2427 2804/2841/2424 2803/2835/2418
f 2808/2844/2428 2805/2845/2429 2804/2841/2425
f 2811/2846/2430 2806/2840/2423 2810/2847/2431
f 2812/2848/2432 2807/2843/2427 2811/2846/2430
f 2812/2848/2433 2809/2849/2428 2808/2844/2428
f 2814/2850/2434 2811/2846/2430 2810/2847/2431
f 2815/2851/2435 2812/2848/2432 2811/2846/2430
f 2817/2852/2436 2812/2848/2433 2816/2853/2437
f 2820/2854/2438 2815/2851/2435 2819/2855/2439
f 2823/2856/2440 2820/2854/2438 2819/2855/2439
f 2821/2857/2441 2816/2853/2437 2820/2854/2442
f 2819/2855/2439 2814/2850/2434 2818/2858/2443
f 2828/2859/2444 2823/2856/2440 2827/2860/2445
f 2825/2861/2446 2820/2854/2442 2824/2862/2447
f 2822/2863/2448 2819/2855/2439 2818/2858/2443
f 2833/2864/2449 2828/2859/2450 2832/2865/2451
f 2829/2866/2452 2824/2862/2447 2828/2859/2450
f 2827/2860/2445 2822/2863/2448 2826/2867/2453
f 2837/2868/2454 2832/2865/2451 2836/2869/2455
f 2830/2870/2456 2827/2860/2445 2826/2867/2453
f 2831/2871/2457 2828/2859/2444 2827/2860/2445
f 2841/2872/2458 2836/2869/2455 2840/2873/2458
f 2835/2874/2459 2830/2870/2456 2834/2875/2460
f 2836/2869/2461 2831/2871/2457 2835/2874/2459
f 2843/2876/2462 2838/2877/2463 2842/2878/2464
f 2838/2877/2463 2835/2874/2459 2834/2875/2460
f 2839/2879/2465 2836/2869/2461 2835/2874/2459
f 2846/2880/2466 2843/2876/2462 2842/2878/2464
f 2792/2834/2417 2789/2881/2404 2788/2822/2404
f 2844/2882/2467 2839/2879/2465 2843/2876/2462
f 2845/2883/2468 2840/2873/2458 2844/2882/2469
f 2847/2884/2470 2788/2822/2413 2848/2824/2471
f 2847/2884/2470 2844/2882/2467 2843/2876/2462
f 2849/2823/2405 2844/2882/2469 2848/2824/2406
f 2846/2880/2466 2787/2828/2410 2847/2884/2470
f 2838/2877/2463 2850/2885/2472 2842/2878/2464
f 2834/2875/2460 2853/2886/2473 2850/2885/2472
f 2826/2867/2453 2853/2886/2473 2830/2870/2456
f 2822/2863/2448 2856/2887/2474 2826/2867/2453
f 2842/2878/2464 2851/2888/2475 2846/2880/2466
f 2850/2885/2472 2854/2889/2476 2851/2888/2475
f 2856/2887/2474 2854/2889/2476 2853/2886/2473
f 2818/2858/2443 2857/2890/2477 2856/2887/2474
f 2851/2888/2475 2786/2829/2411 2846/2880/2466
f 2854/2889/2476 2852/2891/2478 2851/2888/2475
f 2854/2889/2476 2858/2892/2479 2855/2893/2480
f 2857/2890/2477 2810/2847/2431 2858/2892/2479
f 2852/2891/2478 2790/2826/2408 2786/2829/2411
f 2855/2893/2480 2794/2827/2409 2852/2891/2478
f 2855/2893/2480 2802/2836/2419 2798/2831/2414
f 2858/2892/2479 2806/2840/2423 2802/2836/2419
f 2861/2894/2404 2922/2895/2405 2921/2896/2406
f 2868/2897/2481 2863/2898/2482 2867/2899/2409
f 2863/2898/2482 2860/2900/2483 2859/2901/2411
f 2864/2902/2412 2861/2894/2484 2860/2900/2483
f 2871/2903/2485 2868/2897/2481 2867/2899/2409
f 2869/2904/2486 2864/2902/2412 2868/2897/2481
f 2869/2904/2416 2866/2905/2417 2865/2906/2417
f 2876/2907/2418 2871/2903/2485 2875/2908/2419
f 2872/2909/2420 2869/2904/2486 2868/2897/2481
f 2873/2910/2487 2870/2911/2422 2869/2904/2416
f 2879/2912/2423 2876/2907/2418 2875/2908/2419
f 2877/2913/2488 2872/2909/2420 2876/2907/2418
f 2877/2913/2425 2874/2914/2426 2873/2910/2487
f 2880/2915/2489 2877/2913/2488 2876/2907/2418
f 2881/2916/2428 2878/2917/2429 2877/2913/2425
f 2884/2918/2430 2879/2912/2423 2883/2919/2431
f 2885/2920/2490 2880/2915/2489 2884/2918/2430
f 2885/2920/2433 2882/2921/2428 2881/2916/2428
f 2887/2922/2434 2884/2918/2430 2883/2919/2431
f 2888/2923/2491 2885/2920/2490 2884/2918/2430
f 2890/2924/2436 2885/2920/2433 2889/2925/2436
f 2893/2926/2492 2888/2923/2491 2892/2927/2493
f 2896/2928/2494 2893/2926/2492 2892/2927/2493
f 2893/2926/2442 2890/2924/2436 2889/2925/2436
f 2892/2927/2493 2887/2922/2434 2891/2929/2495
f 2901/2930/2444 2896/2928/2494 2900/2931/2496
f 2898/2932/2497 2893/2926/2442 2897/2933/2446
f 2895/2934/2498 2892/2927/2493 2891/2929/2495
f 2906/2935/2449 2901/2930/2450 2905/2936/2451
f 2902/2937/2450 2897/2933/2446 2901/2930/2450
f 2900/2931/2496 2895/2934/2498 2899/2938/2453
f 2910/2939/2499 2905/2936/2451 2909/2940/2499
f 2903/2941/2500 2900/2931/2496 2899/2938/2453
f 2904/2942/2501 2901/2930/2444 2900/2931/2496
f 2913/2943/2502 2910/2939/2499 2909/2940/2499
f 2908/2944/2459 2903/2941/2500 2907/2945/2460
f 2909/2940/2503 2904/2942/2501 2908/2944/2459
f 2916/2946/2504 2911/2947/2505 2915/2948/2464
f 2911/2947/2505 2908/2944/2459 2907/2945/2460
f 2912/2949/2465 2909/2940/2503 2908/2944/2459
f 2919/2950/2506 2916/2946/2504 2915/2948/2464
f 2865/2906/2417 2862/2951/2404 2861/2894/2404
f 2917/2952/2507 2912/2949/2465 2916/2946/2504
f 2917/2952/2468 2914/2953/2502 2913/2943/2502
f 2920/2954/2508 2861/2894/2484 2921/2896/2509
f 2920/2954/2508 2917/2952/2507 2916/2946/2504
f 2922/2895/2405 2917/2952/2468 2921/2896/2406
f 2919/2950/2506 2860/2900/2483 2920/2954/2508
f 2911/2947/2505 2923/2955/2472 2915/2948/2464
f 2907/2945/2460 2926/2956/2510 2923/2955/2472
f 2899/2938/2453 2926/2956/2510 2903/2941/2500
f 2895/2934/2498 2929/2957/2474 2899/2938/2453
f 2915/2948/2464 2924/2958/2511 2919/2950/2506
f 2923/2955/2472 2927/2959/2476 2924/2958/2511
f 2929/2957/2474 2927/2959/2476 2926/2956/2510
f 2891/2929/2495 2930/2960/2477 2929/2957/2474
f 2924/2958/2511 2859/2901/2411 2919/2950/2506
f 2927/2959/2476 2925/2961/2478 2924/2958/2511
f 2927/2959/2476 2931/2962/2479 2928/2963/2512
f 2930/2960/2477 2883/2919/2431 2931/2962/2479
f 2925/2961/2478 2863/2898/2482 2859/2901/2411
f 2928/2963/2512 2867/2899/2409 2925/2961/2478
f 2928/2963/2512 2875/2908/2419 2871/2903/2485
f 2931/2962/2479 2879/2912/2423 2875/2908/2419
f 2994/2964/2513 2935/2965/2514 2934/2966/2515
f 2936/2967/2516 2941/2968/2517 2940/2969/2518
f 2936/2967/2516 2933/2970/2519 2937/2971/2520
f 2937/2971/2520 2934/2966/2521 2938/2972/2522
f 2944/2973/2523 2941/2968/2517 2945/2974/2524
f 2937/2971/2520 2942/2975/2525 2941/2968/2517
f 2938/2972/2526 2943/2976/2527 2942/2975/2527
f 2944/2973/2523 2949/2977/2528 2948/2978/2529
f 2945/2974/2524 2942/2975/2525 2946/2979/2530
f 2942/2975/2527 2947/2980/2531 2946/2979/2532
f 2952/2981/2533 2949/2977/2528 2953/2982/2534
f 2945/2974/2524 2950/2983/2535 2949/2977/2528
f 2950/2983/2536 2947/2980/2531 2951/2984/2537
f 2953/2982/2534 2950/2983/2535 2954/2985/2538
f 2950/2983/2536 2955/2986/2539 2954/2985/2539
f 2952/2981/2533 2957/2987/2540 2956/2988/2541
f 2953/2982/2534 2958/2989/2542 2957/2987/2540
f 2958/2989/2543 2955/2986/2539 2959/2990/2544
f 2960/2991/2545 2957/2987/2540 2961/2992/2546
f 2961/2992/2546 2958/2989/2542 2962/2993/2547
f 2962/2993/2548 2959/2990/2544 2963/2994/2549
f 2961/2992/2546 2966/2995/2550 2965/2996/2551
f 2969/2997/2552 2966/2995/2550 2970/2998/2553
f 2966/2995/2554 2963/2994/2549 2967/2999/2554
f 2960/2991/2545 2965/2996/2551 2964/3000/2555
f 2969/2997/2552 2974/3001/2556 2973/3002/2557
f 2970/2998/2558 2967/2999/2554 2971/3003/2559
f 2968/3004/2560 2965/2996/2551 2969/2997/2552
f 2978/3005/2561 2975/3006/2562 2979/3007/2561
f 2970/2998/2558 2975/3006/2562 2974/3001/2563
f 2968/3004/2560 2973/3002/2557 2972/3008/2564
f 2978/3005/2561 2983/3009/2565 2982/3010/2565
f 2976/3011/2566 2973/3002/2557 2977/3012/2567
f 2977/3012/2567 2974/3001/2556 2978/3005/2568
f 2982/3010/2565 2987/3013/2569 2986/3014/2569
f 2976/3011/2566 2981/3015/2570 2980/3016/2571
f 2977/3012/2567 2982/3010/2572 2981/3015/2570
f 2984/3017/2573 2989/3018/2574 2988/3019/2575
f 2984/3017/2573 2981/3015/2570 2985/3020/2576
f 2985/3020/2576 2982/3010/2572 2986/3014/2577
f 2992/3021/2578 2989/3018/2574 2993/3022/2579
f 2934/2966/2515 2939/3023/2526 2938/2972/2526
f 2985/3020/2576 2990/3024/2580 2989/3018/2574
f 2990/3024/2581 2987/3013/2569 2991/3025/2582
f 2934/2966/2521 2993/3022/2579 2994/2964/2583
f 2993/3022/2579 2990/3024/2580 2994/2964/2583
f 2990/3024/2581 2995/3026/2513 2994/2964/2513
f 2933/2970/2519 2992/3021/2578 2993/3022/2579
f 2984/3017/2573 2996/3027/2584 2980/3016/2571
f 2980/3016/2571 2999/3028/2585 2976/3011/2566
f 2999/3028/2585 2972/3008/2564 2976/3011/2566
f 3002/3029/2586 2968/3004/2560 2972/3008/2564
f 2988/3019/2575 2997/3030/2587 2996/3027/2584
f 2996/3027/2584 3000/3031/2588 2999/3028/2585
f 3000/3031/2588 3002/3029/2586 2999/3028/2585
f 3003/3032/2589 2964/3000/2555 3002/3029/2586
f 2932/3033/2590 2997/3030/2587 2992/3021/2578
f 2998/3034/2591 3000/3031/2588 2997/3030/2587
f 3000/3031/2588 3004/3035/2592 3003/3032/2589
f 3003/3032/2589 2956/2988/2541 2960/2991/2545
f 2936/2967/2516 2998/3034/2591 2932/3033/2590
f 2940/2969/2518 3001/3036/2593 2998/3034/2591
f 3001/3036/2593 2948/2978/2529 3004/3035/2592
f 3004/3035/2592 2952/2981/2533 2956/2988/2541
f 3089/3037/2594 3040/3038/2595 3037/3039/2596
f 3041/3040/2597 3040/3038/2595 3039/3041/2598
f 3043/3042/2599 3085/3043/2600 3088/3044/2601
f 3045/3045/2602 3044/3046/2603 3043/3042/2599
f 3084/3047/2604 3048/3048/2605 3082/3049/2606
f 3049/3050/2607 3048/3048/2605 3047/3051/2608
f 3051/3052/2609 3078/3053/2610 3080/3054/2611
f 3053/3055/2612 3052/3056/2613 3051/3052/2609
f 3055/3057/2614 3074/3058/2615 3076/3059/2616
f 3057/3060/2617 3056/3061/2618 3055/3057/2614
f 3059/3062/2619 3070/3063/2620 3072/3064/2621
f 3061/3065/2622 3060/3066/2623 3059/3062/2619
f 3100/3067/2624 3064/3068/2625 3097/3069/2626
f 3063/3070/2627 3066/3071/2628 3064/3068/2625
f 3096/3072/2629 3068/3073/2630 3093/3074/2631
f 3038/3075/2632 3068/3073/2630 3067/3076/2633
f 3101/3037/2634 3106/3038/2635 3163/3041/2636
f 3090/3077/2637 3039/3041/2598 3089/3037/2594
f 3092/3078/2638 3035/3079/2639 3068/3073/2630
f 3036/3080/2640 3038/3075/2632 3067/3076/2633
f 3093/3074/2631 3035/3079/2639 3033/3081/2641
f 3096/3072/2629 3036/3080/2640 3067/3076/2633
f 3066/3071/2628 3031/3082/2642 3064/3068/2625
f 3032/3083/2643 3065/3084/2644 3063/3070/2627
f 3097/3069/2626 3031/3082/2642 3029/3085/2645
f 3100/3067/2624 3032/3083/2643 3063/3070/2627
f 3060/3066/2623 3098/3086/2646 3027/3087/2647
f 3059/3062/2619 3099/3088/2648 3061/3065/2622
f 3070/3063/2620 3027/3087/2647 3069/3089/2649
f 3026/3090/2650 3059/3062/2619 3072/3064/2621
f 3058/3091/2651 3023/3092/2652 3056/3061/2618
f 3024/3093/2653 3057/3060/2617 3055/3057/2614
f 3074/3058/2615 3023/3092/2652 3073/3094/2654
f 3022/3095/2655 3055/3057/2614 3076/3059/2616
f 3054/3096/2656 3019/3097/2657 3052/3056/2613
f 3020/3098/2658 3053/3055/2612 3051/3052/2609
f 3078/3053/2610 3019/3097/2657 3077/3099/2659
f 3080/3054/2611 3020/3098/2658 3051/3052/2609
f 3050/3100/2660 3015/3101/2661 3048/3048/2605
f 3016/3102/2662 3049/3050/2607 3047/3051/2608
f 3082/3049/2606 3015/3101/2661 3081/3103/2663
f 3084/3047/2604 3016/3102/2662 3047/3051/2608
f 3046/3104/2664 3011/3105/2665 3044/3046/2603
f 3012/3106/2666 3045/3045/2602 3043/3042/2599
f 3085/3043/2600 3011/3105/2665 3009/3107/2667
f 3088/3044/2601 3012/3106/2666 3043/3042/2599
f 3042/3108/2668 3007/3109/2669 3040/3038/2595
f 3008/3110/2670 3041/3040/2597 3039/3041/2598
f 3037/3039/2596 3007/3109/2669 3091/3111/2671
f 3106/3038/2635 3165/3040/2672 3163/3041/2636
f 3109/3043/2673 3167/3042/2674 3164/3044/2675
f 3167/3042/2674 3170/3104/2676 3169/3045/2677
f 3116/3049/2678 3171/3051/2679 3168/3047/2680
f 3121/3048/2681 3173/3050/2682 3171/3051/2679
f 3123/3053/2683 3175/3052/2684 3172/3054/2685
f 3175/3052/2684 3178/3096/2686 3177/3055/2687
f 3130/3058/2688 3179/3057/2689 3176/3059/2690
f 3179/3057/2689 3182/3091/2691 3181/3060/2692
f 3180/3064/2693 3142/3066/2694 3183/3062/2695
f 3142/3066/2694 3185/3112/2696 3183/3062/2695
f 3184/3113/2697 3149/3068/2698 3187/3070/2699
f 3149/3068/2698 3189/3084/2700 3187/3070/2699
f 3153/3074/2701 3191/3076/2702 3188/3072/2703
f 3191/3076/2702 3161/3078/2704 3192/3075/2705
f 3163/3041/2636 3102/3077/2706 3101/3037/2634
f 3158/3079/2707 3161/3078/2704 3157/3073/2708
f 3192/3075/2705 3155/3080/2709 3191/3076/2702
f 3153/3074/2701 3158/3079/2707 3157/3073/2708
f 3188/3072/2703 3155/3080/2709 3156/3114/2710
f 3150/3082/2711 3190/3071/2712 3149/3068/2698
f 3189/3084/2700 3147/3083/2713 3187/3070/2699
f 3145/3115/2714 3150/3082/2711 3149/3068/2698
f 3184/3113/2697 3147/3083/2713 3148/3116/2715
f 3142/3066/2694 3143/3117/2716 3186/3118/2717
f 3183/3062/2695 3144/3119/2718 3140/3120/2719
f 3137/3063/2720 3139/3087/2721 3142/3066/2694
f 3183/3062/2695 3141/3090/2722 3180/3064/2693
f 3132/3092/2723 3182/3091/2691 3135/3061/2724
f 3181/3060/2692 3133/3093/2725 3179/3057/2689
f 3130/3058/2688 3132/3092/2723 3135/3061/2724
f 3179/3057/2689 3134/3095/2726 3176/3059/2690
f 3125/3097/2727 3178/3096/2686 3128/3056/2728
f 3177/3055/2687 3126/3098/2729 3175/3052/2684
f 3123/3053/2683 3125/3097/2727 3128/3056/2728
f 3172/3054/2685 3126/3098/2729 3127/3121/2730
f 3118/3101/2731 3174/3100/2732 3121/3048/2681
f 3173/3050/2682 3119/3102/2733 3171/3051/2679
f 3116/3049/2678 3118/3101/2731 3121/3048/2681
f 3168/3047/2680 3119/3102/2733 3120/3122/2734
f 3114/3105/2735 3170/3104/2676 3113/3046/2736
f 3169/3045/2677 3111/3106/2737 3167/3042/2674
f 3109/3043/2673 3114/3105/2735 3113/3046/2736
f 3164/3044/2675 3111/3106/2737 3112/3123/2738
f 3104/3109/2739 3166/3108/2740 3106/3038/2635
f 3165/3040/2672 3105/3110/2741 3163/3041/2636
f 3162/3039/2742 3104/3109/2739 3106/3038/2635
f 3050/3100/2743 3195/3124/2744 3017/3124/2744
f 3057/3060/2745 3182/3091/2746 3058/3091/2747
f 3119/3125/2748 3079/3126/2749 3016/3127/2748
f 3123/3053/2750 3080/3054/2751 3078/3053/2752
f 3034/3128/2753 3155/3129/2754 3036/3130/2755
f 3124/3099/2756 3078/3053/2752 3077/3099/2757
f 3122/3131/2758 3049/3050/2759 3079/3131/2760
f 3125/3097/2761 3077/3099/2762 3019/3097/2763
f 3013/3132/2764 3114/3105/2765 3011/3105/2766
f 3100/3067/2767 3148/3116/2768 3030/3133/2769
f 3018/3134/2770 3126/3135/2771 3020/3136/2772
f 3046/3104/2773 3196/3132/2774 3013/3132/2775
f 3061/3065/2776 3186/3118/2777 3062/3118/2778
f 3155/3129/2754 3006/3137/2779 3036/3130/2755
f 3116/3049/2780 3084/3047/2781 3082/3049/2782
f 3092/3078/2783 3160/3138/2784 3005/3138/2785
f 3115/3139/2786 3045/3045/2787 3083/3139/2788
f 3162/3039/2789 3089/3037/2790 3037/3039/2791
f 3126/3135/2771 3075/3140/2792 3020/3136/2772
f 3042/3108/2793 3107/3141/2794 3086/3141/2794
f 3096/3072/2795 3156/3114/2796 3034/3114/2796
f 3131/3094/2797 3074/3058/2798 3073/3094/2797
f 3109/3043/2799 3088/3044/2800 3085/3043/2801
f 3189/3084/2802 3066/3071/2803 3065/3084/2804
f 3132/3092/2805 3073/3094/2806 3023/3092/2805
f 3114/3105/2765 3009/3107/2807 3011/3105/2766
f 3088/3044/2800 3112/3123/2808 3010/3123/2808
f 3022/3142/2809 3133/3143/2810 3024/3144/2811
f 3108/3145/2812 3041/3040/2813 3087/3145/2814
f 3089/3037/2790 3102/3077/2815 3090/3077/2815
f 3165/3040/2816 3042/3108/2793 3041/3040/2813
f 3159/3146/2817 3038/3075/2818 3006/3146/2819
f 3104/3109/2820 3091/3111/2821 3007/3109/2820
f 3038/3075/2818 3161/3078/2822 3092/3078/2783
f 3090/3147/2823 3105/3148/2824 3008/3149/2825
f 3133/3143/2810 3071/3150/2826 3024/3144/2811
f 3005/3138/2827 3158/3079/2828 3035/3079/2829
f 3084/3047/2781 3120/3122/2830 3014/3122/2831
f 3138/3089/2832 3070/3063/2833 3069/3089/2832
f 3103/3111/2834 3037/3039/2791 3091/3111/2834
f 3086/3141/2835 3104/3109/2820 3007/3109/2820
f 3045/3045/2787 3170/3104/2836 3046/3104/2773
f 3139/3087/2837 3069/3089/2838 3027/3087/2837
f 3066/3071/2803 3151/3151/2839 3094/3151/2839
f 3105/3148/2824 3087/3152/2840 3008/3149/2825
f 3026/3153/2841 3140/3154/2842 3028/3155/2843
f 3153/3074/2844 3096/3072/2795 3093/3074/2845
f 3110/3107/2846 3085/3043/2801 3009/3107/2847
f 3158/3079/2828 3033/3081/2848 3035/3079/2829
f 3025/3156/2849 3132/3092/2805 3023/3092/2805
f 3080/3054/2751 3127/3121/2850 3018/3121/2851
f 3143/3117/2852 3027/3087/2837 3098/3086/2852
f 3152/3157/2853 3065/3084/2804 3095/3157/2854
f 3010/3158/2855 3111/3159/2856 3012/3160/2857
f 3058/3091/2747 3193/3156/2858 3025/3156/2859
f 3173/3050/2860 3050/3100/2743 3049/3050/2759
f 3028/3155/2843 3144/3161/2861 3099/3162/2861
f 3062/3118/2778 3143/3117/2862 3098/3086/2862
f 3137/3063/2863 3072/3064/2864 3070/3063/2833
f 3146/3085/2865 3097/3069/2866 3029/3085/2865
f 3145/3115/2867 3100/3067/2767 3097/3069/2866
f 3136/3163/2868 3057/3060/2745 3071/3163/2868
f 3150/3082/2869 3029/3085/2870 3031/3082/2871
f 3111/3159/2856 3083/3164/2872 3012/3160/2857
f 3021/3165/2873 3125/3097/2761 3019/3097/2763
f 3076/3059/2874 3134/3095/2875 3022/3095/2875
f 3148/3166/2876 3032/3167/2877 3030/3168/2876
f 3144/3119/2878 3061/3065/2776 3099/3088/2878
f 3117/3103/2879 3082/3049/2782 3081/3103/2880
f 3054/3096/2881 3194/3165/2882 3021/3165/2882
f 3177/3055/2883 3054/3096/2881 3053/3055/2884
f 3118/3101/2885 3081/3103/2886 3015/3101/2887
f 3130/3058/2888 3076/3059/2874 3074/3058/2798
f 3094/3151/2889 3150/3082/2869 3031/3082/2871
f 3014/3169/2890 3119/3125/2748 3016/3127/2748
f 3129/3170/2891 3053/3055/2884 3075/3170/2891
f 3147/3171/2892 3095/3172/2893 3032/3167/2877
f 3017/3124/2894 3118/3101/2885 3015/3101/2887
f 3072/3064/2864 3141/3090/2895 3026/3090/2895
f 3154/3081/2896 3093/3074/2845 3033/3081/2897
f 18/4/1 14/3/1 12/2/1
f 16/6/1 15/3173/1 17/7/1
f 22/9/1 20/3174/1 10/10/1
f 2/12/1 1/3175/1 21/13/1
f 26/15/1 24/3176/1 8/16/1
f 4/18/1 3/3177/1 25/19/1
f 44/25/2 37/62/2 38/24/2
f 42/26/2 45/65/2 43/27/2
f 48/29/2 35/67/2 36/30/2
f 28/32/2 49/71/2 47/33/2
f 52/35/2 33/73/2 34/36/2
f 30/38/2 32/42/2 51/39/2
f 28/32/3 27/34/3 1/43/3
f 31/41/4 30/38/4 4/45/4
f 47/33/5 49/71/5 23/47/5
f 39/22/6 38/24/6 12/49/6
f 42/26/7 41/28/7 15/51/7
f 52/35/8 50/37/8 24/53/8
f 41/28/9 43/27/9 17/55/9
f 36/30/10 35/67/10 9/56/10
f 44/25/11 40/23/11 14/58/11
f 38/24/12 37/62/12 11/60/12
f 46/31/13 36/30/13 10/57/13
f 37/62/14 44/25/14 18/59/14
f 34/36/15 33/73/15 7/63/15
f 27/34/16 47/33/16 21/48/16
f 45/65/17 42/26/17 16/52/17
f 40/23/18 39/22/18 13/50/18
f 50/37/13 34/36/19 8/64/19
f 35/67/20 48/29/20 22/68/20
f 30/38/21 29/40/21 3/69/21
f 29/40/22 51/39/22 25/70/22
f 48/29/23 46/31/23 20/61/23
f 49/71/24 28/32/17 2/44/17
f 32/42/25 31/41/25 5/46/25
f 51/39/26 32/42/26 6/72/26
f 43/27/27 45/65/27 19/66/27
f 33/73/28 52/35/28 26/54/28
f 70/77/2 66/76/2 64/75/2
f 68/79/2 67/3178/2 69/80/2
f 74/82/2 72/3179/2 62/83/2
f 54/85/2 53/3180/2 73/86/2
f 78/88/2 76/3181/2 60/89/2
f 56/91/2 55/3182/2 77/92/2
f 96/98/1 89/135/1 90/97/1
f 94/99/1 97/138/1 95/100/1
f 100/102/1 87/140/1 88/103/1
f 80/105/1 101/144/1 99/106/1
f 104/108/1 85/146/1 86/109/1
f 82/111/1 84/115/1 103/112/1
f 80/105/29 79/107/29 53/116/29
f 57/118/30 83/114/30 82/111/30
f 99/106/31 101/144/31 75/120/31
f 91/95/32 90/97/32 64/122/32
f 94/99/33 93/101/33 67/124/33
f 104/108/34 102/110/34 76/126/34
f 93/101/35 95/100/35 69/128/35
f 88/103/36 87/140/36 61/129/36
f 96/98/37 92/96/37 66/131/37
f 90/97/38 89/135/38 63/133/38
f 98/104/39 88/103/39 62/130/39
f 89/135/40 96/98/40 70/132/40
f 86/109/41 85/146/41 59/136/41
f 79/107/42 99/106/42 73/121/42
f 97/138/43 94/99/43 68/125/43
f 92/96/45 91/95/45 65/123/45
f 102/110/46 86/109/46 60/137/46
f 87/140/47 100/102/47 74/141/47
f 82/111/48 81/113/48 55/142/48
f 81/113/49 103/112/49 77/143/49
f 100/102/50 98/104/50 72/134/50
f 101/144/43 80/105/43 54/117/43
f 84/115/51 83/114/51 57/118/51
f 103/112/52 84/115/52 58/145/52
f 95/100/53 97/138/53 71/139/53
f 85/146/54 104/108/54 78/127/54
f 168/147/55 130/174/55 129/148/2
f 107/150/2 108/164/2 123/151/2
f 113/153/2 128/172/2 127/154/2
f 109/156/2 110/160/2 125/157/2
f 111/159/2 126/177/2 125/157/2
f 105/161/2 106/216/2 121/162/2
f 109/156/2 124/158/2 123/151/2
f 118/165/2 119/170/2 135/166/2
f 107/150/2 122/152/2 121/168/2
f 105/161/2 120/163/2 135/166/2
f 113/153/2 167/217/2 129/171/2
f 168/147/55 115/179/2 131/173/2
f 118/165/2 134/167/2 133/175/2
f 111/159/2 112/155/2 127/154/2
f 116/178/2 132/180/2 131/173/2
f 116/178/2 117/176/2 133/175/2
f 160/181/1 161/3183/56 170/182/56
f 138/184/1 153/3184/1 154/185/1
f 158/187/1 159/3185/1 144/188/1
f 140/190/1 155/3186/1 156/191/1
f 156/191/1 157/3187/1 142/193/1
f 136/194/1 151/3188/1 152/195/1
f 154/185/1 155/3186/1 140/190/1
f 149/197/1 165/3189/1 166/198/1
f 152/200/1 153/3184/1 138/184/1
f 166/198/1 151/3188/1 136/194/1
f 144/188/1 159/3185/1 160/202/1
f 170/182/56 161/3183/56 162/204/1
f 164/206/1 165/3189/1 149/197/1
f 142/193/1 157/3187/1 158/187/1
f 162/204/1 163/3190/1 147/208/1
f 147/208/1 163/3190/1 164/206/1
f 135/166/57 166/3191/2898 165/209/58
f 165/209/58 164/3192/60 133/175/60
f 112/155/61 143/189/2899 144/188/62
f 129/171/64 160/3193/2900 159/210/65
f 163/211/67 162/3194/2901 131/173/68
f 110/160/70 141/192/2902 142/193/71
f 161/212/73 160/3195/2900 129/148/64
f 108/164/75 139/186/2903 140/190/76
f 159/210/65 158/3196/2904 127/154/78
f 106/169/79 137/201/2905 138/184/80
f 157/213/82 156/3197/2906 125/157/83
f 170/182/84 146/205/2907 115/179/85
f 155/214/87 154/3198/2908 123/151/88
f 142/193/71 143/189/2899 112/155/61
f 153/215/90 152/3199/2909 121/168/91
f 147/208/93 148/207/94 117/176/94
f 131/173/68 162/3194/2901 161/212/73
f 138/184/80 139/186/2903 108/164/75
f 127/154/78 158/3196/2904 157/213/82
f 140/190/76 141/192/2902 110/160/70
f 133/175/60 164/3192/60 163/211/67
f 136/194/96 137/196/2905 106/216/79
f 119/170/97 150/199/2910 136/194/96
f 123/151/88 154/3198/2908 153/215/90
f 149/197/98 150/199/2910 119/170/97
f 117/176/94 148/207/94 149/197/98
f 125/157/83 156/3197/2906 155/214/87
f 144/188/62 169/203/100 167/217/100
f 115/179/85 146/205/2907 147/208/93
f 121/162/91 152/3200/2909 151/218/101
f 151/218/101 166/3191/2898 135/166/57
f 114/219/102 145/222/2911 170/182/84
f 167/149/100 169/183/100 172/221/105
f 114/219/107 171/220/107 172/221/108
f 197/223/1 198/3201/56 236/224/56
f 175/226/1 190/3202/1 191/227/1
f 195/229/1 196/3203/1 181/230/1
f 177/232/1 192/3204/1 193/233/1
f 193/233/1 194/3205/1 179/235/1
f 173/236/1 188/3206/1 189/237/1
f 191/227/1 192/3204/1 177/232/1
f 186/239/1 202/3207/1 203/240/1
f 189/242/1 190/3202/1 175/226/1
f 203/240/1 188/3206/1 173/236/1
f 181/230/1 196/3203/1 197/244/1
f 236/224/56 198/3201/56 199/246/1
f 201/248/1 202/3207/1 186/239/1
f 179/235/1 194/3205/1 195/229/1
f 199/246/1 200/3208/1 184/250/1
f 184/250/1 200/3208/1 201/248/1
f 238/251/55 229/278/55 228/252/2
f 206/254/2 207/268/2 222/255/2
f 212/257/2 227/276/2 226/258/2
f 208/260/2 209/264/2 224/261/2
f 210/263/2 225/281/2 224/261/2
f 204/265/2 205/3209/2 220/266/2
f 208/260/2 223/262/2 222/255/2
f 217/269/2 218/274/2 234/270/2
f 206/254/2 221/256/2 220/272/2
f 204/265/2 219/267/2 234/270/2
f 212/257/2 237/3210/2 228/275/2
f 238/251/55 214/283/2 230/277/2
f 217/269/2 233/271/2 232/279/2
f 210/263/2 211/259/2 226/258/2
f 215/282/2 231/284/2 230/277/2
f 215/282/2 216/280/2 232/279/2
f 203/285/111 202/287/115 233/271/112
f 201/286/114 232/279/114 233/271/112
f 180/231/116 181/230/165 212/257/117
f 197/288/119 196/294/134 227/276/120
f 199/289/122 230/277/153 231/284/123
f 178/234/125 179/235/146 210/263/126
f 197/291/119 228/252/121 229/278/128
f 176/228/130 177/232/156 208/260/131
f 195/293/133 226/258/155 227/276/120
f 174/243/135 175/226/154 206/254/136
f 193/295/138 224/261/163 225/281/139
f 183/247/140 214/283/166 238/251/141
f 191/297/143 222/255/160 223/262/144
f 180/231/116 211/259/118 210/263/126
f 189/299/147 220/272/168 221/256/148
f 185/249/150 216/280/150 215/282/151
f 199/289/122 198/292/129 229/278/128
f 176/228/130 207/268/132 206/254/136
f 195/293/133 194/296/139 225/281/139
f 178/234/125 209/264/127 208/260/131
f 201/286/114 200/290/124 231/284/123
f 174/238/135 205/3209/137 204/265/157
f 187/241/158 173/236/157 204/265/157
f 191/297/143 190/300/149 221/256/148
f 187/241/158 218/274/159 217/269/161
f 185/249/150 186/239/162 217/269/161
f 193/295/138 192/298/145 223/262/144
f 235/245/164 237/3210/164 212/257/117
f 183/247/140 184/250/152 215/282/151
f 189/301/147 188/302/167 219/267/167
f 203/285/111 234/270/113 219/267/167
f 182/303/169 236/224/142 238/251/141
f 240/306/173 237/253/164 235/225/164
f 182/303/175 213/304/176 240/306/176
f 256/307/1 271/314/1 270/308/1
f 242/310/1 243/332/1 259/311/1
f 256/307/1 241/339/1 257/313/1
f 250/315/1 303/390/1 265/316/1
f 252/318/1 267/327/1 304/319/1
f 254/321/1 255/309/1 270/308/1
f 248/323/1 264/333/1 263/324/1
f 252/318/1 253/328/1 268/326/1
f 254/321/1 269/322/1 268/326/1
f 250/329/1 251/320/1 304/319/1
f 244/331/1 260/340/1 259/311/1
f 248/323/1 249/317/1 265/316/1
f 246/334/1 262/337/1 261/335/1
f 246/334/1 247/325/1 263/324/1
f 242/338/1 258/384/1 257/313/1
f 244/331/1 245/336/1 261/335/1
f 301/341/2 302/387/2 287/342/2
f 273/344/2 289/395/2 290/345/2
f 287/342/2 302/387/2 288/347/2
f 296/349/2 305/389/2 281/350/2
f 306/352/2 298/369/2 283/353/2
f 285/355/2 300/374/2 301/341/2
f 294/356/2 295/3211/2 279/357/2
f 283/353/2 298/369/2 299/359/2
f 299/359/2 300/374/2 285/355/2
f 281/361/2 305/397/2 306/352/2
f 290/345/2 291/394/2 275/362/2
f 279/357/2 295/3211/2 296/349/2
f 292/363/2 293/379/2 277/364/2
f 277/364/2 293/379/2 294/356/2
f 288/347/2 289/383/2 273/366/2
f 275/362/2 291/394/2 292/363/2
f 284/360/180 285/355/181 254/367/181
f 298/369/182 306/352/183 304/319/183
f 274/346/184 275/362/185 244/370/185
f 264/333/186 295/3211/186 294/356/187
f 276/365/188 277/364/189 246/372/189
f 300/374/190 299/359/191 268/326/191
f 272/348/192 273/366/193 242/375/193
f 287/342/194 272/348/192 241/376/192
f 260/340/195 291/394/195 290/345/196
f 286/343/197 287/342/194 256/377/194
f 254/367/181 285/355/181 286/343/197
f 293/379/198 292/363/199 261/335/199
f 280/351/200 281/350/201 250/380/201
f 283/353/202 284/360/180 253/368/180
f 289/383/203 288/347/204 257/313/204
f 288/347/204 302/387/205 271/314/205
f 250/385/201 281/361/201 282/354/206
f 302/387/205 301/341/208 270/308/207
f 301/341/208 300/374/190 269/322/190
f 279/357/209 280/351/200 249/381/200
f 305/389/210 296/349/211 265/316/211
f 299/359/191 298/369/182 267/327/182
f 277/364/189 278/358/212 247/391/212
f 306/352/183 297/399/213 266/392/213
f 275/362/185 276/365/188 245/373/188
f 296/349/211 295/3211/186 264/333/186
f 273/344/193 274/346/184 243/371/184
f 263/324/187 294/356/187 293/379/198
f 251/386/206 282/354/206 283/353/202
f 261/335/199 292/363/199 291/394/195
f 247/391/212 278/358/212 279/357/209
f 259/311/196 290/345/196 289/395/203
f 305/397/210 303/330/210 307/396/214
f 297/399/220 308/398/220 307/396/220
f 324/400/1 339/407/1 338/401/1
f 310/403/1 311/425/1 327/404/1
f 324/400/1 309/432/1 325/406/1
f 318/408/1 371/484/1 333/409/1
f 320/411/1 335/420/1 372/412/1
f 322/414/1 323/402/1 338/401/1
f 316/416/1 332/426/1 331/417/1
f 320/411/1 321/421/1 336/419/1
f 322/414/1 337/415/1 336/419/1
f 318/422/1 319/413/1 372/412/1
f 312/424/1 328/433/1 327/404/1
f 316/416/1 317/410/1 333/409/1
f 314/427/1 330/430/1 329/428/1
f 314/427/1 315/418/1 331/417/1
f 310/431/1 326/478/1 325/406/1
f 312/424/1 313/429/1 329/428/1
f 369/434/2 370/481/2 355/435/2
f 341/437/2 357/3212/2 358/438/2
f 355/435/2 370/481/2 356/440/2
f 364/442/2 373/483/2 349/443/2
f 374/445/2 366/3213/2 351/446/2
f 353/448/2 368/467/2 369/434/2
f 362/449/2 363/464/2 347/450/2
f 351/446/2 366/3213/2 367/452/2
f 367/452/2 368/467/2 353/448/2
f 349/454/2 373/489/2 374/445/2
f 358/438/2 359/471/2 343/455/2
f 347/450/2 363/464/2 364/442/2
f 360/456/2 361/473/2 345/457/2
f 345/457/2 361/473/2 362/449/2
f 356/440/2 357/477/2 341/459/2
f 343/455/2 359/471/2 360/456/2
f 352/453/180 353/448/181 322/460/181
f 335/420/182 366/3213/182 374/445/183
f 342/439/184 343/455/185 312/462/185
f 363/464/186 362/449/187 331/417/187
f 344/458/188 345/457/189 314/465/189
f 368/467/190 367/452/191 336/419/191
f 340/441/192 341/459/193 310/468/193
f 355/435/194 340/441/192 309/469/192
f 359/471/195 358/438/196 327/404/196
f 354/436/197 355/435/194 324/470/194
f 353/448/181 354/436/197 323/472/197
f 361/473/198 360/456/199 329/428/199
f 348/444/200 349/443/201 318/474/201
f 351/446/202 352/453/180 321/461/180
f 357/477/203 356/440/204 325/406/204
f 356/440/204 370/481/205 339/407/205
f 349/454/201 350/447/206 319/479/206
f 370/481/205 369/434/208 338/401/207
f 369/434/208 368/467/190 337/415/190
f 347/450/209 348/444/200 317/475/200
f 373/483/210 364/442/211 333/409/211
f 367/452/191 366/3213/182 335/420/182
f 314/465/189 345/457/189 346/451/212
f 374/445/183 365/491/213 334/486/213
f 343/455/185 344/458/188 313/466/188
f 364/442/211 363/464/186 332/426/186
f 341/437/193 342/439/184 311/463/184
f 362/449/187 361/473/198 330/430/198
f 350/447/206 351/446/202 320/476/202
f 360/456/199 359/471/195 328/433/195
f 346/451/212 347/450/209 316/482/209
f 358/438/196 357/3212/203 326/405/221
f 373/489/210 371/423/210 375/488/214
f 376/490/222 375/488/220 334/486/220
f 439/492/223 379/501/283 380/493/224
f 386/495/226 382/500/231 381/496/227
f 381/496/227 382/500/231 378/498/229
f 382/500/231 383/505/2912 379/501/232
f 389/502/233 390/508/240 386/495/226
f 387/503/234 383/505/2912 382/500/231
f 388/504/235 384/549/282 383/505/236
f 394/506/238 390/508/240 389/502/233
f 390/508/240 391/509/2913 387/503/234
f 391/509/241 392/512/241 388/504/235
f 397/510/242 398/513/245 394/506/238
f 395/511/243 391/509/2913 390/508/240
f 395/511/244 396/3214/2914 392/512/241
f 398/513/245 399/515/2915 395/511/243
f 400/514/246 396/3214/2914 395/511/244
f 402/516/248 398/513/245 397/510/242
f 403/518/250 399/515/2915 398/513/245
f 404/519/251 400/514/246 399/515/247
f 405/520/253 406/521/254 402/516/248
f 406/521/254 407/522/2916 403/518/250
f 407/522/255 408/3215/255 404/519/251
f 411/523/256 407/522/2916 406/521/254
f 414/525/258 415/530/2917 411/523/256
f 412/526/259 408/3215/255 407/522/255
f 410/524/257 406/521/254 405/520/253
f 419/528/261 415/530/2917 414/525/258
f 415/530/263 416/534/263 412/526/259
f 413/531/264 414/525/258 410/524/257
f 423/532/265 424/3216/2918 420/533/266
f 419/528/266 420/533/266 416/534/263
f 418/529/262 414/525/258 413/531/264
f 428/536/268 424/3216/2918 423/532/265
f 421/538/270 422/539/271 418/529/262
f 422/539/271 423/532/2919 419/528/261
f 432/540/272 428/536/268 427/537/269
f 426/542/274 422/539/271 421/538/270
f 427/537/276 423/532/2919 422/539/271
f 434/544/277 430/547/280 429/545/278
f 429/545/278 430/547/280 426/542/274
f 430/547/280 431/541/2920 427/537/276
f 437/548/281 438/552/286 434/544/277
f 384/549/282 380/493/224 379/501/283
f 435/550/284 431/541/2920 430/547/280
f 436/551/285 432/540/272 431/541/273
f 438/552/286 378/498/229 379/501/232
f 438/552/286 439/492/287 435/550/284
f 440/494/225 436/551/285 435/550/285
f 437/548/281 377/499/230 378/498/229
f 429/545/278 425/543/275 441/553/288
f 425/543/275 421/538/270 444/554/289
f 417/535/267 447/555/290 444/554/289
f 413/531/264 409/527/260 447/555/290
f 433/546/279 441/553/288 442/556/291
f 441/553/288 444/554/289 445/557/292
f 447/555/290 448/558/293 445/557/292
f 409/527/260 405/520/253 448/558/293
f 442/556/291 443/559/294 377/499/230
f 445/557/292 446/561/296 443/559/294
f 445/557/292 448/558/293 449/560/295
f 448/558/293 405/520/253 401/517/249
f 443/559/294 385/497/228 381/496/227
f 446/561/296 389/502/233 385/497/228
f 446/561/296 449/560/295 393/507/239
f 449/560/295 401/517/249 397/510/242
f 452/562/297 453/620/354 513/563/298
f 459/565/299 455/570/304 454/566/300
f 454/566/300 455/570/304 451/568/302
f 455/570/304 456/574/2921 452/562/305
f 462/571/306 463/577/313 459/565/299
f 460/572/307 456/574/2921 455/570/304
f 460/572/308 461/579/308 457/573/309
f 467/575/311 463/577/313 462/571/306
f 463/577/313 464/578/2922 460/572/307
f 464/578/314 465/582/318 461/579/308
f 470/580/315 471/583/319 467/575/311
f 468/581/316 464/578/2922 463/577/313
f 468/581/317 469/585/317 465/582/318
f 471/583/319 472/584/2923 468/581/316
f 472/584/320 473/589/320 469/585/317
f 475/586/321 471/583/319 470/580/315
f 476/588/323 472/584/2923 471/583/319
f 476/588/324 477/593/324 473/589/320
f 478/590/325 479/591/326 475/586/321
f 479/591/326 480/592/2924 476/588/323
f 480/592/327 481/3217/2925 477/593/324
f 484/594/328 480/592/2924 479/591/326
f 487/596/330 488/602/2926 484/594/328
f 485/597/331 481/3217/2925 480/592/327
f 483/595/329 479/591/326 478/590/325
f 492/599/333 488/602/2926 487/596/330
f 489/601/335 485/597/331 484/594/331
f 486/603/337 487/596/330 483/595/329
f 496/604/338 497/3218/2927 493/605/339
f 493/605/339 489/601/335 488/602/336
f 491/600/334 487/596/330 486/603/337
f 501/607/342 497/3218/2927 496/604/338
f 494/609/343 495/610/344 491/600/334
f 495/610/344 496/604/2928 492/599/333
f 505/611/345 501/607/342 500/608/342
f 499/613/346 495/610/344 494/609/343
f 500/608/348 496/604/2928 495/610/344
f 507/615/349 503/618/352 502/616/350
f 502/616/350 503/618/352 499/613/346
f 503/618/352 504/612/2929 500/608/348
f 510/619/353 511/623/358 507/615/349
f 456/574/310 457/573/309 453/620/354
f 508/621/355 504/612/2929 503/618/352
f 509/622/356 505/611/345 504/612/345
f 511/623/358 451/568/302 452/562/305
f 511/623/358 512/564/359 508/621/355
f 512/564/298 513/563/298 509/622/356
f 510/619/353 450/569/303 451/568/302
f 502/616/350 498/614/347 514/624/360
f 498/614/347 494/609/343 517/625/361
f 490/606/341 520/626/362 517/625/361
f 486/603/337 482/598/332 520/626/362
f 506/617/351 514/624/360 515/627/363
f 514/624/360 517/625/361 518/628/364
f 520/626/362 521/629/365 518/628/364
f 482/598/332 478/590/325 521/629/365
f 515/627/363 516/630/366 450/569/303
f 518/628/364 519/632/368 516/630/366
f 518/628/364 521/629/365 522/631/367
f 521/629/365 478/590/325 474/587/322
f 516/630/366 458/567/301 454/566/300
f 519/632/368 462/571/306 458/567/301
f 519/632/368 522/631/367 466/576/312
f 522/631/367 474/587/322 470/580/315
f 525/633/297 526/689/354 586/634/298
f 532/636/369 528/641/304 527/637/370
f 527/637/370 528/641/304 524/639/371
f 528/641/304 529/645/2921 525/633/372
f 535/642/373 536/648/377 532/636/369
f 533/643/374 529/645/2921 528/641/304
f 533/643/375 534/3219/2930 530/644/309
f 540/646/376 536/648/377 535/642/373
f 536/648/377 537/650/2931 533/643/374
f 538/649/318 534/3219/2930 533/643/375
f 543/651/378 544/653/380 540/646/376
f 541/652/379 537/650/2931 536/648/377
f 541/652/317 542/655/381 538/649/318
f 544/653/380 545/654/2932 541/652/379
f 545/654/320 546/659/320 542/655/381
f 548/656/382 544/653/380 543/651/378
f 549/658/383 545/654/2932 544/653/380
f 549/658/324 550/663/324 546/659/320
f 551/660/384 552/661/385 548/656/382
f 552/661/385 553/662/2933 549/658/383
f 553/662/327 554/3220/2925 550/663/324
f 557/664/328 553/662/2933 552/661/385
f 560/666/330 561/672/2926 557/664/328
f 558/667/331 554/3220/2925 553/662/327
f 556/665/386 552/661/385 551/660/384
f 565/669/388 561/672/2926 560/666/330
f 562/671/335 558/667/331 557/664/331
f 559/673/390 560/666/330 556/665/386
f 569/674/338 570/3221/2927 566/675/339
f 566/675/339 562/671/335 561/672/335
f 564/670/389 560/666/330 559/673/390
f 574/677/342 570/3221/2927 569/674/338
f 567/679/393 568/680/394 564/670/389
f 568/680/394 569/674/2934 565/669/388
f 577/681/395 578/691/395 574/677/342
f 572/682/396 568/680/394 567/679/393
f 573/678/348 569/674/2934 568/680/394
f 580/684/398 576/687/399 575/685/350
f 575/685/350 576/687/399 572/682/396
f 576/687/399 577/681/2935 573/678/348
f 583/688/400 584/692/403 580/684/398
f 529/645/309 530/644/309 526/689/354
f 581/690/401 577/681/2935 576/687/399
f 581/690/402 582/693/405 578/691/395
f 584/692/403 524/639/371 525/633/372
f 584/692/403 585/635/404 581/690/401
f 585/635/298 586/634/298 582/693/405
f 583/688/400 523/640/303 524/639/371
f 575/685/350 571/683/397 587/694/406
f 571/683/397 567/679/393 590/695/407
f 563/676/391 593/696/408 590/695/407
f 559/673/390 555/668/387 593/696/408
f 579/686/351 587/694/406 588/697/363
f 587/694/406 590/695/407 591/698/364
f 593/696/408 594/699/365 591/698/364
f 555/668/387 551/660/384 594/699/365
f 588/697/363 589/700/366 523/640/303
f 591/698/364 592/702/409 589/700/366
f 591/698/364 594/699/365 595/701/367
f 594/699/365 551/660/384 547/657/322
f 589/700/366 531/638/301 527/637/370
f 592/702/409 535/642/373 531/638/301
f 592/702/409 595/701/367 539/647/312
f 595/701/367 547/657/322 543/651/378
f 658/703/410 659/765/410 599/704/411
f 600/706/413 601/710/417 605/707/414
f 600/706/413 596/772/487 597/709/416
f 601/710/417 597/709/416 598/705/418
f 608/712/420 604/708/415 605/707/414
f 601/710/417 602/711/419 606/714/422
f 602/711/423 603/762/423 607/715/424
f 608/712/420 609/713/421 613/716/425
f 609/713/421 605/707/414 606/714/422
f 610/718/428 606/714/424 607/715/424
f 616/720/430 612/717/426 613/716/425
f 609/713/421 610/718/427 614/722/432
f 610/718/428 611/719/429 615/723/433
f 617/721/431 613/716/425 614/722/432
f 614/722/434 615/723/433 619/725/436
f 616/720/430 617/721/431 621/726/437
f 617/721/431 618/724/435 622/728/439
f 618/724/436 619/725/436 623/729/440
f 624/730/442 620/727/438 621/726/437
f 625/731/443 621/726/437 622/728/439
f 626/732/445 622/728/441 623/729/440
f 625/731/443 626/732/444 630/734/446
f 633/736/448 629/735/447 630/734/446
f 626/732/445 627/733/445 631/738/450
f 624/730/442 625/731/443 629/735/447
f 633/736/448 634/737/449 638/740/453
f 630/734/451 631/738/450 635/742/455
f 632/743/457 628/739/452 629/735/447
f 642/744/458 638/740/460 639/745/459
f 638/740/460 634/737/456 635/742/455
f 632/743/457 633/736/448 637/741/454
f 642/744/458 643/746/458 647/748/462
f 640/750/463 636/747/461 637/741/454
f 641/751/464 637/741/454 638/740/453
f 650/752/466 646/749/462 647/748/462
f 640/750/463 641/751/464 645/754/467
f 641/751/464 642/744/465 646/749/469
f 648/756/470 649/759/473 653/757/471
f 648/756/470 644/755/468 645/754/467
f 649/759/473 645/754/467 646/749/469
f 656/760/475 652/758/472 653/757/471
f 598/705/412 599/704/411 603/762/423
f 649/759/473 650/752/474 654/763/477
f 654/763/478 650/752/466 651/753/466
f 598/705/418 597/709/416 657/761/476
f 657/761/476 653/757/471 654/763/477
f 658/703/410 654/763/478 655/764/479
f 597/709/416 596/772/487 656/760/475
f 648/756/470 652/758/472 660/766/481
f 644/755/468 660/766/481 663/767/482
f 663/767/482 666/768/483 636/747/461
f 666/768/483 628/739/452 632/743/457
f 652/758/472 656/760/475 661/769/484
f 660/766/481 661/769/484 664/770/485
f 664/770/485 667/771/486 666/768/483
f 667/771/486 624/730/442 628/739/452
f 596/772/487 662/773/488 661/769/484
f 662/773/488 665/775/490 664/770/485
f 664/770/485 665/775/490 668/774/489
f 667/771/486 668/774/489 620/727/438
f 600/706/413 604/708/415 662/773/488
f 604/708/415 608/712/420 665/775/490
f 665/775/490 608/712/420 612/717/426
f 668/774/489 612/717/426 616/720/430
f 671/776/491 672/3222/491 732/777/492
f 678/779/494 674/784/499 673/780/495
f 673/780/495 674/784/499 670/782/497
f 674/784/499 675/788/2936 671/776/500
f 681/785/501 682/791/507 678/779/494
f 679/786/502 675/788/2936 674/784/499
f 679/786/503 680/793/503 676/787/504
f 686/789/505 682/791/507 681/785/501
f 682/791/507 683/792/2937 679/786/502
f 683/792/508 684/796/512 680/793/503
f 689/794/509 690/797/513 686/789/505
f 687/795/510 683/792/2937 682/791/507
f 687/795/511 688/799/515 684/796/512
f 690/797/513 691/798/2938 687/795/510
f 691/798/514 692/3223/514 688/799/515
f 694/800/516 690/797/513 689/794/509
f 695/802/518 691/798/2938 690/797/513
f 696/803/519 692/3223/514 691/798/514
f 697/804/521 698/805/522 694/800/516
f 698/805/522 699/807/2939 695/802/518
f 700/806/523 696/803/519 695/802/520
f 703/808/524 699/807/2939 698/805/522
f 706/810/526 707/815/2940 703/808/524
f 704/811/527 700/806/523 699/807/523
f 702/809/525 698/805/522 697/804/521
f 711/813/529 707/815/2940 706/810/526
f 707/815/531 708/819/531 704/811/527
f 705/816/532 706/810/526 702/809/525
f 716/817/533 712/3224/2941 711/813/534
f 711/813/534 712/3224/2941 708/819/531
f 710/814/530 706/810/526 705/816/532
f 719/821/537 720/3225/2942 716/817/533
f 713/822/538 714/823/539 710/814/530
f 714/823/539 715/818/2943 711/813/529
f 724/824/540 720/3225/2942 719/821/537
f 718/826/542 714/823/539 713/822/538
f 719/821/544 715/818/2943 714/823/539
f 726/828/545 722/831/548 721/829/546
f 721/829/546 722/831/548 718/826/542
f 722/831/548 723/825/2944 719/821/544
f 729/832/549 730/835/552 726/828/545
f 676/787/504 672/3222/491 671/776/491
f 727/833/550 723/825/2944 722/831/548
f 728/834/551 724/824/540 723/825/541
f 730/835/552 670/782/497 671/776/500
f 730/835/552 731/778/553 727/833/550
f 731/778/493 732/777/492 728/834/551
f 729/832/549 669/783/498 670/782/497
f 721/829/546 717/827/543 733/836/554
f 717/827/543 713/822/538 736/837/555
f 709/820/536 739/838/556 736/837/555
f 705/816/532 701/812/528 739/838/556
f 725/830/547 733/836/554 734/839/557
f 733/836/554 736/837/555 737/840/558
f 739/838/556 740/841/559 737/840/558
f 701/812/528 697/804/521 740/841/559
f 734/839/557 735/842/560 669/783/498
f 737/840/558 738/844/562 735/842/560
f 737/840/558 740/841/559 741/843/561
f 740/841/559 697/804/521 693/801/517
f 735/842/560 677/781/496 673/780/495
f 738/844/562 681/785/501 677/781/496
f 738/844/562 741/843/561 685/790/506
f 741/843/561 693/801/517 689/794/509
f 804/845/563 744/854/564 745/846/564
f 751/848/566 747/853/571 746/849/567
f 746/849/567 747/853/571 743/851/569
f 747/853/571 748/858/2945 744/854/572
f 754/855/573 755/861/580 751/848/566
f 752/856/574 748/858/2945 747/853/571
f 752/856/575 753/863/582 749/857/576
f 759/859/578 755/861/580 754/855/573
f 755/861/580 756/862/2946 752/856/574
f 756/862/581 757/866/581 753/863/582
f 762/864/583 763/867/586 759/859/578
f 760/865/584 756/862/2946 755/861/580
f 760/865/585 761/869/588 757/866/581
f 763/867/586 764/868/2947 760/865/584
f 764/868/587 765/873/587 761/869/588
f 767/870/589 763/867/586 762/864/583
f 768/872/591 764/868/2947 763/867/586
f 768/872/592 769/877/596 765/873/587
f 770/874/593 771/875/594 767/870/589
f 771/875/594 772/876/2948 768/872/591
f 772/876/595 773/3226/595 769/877/596
f 776/878/597 772/876/2948 771/875/594
f 779/880/599 780/886/2949 776/878/597
f 777/881/600 773/3226/595 772/876/595
f 775/879/598 771/875/594 770/874/593
f 784/883/603 780/886/2949 779/880/599
f 781/885/605 777/881/600 776/878/601
f 778/887/607 779/880/599 775/879/598
f 788/888/608 789/3227/2950 785/889/609
f 785/889/609 781/885/605 780/886/606
f 783/884/604 779/880/599 778/887/607
f 793/891/611 789/3227/2950 788/888/608
f 786/893/612 787/894/613 783/884/604
f 787/894/613 788/888/2951 784/883/603
f 797/895/614 793/891/611 792/892/611
f 791/897/615 787/894/613 786/893/612
f 792/892/617 788/888/2951 787/894/613
f 799/899/618 795/902/621 794/900/619
f 794/900/619 795/902/621 791/897/615
f 795/902/621 796/896/2952 792/892/617
f 802/903/622 803/906/626 799/899/618
f 749/857/576 745/846/564 744/854/564
f 800/904/623 796/896/2952 795/902/621
f 801/905/624 797/895/614 796/896/614
f 803/906/626 743/851/569 744/854/572
f 803/906/626 804/845/627 800/904/623
f 804/845/563 805/847/565 801/905/624
f 802/903/622 742/852/570 743/851/569
f 794/900/619 790/898/616 806/907/628
f 790/898/616 786/893/612 809/908/629
f 782/890/610 812/909/630 809/908/629
f 778/887/607 774/882/602 812/909/630
f 798/901/620 806/907/628 807/910/631
f 806/907/628 809/908/629 810/911/632
f 812/909/630 813/912/633 810/911/632
f 774/882/602 770/874/593 813/912/633
f 807/910/631 808/913/634 742/852/570
f 810/911/632 811/915/636 808/913/634
f 810/911/632 813/912/633 814/914/635
f 813/912/633 770/874/593 766/871/590
f 808/913/634 750/850/568 746/849/567
f 811/915/636 754/855/573 750/850/568
f 811/915/636 814/914/635 758/860/579
f 814/914/635 766/871/590 762/864/583
f 877/916/563 817/925/564 818/917/564
f 824/919/637 820/924/571 819/920/638
f 819/920/638 820/924/571 816/922/640
f 820/924/571 821/929/2945 817/925/642
f 827/926/573 828/932/645 824/919/637
f 825/927/643 821/929/2945 820/924/571
f 825/927/575 826/934/582 822/928/577
f 832/930/644 828/932/645 827/926/573
f 828/932/645 829/933/2953 825/927/643
f 829/933/581 830/937/581 826/934/582
f 835/935/646 836/938/648 832/930/644
f 833/936/647 829/933/2953 828/932/645
f 833/936/585 834/940/588 830/937/581
f 836/938/648 837/939/2954 833/936/647
f 837/939/587 838/944/587 834/940/588
f 840/941/589 836/938/648 835/935/646
f 841/943/591 837/939/2954 836/938/648
f 841/943/596 842/948/596 838/944/587
f 843/945/649 844/946/594 840/941/589
f 844/946/594 845/947/2948 841/943/591
f 845/947/595 846/3228/595 842/948/596
f 849/949/650 845/947/2948 844/946/594
f 852/951/652 853/957/2949 849/949/650
f 850/952/601 846/3228/595 845/947/595
f 848/950/651 844/946/594 843/945/649
f 857/954/653 853/957/2949 852/951/652
f 854/956/655 850/952/601 849/949/601
f 851/958/657 852/951/652 848/950/651
f 861/959/658 862/3229/2950 858/960/609
f 858/960/609 854/956/655 853/957/656
f 856/955/654 852/951/652 851/958/657
f 866/962/660 862/3229/2950 861/959/658
f 859/964/661 860/965/662 856/955/654
f 860/965/662 861/959/2955 857/954/653
f 870/966/614 866/962/660 865/963/611
f 864/968/615 860/965/662 859/964/661
f 865/963/663 861/959/2955 860/965/662
f 872/970/618 868/973/664 867/971/619
f 867/971/619 868/973/664 864/968/615
f 868/973/664 869/967/2952 865/963/663
f 875/974/665 876/977/667 872/970/618
f 822/928/577 818/917/564 817/925/564
f 873/975/666 869/967/2952 868/973/664
f 874/976/624 870/966/614 869/967/614
f 876/977/667 816/922/640 817/925/642
f 876/977/667 877/916/668 873/975/666
f 877/916/563 878/918/565 874/976/624
f 875/974/665 815/923/641 816/922/640
f 867/971/619 863/969/616 879/978/628
f 863/969/616 859/964/661 882/979/629
f 855/961/610 885/980/630 882/979/629
f 851/958/657 847/953/602 885/980/630
f 871/972/620 879/978/628 880/981/631
f 879/978/628 882/979/629 883/982/632
f 885/980/630 886/983/633 883/982/632
f 847/953/602 843/945/649 886/983/633
f 880/981/631 881/984/634 815/923/641
f 883/982/632 884/986/669 881/984/634
f 883/982/632 886/983/633 887/985/635
f 886/983/633 843/945/649 839/942/590
f 881/984/634 823/921/639 819/920/638
f 884/986/669 827/926/573 823/921/639
f 884/986/669 887/985/635 831/931/579
f 887/985/635 839/942/590 835/935/646
f 951/987/670 891/3230/671 890/988/671
f 892/990/673 893/994/677 897/991/674
f 892/990/673 888/1055/749 889/993/676
f 893/994/677 889/993/676 890/988/678
f 900/996/680 896/992/675 897/991/674
f 893/994/677 894/995/679 898/998/682
f 898/998/683 894/995/738 895/999/684
f 900/996/680 901/997/681 905/1001/686
f 901/997/681 897/991/674 898/998/682
f 902/1003/689 898/998/683 899/1000/685
f 908/1005/691 904/1002/687 905/1001/686
f 901/997/681 902/1003/688 906/1007/693
f 906/1007/694 902/1003/689 903/1004/690
f 909/1006/692 905/1001/686 906/1007/693
f 910/1009/697 906/1007/694 907/1008/695
f 908/1005/691 909/1006/692 913/1011/698
f 909/1006/692 910/1009/696 914/1013/700
f 910/1009/697 911/1010/697 915/1014/701
f 916/1015/703 912/1012/699 913/1011/698
f 917/1016/704 913/1011/698 914/1013/700
f 914/1013/702 915/1014/701 919/1018/706
f 917/1016/704 918/1017/705 922/1019/707
f 925/1021/709 921/1020/708 922/1019/707
f 918/1017/706 919/1018/706 923/1023/711
f 916/1015/703 917/1016/704 921/1020/708
f 925/1021/709 926/1022/710 930/1025/713
f 926/1022/715 922/1019/711 923/1023/711
f 924/1028/716 920/1024/712 921/1020/708
f 930/1025/717 931/1031/719 935/1029/718
f 930/1025/717 926/1022/715 927/1027/715
f 924/1028/716 925/1021/709 929/1026/714
f 934/1030/718 935/1029/718 939/1033/721
f 932/1035/723 928/1032/720 929/1026/714
f 933/1036/724 929/1026/714 930/1025/713
f 938/1034/722 939/1033/721 943/1037/726
f 932/1035/723 933/1036/724 937/1039/728
f 933/1036/724 934/1030/725 938/1034/730
f 940/1041/731 941/1044/734 945/1042/732
f 940/1041/731 936/1040/729 937/1039/728
f 941/1044/734 937/1039/728 938/1034/730
f 948/1045/736 944/1043/733 945/1042/732
f 890/988/671 891/3230/671 895/999/684
f 941/1044/734 942/1038/735 946/1047/739
f 942/1038/727 943/1037/726 947/1048/740
f 890/988/678 889/993/676 949/1046/737
f 949/1046/737 945/1042/732 946/1047/739
f 950/989/672 946/1047/741 947/1048/740
f 889/993/676 888/1055/749 948/1045/736
f 940/1041/731 944/1043/733 952/1049/743
f 936/1040/729 952/1049/743 955/1050/744
f 955/1050/744 958/1051/745 928/1032/720
f 958/1051/745 920/1024/712 924/1028/716
f 944/1043/733 948/1045/736 953/1052/746
f 952/1049/743 953/1052/746 956/1053/747
f 956/1053/747 959/1054/748 958/1051/745
f 959/1054/748 916/1015/703 920/1024/712
f 888/1055/749 954/1056/750 953/1052/746
f 954/1056/750 957/1058/752 956/1053/747
f 956/1053/747 957/1058/752 960/1057/751
f 959/1054/748 960/1057/751 912/1012/699
f 892/990/673 896/992/675 954/1056/750
f 896/992/675 900/996/680 957/1058/752
f 957/1058/752 900/996/680 904/1002/687
f 960/1057/751 904/1002/687 908/1005/691
f 963/1059/753 964/3231/753 1024/1060/754
f 970/1062/756 966/1067/761 965/1063/757
f 965/1063/757 966/1067/761 962/1065/759
f 966/1067/761 967/1071/2956 963/1059/762
f 973/1068/763 974/1074/770 970/1062/756
f 971/1069/764 967/1071/2956 966/1067/761
f 972/1070/765 968/1115/766 967/1071/766
f 978/1072/768 974/1074/770 973/1068/763
f 974/1074/770 975/1076/2957 971/1069/764
f 976/1075/771 972/1070/765 971/1069/767
f 981/1077/773 982/1079/776 978/1072/768
f 979/1078/774 975/1076/2957 974/1074/770
f 979/1078/775 980/1081/778 976/1075/771
f 982/1079/776 983/1080/2958 979/1078/774
f 983/1080/777 984/3232/2959 980/1081/778
f 986/1082/779 982/1079/776 981/1077/773
f 987/1084/781 983/1080/2958 982/1079/776
f 988/1085/782 984/3232/2959 983/1080/777
f 989/1086/783 990/1087/784 986/1082/779
f 990/1087/784 991/1089/2960 987/1084/781
f 992/1088/785 988/1085/782 987/1084/782
f 995/1090/787 991/1089/2960 990/1087/784
f 998/1092/789 999/1096/2961 995/1090/787
f 995/1090/790 996/1097/795 992/1088/785
f 994/1091/788 990/1087/784 989/1086/783
f 1003/1094/792 999/1096/2961 998/1092/789
f 999/1096/794 1000/1101/794 996/1097/795
f 997/1098/796 998/1092/789 994/1091/788
f 1008/1099/797 1004/3233/2962 1003/1094/798
f 1003/1094/798 1004/3233/2962 1000/1101/794
f 1002/1095/793 998/1092/789 997/1098/796
f 1011/1103/800 1012/3234/800 1008/1099/797
f 1005/1104/801 1006/1105/802 1002/1095/793
f 1006/1105/802 1007/1100/2963 1003/1094/792
f 1016/1106/803 1012/3234/800 1011/1103/800
f 1010/1108/804 1006/1105/802 1005/1104/801
f 1011/1103/806 1007/1100/2963 1006/1105/802
f 1018/1110/807 1014/1113/810 1013/1111/808
f 1013/1111/808 1014/1113/810 1010/1108/804
f 1014/1113/810 1015/1107/2964 1011/1103/806
f 1021/1114/811 1022/1118/814 1018/1110/807
f 968/1115/766 964/3231/753 963/1059/753
f 1019/1116/812 1015/1107/2964 1014/1113/810
f 1020/1117/813 1016/1106/803 1015/1107/803
f 1022/1118/814 962/1065/759 963/1059/762
f 1022/1118/814 1023/1061/815 1019/1116/812
f 1024/1060/754 1020/1117/813 1019/1116/813
f 1021/1114/811 961/1066/760 962/1065/759
f 1013/1111/808 1009/1109/805 1025/1119/816
f 1009/1109/805 1005/1104/801 1028/1120/817
f 1001/1102/799 1031/1121/818 1028/1120/817
f 997/1098/796 993/1093/791 1031/1121/818
f 1017/1112/809 1025/1119/816 1026/1122/819
f 1025/1119/816 1028/1120/817 1029/1123/820
f 1031/1121/818 1032/1124/821 1029/1123/820
f 993/1093/791 989/1086/783 1032/1124/821
f 1026/1122/819 1027/1125/822 961/1066/760
f 1029/1123/820 1030/1127/824 1027/1125/822
f 1029/1123/820 1032/1124/821 1033/1126/823
f 1032/1124/821 989/1086/783 985/1083/780
f 1027/1125/822 969/1064/758 965/1063/757
f 1030/1127/824 973/1068/763 969/1064/758
f 1030/1127/824 1033/1126/823 977/1073/769
f 1033/1126/823 985/1083/780 981/1077/773
f 1036/1128/825 1037/1184/884 1097/1129/826
f 1043/1131/828 1039/1136/833 1038/1132/829
f 1038/1132/829 1039/1136/833 1035/1134/831
f 1039/1136/833 1040/1140/2965 1036/1128/834
f 1046/1137/835 1047/1143/842 1043/1131/828
f 1044/1138/836 1040/1140/2965 1039/1136/833
f 1044/1138/837 1045/3235/2966 1041/1139/838
f 1051/1141/840 1047/1143/842 1046/1137/835
f 1047/1143/842 1048/1145/2967 1044/1138/836
f 1049/1144/843 1045/3235/2966 1044/1138/837
f 1054/1146/844 1055/1148/847 1051/1141/840
f 1052/1147/845 1048/1145/2967 1047/1143/842
f 1052/1147/846 1053/1150/849 1049/1144/843
f 1055/1148/847 1056/1149/2968 1052/1147/845
f 1056/1149/848 1057/3236/2969 1053/1150/849
f 1059/1151/850 1055/1148/847 1054/1146/844
f 1060/1153/852 1056/1149/2968 1055/1148/847
f 1061/1154/853 1057/3236/2969 1056/1149/848
f 1062/1155/854 1063/1156/855 1059/1151/850
f 1063/1156/855 1064/1157/2970 1060/1153/852
f 1064/1157/856 1065/3237/856 1061/1154/853
f 1068/1158/857 1064/1157/2970 1063/1156/855
f 1071/1160/859 1072/1166/2971 1068/1158/857
f 1069/1161/860 1065/3237/856 1064/1157/856
f 1067/1159/858 1063/1156/855 1062/1155/854
f 1076/1163/863 1072/1166/2971 1071/1160/859
f 1073/1165/865 1069/1161/860 1068/1158/861
f 1070/1167/867 1071/1160/859 1067/1159/858
f 1081/1168/868 1077/1170/869 1076/1163/869
f 1077/1170/869 1073/1165/865 1072/1166/866
f 1075/1164/864 1071/1160/859 1070/1167/867
f 1084/1172/872 1085/3238/922 1081/1168/868
f 1078/1173/873 1079/1174/874 1075/1164/864
f 1079/1174/874 1080/1169/2972 1076/1163/863
f 1089/1175/875 1085/3238/922 1084/1172/872
f 1083/1177/876 1079/1174/874 1078/1173/873
f 1084/1172/878 1080/1169/2972 1079/1174/874
f 1091/1179/879 1087/1182/882 1086/1180/880
f 1086/1180/880 1087/1182/882 1083/1177/876
f 1087/1182/882 1088/1176/2973 1084/1172/878
f 1094/1183/883 1095/1187/888 1091/1179/879
f 1040/1140/839 1041/1139/838 1037/1184/884
f 1092/1185/885 1088/1176/2973 1087/1182/882
f 1093/1186/886 1089/1175/875 1088/1176/875
f 1095/1187/888 1035/1134/831 1036/1128/834
f 1095/1187/888 1096/1130/889 1092/1185/885
f 1097/1129/826 1093/1186/886 1092/1185/887
f 1094/1183/883 1034/1135/832 1035/1134/831
f 1086/1180/880 1082/1178/877 1098/1188/890
f 1082/1178/877 1078/1173/873 1101/1189/891
f 1074/1171/871 1104/1190/892 1101/1189/891
f 1070/1167/867 1066/1162/862 1104/1190/892
f 1090/1181/881 1098/1188/890 1099/1191/893
f 1098/1188/890 1101/1189/891 1102/1192/894
f 1104/1190/892 1105/1193/895 1102/1192/894
f 1066/1162/862 1062/1155/854 1105/1193/895
f 1099/1191/893 1100/1194/896 1034/1135/832
f 1102/1192/894 1103/1196/898 1100/1194/896
f 1102/1192/894 1105/1193/895 1106/1195/897
f 1105/1193/895 1062/1155/854 1058/1152/851
f 1100/1194/896 1042/1133/830 1038/1132/829
f 1103/1196/898 1046/1137/835 1042/1133/830
f 1103/1196/898 1106/1195/897 1050/1142/841
f 1106/1195/897 1058/1152/851 1054/1146/844
f 1109/1197/825 1110/1255/884 1170/1198/827
f 1116/1200/899 1112/1205/833 1111/1201/900
f 1111/1201/900 1112/1205/833 1108/1203/831
f 1112/1205/833 1113/1209/2965 1109/1197/901
f 1119/1206/902 1120/1212/842 1116/1200/899
f 1117/1207/903 1113/1209/2965 1112/1205/833
f 1117/1207/904 1118/1214/906 1114/1208/839
f 1124/1210/840 1120/1212/842 1119/1206/902
f 1120/1212/842 1121/1213/2974 1117/1207/903
f 1121/1213/905 1122/1217/908 1118/1214/906
f 1127/1215/844 1128/1218/909 1124/1210/840
f 1125/1216/845 1121/1213/2974 1120/1212/842
f 1125/1216/907 1126/1220/907 1122/1217/908
f 1128/1218/909 1129/1219/2968 1125/1216/845
f 1129/1219/848 1130/3239/2969 1126/1220/907
f 1132/1221/910 1128/1218/909 1127/1215/844
f 1133/1223/852 1129/1219/2968 1128/1218/909
f 1134/1224/912 1130/3239/2969 1129/1219/848
f 1135/1225/913 1136/1226/914 1132/1221/910
f 1136/1226/914 1137/1228/2975 1133/1223/852
f 1138/1227/915 1134/1224/912 1133/1223/912
f 1141/1229/916 1137/1228/2975 1136/1226/914
f 1144/1231/918 1145/1237/2971 1141/1229/916
f 1142/1232/919 1138/1227/915 1137/1228/915
f 1140/1230/917 1136/1226/914 1135/1225/913
f 1149/1234/863 1145/1237/2971 1144/1231/918
f 1146/1236/865 1142/1232/919 1141/1229/861
f 1143/1238/867 1144/1231/918 1140/1230/917
f 1154/1239/868 1150/1241/869 1149/1234/869
f 1150/1241/869 1146/1236/865 1145/1237/866
f 1148/1235/864 1144/1231/918 1143/1238/867
f 1157/1243/872 1158/1247/922 1154/1239/868
f 1151/1244/920 1152/1245/874 1148/1235/864
f 1152/1245/874 1153/1240/2976 1149/1234/863
f 1161/1246/921 1162/1257/929 1158/1247/922
f 1156/1248/923 1152/1245/874 1151/1244/920
f 1157/1243/878 1153/1240/2976 1152/1245/874
f 1164/1250/924 1160/1253/882 1159/1251/925
f 1159/1251/925 1160/1253/882 1156/1248/923
f 1160/1253/882 1161/1246/2977 1157/1243/878
f 1167/1254/927 1168/1258/888 1164/1250/924
f 1113/1209/839 1114/1208/839 1110/1255/884
f 1165/1256/928 1161/1246/2977 1160/1253/882
f 1165/1256/887 1166/3240/2978 1162/1257/929
f 1168/1258/888 1108/1203/831 1109/1197/901
f 1168/1258/888 1169/1199/889 1165/1256/928
f 1170/1198/827 1166/3240/2978 1165/1256/887
f 1167/1254/927 1107/1204/832 1108/1203/831
f 1159/1251/925 1155/1249/877 1171/1259/890
f 1155/1249/877 1151/1244/920 1174/1260/930
f 1147/1242/871 1177/1261/892 1174/1260/930
f 1143/1238/867 1139/1233/862 1177/1261/892
f 1163/1252/926 1171/1259/890 1172/1262/893
f 1171/1259/890 1174/1260/930 1175/1263/894
f 1177/1261/892 1178/1264/931 1175/1263/894
f 1139/1233/862 1135/1225/913 1178/1264/931
f 1172/1262/893 1173/1265/896 1107/1204/832
f 1175/1263/894 1176/1267/932 1173/1265/896
f 1175/1263/894 1178/1264/931 1179/1266/897
f 1178/1264/931 1135/1225/913 1131/1222/911
f 1173/1265/896 1115/1202/830 1111/1201/900
f 1176/1267/932 1119/1206/902 1115/1202/830
f 1176/1267/932 1179/1266/897 1123/1211/841
f 1179/1266/897 1131/1222/911 1127/1215/844
f 1243/1268/933 1183/3241/934 1182/1269/934
f 1184/1271/935 1185/1275/939 1189/1272/936
f 1184/1271/935 1180/1336/1011 1181/1274/938
f 1185/1275/939 1181/1274/938 1182/1269/940
f 1192/1277/942 1188/1273/937 1189/1272/936
f 1185/1275/939 1186/1276/941 1190/1279/944
f 1186/1276/945 1187/1327/945 1191/1280/946
f 1192/1277/942 1193/1278/943 1197/1281/947
f 1193/1278/943 1189/1272/936 1190/1279/944
f 1190/1279/946 1191/1280/946 1195/1284/950
f 1200/1285/951 1196/1282/948 1197/1281/947
f 1193/1278/943 1194/1283/949 1198/1287/953
f 1194/1283/950 1195/1284/950 1199/1288/954
f 1201/1286/952 1197/1281/947 1198/1287/953
f 1202/1289/957 1198/1287/955 1199/1288/954
f 1200/1285/951 1201/1286/952 1205/1291/958
f 1201/1286/952 1202/1289/956 1206/1293/960
f 1202/1289/957 1203/1290/957 1207/1294/961
f 1208/1295/963 1204/1292/959 1205/1291/958
f 1209/1296/964 1205/1291/958 1206/1293/960
f 1210/1297/966 1206/1293/962 1207/1294/961
f 1209/1296/964 1210/1297/965 1214/1299/968
f 1217/1301/970 1213/1300/969 1214/1299/968
f 1214/1299/972 1210/1297/966 1211/1298/967
f 1208/1295/963 1209/1296/964 1213/1300/969
f 1217/1301/970 1218/1302/971 1222/1305/975
f 1214/1299/972 1215/1303/973 1219/1307/977
f 1216/1308/979 1212/1304/974 1213/1300/969
f 1226/1309/980 1222/1305/983 1223/1310/981
f 1222/1305/983 1218/1302/978 1219/1307/977
f 1216/1308/979 1217/1301/970 1221/1306/976
f 1230/1313/985 1226/1309/980 1227/1311/982
f 1224/1315/986 1220/1312/984 1221/1306/976
f 1225/1316/987 1221/1306/976 1222/1305/975
f 1230/1313/985 1231/1314/985 1235/1317/989
f 1224/1315/986 1225/1316/987 1229/1319/991
f 1225/1316/987 1226/1309/988 1230/1313/993
f 1232/1321/994 1233/1324/997 1237/1322/995
f 1232/1321/994 1228/1320/992 1229/1319/991
f 1233/1324/997 1229/1319/991 1230/1313/993
f 1240/1325/999 1236/1323/996 1237/1322/995
f 1182/1269/934 1183/3241/934 1187/1327/945
f 1233/1324/997 1234/1318/998 1238/1328/1001
f 1234/1318/990 1235/1317/989 1239/1329/1002
f 1182/1269/940 1181/1274/938 1241/1326/1000
f 1241/1326/1000 1237/1322/995 1238/1328/1001
f 1242/1270/933 1238/1328/1003 1239/1329/1002
f 1181/1274/938 1180/1336/1011 1240/1325/999
f 1232/1321/994 1236/1323/996 1244/1330/1005
f 1228/1320/992 1244/1330/1005 1247/1331/1006
f 1247/1331/1006 1250/1332/1007 1220/1312/984
f 1250/1332/1007 1212/1304/974 1216/1308/979
f 1236/1323/996 1240/1325/999 1245/1333/1008
f 1244/1330/1005 1245/1333/1008 1248/1334/1009
f 1248/1334/1009 1251/1335/1010 1250/1332/1007
f 1251/1335/1010 1208/1295/963 1212/1304/974
f 1180/1336/1011 1246/1337/1012 1245/1333/1008
f 1246/1337/1012 1249/1339/1014 1248/1334/1009
f 1248/1334/1009 1249/1339/1014 1252/1338/1013
f 1251/1335/1010 1252/1338/1013 1204/1292/959
f 1184/1271/935 1188/1273/937 1246/1337/1012
f 1188/1273/937 1192/1277/942 1249/1339/1014
f 1249/1339/1014 1192/1277/942 1196/1282/948
f 1252/1338/1013 1196/1282/948 1200/1285/951
f 1315/1340/1015 1255/1349/1016 1256/1341/1016
f 1262/1343/1017 1258/1348/1022 1257/1344/1018
f 1257/1344/1018 1258/1348/1022 1254/1346/1020
f 1258/1348/1022 1259/1353/2979 1255/1349/1023
f 1265/1350/1024 1266/1356/1030 1262/1343/1017
f 1263/1351/1025 1259/1353/2979 1258/1348/1022
f 1263/1351/1026 1264/3242/2980 1260/1352/1027
f 1270/1354/1028 1266/1356/1030 1265/1350/1024
f 1266/1356/1030 1267/1358/2981 1263/1351/1025
f 1268/1357/1031 1264/3242/2980 1263/1351/1026
f 1273/1359/1032 1274/1362/1035 1270/1354/1028
f 1271/1360/1033 1267/1358/2981 1266/1356/1030
f 1272/1361/1034 1268/1357/1031 1267/1358/1031
f 1274/1362/1035 1275/1363/2982 1271/1360/1033
f 1275/1363/1036 1276/1367/1041 1272/1361/1034
f 1278/1364/1037 1274/1362/1035 1273/1359/1032
f 1279/1366/1039 1275/1363/2982 1274/1362/1035
f 1279/1366/1040 1280/3243/1040 1276/1367/1041
f 1281/1368/1042 1282/1369/1043 1278/1364/1037
f 1282/1369/1043 1283/1371/2983 1279/1366/1039
f 1284/1370/1044 1280/3243/1040 1279/1366/1040
f 1287/1372/1045 1283/1371/2983 1282/1369/1043
f 1290/1374/1047 1291/1380/2984 1287/1372/1045
f 1288/1375/1048 1284/1370/1044 1283/1371/1044
f 1286/1373/1046 1282/1369/1043 1281/1368/1042
f 1295/1377/1050 1291/1380/2984 1290/1374/1047
f 1292/1379/1052 1288/1375/1048 1287/1372/1048
f 1289/1381/1053 1290/1374/1047 1286/1373/1046
f 1299/1382/1054 1300/3244/2985 1296/1383/1055
f 1296/1383/1055 1292/1379/1052 1291/1380/1052
f 1294/1378/1051 1290/1374/1047 1289/1381/1053
f 1304/1385/1058 1300/3244/2985 1299/1382/1054
f 1297/1387/1059 1298/1388/1060 1294/1378/1051
f 1298/1388/1060 1299/1382/2986 1295/1377/1050
f 1307/1389/1061 1308/3245/2987 1304/1385/1058
f 1302/1390/1062 1298/1388/1060 1297/1387/1059
f 1303/1386/1064 1299/1382/2986 1298/1388/1060
f 1310/1392/1065 1306/1395/1068 1305/1393/1066
f 1305/1393/1066 1306/1395/1068 1302/1390/1062
f 1306/1395/1068 1307/1389/2988 1303/1386/1064
f 1313/1396/1069 1314/1399/1073 1310/1392/1065
f 1259/1353/1027 1260/1352/1027 1256/1341/1016
f 1311/1397/1070 1307/1389/2988 1306/1395/1068
f 1312/1398/1071 1308/3245/2987 1307/1389/1061
f 1314/1399/1073 1254/1346/1020 1255/1349/1023
f 1314/1399/1073 1315/1340/1074 1311/1397/1070
f 1316/1342/1015 1312/1398/1071 1311/1397/1072
f 1313/1396/1069 1253/1347/1021 1254/1346/1020
f 1305/1393/1066 1301/1391/1063 1317/1400/1075
f 1301/1391/1063 1297/1387/1059 1320/1401/1076
f 1293/1384/1057 1323/1402/1077 1320/1401/1076
f 1289/1381/1053 1285/1376/1049 1323/1402/1077
f 1309/1394/1067 1317/1400/1075 1318/1403/1078
f 1317/1400/1075 1320/1401/1076 1321/1404/1079
f 1323/1402/1077 1324/1405/1080 1321/1404/1079
f 1285/1376/1049 1281/1368/1042 1324/1405/1080
f 1318/1403/1078 1319/1406/1081 1253/1347/1021
f 1321/1404/1079 1322/1408/1083 1319/1406/1081
f 1321/1404/1079 1324/1405/1080 1325/1407/1082
f 1324/1405/1080 1281/1368/1042 1277/1365/1038
f 1319/1406/1081 1261/1345/1019 1257/1344/1018
f 1322/1408/1083 1265/1350/1024 1261/1345/1019
f 1322/1408/1083 1325/1407/1082 1269/1355/1029
f 1325/1407/1082 1277/1365/1038 1273/1359/1032
f 1328/1409/1084 1329/1465/1140 1389/1410/1085
f 1335/1412/1086 1331/1417/1091 1330/1413/1087
f 1330/1413/1087 1331/1417/1091 1327/1415/1089
f 1331/1417/1091 1332/1421/2989 1328/1409/1092
f 1338/1418/1093 1339/1424/1099 1335/1412/1086
f 1336/1419/1094 1332/1421/2989 1331/1417/1091
f 1337/1420/1095 1333/3246/2990 1332/1421/1096
f 1343/1422/1097 1339/1424/1099 1338/1418/1093
f 1339/1424/1099 1340/1426/2991 1336/1419/1094
f 1341/1425/1100 1337/1420/1095 1336/1419/1095
f 1346/1427/1102 1347/1429/1105 1343/1422/1097
f 1344/1428/1103 1340/1426/2991 1339/1424/1099
f 1344/1428/1104 1345/3247/1104 1341/1425/1100
f 1347/1429/1105 1348/1431/2992 1344/1428/1103
f 1349/1430/1106 1345/3247/1104 1344/1428/1104
f 1351/1432/1108 1347/1429/1105 1346/1427/1102
f 1352/1434/1110 1348/1431/2992 1347/1429/1105
f 1352/1434/1111 1353/1438/1111 1349/1430/1106
f 1354/1435/1112 1355/1436/1113 1351/1432/1108
f 1355/1436/1113 1356/1437/2993 1352/1434/1110
f 1356/1437/1114 1357/1442/1114 1353/1438/1111
f 1360/1439/1115 1356/1437/2993 1355/1436/1113
f 1363/1441/1117 1364/1447/2994 1360/1439/1115
f 1360/1439/1118 1361/3248/1118 1357/1442/1114
f 1359/1440/1116 1355/1436/1113 1354/1435/1112
f 1368/1444/1120 1364/1447/2994 1363/1441/1117
f 1365/1446/1122 1361/3248/1118 1360/1439/1118
f 1362/1448/1123 1363/1441/1117 1359/1440/1116
f 1373/1449/1124 1369/1451/1125 1368/1444/1125
f 1369/1451/1125 1365/1446/1122 1364/1447/1122
f 1367/1445/1121 1363/1441/1117 1362/1448/1123
f 1377/1453/1127 1373/1449/1124 1372/1450/1124
f 1370/1455/1129 1371/1456/1130 1367/1445/1121
f 1371/1456/1130 1372/1450/2995 1368/1444/1120
f 1380/1457/1131 1381/3249/2996 1377/1453/1127
f 1375/1458/1132 1371/1456/1130 1370/1455/1129
f 1376/1454/1134 1372/1450/2995 1371/1456/1130
f 1383/1460/1135 1379/1463/1138 1378/1461/1136
f 1378/1461/1136 1379/1463/1138 1375/1458/1132
f 1379/1463/1138 1380/1457/2997 1376/1454/1134
f 1386/1464/1139 1387/1468/1144 1383/1460/1135
f 1332/1421/1096 1333/3246/2990 1329/1465/1140
f 1384/1466/1141 1380/1457/2997 1379/1463/1138
f 1385/1467/1142 1381/3249/2996 1380/1457/1131
f 1387/1468/1144 1327/1415/1089 1328/1409/1092
f 1387/1468/1144 1388/1411/1145 1384/1466/1141
f 1388/1411/1085 1389/1410/1085 1385/1467/1142
f 1386/1464/1139 1326/1416/1090 1327/1415/1089
f 1378/1461/1136 1374/1459/1133 1390/1469/1146
f 1374/1459/1133 1370/1455/1129 1393/1470/1147
f 1366/1452/1126 1396/1471/1148 1393/1470/1147
f 1362/1448/1123 1358/1443/1119 1396/1471/1148
f 1382/1462/1137 1390/1469/1146 1391/1472/1149
f 1390/1469/1146 1393/1470/1147 1394/1473/1150
f 1396/1471/1148 1397/1474/1151 1394/1473/1150
f 1358/1443/1119 1354/1435/1112 1397/1474/1151
f 1391/1472/1149 1392/1475/1152 1326/1416/1090
f 1394/1473/1150 1395/1477/1154 1392/1475/1152
f 1394/1473/1150 1397/1474/1151 1398/1476/1153
f 1397/1474/1151 1354/1435/1112 1350/1433/1109
f 1392/1475/1152 1334/1414/1088 1330/1413/1087
f 1395/1477/1154 1338/1418/1093 1334/1414/1088
f 1395/1477/1154 1398/1476/1153 1342/1423/1098
f 1398/1476/1153 1350/1433/1109 1346/1427/1102
f 1401/1478/1084 1402/1535/1140 1462/1479/1085
f 1408/1481/1155 1404/1486/1160 1403/1482/1156
f 1403/1482/1156 1404/1486/1160 1400/1484/1158
f 1404/1486/1160 1405/1490/2989 1401/1478/1161
f 1411/1487/1093 1412/1493/1164 1408/1481/1155
f 1409/1488/1162 1405/1490/2989 1404/1486/1160
f 1410/1489/1095 1406/3250/2990 1405/1490/1096
f 1416/1491/1097 1412/1493/1164 1411/1487/1093
f 1412/1493/1164 1413/1495/2998 1409/1488/1162
f 1414/1494/1165 1410/1489/1095 1409/1488/1095
f 1419/1496/1166 1420/1499/1105 1416/1491/1097
f 1417/1497/1167 1413/1495/2998 1412/1493/1164
f 1418/1498/1104 1414/1494/1165 1413/1495/1100
f 1420/1499/1105 1421/1501/2992 1417/1497/1167
f 1422/1500/1107 1418/1498/1104 1417/1497/1168
f 1424/1502/1108 1420/1499/1105 1419/1496/1166
f 1425/1504/1169 1421/1501/2992 1420/1499/1105
f 1425/1504/1111 1426/1508/1111 1422/1500/1107
f 1427/1505/1170 1428/1506/1171 1424/1502/1108
f 1428/1506/1171 1429/1507/2993 1425/1504/1169
f 1429/1507/1114 1430/1512/1114 1426/1508/1111
f 1433/1509/1172 1429/1507/2993 1428/1506/1171
f 1436/1511/1117 1437/1517/2994 1433/1509/1172
f 1433/1509/1118 1434/3251/1118 1430/1512/1114
f 1432/1510/1173 1428/1506/1171 1427/1505/1170
f 1441/1514/1174 1437/1517/2994 1436/1511/1117
f 1438/1516/1122 1434/3251/1118 1433/1509/1118
f 1435/1518/1176 1436/1511/1117 1432/1510/1173
f 1445/1519/1177 1446/1523/1179 1442/1520/1125
f 1442/1520/1125 1438/1516/1122 1437/1517/1122
f 1440/1515/1175 1436/1511/1117 1435/1518/1176
f 1449/1522/1128 1450/1527/1128 1446/1523/1179
f 1443/1524/1180 1444/1525/1130 1440/1515/1175
f 1444/1525/1130 1445/1519/2999 1441/1514/1174
f 1453/1526/1131 1454/1537/1187 1450/1527/1128
f 1448/1528/1132 1444/1525/1130 1443/1524/1180
f 1449/1522/1182 1445/1519/2999 1444/1525/1130
f 1456/1530/1183 1452/1533/1184 1451/1531/1136
f 1451/1531/1136 1452/1533/1184 1448/1528/1132
f 1452/1533/1184 1453/1526/3000 1449/1522/1182
f 1459/1534/1185 1460/1538/1188 1456/1530/1183
f 1405/1490/1096 1406/3250/2990 1402/1535/1140
f 1457/1536/1186 1453/1526/3000 1452/1533/1184
f 1457/1536/1142 1458/1539/1190 1454/1537/1187
f 1460/1538/1188 1400/1484/1158 1401/1478/1161
f 1460/1538/1188 1461/1480/1189 1457/1536/1186
f 1461/1480/1085 1462/1479/1085 1458/1539/1190
f 1459/1534/1185 1399/1485/1159 1400/1484/1158
f 1451/1531/1136 1447/1529/1181 1463/1540/1191
f 1447/1529/1181 1443/1524/1180 1466/1541/1192
f 1439/1521/1178 1469/1542/1148 1466/1541/1192
f 1435/1518/1176 1431/1513/1119 1469/1542/1148
f 1455/1532/1137 1463/1540/1191 1464/1543/1193
f 1463/1540/1191 1466/1541/1192 1467/1544/1150
f 1469/1542/1148 1470/1545/1194 1467/1544/1150
f 1431/1513/1119 1427/1505/1170 1470/1545/1194
f 1464/1543/1193 1465/1546/1152 1399/1485/1159
f 1467/1544/1150 1468/1548/1195 1465/1546/1152
f 1467/1544/1150 1470/1545/1194 1471/1547/1153
f 1470/1545/1194 1427/1505/1170 1423/1503/1109
f 1465/1546/1152 1407/1483/1157 1403/1482/1156
f 1468/1548/1195 1411/1487/1093 1407/1483/1157
f 1468/1548/1195 1471/1547/1153 1415/1492/1163
f 1471/1547/1153 1423/1503/1109 1419/1496/1166
f 1534/1549/1196 1535/1611/1265 1475/1550/1197
f 1476/1552/1198 1477/1556/1202 1481/1553/1199
f 1476/1552/1198 1472/1618/1272 1473/1555/1201
f 1477/1556/1202 1473/1555/1201 1474/1551/1203
f 1484/1558/1205 1480/1554/1200 1481/1553/1199
f 1477/1556/1202 1478/1557/1204 1482/1560/1207
f 1478/1557/1208 1479/1608/1208 1483/1561/1209
f 1484/1558/1205 1485/1559/1206 1489/1562/1210
f 1485/1559/1206 1481/1553/1199 1482/1560/1207
f 1486/1564/1213 1482/1560/1209 1483/1561/1209
f 1492/1566/1214 1488/1563/1211 1489/1562/1210
f 1485/1559/1206 1486/1564/1212 1490/1568/1216
f 1486/1564/1213 1487/1565/1213 1491/1569/1217
f 1493/1567/1215 1489/1562/1210 1490/1568/1216
f 1490/1568/1218 1491/1569/1217 1495/1571/1220
f 1492/1566/1214 1493/1567/1215 1497/1572/1221
f 1493/1567/1215 1494/1570/1219 1498/1574/1223
f 1498/1574/1224 1494/1570/1220 1495/1571/1220
f 1500/1576/1226 1496/1573/1222 1497/1572/1221
f 1501/1577/1227 1497/1572/1221 1498/1574/1223
f 1502/1578/1229 1498/1574/1224 1499/1575/1225
f 1501/1577/1227 1502/1578/1228 1506/1580/1231
f 1509/1582/1233 1505/1581/1232 1506/1580/1231
f 1502/1578/1229 1503/1579/1230 1507/1584/1235
f 1500/1576/1226 1501/1577/1227 1505/1581/1232
f 1509/1582/1233 1510/1583/1234 1514/1586/1237
f 1506/1580/1235 1507/1584/1235 1511/1588/1239
f 1508/1589/1240 1504/1585/1236 1505/1581/1232
f 1518/1590/1241 1514/1586/1242 1515/1591/1242
f 1510/1583/1239 1511/1588/1239 1515/1591/1242
f 1508/1589/1240 1509/1582/1233 1513/1587/1238
f 1522/1594/1245 1518/1590/1241 1519/1592/1243
f 1516/1596/1246 1512/1593/1244 1513/1587/1238
f 1517/1597/1247 1513/1587/1238 1514/1586/1237
f 1526/1598/1249 1522/1594/1245 1523/1595/1245
f 1516/1596/1246 1517/1597/1247 1521/1600/1251
f 1517/1597/1247 1518/1590/1248 1522/1594/1253
f 1524/1602/1254 1525/1605/1257 1529/1603/1255
f 1524/1602/1254 1520/1601/1252 1521/1600/1251
f 1525/1605/1257 1521/1600/1251 1522/1594/1253
f 1532/1606/1259 1528/1604/1256 1529/1603/1255
f 1478/1557/1208 1474/1551/1197 1475/1550/1197
f 1525/1605/1257 1526/1598/1258 1530/1609/1261
f 1526/1598/1249 1527/1599/1250 1531/1610/1262
f 1474/1551/1203 1473/1555/1201 1533/1607/1260
f 1533/1607/1260 1529/1603/1255 1530/1609/1261
f 1534/1549/1196 1530/1609/1263 1531/1610/1262
f 1473/1555/1201 1472/1618/1272 1532/1606/1259
f 1524/1602/1254 1528/1604/1256 1536/1612/1266
f 1520/1601/1252 1536/1612/1266 1539/1613/1267
f 1539/1613/1267 1542/1614/1268 1512/1593/1244
f 1542/1614/1268 1504/1585/1236 1508/1589/1240
f 1528/1604/1256 1532/1606/1259 1537/1615/1269
f 1536/1612/1266 1537/1615/1269 1540/1616/1270
f 1540/1616/1270 1543/1617/1271 1542/1614/1268
f 1543/1617/1271 1500/1576/1226 1504/1585/1236
f 1472/1618/1272 1538/1619/1273 1537/1615/1269
f 1538/1619/1273 1541/1621/1275 1540/1616/1270
f 1540/1616/1270 1541/1621/1275 1544/1620/1274
f 1543/1617/1271 1544/1620/1274 1496/1573/1222
f 1476/1552/1198 1480/1554/1200 1538/1619/1273
f 1480/1554/1200 1484/1558/1205 1541/1621/1275
f 1541/1621/1275 1484/1558/1205 1488/1563/1211
f 1544/1620/1274 1488/1563/1211 1492/1566/1214
f 1607/1622/1276 1547/1631/1277 1548/1623/1277
f 1554/1625/1278 1550/1630/1283 1549/1626/1279
f 1549/1626/1279 1550/1630/1283 1546/1628/1281
f 1550/1630/1283 1551/1635/3001 1547/1631/1284
f 1557/1632/1285 1558/1638/1291 1554/1625/1278
f 1555/1633/1286 1551/1635/3001 1550/1630/1283
f 1555/1633/1287 1556/1640/1293 1552/1634/1288
f 1562/1636/1289 1558/1638/1291 1557/1632/1285
f 1558/1638/1291 1559/1639/3002 1555/1633/1286
f 1559/1639/1292 1560/1643/1292 1556/1640/1293
f 1565/1641/1294 1566/1644/1297 1562/1636/1289
f 1563/1642/1295 1559/1639/3002 1558/1638/1291
f 1563/1642/1296 1564/1646/1296 1560/1643/1292
f 1566/1644/1297 1567/1645/3003 1563/1642/1295
f 1567/1645/1298 1568/3252/1298 1564/1646/1296
f 1570/1647/1299 1566/1644/1297 1565/1641/1294
f 1571/1649/1301 1567/1645/3003 1566/1644/1297
f 1572/1650/1302 1568/3252/1298 1567/1645/1298
f 1573/1651/1304 1574/1652/1305 1570/1647/1299
f 1574/1652/1305 1575/1653/3004 1571/1649/1301
f 1575/1653/1306 1576/1657/1311 1572/1650/1302
f 1579/1654/1307 1575/1653/3004 1574/1652/1305
f 1582/1656/1309 1583/1661/3005 1579/1654/1307
f 1579/1654/1310 1580/1662/1310 1576/1657/1311
f 1578/1655/1308 1574/1652/1305 1573/1651/1304
f 1587/1659/1313 1583/1661/3005 1582/1656/1309
f 1583/1661/1315 1584/3253/1315 1580/1662/1310
f 1581/1663/1316 1582/1656/1309 1578/1655/1308
f 1592/1664/1317 1588/1666/1318 1587/1659/1318
f 1588/1666/1318 1584/3253/1315 1583/1661/1315
f 1586/1660/1314 1582/1656/1309 1581/1663/1316
f 1596/1668/1321 1592/1664/1317 1591/1665/1319
f 1589/1670/1322 1590/1671/1323 1586/1660/1314
f 1590/1671/1323 1591/1665/3006 1587/1659/1313
f 1599/1672/1324 1600/3254/3007 1596/1668/1321
f 1594/1673/1325 1590/1671/1323 1589/1670/1322
f 1595/1669/1327 1591/1665/3006 1590/1671/1323
f 1602/1675/1328 1598/1678/1331 1597/1676/1329
f 1597/1676/1329 1598/1678/1331 1594/1673/1325
f 1598/1678/1331 1599/1672/3008 1595/1669/1327
f 1605/1679/1332 1606/1682/1335 1602/1675/1328
f 1551/1635/1288 1552/1634/1288 1548/1623/1277
f 1603/1680/1333 1599/1672/3008 1598/1678/1331
f 1604/1681/1334 1600/3254/3007 1599/1672/1324
f 1606/1682/1335 1546/1628/1281 1547/1631/1284
f 1606/1682/1335 1607/1622/1336 1603/1680/1333
f 1608/1624/1276 1604/1681/1334 1603/1680/1334
f 1605/1679/1332 1545/1629/1282 1546/1628/1281
f 1597/1676/1329 1593/1674/1326 1609/1683/1337
f 1593/1674/1326 1589/1670/1322 1612/1684/1338
f 1585/1667/1320 1615/1685/1339 1612/1684/1338
f 1581/1663/1316 1577/1658/1312 1615/1685/1339
f 1601/1677/1330 1609/1683/1337 1610/1686/1340
f 1609/1683/1337 1612/1684/1338 1613/1687/1341
f 1615/1685/1339 1616/1688/1342 1613/1687/1341
f 1577/1658/1312 1573/1651/1304 1616/1688/1342
f 1610/1686/1340 1611/1689/1343 1545/1629/1282
f 1613/1687/1341 1614/1691/1345 1611/1689/1343
f 1613/1687/1341 1616/1688/1342 1617/1690/1344
f 1616/1688/1342 1573/1651/1304 1569/1648/1300
f 1611/1689/1343 1553/1627/1280 1549/1626/1279
f 1614/1691/1345 1557/1632/1285 1553/1627/1280
f 1614/1691/1345 1617/1690/1344 1561/1637/1290
f 1617/1690/1344 1569/1648/1300 1565/1641/1294
f 1680/1692/1346 1620/1701/1347 1621/1693/1347
f 1627/1695/1349 1623/1700/1354 1622/1696/1350
f 1622/1696/1350 1623/1700/1354 1619/1698/1352
f 1623/1700/1354 1624/1705/3009 1620/1701/1355
f 1630/1702/1356 1631/1708/1362 1627/1695/1349
f 1628/1703/1357 1624/1705/3009 1623/1700/1354
f 1629/1704/1358 1625/3255/1428 1624/1705/1359
f 1635/1706/1360 1631/1708/1362 1630/1702/1356
f 1631/1708/1362 1632/1709/3010 1628/1703/1357
f 1632/1709/1363 1633/1712/1367 1629/1704/1358
f 1638/1710/1364 1639/1713/1368 1635/1706/1360
f 1636/1711/1365 1632/1709/3010 1631/1708/1362
f 1636/1711/1366 1637/1715/1366 1633/1712/1367
f 1639/1713/1368 1640/1714/3011 1636/1711/1365
f 1640/1714/1369 1641/1719/1369 1637/1715/1366
f 1643/1716/1370 1639/1713/1368 1638/1710/1364
f 1644/1718/1372 1640/1714/3011 1639/1713/1368
f 1644/1718/1373 1645/3256/1373 1641/1719/1369
f 1646/1720/1374 1647/1721/1375 1643/1716/1370
f 1647/1721/1375 1648/1723/3012 1644/1718/1372
f 1649/1722/1376 1645/3256/1373 1644/1718/1373
f 1652/1724/1377 1648/1723/3012 1647/1721/1375
f 1655/1726/1379 1656/1732/3013 1652/1724/1377
f 1653/1727/1380 1649/1722/1376 1648/1723/1376
f 1651/1725/1378 1647/1721/1375 1646/1720/1374
f 1660/1729/1383 1656/1732/3013 1655/1726/1379
f 1657/1731/1385 1653/1727/1380 1652/1724/1381
f 1654/1733/1387 1655/1726/1379 1651/1725/1378
f 1665/1734/1388 1661/1736/1389 1660/1729/1389
f 1661/1736/1389 1657/1731/1385 1656/1732/1386
f 1659/1730/1384 1655/1726/1379 1654/1733/1387
f 1669/1738/1392 1665/1734/1388 1664/1735/1390
f 1662/1740/1394 1663/1741/1395 1659/1730/1384
f 1663/1741/1395 1664/1735/3014 1660/1729/1383
f 1672/1742/1396 1673/3257/3015 1669/1738/1392
f 1667/1743/1397 1663/1741/1395 1662/1740/1394
f 1668/1739/1399 1664/1735/3014 1663/1741/1395
f 1675/1745/1400 1671/1748/1403 1670/1746/1401
f 1670/1746/1401 1671/1748/1403 1667/1743/1397
f 1671/1748/1403 1672/1742/3016 1668/1739/1399
f 1678/1749/1404 1679/1752/1408 1675/1745/1400
f 1624/1705/1359 1625/3255/1428 1621/1693/1347
f 1676/1750/1405 1672/1742/3016 1671/1748/1403
f 1677/1751/1406 1673/3257/3015 1672/1742/1396
f 1679/1752/1408 1619/1698/1352 1620/1701/1355
f 1679/1752/1408 1680/1692/1409 1676/1750/1405
f 1681/1694/1348 1677/1751/1406 1676/1750/1407
f 1678/1749/1404 1618/1699/1353 1619/1698/1352
f 1670/1746/1401 1666/1744/1398 1682/1753/1410
f 1666/1744/1398 1662/1740/1394 1685/1754/1411
f 1658/1737/1391 1688/1755/1412 1685/1754/1411
f 1654/1733/1387 1650/1728/1382 1688/1755/1412
f 1674/1747/1402 1682/1753/1410 1683/1756/1413
f 1682/1753/1410 1685/1754/1411 1686/1757/1414
f 1688/1755/1412 1689/1758/1415 1686/1757/1414
f 1650/1728/1382 1646/1720/1374 1689/1758/1415
f 1683/1756/1413 1684/1759/1416 1618/1699/1353
f 1686/1757/1414 1687/1761/1418 1684/1759/1416
f 1686/1757/1414 1689/1758/1415 1690/1760/1417
f 1689/1758/1415 1646/1720/1374 1642/1717/1371
f 1684/1759/1416 1626/1697/1351 1622/1696/1350
f 1687/1761/1418 1630/1702/1356 1626/1697/1351
f 1687/1761/1418 1690/1760/1417 1634/1707/1361
f 1690/1760/1417 1642/1717/1371 1638/1710/1364
f 1753/1762/1348 1693/1771/1347 1694/1763/1347
f 1700/1765/1349 1696/1770/1354 1695/1766/1420
f 1695/1766/1420 1696/1770/1354 1692/1768/1422
f 1696/1770/1354 1697/1775/3009 1693/1771/1424
f 1703/1772/1425 1704/1778/1430 1700/1765/1349
f 1701/1773/1426 1697/1775/3009 1696/1770/1354
f 1702/1774/1427 1698/3258/1428 1697/1775/1428
f 1708/1776/1429 1704/1778/1430 1703/1772/1425
f 1704/1778/1430 1705/1779/3010 1701/1773/1426
f 1705/1779/1367 1706/3259/1367 1702/1774/1427
f 1711/1780/1431 1712/1783/1368 1708/1776/1429
f 1709/1781/1432 1705/1779/3010 1704/1778/1430
f 1710/1782/1433 1706/3259/1367 1705/1779/1367
f 1712/1783/1368 1713/1785/3017 1709/1781/1432
f 1714/1784/1369 1710/1782/1433 1709/1781/1433
f 1716/1786/1434 1712/1783/1368 1711/1780/1431
f 1717/1788/1436 1713/1785/3017 1712/1783/1368
f 1717/1788/1373 1718/3260/3018 1714/1784/1369
f 1719/1789/1437 1720/1790/1375 1716/1786/1434
f 1720/1790/1375 1721/1792/3019 1717/1788/1436
f 1722/1791/1376 1718/3260/3018 1717/1788/1373
f 1725/1793/1438 1721/1792/3019 1720/1790/1375
f 1728/1795/1379 1729/1801/3020 1725/1793/1438
f 1726/1796/1380 1722/1791/1376 1721/1792/1376
f 1724/1794/1378 1720/1790/1375 1719/1789/1437
f 1733/1798/1440 1729/1801/3020 1728/1795/1379
f 1730/1800/1385 1726/1796/1380 1725/1793/1381
f 1727/1802/1442 1728/1795/1379 1724/1794/1378
f 1737/1803/1443 1738/3261/1390 1734/1804/1444
f 1734/1804/1444 1730/1800/1385 1729/1801/1386
f 1732/1799/1441 1728/1795/1379 1727/1802/1442
f 1742/1806/1392 1738/3261/1390 1737/1803/1443
f 1735/1808/1447 1736/1809/1448 1732/1799/1441
f 1736/1809/1448 1737/1803/3021 1733/1798/1440
f 1745/1810/1449 1746/1819/1458 1742/1806/1392
f 1740/1811/1397 1736/1809/1448 1735/1808/1447
f 1741/1807/1450 1737/1803/3021 1736/1809/1448
f 1748/1813/1451 1744/1816/1454 1743/1814/1452
f 1743/1814/1452 1744/1816/1454 1740/1811/1397
f 1744/1816/1454 1745/1810/3016 1741/1807/1450
f 1751/1817/1455 1752/1820/1459 1748/1813/1451
f 1697/1775/1428 1698/3258/1428 1694/1763/1347
f 1749/1818/1456 1745/1810/3016 1744/1816/1454
f 1749/1818/1457 1750/3262/3022 1746/1819/1458
f 1752/1820/1459 1692/1768/1422 1693/1771/1424
f 1752/1820/1459 1753/1762/1460 1749/1818/1456
f 1754/1764/1419 1750/3262/3022 1749/1818/1457
f 1751/1817/1455 1691/1769/1423 1692/1768/1422
f 1743/1814/1452 1739/1812/1398 1755/1821/1461
f 1739/1812/1398 1735/1808/1447 1758/1822/1411
f 1731/1805/1446 1761/1823/1412 1758/1822/1411
f 1727/1802/1442 1723/1797/1439 1761/1823/1412
f 1747/1815/1453 1755/1821/1461 1756/1824/1462
f 1755/1821/1461 1758/1822/1411 1759/1825/1463
f 1761/1823/1412 1762/1826/1464 1759/1825/1463
f 1723/1797/1439 1719/1789/1437 1762/1826/1464
f 1756/1824/1462 1757/1827/1465 1691/1769/1423
f 1759/1825/1463 1760/1829/1467 1757/1827/1465
f 1759/1825/1463 1762/1826/1464 1763/1828/1466
f 1762/1826/1464 1719/1789/1437 1715/1787/1435
f 1757/1827/1465 1699/1767/1421 1695/1766/1420
f 1760/1829/1467 1703/1772/1425 1699/1767/1421
f 1760/1829/1467 1763/1828/1466 1707/1777/1361
f 1763/1828/1466 1715/1787/1435 1711/1780/1431
f 1826/1830/1468 1827/1892/1468 1767/1831/1469
f 1768/1833/1470 1769/1837/1474 1773/1834/1471
f 1768/1833/1470 1764/1899/1545 1765/1836/1473
f 1769/1837/1474 1765/1836/1473 1766/1832/1475
f 1776/1839/1477 1772/1835/1472 1773/1834/1471
f 1769/1837/1474 1770/1838/1476 1774/1841/1479
f 1774/1841/1480 1770/1838/1481 1771/1842/1481
f 1776/1839/1477 1777/1840/1478 1781/1844/1482
f 1777/1840/1478 1773/1834/1471 1774/1841/1479
f 1774/1841/1480 1775/1843/1480 1779/1847/1485
f 1784/1848/1486 1780/1845/1483 1781/1844/1482
f 1777/1840/1478 1778/1846/1484 1782/1850/1488
f 1778/1846/1485 1779/1847/1485 1783/1851/1489
f 1785/1849/1487 1781/1844/1482 1782/1850/1488
f 1782/1850/1490 1783/1851/1489 1787/1853/1492
f 1784/1848/1486 1785/1849/1487 1789/1854/1494
f 1785/1849/1487 1786/1852/1491 1790/1856/1496
f 1786/1852/1493 1787/1853/1492 1791/1857/1497
f 1792/1858/1499 1788/1855/1495 1789/1854/1494
f 1793/1859/1500 1789/1854/1494 1790/1856/1496
f 1794/1860/1502 1790/1856/1498 1791/1857/1497
f 1793/1859/1500 1794/1860/1501 1798/1862/1503
f 1801/1864/1505 1797/1863/1504 1798/1862/1503
f 1798/1862/1507 1794/1860/1502 1795/1861/1502
f 1792/1858/1499 1793/1859/1500 1797/1863/1504
f 1801/1864/1505 1802/1865/1506 1806/1868/1510
f 1798/1862/1507 1799/1866/1508 1803/1870/1512
f 1800/1871/1513 1796/1867/1509 1797/1863/1504
f 1810/1872/1514 1806/1868/1517 1807/1873/1515
f 1802/1865/1512 1803/1870/1512 1807/1873/1515
f 1800/1871/1513 1801/1864/1505 1805/1869/1511
f 1814/1876/1519 1810/1872/1514 1811/1874/1516
f 1808/1878/1520 1804/1875/1518 1805/1869/1511
f 1809/1879/1521 1805/1869/1511 1806/1868/1510
f 1818/1880/1523 1814/1876/1519 1815/1877/1519
f 1808/1878/1520 1809/1879/1521 1813/1882/1525
f 1809/1879/1521 1810/1872/1522 1814/1876/1527
f 1816/1884/1528 1817/1887/1531 1821/1885/1529
f 1816/1884/1528 1812/1883/1526 1813/1882/1525
f 1817/1887/1531 1813/1882/1525 1814/1876/1527
f 1824/1888/1533 1820/1886/1530 1821/1885/1529
f 1770/1838/1481 1766/1832/1469 1767/1831/1469
f 1817/1887/1531 1818/1880/1532 1822/1890/1535
f 1822/1890/1536 1818/1880/1523 1819/1881/1524
f 1766/1832/1475 1765/1836/1473 1825/1889/1534
f 1825/1889/1534 1821/1885/1529 1822/1890/1535
f 1822/1890/1536 1823/1891/1537 1827/1892/1468
f 1765/1836/1473 1764/1899/1545 1824/1888/1533
f 1816/1884/1528 1820/1886/1530 1828/1893/1539
f 1812/1883/1526 1828/1893/1539 1831/1894/1540
f 1831/1894/1540 1834/1895/1541 1804/1875/1518
f 1834/1895/1541 1796/1867/1509 1800/1871/1513
f 1820/1886/1530 1824/1888/1533 1829/1896/1542
f 1828/1893/1539 1829/1896/1542 1832/1897/1543
f 1832/1897/1543 1835/1898/1544 1834/1895/1541
f 1835/1898/1544 1792/1858/1499 1796/1867/1509
f 1764/1899/1545 1830/1900/1546 1829/1896/1542
f 1830/1900/1546 1833/1902/1548 1832/1897/1543
f 1832/1897/1543 1833/1902/1548 1836/1901/1547
f 1835/1898/1544 1836/1901/1547 1788/1855/1495
f 1768/1833/1470 1772/1835/1472 1830/1900/1546
f 1772/1835/1472 1776/1839/1477 1833/1902/1548
f 1833/1902/1548 1776/1839/1477 1780/1845/1483
f 1836/1901/1547 1780/1845/1483 1784/1848/1486
f 1839/1903/1549 1840/1959/1605 1900/1904/1550
f 1846/1906/1551 1842/1911/1556 1841/1907/1552
f 1841/1907/1552 1842/1911/1556 1838/1909/1554
f 1842/1911/1556 1843/1915/3023 1839/1903/1557
f 1849/1912/1558 1850/1918/1564 1846/1906/1551
f 1847/1913/1559 1843/1915/3023 1842/1911/1556
f 1847/1913/1560 1848/3263/1560 1844/1914/1561
f 1854/1916/1562 1850/1918/1564 1849/1912/1558
f 1850/1918/1564 1851/1920/3024 1847/1913/1559
f 1852/1919/1565 1848/3263/1560 1847/1913/1560
f 1857/1921/1566 1858/1923/1569 1854/1916/1562
f 1855/1922/1567 1851/1920/3024 1850/1918/1564
f 1855/1922/1568 1856/3264/3025 1852/1919/1565
f 1858/1923/1569 1859/1925/3026 1855/1922/1567
f 1860/1924/1570 1856/3264/3025 1855/1922/1568
f 1862/1926/1572 1858/1923/1569 1857/1921/1566
f 1863/1928/1574 1859/1925/3026 1858/1923/1569
f 1864/1929/1575 1860/1924/1570 1859/1925/1571
f 1865/1930/1577 1866/1931/1578 1862/1926/1572
f 1866/1931/1578 1867/1933/3027 1863/1928/1574
f 1868/1932/1579 1864/1929/1575 1863/1928/1576
f 1871/1934/1580 1867/1933/3027 1866/1931/1578
f 1874/1936/1582 1875/1941/3028 1871/1934/1580
f 1872/1937/1583 1868/1932/1579 1867/1933/1579
f 1870/1935/1581 1866/1931/1578 1865/1930/1577
f 1879/1939/1585 1875/1941/3028 1874/1936/1582
f 1875/1941/1587 1876/3265/3029 1872/1937/1583
f 1873/1942/1588 1874/1936/1582 1870/1935/1581
f 1884/1943/1589 1880/1945/1591 1879/1939/1590
f 1880/1945/1591 1876/3265/3029 1875/1941/1587
f 1878/1940/1586 1874/1936/1582 1873/1942/1588
f 1887/1947/1593 1888/3266/3030 1884/1943/1589
f 1881/1948/1594 1882/1949/1595 1878/1940/1586
f 1882/1949/1595 1883/1944/3031 1879/1939/1585
f 1892/1950/1596 1888/3266/3030 1887/1947/1593
f 1886/1952/1597 1882/1949/1595 1881/1948/1594
f 1887/1947/1599 1883/1944/3031 1882/1949/1595
f 1894/1954/1600 1890/1957/1603 1889/1955/1601
f 1889/1955/1601 1890/1957/1603 1886/1952/1597
f 1890/1957/1603 1891/1951/3032 1887/1947/1599
f 1897/1958/1604 1898/1962/1608 1894/1954/1600
f 1843/1915/1561 1844/1914/1561 1840/1959/1605
f 1895/1960/1606 1891/1951/3032 1890/1957/1603
f 1896/1961/1607 1892/1950/1596 1891/1951/1596
f 1898/1962/1608 1838/1909/1554 1839/1903/1557
f 1898/1962/1608 1899/1905/1609 1895/1960/1606
f 1899/1905/1550 1900/1904/1550 1896/1961/1607
f 1897/1958/1604 1837/1910/1555 1838/1909/1554
f 1889/1955/1601 1885/1953/1598 1901/1963/1610
f 1885/1953/1598 1881/1948/1594 1904/1964/1611
f 1877/1946/1592 1907/1965/1612 1904/1964/1611
f 1873/1942/1588 1869/1938/1584 1907/1965/1612
f 1893/1956/1602 1901/1963/1610 1902/1966/1613
f 1901/1963/1610 1904/1964/1611 1905/1967/1614
f 1907/1965/1612 1908/1968/1615 1905/1967/1614
f 1869/1938/1584 1865/1930/1577 1908/1968/1615
f 1902/1966/1613 1903/1969/1616 1837/1910/1555
f 1905/1967/1614 1906/1971/1618 1903/1969/1616
f 1905/1967/1614 1908/1968/1615 1909/1970/1617
f 1908/1968/1615 1865/1930/1577 1861/1927/1573
f 1903/1969/1616 1845/1908/1553 1841/1907/1552
f 1906/1971/1618 1849/1912/1558 1845/1908/1553
f 1906/1971/1618 1909/1970/1617 1853/1917/1563
f 1909/1970/1617 1861/1927/1573 1857/1921/1566
f 1972/1972/1619 1912/1981/1677 1913/1973/1620
f 1919/1975/1621 1915/1980/1626 1914/1976/1622
f 1914/1976/1622 1915/1980/1626 1911/1978/1624
f 1915/1980/1626 1916/1985/3033 1912/1981/1627
f 1922/1982/1628 1923/1988/1635 1919/1975/1621
f 1920/1983/1629 1916/1985/3033 1915/1980/1626
f 1920/1983/1630 1921/1990/1637 1917/1984/1631
f 1927/1986/1633 1923/1988/1635 1922/1982/1628
f 1923/1988/1635 1924/1989/3034 1920/1983/1629
f 1924/1989/1636 1925/1993/1636 1921/1990/1637
f 1930/1991/1638 1931/1994/1641 1927/1986/1633
f 1928/1992/1639 1924/1989/3034 1923/1988/1635
f 1928/1992/1640 1929/1996/1640 1925/1993/1636
f 1931/1994/1641 1932/1995/3035 1928/1992/1639
f 1932/1995/1642 1933/2000/1647 1929/1996/1640
f 1935/1997/1643 1931/1994/1641 1930/1991/1638
f 1936/1999/1645 1932/1995/3035 1931/1994/1641
f 1936/1999/1646 1937/2004/1646 1933/2000/1647
f 1938/2001/1648 1939/2002/1649 1935/1997/1643
f 1939/2002/1649 1940/2003/3036 1936/1999/1645
f 1940/2003/1650 1941/2008/1655 1937/2004/1646
f 1944/2005/1651 1940/2003/3036 1939/2002/1649
f 1947/2007/1653 1948/2012/3037 1944/2005/1651
f 1944/2005/1654 1945/2013/1654 1941/2008/1655
f 1943/2006/1652 1939/2002/1649 1938/2001/1648
f 1952/2010/1657 1948/2012/3037 1947/2007/1653
f 1948/2012/1659 1949/3267/1659 1945/2013/1654
f 1946/2014/1660 1947/2007/1653 1943/2006/1652
f 1957/2015/1661 1953/2017/1662 1952/2010/1662
f 1953/2017/1662 1949/3267/1659 1948/2012/1659
f 1951/2011/1658 1947/2007/1653 1946/2014/1660
f 1960/2019/1665 1961/3268/1665 1957/2015/1661
f 1954/2020/1666 1955/2021/1667 1951/2011/1658
f 1955/2021/1667 1956/2016/3038 1952/2010/1657
f 1965/2022/1668 1961/3268/1665 1960/2019/1665
f 1959/2024/1669 1955/2021/1667 1954/2020/1666
f 1960/2019/1671 1956/2016/3038 1955/2021/1667
f 1967/2026/1672 1963/2029/1675 1962/2027/1673
f 1962/2027/1673 1963/2029/1675 1959/2024/1669
f 1963/2029/1675 1964/2023/3039 1960/2019/1671
f 1970/2030/1676 1971/2032/1680 1967/2026/1672
f 1916/1985/1632 1917/1984/1631 1913/1973/1620
f 1968/2031/1678 1964/2023/3039 1963/2029/1675
f 1968/2031/1679 1969/3269/1679 1965/2022/1668
f 1971/2032/1680 1911/1978/1624 1912/1981/1627
f 1971/2032/1680 1972/1972/1681 1968/2031/1678
f 1973/1974/1619 1969/3269/1679 1968/2031/1679
f 1970/2030/1676 1910/1979/1625 1911/1978/1624
f 1962/2027/1673 1958/2025/1670 1974/2033/1682
f 1958/2025/1670 1954/2020/1666 1977/2034/1683
f 1950/2018/1664 1980/2035/1684 1977/2034/1683
f 1946/2014/1660 1942/2009/1656 1980/2035/1684
f 1966/2028/1674 1974/2033/1682 1975/2036/1685
f 1974/2033/1682 1977/2034/1683 1978/2037/1686
f 1980/2035/1684 1981/2038/1687 1978/2037/1686
f 1942/2009/1656 1938/2001/1648 1981/2038/1687
f 1975/2036/1685 1976/2039/1688 1910/1979/1625
f 1978/2037/1686 1979/2041/1690 1976/2039/1688
f 1978/2037/1686 1981/2038/1687 1982/2040/1689
f 1981/2038/1687 1938/2001/1648 1934/1998/1644
f 1976/2039/1688 1918/1977/1623 1914/1976/1622
f 1979/2041/1690 1922/1982/1628 1918/1977/1623
f 1979/2041/1690 1982/2040/1689 1926/1987/1634
f 1982/2040/1689 1934/1998/1644 1930/1991/1638
f 2045/2042/1691 1985/2051/1730 1986/2043/1620
f 1992/2045/1693 1988/2050/1626 1987/2046/1694
f 1987/2046/1694 1988/2050/1626 1984/2048/1696
f 1988/2050/1626 1989/2055/3040 1985/2051/1698
f 1995/2052/1699 1996/2058/1703 1992/2045/1693
f 1993/2053/1700 1989/2055/3040 1988/2050/1626
f 1994/2054/1701 1990/2100/1729 1989/2055/1702
f 2000/2056/1633 1996/2058/1703 1995/2052/1699
f 1996/2058/1703 1997/2060/3041 1993/2053/1700
f 1998/2059/1704 1994/2054/1701 1993/2053/1701
f 2003/2061/1706 2004/2064/1641 2000/2056/1633
f 2001/2062/1707 1997/2060/3041 1996/2058/1703
f 2002/2063/1708 1998/2059/1704 1997/2060/1705
f 2004/2064/1641 2005/2066/3035 2001/2062/1707
f 2006/2065/1647 2002/2063/1708 2001/2062/1709
f 2008/2067/1710 2004/2064/1641 2003/2061/1706
f 2009/2069/1645 2005/2066/3035 2004/2064/1641
f 2009/2069/1712 2010/2073/1712 2006/2065/1647
f 2011/2070/1648 2012/2071/1713 2008/2067/1710
f 2012/2071/1713 2013/2072/3036 2009/2069/1645
f 2013/2072/1650 2014/2077/1650 2010/2073/1712
f 2017/2074/1714 2013/2072/3036 2012/2071/1713
f 2020/2076/1653 2021/2081/3037 2017/2074/1714
f 2017/2074/1654 2018/2082/1654 2014/2077/1650
f 2016/2075/1652 2012/2071/1713 2011/2070/1648
f 2025/2079/1715 2021/2081/3037 2020/2076/1653
f 2021/2081/1659 2022/2086/1659 2018/2082/1654
f 2019/2083/1717 2020/2076/1653 2016/2075/1652
f 2030/2084/1718 2026/3270/1662 2025/2079/1662
f 2025/2079/1662 2026/3270/1662 2022/2086/1659
f 2024/2080/1716 2020/2076/1653 2019/2083/1717
f 2033/2088/1665 2034/3271/1665 2030/2084/1718
f 2027/2089/1719 2028/2090/1720 2024/2080/1716
f 2028/2090/1720 2029/2085/3042 2025/2079/1715
f 2038/2091/1721 2034/3271/1665 2033/2088/1665
f 2032/2093/1722 2028/2090/1720 2027/2089/1719
f 2033/2088/1724 2029/2085/3042 2028/2090/1720
f 2040/2095/1672 2036/2098/1727 2035/2096/1725
f 2035/2096/1725 2036/2098/1727 2032/2093/1722
f 2036/2098/1727 2037/2092/3039 2033/2088/1724
f 2043/2099/1728 2044/2102/1733 2040/2095/1672
f 1990/2100/1729 1986/2043/1620 1985/2051/1730
f 2041/2101/1731 2037/2092/3039 2036/2098/1727
f 2041/2101/1732 2042/3272/3043 2038/2091/1721
f 2044/2102/1733 1984/2048/1696 1985/2051/1698
f 2044/2102/1733 2045/2042/1681 2041/2101/1731
f 2046/2044/1692 2042/3272/3043 2041/2101/1732
f 2043/2099/1728 1983/2049/1697 1984/2048/1696
f 2035/2096/1725 2031/2094/1723 2047/2103/1682
f 2031/2094/1723 2027/2089/1719 2050/2104/1683
f 2023/2087/1664 2053/2105/1684 2050/2104/1683
f 2019/2083/1717 2015/2078/1656 2053/2105/1684
f 2039/2097/1726 2047/2103/1682 2048/2106/1734
f 2047/2103/1682 2050/2104/1683 2051/2107/1686
f 2053/2105/1684 2054/2108/1735 2051/2107/1686
f 2015/2078/1656 2011/2070/1648 2054/2108/1735
f 2048/2106/1734 2049/2109/1736 1983/2049/1697
f 2051/2107/1686 2052/2111/1737 2049/2109/1736
f 2051/2107/1686 2054/2108/1735 2055/2110/1689
f 2054/2108/1735 2011/2070/1648 2007/2068/1711
f 2049/2109/1736 1991/2047/1695 1987/2046/1694
f 2052/2111/1737 1995/2052/1699 1991/2047/1695
f 2052/2111/1737 2055/2110/1689 1999/2057/1634
f 2055/2110/1689 2007/2068/1711 2003/2061/1706
f 2119/2112/1738 2059/3273/3044 2058/2113/1739
f 2060/2115/1740 2061/2119/1744 2065/2116/1741
f 2060/2115/1740 2056/2180/1813 2057/2118/1743
f 2061/2119/1744 2057/2118/1743 2058/2113/1745
f 2068/2121/1747 2064/2117/1742 2065/2116/1741
f 2061/2119/1744 2062/2120/1746 2066/2123/1749
f 2066/2123/1750 2062/2120/1751 2063/2124/1751
f 2068/2121/1747 2069/2122/1748 2073/2126/1752
f 2069/2122/1748 2065/2116/1741 2066/2123/1749
f 2066/2123/1750 2067/2125/1750 2071/2129/1755
f 2076/2130/1757 2072/2127/1753 2073/2126/1752
f 2069/2122/1748 2070/2128/1754 2074/2132/1759
f 2070/2128/1756 2071/2129/1755 2075/2133/1760
f 2077/2131/1758 2073/2126/1752 2074/2132/1759
f 2074/2132/1761 2075/2133/1760 2079/2135/1763
f 2076/2130/1757 2077/2131/1758 2081/2136/1764
f 2077/2131/1758 2078/2134/1762 2082/2138/1766
f 2078/2134/1763 2079/2135/1763 2083/2139/1767
f 2084/2140/1769 2080/2137/1765 2081/2136/1764
f 2085/2141/1770 2081/2136/1764 2082/2138/1766
f 2086/2142/1772 2082/2138/1768 2083/2139/1767
f 2085/2141/1770 2086/2142/1771 2090/2144/1773
f 2093/2146/1775 2089/2145/1774 2090/2144/1773
f 2086/2142/1772 2087/2143/1772 2091/2148/1777
f 2084/2140/1769 2085/2141/1770 2089/2145/1774
f 2093/2146/1775 2094/2147/1776 2098/2150/1780
f 2090/2144/1778 2091/2148/1777 2095/2152/1782
f 2092/2153/1784 2088/2149/1779 2089/2145/1774
f 2102/2154/1785 2098/2150/1786 2099/2155/1786
f 2094/2147/1783 2095/2152/1782 2099/2155/1786
f 2092/2153/1784 2093/2146/1775 2097/2151/1781
f 2106/2158/1788 2102/2154/1785 2103/2156/1785
f 2100/2160/1790 2096/2157/1787 2097/2151/1781
f 2101/2161/1791 2097/2151/1781 2098/2150/1780
f 2106/2158/1788 2107/2159/1789 2111/2162/1793
f 2100/2160/1790 2101/2161/1791 2105/2164/1794
f 2101/2161/1791 2102/2154/1792 2106/2158/1796
f 2108/2166/1797 2109/2169/1800 2113/2167/1798
f 2108/2166/1797 2104/2165/1795 2105/2164/1794
f 2109/2169/1800 2105/2164/1794 2106/2158/1796
f 2116/2170/1802 2112/2168/1799 2113/2167/1798
f 2058/2113/1739 2059/3273/3044 2063/2124/1751
f 2109/2169/1800 2110/2163/1801 2114/2172/1804
f 2110/2163/1793 2111/2162/1793 2115/2173/1805
f 2058/2113/1745 2057/2118/1743 2117/2171/1803
f 2117/2171/1803 2113/2167/1798 2114/2172/1804
f 2114/2172/1805 2115/2173/1805 2119/2112/1738
f 2057/2118/1743 2056/2180/1813 2116/2170/1802
f 2108/2166/1797 2112/2168/1799 2120/2174/1807
f 2104/2165/1795 2120/2174/1807 2123/2175/1808
f 2123/2175/1808 2126/2176/1809 2096/2157/1787
f 2126/2176/1809 2088/2149/1779 2092/2153/1784
f 2112/2168/1799 2116/2170/1802 2121/2177/1810
f 2120/2174/1807 2121/2177/1810 2124/2178/1811
f 2124/2178/1811 2127/2179/1812 2126/2176/1809
f 2127/2179/1812 2084/2140/1769 2088/2149/1779
f 2056/2180/1813 2122/2181/1814 2121/2177/1810
f 2122/2181/1814 2125/2183/1816 2124/2178/1811
f 2124/2178/1811 2125/2183/1816 2128/2182/1815
f 2127/2179/1812 2128/2182/1815 2080/2137/1765
f 2060/2115/1740 2064/2117/1742 2122/2181/1814
f 2064/2117/1742 2068/2121/1747 2125/2183/1816
f 2125/2183/1816 2068/2121/1747 2072/2127/1753
f 2128/2182/1815 2072/2127/1753 2076/2130/1757
f 2191/2184/1817 2131/2193/1818 2132/2185/1818
f 2138/2187/1819 2134/2192/1824 2133/2188/1820
f 2133/2188/1820 2134/2192/1824 2130/2190/1822
f 2134/2192/1824 2135/2197/3045 2131/2193/1825
f 2141/2194/1826 2142/2200/1833 2138/2187/1819
f 2139/2195/1827 2135/2197/3045 2134/2192/1824
f 2139/2195/1828 2140/3274/1828 2136/2196/1829
f 2146/2198/1831 2142/2200/1833 2141/2194/1826
f 2142/2200/1833 2143/2202/3046 2139/2195/1827
f 2144/2201/1834 2140/3274/1828 2139/2195/1828
f 2149/2203/1835 2150/2206/1838 2146/2198/1831
f 2147/2204/1836 2143/2202/3046 2142/2200/1833
f 2148/2205/1837 2144/2201/1834 2143/2202/1834
f 2150/2206/1838 2151/2207/3047 2147/2204/1836
f 2151/2207/1839 2152/3275/1839 2148/2205/1837
f 2154/2208/1840 2150/2206/1838 2149/2203/1835
f 2155/2210/1842 2151/2207/3047 2150/2206/1838
f 2156/2211/1843 2152/3275/1839 2151/2207/1839
f 2157/2212/1844 2158/2213/1845 2154/2208/1840
f 2158/2213/1845 2159/2214/3048 2155/2210/1842
f 2159/2214/1846 2160/2218/1846 2156/2211/1843
f 2163/2215/1847 2159/2214/3048 2158/2213/1845
f 2166/2217/1849 2167/2222/3049 2163/2215/1847
f 2163/2215/1850 2164/2223/1850 2160/2218/1846
f 2162/2216/1848 2158/2213/1845 2157/2212/1844
f 2171/2220/1852 2167/2222/3049 2166/2217/1849
f 2167/2222/1854 2168/2227/1854 2164/2223/1850
f 2165/2224/1855 2166/2217/1849 2162/2216/1848
f 2176/2225/1856 2172/3276/1857 2171/2220/1857
f 2171/2220/1857 2172/3276/1857 2168/2227/1854
f 2170/2221/1853 2166/2217/1849 2165/2224/1855
f 2180/2229/1859 2176/2225/1856 2175/2226/1856
f 2173/2231/1860 2174/2232/1861 2170/2221/1853
f 2174/2232/1861 2175/2226/3050 2171/2220/1852
f 2184/2233/1862 2180/2229/1859 2179/2230/1859
f 2178/2235/1864 2174/2232/1861 2173/2231/1860
f 2179/2230/1866 2175/2226/3050 2174/2232/1861
f 2186/2237/1867 2182/2240/1870 2181/2238/1868
f 2181/2238/1868 2182/2240/1870 2178/2235/1864
f 2182/2240/1870 2183/2234/3051 2179/2230/1866
f 2189/2241/1871 2190/2243/1874 2186/2237/1867
f 2135/2197/1830 2136/2196/1829 2132/2185/1818
f 2187/2242/1872 2183/2234/3051 2182/2240/1870
f 2187/2242/1873 2188/2244/1873 2184/2233/1862
f 2190/2243/1874 2130/2190/1822 2131/2193/1825
f 2190/2243/1874 2191/2184/1875 2187/2242/1872
f 2191/2184/1817 2192/2186/1817 2188/2244/1873
f 2189/2241/1871 2129/2191/1823 2130/2190/1822
f 2181/2238/1868 2177/2236/1865 2193/2245/1876
f 2177/2236/1865 2173/2231/1860 2196/2246/1877
f 2169/2228/1858 2199/2247/1878 2196/2246/1877
f 2165/2224/1855 2161/2219/1851 2199/2247/1878
f 2185/2239/1869 2193/2245/1876 2194/2248/1879
f 2193/2245/1876 2196/2246/1877 2197/2249/1880
f 2199/2247/1878 2200/2250/1881 2197/2249/1880
f 2161/2219/1851 2157/2212/1844 2200/2250/1881
f 2194/2248/1879 2195/2251/1882 2129/2191/1823
f 2197/2249/1880 2198/2253/1884 2195/2251/1882
f 2197/2249/1880 2200/2250/1881 2201/2252/1883
f 2200/2250/1881 2157/2212/1844 2153/2209/1841
f 2195/2251/1882 2137/2189/1821 2133/2188/1820
f 2198/2253/1884 2141/2194/1826 2137/2189/1821
f 2198/2253/1884 2201/2252/1883 2145/2199/1832
f 2201/2252/1883 2153/2209/1841 2149/2203/1835
f 2204/2254/1885 2205/3277/1956 2265/2255/1886
f 2211/2257/1887 2207/2262/1892 2206/2258/1888
f 2206/2258/1888 2207/2262/1892 2203/2260/1890
f 2207/2262/1892 2208/2266/3052 2204/2254/1893
f 2214/2263/1894 2215/2269/1900 2211/2257/1887
f 2212/2264/1895 2208/2266/3052 2207/2262/1892
f 2213/2265/1896 2209/2312/1897 2208/2266/1897
f 2219/2267/1898 2215/2269/1900 2214/2263/1894
f 2215/2269/1900 2216/2270/3053 2212/2264/1895
f 2216/2270/1901 2217/2273/1905 2213/2265/1896
f 2222/2271/1902 2223/2274/1906 2219/2267/1898
f 2220/2272/1903 2216/2270/3053 2215/2269/1900
f 2220/2272/1904 2221/2276/1904 2217/2273/1905
f 2223/2274/1906 2224/2275/3054 2220/2272/1903
f 2224/2275/1907 2225/2280/1907 2221/2276/1904
f 2227/2277/1908 2223/2274/1906 2222/2271/1902
f 2228/2279/1910 2224/2275/3054 2223/2274/1906
f 2228/2279/1911 2229/2284/1915 2225/2280/1907
f 2230/2281/1912 2231/2282/1913 2227/2277/1908
f 2231/2282/1913 2232/2283/3055 2228/2279/1910
f 2232/2283/1914 2233/3278/1914 2229/2284/1915
f 2236/2285/1916 2232/2283/3055 2231/2282/1913
f 2239/2287/1918 2240/2293/3056 2236/2285/1916
f 2237/2288/1919 2233/3278/1914 2232/2283/1914
f 2235/2286/1917 2231/2282/1913 2230/2281/1912
f 2244/2290/1921 2240/2293/3056 2239/2287/1918
f 2241/2292/1923 2237/2288/1919 2236/2285/1919
f 2238/2294/1925 2239/2287/1918 2235/2286/1917
f 2249/2295/1926 2245/2297/1929 2244/2290/1927
f 2245/2297/1929 2241/2292/1923 2240/2293/1924
f 2243/2291/1922 2239/2287/1918 2238/2294/1925
f 2253/2299/1931 2249/2295/1926 2248/2296/1928
f 2246/2301/1932 2247/2302/1933 2243/2291/1922
f 2247/2302/1933 2248/2296/3057 2244/2290/1921
f 2257/2303/1934 2253/2299/1931 2252/2300/1931
f 2251/2305/1935 2247/2302/1933 2246/2301/1932
f 2252/2300/1937 2248/2296/3057 2247/2302/1933
f 2259/2307/1938 2255/2310/1941 2254/2308/1939
f 2254/2308/1939 2255/2310/1941 2251/2305/1935
f 2255/2310/1941 2256/2304/3058 2252/2300/1937
f 2262/2311/1942 2263/2315/1945 2259/2307/1938
f 2209/2312/1897 2205/3277/1956 2204/2254/1885
f 2260/2313/1943 2256/2304/3058 2255/2310/1941
f 2261/2314/1944 2257/2303/1934 2256/2304/1934
f 2263/2315/1945 2203/2260/1890 2204/2254/1893
f 2263/2315/1945 2264/2256/1946 2260/2313/1943
f 2264/2256/1886 2265/2255/1886 2261/2314/1944
f 2262/2311/1942 2202/2261/1891 2203/2260/1890
f 2254/2308/1939 2250/2306/1936 2266/2316/1947
f 2250/2306/1936 2246/2301/1932 2269/2317/1948
f 2242/2298/1930 2272/2318/1949 2269/2317/1948
f 2238/2294/1925 2234/2289/1920 2272/2318/1949
f 2258/2309/1940 2266/2316/1947 2267/2319/1950
f 2266/2316/1947 2269/2317/1948 2270/2320/1951
f 2272/2318/1949 2273/2321/1952 2270/2320/1951
f 2234/2289/1920 2230/2281/1912 2273/2321/1952
f 2267/2319/1950 2268/2322/1953 2202/2261/1891
f 2270/2320/1951 2271/2324/1955 2268/2322/1953
f 2270/2320/1951 2273/2321/1952 2274/2323/1954
f 2273/2321/1952 2230/2281/1912 2226/2278/1909
f 2268/2322/1953 2210/2259/1889 2206/2258/1888
f 2271/2324/1955 2214/2263/1894 2210/2259/1889
f 2271/2324/1955 2274/2323/1954 2218/2268/1899
f 2274/2323/1954 2226/2278/1909 2222/2271/1902
f 2277/2325/1956 2278/3279/1956 2338/2326/1886
f 2284/2328/1887 2280/2333/1892 2279/2329/1957
f 2279/2329/1957 2280/2333/1892 2276/2331/1890
f 2280/2333/1892 2281/2337/3052 2277/2325/1958
f 2287/2334/1959 2288/2340/1964 2284/2328/1887
f 2285/2335/1960 2281/2337/3052 2280/2333/1892
f 2286/2336/1961 2282/2382/1962 2281/2337/1962
f 2292/2338/1963 2288/2340/1964 2287/2334/1959
f 2288/2340/1964 2289/2341/3059 2285/2335/1960
f 2289/2341/1901 2290/2344/1905 2286/2336/1961
f 2295/2342/1965 2296/2345/1968 2292/2338/1963
f 2293/2343/1966 2289/2341/3059 2288/2340/1964
f 2293/2343/1967 2294/2347/1967 2290/2344/1905
f 2296/2345/1968 2297/2346/3054 2293/2343/1966
f 2297/2346/1907 2298/2351/1907 2294/2347/1967
f 2300/2348/1908 2296/2345/1968 2295/2342/1965
f 2301/2350/1969 2297/2346/3054 2296/2345/1968
f 2301/2350/1911 2302/2355/1915 2298/2351/1907
f 2303/2352/1970 2304/2353/1971 2300/2348/1908
f 2304/2353/1971 2305/2354/3060 2301/2350/1969
f 2305/2354/1914 2306/3280/1914 2302/2355/1915
f 2309/2356/1972 2305/2354/3060 2304/2353/1971
f 2312/2358/1974 2313/2364/3061 2309/2356/1972
f 2310/2359/1975 2306/3280/1914 2305/2354/1914
f 2308/2357/1973 2304/2353/1971 2303/2352/1970
f 2317/2361/1921 2313/2364/3061 2312/2358/1974
f 2314/2363/1923 2310/2359/1975 2309/2356/1919
f 2311/2365/1977 2312/2358/1974 2308/2357/1973
f 2321/2366/1926 2322/2370/1979 2318/2367/1978
f 2318/2367/1978 2314/2363/1923 2313/2364/1924
f 2316/2362/1922 2312/2358/1974 2311/2365/1977
f 2325/2369/1931 2326/2374/1931 2322/2370/1979
f 2319/2371/1980 2320/2372/1981 2316/2362/1922
f 2320/2372/1981 2321/2366/3062 2317/2361/1921
f 2329/2373/1982 2330/2384/1982 2326/2374/1931
f 2324/2375/1983 2320/2372/1981 2319/2371/1980
f 2325/2369/1984 2321/2366/3062 2320/2372/1981
f 2332/2377/1985 2328/2380/1987 2327/2378/1986
f 2327/2378/1986 2328/2380/1987 2324/2375/1983
f 2328/2380/1987 2329/2373/3063 2325/2369/1984
f 2335/2381/1988 2336/2385/1945 2332/2377/1985
f 2282/2382/1962 2278/3279/1956 2277/2325/1956
f 2333/2383/1989 2329/2373/3063 2328/2380/1987
f 2333/2383/1990 2334/2386/1992 2330/2384/1982
f 2336/2385/1945 2276/2331/1890 2277/2325/1958
f 2336/2385/1945 2337/2327/1991 2333/2383/1989
f 2337/2327/1886 2338/2326/1886 2334/2386/1992
f 2335/2381/1988 2275/2332/1891 2276/2331/1890
f 2327/2378/1986 2323/2376/1936 2339/2387/1947
f 2323/2376/1936 2319/2371/1980 2342/2388/1948
f 2315/2368/1930 2345/2389/1949 2342/2388/1948
f 2311/2365/1977 2307/2360/1976 2345/2389/1949
f 2331/2379/1940 2339/2387/1947 2340/2390/1993
f 2339/2387/1947 2342/2388/1948 2343/2391/1951
f 2345/2389/1949 2346/2392/1952 2343/2391/1951
f 2307/2360/1976 2303/2352/1970 2346/2392/1952
f 2340/2390/1993 2341/2393/1994 2275/2332/1891
f 2343/2391/1951 2344/2395/1955 2341/2393/1994
f 2343/2391/1951 2346/2392/1952 2347/2394/1954
f 2346/2392/1952 2303/2352/1970 2299/2349/1909
f 2341/2393/1994 2283/2330/1889 2279/2329/1957
f 2344/2395/1955 2287/2334/1959 2283/2330/1889
f 2344/2395/1955 2347/2394/1954 2291/2339/1899
f 2347/2394/1954 2299/2349/1909 2295/2342/1965
f 2410/2396/1995 2411/2458/1995 2351/2397/1996
f 2352/2399/1998 2353/2403/2002 2357/2400/1999
f 2352/2399/1998 2348/2465/2074 2349/2402/2001
f 2353/2403/2002 2349/2402/2001 2350/2398/2003
f 2360/2405/2005 2356/2401/2000 2357/2400/1999
f 2353/2403/2002 2354/2404/2004 2358/2407/2007
f 2358/2407/2008 2354/2404/2063 2355/2408/2009
f 2360/2405/2005 2361/2406/2006 2365/2410/2011
f 2361/2406/2006 2357/2400/1999 2358/2407/2007
f 2358/2407/2008 2359/2409/2010 2363/2413/2014
f 2368/2414/2015 2364/2411/2012 2365/2410/2011
f 2361/2406/2006 2362/2412/2013 2366/2416/2017
f 2362/2412/2014 2363/2413/2014 2367/2417/2018
f 2369/2415/2016 2365/2410/2011 2366/2416/2017
f 2366/2416/2019 2367/2417/2018 2371/2419/2021
f 2368/2414/2015 2369/2415/2016 2373/2420/2022
f 2369/2415/2016 2370/2418/2020 2374/2422/2024
f 2370/2418/2021 2371/2419/2021 2375/2423/2025
f 2376/2424/2027 2372/2421/2023 2373/2420/2022
f 2377/2425/2028 2373/2420/2022 2374/2422/2024
f 2378/2426/2030 2374/2422/2026 2375/2423/2025
f 2377/2425/2028 2378/2426/2029 2382/2428/2031
f 2385/2430/2033 2381/2429/2032 2382/2428/2031
f 2382/2428/2035 2378/2426/2030 2379/2427/2030
f 2376/2424/2027 2377/2425/2028 2381/2429/2032
f 2385/2430/2033 2386/2431/2034 2390/2434/2038
f 2382/2428/2035 2383/2432/2036 2387/2436/2040
f 2384/2437/2042 2380/2433/2037 2381/2429/2032
f 2394/2438/2043 2390/2434/2044 2391/2439/2044
f 2390/2434/2044 2386/2431/2041 2387/2436/2040
f 2384/2437/2042 2385/2430/2033 2389/2435/2039
f 2398/2442/2047 2394/2438/2043 2395/2440/2045
f 2392/2444/2048 2388/2441/2046 2389/2435/2039
f 2393/2445/2049 2389/2435/2039 2390/2434/2038
f 2398/2442/2047 2399/2443/2047 2403/2446/2051
f 2392/2444/2048 2393/2445/2049 2397/2448/2053
f 2393/2445/2049 2394/2438/2050 2398/2442/2055
f 2400/2450/2056 2401/2453/2059 2405/2451/2057
f 2400/2450/2056 2396/2449/2054 2397/2448/2053
f 2401/2453/2059 2397/2448/2053 2398/2442/2055
f 2408/2454/2061 2404/2452/2058 2405/2451/2057
f 2350/2398/1997 2351/2397/1996 2355/2408/2009
f 2401/2453/2059 2402/2447/2060 2406/2456/2064
f 2406/2456/2065 2402/2447/2052 2403/2446/2051
f 2350/2398/2003 2349/2402/2001 2409/2455/2062
f 2409/2455/2062 2405/2451/2057 2406/2456/2064
f 2406/2456/2065 2407/2457/2066 2411/2458/1995
f 2349/2402/2001 2348/2465/2074 2408/2454/2061
f 2400/2450/2056 2404/2452/2058 2412/2459/2068
f 2396/2449/2054 2412/2459/2068 2415/2460/2069
f 2415/2460/2069 2418/2461/2070 2388/2441/2046
f 2418/2461/2070 2380/2433/2037 2384/2437/2042
f 2404/2452/2058 2408/2454/2061 2413/2462/2071
f 2412/2459/2068 2413/2462/2071 2416/2463/2072
f 2416/2463/2072 2419/2464/2073 2418/2461/2070
f 2419/2464/2073 2376/2424/2027 2380/2433/2037
f 2348/2465/2074 2414/2466/2075 2413/2462/2071
f 2414/2466/2075 2417/2468/2077 2416/2463/2072
f 2416/2463/2072 2417/2468/2077 2420/2467/2076
f 2419/2464/2073 2420/2467/2076 2372/2421/2023
f 2352/2399/1998 2356/2401/2000 2414/2466/2075
f 2356/2401/2000 2360/2405/2005 2417/2468/2077
f 2417/2468/2077 2360/2405/2005 2364/2411/2012
f 2420/2467/2076 2364/2411/2012 2368/2414/2015
f 2483/2469/2078 2423/2478/2134 2424/2470/2079
f 2430/2472/2080 2426/2477/2085 2425/2473/2081
f 2425/2473/2081 2426/2477/2085 2422/2475/2083
f 2426/2477/2085 2427/2482/3064 2423/2478/2086
f 2433/2479/2087 2434/2485/2093 2430/2472/2080
f 2431/2480/2088 2427/2482/3064 2426/2477/2085
f 2431/2480/2089 2432/2487/2089 2428/2481/2090
f 2438/2483/2091 2434/2485/2093 2433/2479/2087
f 2434/2485/2093 2435/2486/3065 2431/2480/2088
f 2435/2486/2094 2436/2490/2098 2432/2487/2089
f 2441/2488/2095 2442/2491/2099 2438/2483/2091
f 2439/2489/2096 2435/2486/3065 2434/2485/2093
f 2439/2489/2097 2440/3281/2097 2436/2490/2098
f 2442/2491/2099 2443/2493/3066 2439/2489/2096
f 2444/2492/2100 2440/3281/2097 2439/2489/2097
f 2446/2494/2101 2442/2491/2099 2441/2488/2095
f 2447/2496/2103 2443/2493/3066 2442/2491/2099
f 2448/2497/2104 2444/2492/2100 2443/2493/2100
f 2449/2498/2106 2450/2499/2107 2446/2494/2101
f 2450/2499/2107 2451/2500/3067 2447/2496/2103
f 2451/2500/2108 2452/2504/2113 2448/2497/2104
f 2455/2501/2109 2451/2500/3067 2450/2499/2107
f 2458/2503/2111 2459/2508/3068 2455/2501/2109
f 2455/2501/2112 2456/2509/2112 2452/2504/2113
f 2454/2502/2110 2450/2499/2107 2449/2498/2106
f 2463/2506/2115 2459/2508/3068 2458/2503/2111
f 2459/2508/2117 2460/2513/2117 2456/2509/2112
f 2457/2510/2118 2458/2503/2111 2454/2502/2110
f 2468/2511/2119 2464/3282/2120 2463/2506/2120
f 2463/2506/2120 2464/3282/2120 2460/2513/2117
f 2462/2507/2116 2458/2503/2111 2457/2510/2118
f 2472/2515/2122 2468/2511/2119 2467/2512/2119
f 2465/2517/2123 2466/2518/2124 2462/2507/2116
f 2466/2518/2124 2467/2512/3069 2463/2506/2115
f 2475/2519/2125 2476/3283/3070 2472/2515/2122
f 2470/2520/2126 2466/2518/2124 2465/2517/2123
f 2471/2516/2128 2467/2512/3069 2466/2518/2124
f 2478/2522/2129 2474/2525/2132 2473/2523/2130
f 2473/2523/2130 2474/2525/2132 2470/2520/2126
f 2474/2525/2132 2475/2519/3071 2471/2516/2128
f 2481/2526/2133 2482/2529/2137 2478/2522/2129
f 2428/2481/2090 2424/2470/2079 2423/2478/2134
f 2479/2527/2135 2475/2519/3071 2474/2525/2132
f 2480/2528/2136 2476/3283/3070 2475/2519/2125
f 2482/2529/2137 2422/2475/2083 2423/2478/2086
f 2482/2529/2137 2483/2469/2138 2479/2527/2135
f 2484/2471/2078 2480/2528/2136 2479/2527/2136
f 2481/2526/2133 2421/2476/2084 2422/2475/2083
f 2473/2523/2130 2469/2521/2127 2485/2530/2139
f 2469/2521/2127 2465/2517/2123 2488/2531/2140
f 2461/2514/2121 2491/2532/2141 2488/2531/2140
f 2457/2510/2118 2453/2505/2114 2491/2532/2141
f 2477/2524/2131 2485/2530/2139 2486/2533/2142
f 2485/2530/2139 2488/2531/2140 2489/2534/2143
f 2491/2532/2141 2492/2535/2144 2489/2534/2143
f 2453/2505/2114 2449/2498/2106 2492/2535/2144
f 2486/2533/2142 2487/2536/2145 2421/2476/2084
f 2489/2534/2143 2490/2538/2147 2487/2536/2145
f 2489/2534/2143 2492/2535/2144 2493/2537/2146
f 2492/2535/2144 2449/2498/2106 2445/2495/2102
f 2487/2536/2145 2429/2474/2082 2425/2473/2081
f 2490/2538/2147 2433/2479/2087 2429/2474/2082
f 2490/2538/2147 2493/2537/2146 2437/2484/2092
f 2493/2537/2146 2445/2495/2102 2441/2488/2095
f 2496/2539/2148 2497/2597/2148 2557/2540/2149
f 2503/2542/2150 2499/2547/2155 2498/2543/2151
f 2498/2543/2151 2499/2547/2155 2495/2545/2153
f 2499/2547/2155 2500/2551/3072 2496/2539/2156
f 2506/2548/2157 2507/2554/2164 2503/2542/2150
f 2504/2549/2158 2500/2551/3072 2499/2547/2155
f 2504/2549/2159 2505/2556/2159 2501/2550/2160
f 2511/2552/2162 2507/2554/2164 2506/2548/2157
f 2507/2554/2164 2508/2555/3073 2504/2549/2158
f 2508/2555/2165 2509/2559/2165 2505/2556/2159
f 2514/2557/2166 2515/2560/2169 2511/2552/2162
f 2512/2558/2167 2508/2555/3073 2507/2554/2164
f 2512/2558/2168 2513/3284/3074 2509/2559/2165
f 2515/2560/2169 2516/2562/3075 2512/2558/2167
f 2517/2561/2170 2513/3284/3074 2512/2558/2168
f 2519/2563/2171 2515/2560/2169 2514/2557/2166
f 2520/2565/2173 2516/2562/3075 2515/2560/2169
f 2520/2565/2174 2521/3285/3076 2517/2561/2170
f 2522/2566/2175 2523/2567/2176 2519/2563/2171
f 2523/2567/2176 2524/2569/3077 2520/2565/2173
f 2525/2568/2177 2521/3285/3076 2520/2565/2174
f 2528/2570/2179 2524/2569/3077 2523/2567/2176
f 2531/2572/2181 2532/2578/3078 2528/2570/2179
f 2529/2573/2182 2525/2568/2177 2524/2569/2178
f 2527/2571/2180 2523/2567/2176 2522/2566/2175
f 2536/2575/2184 2532/2578/3078 2531/2572/2181
f 2533/2577/2186 2529/2573/2182 2528/2570/2182
f 2530/2579/2187 2531/2572/2181 2527/2571/2180
f 2541/2580/2188 2537/2582/2191 2536/2575/2189
f 2537/2582/2191 2533/2577/2186 2532/2578/2186
f 2535/2576/2185 2531/2572/2181 2530/2579/2187
f 2545/2584/2193 2541/2580/2188 2540/2581/2190
f 2538/2586/2194 2539/2587/2195 2535/2576/2185
f 2539/2587/2195 2540/2581/3079 2536/2575/2184
f 2549/2588/2196 2545/2584/2193 2544/2585/2193
f 2543/2590/2198 2539/2587/2195 2538/2586/2194
f 2544/2585/2200 2540/2581/3079 2539/2587/2195
f 2551/2592/2201 2547/2595/2204 2546/2593/2202
f 2546/2593/2202 2547/2595/2204 2543/2590/2198
f 2547/2595/2204 2548/2589/3080 2544/2585/2200
f 2554/2596/2205 2555/2600/2208 2551/2592/2201
f 2500/2551/2161 2501/2550/2160 2497/2597/2148
f 2552/2598/2206 2548/2589/3080 2547/2595/2204
f 2553/2599/2207 2549/2588/2196 2548/2589/2197
f 2555/2600/2208 2495/2545/2153 2496/2539/2156
f 2555/2600/2208 2556/2541/2209 2552/2598/2206
f 2556/2541/2149 2557/2540/2149 2553/2599/2207
f 2554/2596/2205 2494/2546/2154 2495/2545/2153
f 2546/2593/2202 2542/2591/2199 2558/2601/2210
f 2542/2591/2199 2538/2586/2194 2561/2602/2211
f 2534/2583/2192 2564/2603/2212 2561/2602/2211
f 2530/2579/2187 2526/2574/2183 2564/2603/2212
f 2550/2594/2203 2558/2601/2210 2559/2604/2213
f 2558/2601/2210 2561/2602/2211 2562/2605/2214
f 2564/2603/2212 2565/2606/2215 2562/2605/2214
f 2526/2574/2183 2522/2566/2175 2565/2606/2215
f 2559/2604/2213 2560/2607/2216 2494/2546/2154
f 2562/2605/2214 2563/2609/2218 2560/2607/2216
f 2562/2605/2214 2565/2606/2215 2566/2608/2217
f 2565/2606/2215 2522/2566/2175 2518/2564/2172
f 2560/2607/2216 2502/2544/2152 2498/2543/2151
f 2563/2609/2218 2506/2548/2157 2502/2544/2152
f 2563/2609/2218 2566/2608/2217 2510/2553/2163
f 2566/2608/2217 2518/2564/2172 2514/2557/2166
f 2569/2610/2219 2570/3286/2219 2630/2611/2149
f 2576/2613/2220 2572/2618/2155 2571/2614/2221
f 2571/2614/2221 2572/2618/2155 2568/2616/2153
f 2572/2618/2155 2573/2622/3072 2569/2610/2222
f 2579/2619/2223 2580/2625/2226 2576/2613/2220
f 2577/2620/2158 2573/2622/3072 2572/2618/2155
f 2577/2620/2224 2578/2627/2224 2574/2621/2160
f 2584/2623/2225 2580/2625/2226 2579/2619/2223
f 2580/2625/2226 2581/2626/3081 2577/2620/2158
f 2581/2626/2227 2582/2630/2165 2578/2627/2224
f 2587/2628/2228 2588/2631/2230 2584/2623/2225
f 2585/2629/2229 2581/2626/3081 2580/2625/2226
f 2585/2629/2168 2586/3287/3074 2582/2630/2165
f 2588/2631/2230 2589/2633/3082 2585/2629/2229
f 2590/2632/2170 2586/3287/3074 2585/2629/2168
f 2592/2634/2171 2588/2631/2230 2587/2628/2228
f 2593/2636/2231 2589/2633/3082 2588/2631/2230
f 2593/2636/2174 2594/3288/3076 2590/2632/2170
f 2595/2637/2232 2596/2638/2176 2592/2634/2171
f 2596/2638/2176 2597/2640/3083 2593/2636/2231
f 2598/2639/2177 2594/3288/3076 2593/2636/2174
f 2601/2641/2233 2597/2640/3083 2596/2638/2176
f 2604/2643/2235 2605/2648/3084 2601/2641/2233
f 2602/2644/2182 2598/2639/2177 2597/2640/2178
f 2600/2642/2234 2596/2638/2176 2595/2637/2232
f 2609/2646/2237 2605/2648/3084 2604/2643/2235
f 2605/2648/2238 2606/3289/3085 2602/2644/2182
f 2603/2649/2187 2604/2643/2235 2600/2642/2234
f 2614/2650/2188 2610/2652/2189 2609/2646/2189
f 2610/2652/2189 2606/3289/3085 2605/2648/2238
f 2608/2647/2185 2604/2643/2235 2603/2649/2187
f 2618/2654/2193 2614/2650/2188 2613/2651/2190
f 2611/2656/2239 2612/2657/2195 2608/2647/2185
f 2612/2657/2195 2613/2651/3086 2609/2646/2237
f 2622/2658/2196 2618/2654/2193 2617/2655/2193
f 2616/2660/2240 2612/2657/2195 2611/2656/2239
f 2617/2655/2242 2613/2651/3086 2612/2657/2195
f 2624/2662/2243 2620/2665/2244 2619/2663/2202
f 2619/2663/2202 2620/2665/2244 2616/2660/2240
f 2620/2665/2244 2621/2659/3080 2617/2655/2242
f 2627/2666/2245 2628/2669/2208 2624/2662/2243
f 2574/2621/2160 2570/3286/2219 2569/2610/2219
f 2625/2667/2206 2621/2659/3080 2620/2665/2244
f 2626/2668/2207 2622/2658/2196 2621/2659/2196
f 2628/2669/2208 2568/2616/2153 2569/2610/2222
f 2628/2669/2208 2629/2612/2246 2625/2667/2206
f 2629/2612/2149 2630/2611/2149 2626/2668/2207
f 2627/2666/2245 2567/2617/2154 2568/2616/2153
f 2619/2663/2202 2615/2661/2241 2631/2670/2210
f 2615/2661/2241 2611/2656/2239 2634/2671/2211
f 2607/2653/2192 2637/2672/2212 2634/2671/2211
f 2603/2649/2187 2599/2645/2236 2637/2672/2212
f 2623/2664/2203 2631/2670/2210 2632/2673/2213
f 2631/2670/2210 2634/2671/2211 2635/2674/2214
f 2637/2672/2212 2638/2675/2215 2635/2674/2214
f 2599/2645/2236 2595/2637/2232 2638/2675/2215
f 2632/2673/2213 2633/2676/2216 2567/2617/2154
f 2635/2674/2214 2636/2678/2218 2633/2676/2216
f 2635/2674/2214 2638/2675/2215 2639/2677/2217
f 2638/2675/2215 2595/2637/2232 2591/2635/2172
f 2633/2676/2216 2575/2615/2152 2571/2614/2221
f 2636/2678/2218 2579/2619/2223 2575/2615/2152
f 2636/2678/2218 2639/2677/2217 2583/2624/2163
f 2639/2677/2217 2591/2635/2172 2587/2628/2228
f 2702/2679/2247 2703/2741/2247 2643/2680/2248
f 2644/2682/2250 2645/2686/2254 2649/2683/2251
f 2644/2682/2250 2640/2748/2324 2641/2685/2253
f 2645/2686/2254 2641/2685/2253 2642/2681/2255
f 2652/2688/2257 2648/2684/2252 2649/2683/2251
f 2645/2686/2254 2646/2687/2256 2650/2690/2259
f 2650/2690/2260 2646/2687/2261 2647/2691/2261
f 2652/2688/2257 2653/2689/2258 2657/2693/2263
f 2653/2689/2258 2649/2683/2251 2650/2690/2259
f 2650/2690/2260 2651/2692/2262 2655/2696/2266
f 2660/2697/2268 2656/2694/2264 2657/2693/2263
f 2653/2689/2258 2654/2695/2265 2658/2699/2270
f 2658/2699/2271 2654/2695/2267 2655/2696/2266
f 2661/2698/2269 2657/2693/2263 2658/2699/2270
f 2658/2699/2271 2659/2700/2272 2663/2702/2274
f 2660/2697/2268 2661/2698/2269 2665/2703/2276
f 2661/2698/2269 2662/2701/2273 2666/2705/2278
f 2666/2705/2279 2662/2701/2275 2663/2702/2274
f 2668/2707/2280 2664/2704/2277 2665/2703/2276
f 2669/2708/2281 2665/2703/2276 2666/2705/2278
f 2670/2709/2283 2666/2705/2279 2667/2706/2279
f 2669/2708/2281 2670/2709/2282 2674/2711/2284
f 2677/2713/2286 2673/2712/2285 2674/2711/2284
f 2674/2711/2288 2670/2709/2283 2671/2710/2283
f 2668/2707/2280 2669/2708/2281 2673/2712/2285
f 2677/2713/2286 2678/2714/2287 2682/2717/2291
f 2678/2714/2293 2674/2711/2288 2675/2715/2289
f 2676/2720/2294 2672/2716/2290 2673/2712/2285
f 2686/2721/2295 2682/2717/2296 2683/2722/2296
f 2682/2717/2296 2678/2714/2293 2679/2719/2293
f 2676/2720/2294 2677/2713/2286 2681/2718/2292
f 2690/2725/2298 2686/2721/2295 2687/2723/2295
f 2684/2727/2299 2680/2724/2297 2681/2718/2292
f 2685/2728/2300 2681/2718/2292 2682/2717/2291
f 2694/2729/2302 2690/2725/2298 2691/2726/2298
f 2684/2727/2299 2685/2728/2300 2689/2731/2304
f 2685/2728/2300 2686/2721/2301 2690/2725/2306
f 2692/2733/2307 2693/2736/2310 2697/2734/2308
f 2692/2733/2307 2688/2732/2305 2689/2731/2304
f 2693/2736/2310 2689/2731/2304 2690/2725/2306
f 2700/2737/2312 2696/2735/2309 2697/2734/2308
f 2642/2681/2249 2643/2680/2248 2647/2691/2261
f 2693/2736/2310 2694/2729/2311 2698/2739/2314
f 2694/2729/2302 2695/2730/2303 2699/2740/2315
f 2642/2681/2255 2641/2685/2253 2701/2738/2313
f 2701/2738/2313 2697/2734/2308 2698/2739/2314
f 2698/2739/2316 2699/2740/2315 2703/2741/2247
f 2641/2685/2253 2640/2748/2324 2700/2737/2312
f 2692/2733/2307 2696/2735/2309 2704/2742/2318
f 2688/2732/2305 2704/2742/2318 2707/2743/2319
f 2707/2743/2319 2710/2744/2320 2680/2724/2297
f 2710/2744/2320 2672/2716/2290 2676/2720/2294
f 2696/2735/2309 2700/2737/2312 2705/2745/2321
f 2704/2742/2318 2705/2745/2321 2708/2746/2322
f 2708/2746/2322 2711/2747/2323 2710/2744/2320
f 2711/2747/2323 2668/2707/2280 2672/2716/2290
f 2640/2748/2324 2706/2749/2325 2705/2745/2321
f 2706/2749/2325 2709/2751/2327 2708/2746/2322
f 2708/2746/2322 2709/2751/2327 2712/2750/2326
f 2711/2747/2323 2712/2750/2326 2664/2704/2277
f 2644/2682/2250 2648/2684/2252 2706/2749/2325
f 2648/2684/2252 2652/2688/2257 2709/2751/2327
f 2709/2751/2327 2652/2688/2257 2656/2694/2264
f 2712/2750/2326 2656/2694/2264 2660/2697/2268
f 2775/2752/2328 2715/2761/2329 2716/2753/2329
f 2722/2755/2331 2718/2760/2336 2717/2756/2332
f 2717/2756/2332 2718/2760/2336 2714/2758/2334
f 2718/2760/2336 2719/2765/3087 2715/2761/2337
f 2725/2762/2338 2726/2768/2345 2722/2755/2331
f 2723/2763/2339 2719/2765/3087 2718/2760/2336
f 2723/2763/2340 2724/3290/3088 2720/2764/2341
f 2730/2766/2343 2726/2768/2345 2725/2762/2338
f 2726/2768/2345 2727/2770/3089 2723/2763/2339
f 2728/2769/2346 2724/3290/3088 2723/2763/2340
f 2733/2771/2348 2734/2773/2351 2730/2766/2343
f 2731/2772/2349 2727/2770/3089 2726/2768/2345
f 2731/2772/2350 2732/2775/2350 2728/2769/2346
f 2734/2773/2351 2735/2774/3090 2731/2772/2349
f 2735/2774/2352 2736/2779/2357 2732/2775/2350
f 2738/2776/2353 2734/2773/2351 2733/2771/2348
f 2739/2778/2355 2735/2774/3090 2734/2773/2351
f 2739/2778/2356 2740/2783/2361 2736/2779/2357
f 2741/2780/2358 2742/2781/2359 2738/2776/2353
f 2742/2781/2359 2743/2782/3091 2739/2778/2355
f 2743/2782/2360 2744/2787/2366 2740/2783/2361
f 2747/2784/2362 2743/2782/3091 2742/2781/2359
f 2750/2786/2364 2751/2791/3092 2747/2784/2362
f 2747/2784/2365 2748/2792/2365 2744/2787/2366
f 2746/2785/2363 2742/2781/2359 2741/2780/2358
f 2755/2789/2368 2751/2791/3092 2750/2786/2364
f 2751/2791/2370 2752/3291/3093 2748/2792/2365
f 2749/2793/2371 2750/2786/2364 2746/2785/2363
f 2760/2794/2372 2756/2796/2375 2755/2789/2373
f 2756/2796/2375 2752/3291/3093 2751/2791/2370
f 2754/2790/2369 2750/2786/2364 2749/2793/2371
f 2764/2798/2377 2760/2794/2372 2759/2795/2374
f 2757/2800/2379 2758/2801/2380 2754/2790/2369
f 2758/2801/2380 2759/2795/3094 2755/2789/2368
f 2768/2802/2381 2764/2798/2377 2763/2799/2378
f 2762/2804/2383 2758/2801/2380 2757/2800/2379
f 2763/2799/2385 2759/2795/3094 2758/2801/2380
f 2770/2806/2386 2766/2809/2389 2765/2807/2387
f 2765/2807/2387 2766/2809/2389 2762/2804/2383
f 2766/2809/2389 2767/2803/3095 2763/2799/2385
f 2773/2810/2390 2774/2812/2393 2770/2806/2386
f 2720/2764/2341 2716/2753/2329 2715/2761/2329
f 2771/2811/2391 2767/2803/3095 2766/2809/2389
f 2771/2811/2392 2772/3292/2392 2768/2802/2381
f 2774/2812/2393 2714/2758/2334 2715/2761/2337
f 2774/2812/2393 2775/2752/2394 2771/2811/2391
f 2776/2754/2330 2772/3292/2392 2771/2811/2392
f 2773/2810/2390 2713/2759/2335 2714/2758/2334
f 2765/2807/2387 2761/2805/2384 2777/2813/2395
f 2761/2805/2384 2757/2800/2379 2780/2814/2396
f 2753/2797/2376 2783/2815/2397 2780/2814/2396
f 2749/2793/2371 2745/2788/2367 2783/2815/2397
f 2769/2808/2388 2777/2813/2395 2778/2816/2398
f 2777/2813/2395 2780/2814/2396 2781/2817/2399
f 2783/2815/2397 2784/2818/2400 2781/2817/2399
f 2745/2788/2367 2741/2780/2358 2784/2818/2400
f 2778/2816/2398 2779/2819/2401 2713/2759/2335
f 2781/2817/2399 2782/2821/2403 2779/2819/2401
f 2781/2817/2399 2784/2818/2400 2785/2820/2402
f 2784/2818/2400 2741/2780/2358 2737/2777/2354
f 2779/2819/2401 2721/2757/2333 2717/2756/2332
f 2782/2821/2403 2725/2762/2338 2721/2757/2333
f 2782/2821/2403 2785/2820/2402 2729/2767/2344
f 2785/2820/2402 2737/2777/2354 2733/2771/2348
f 2788/2822/2404 2789/2881/2404 2849/2823/2405
f 2795/2825/2407 2791/2830/2412 2790/2826/2408
f 2790/2826/2408 2791/2830/2412 2787/2828/2410
f 2791/2830/2412 2792/2834/3096 2788/2822/2413
f 2798/2831/2414 2799/2837/2420 2795/2825/2407
f 2796/2832/2415 2792/2834/3096 2791/2830/2412
f 2796/2832/2416 2797/2839/2422 2793/2833/2417
f 2803/2835/2418 2799/2837/2420 2798/2831/2414
f 2799/2837/2420 2800/2838/3097 2796/2832/2415
f 2800/2838/2421 2801/2842/2426 2797/2839/2422
f 2806/2840/2423 2807/2843/2427 2803/2835/2418
f 2804/2841/2424 2800/2838/3097 2799/2837/2420
f 2804/2841/2425 2805/2845/2429 2801/2842/2426
f 2807/2843/2427 2808/2844/3098 2804/2841/2424
f 2808/2844/2428 2809/2849/2428 2805/2845/2429
f 2811/2846/2430 2807/2843/2427 2806/2840/2423
f 2812/2848/2432 2808/2844/3098 2807/2843/2427
f 2812/2848/2433 2813/3293/3099 2809/2849/2428
f 2814/2850/2434 2815/2851/2435 2811/2846/2430
f 2815/2851/2435 2816/2853/3100 2812/2848/2432
f 2817/2852/2436 2813/3293/3099 2812/2848/2433
f 2820/2854/2438 2816/2853/3100 2815/2851/2435
f 2823/2856/2440 2824/2862/3101 2820/2854/2438
f 2821/2857/2441 2817/2852/2436 2816/2853/2437
f 2819/2855/2439 2815/2851/2435 2814/2850/2434
f 2828/2859/2444 2824/2862/3101 2823/2856/2440
f 2825/2861/2446 2821/2857/2441 2820/2854/2442
f 2822/2863/2448 2823/2856/2440 2819/2855/2439
f 2833/2864/2449 2829/2866/2452 2828/2859/2450
f 2829/2866/2452 2825/2861/2446 2824/2862/2447
f 2827/2860/2445 2823/2856/2440 2822/2863/2448
f 2837/2868/2454 2833/2864/2449 2832/2865/2451
f 2830/2870/2456 2831/2871/2457 2827/2860/2445
f 2831/2871/2457 2832/2865/3102 2828/2859/2444
f 2841/2872/2458 2837/2868/2454 2836/2869/2455
f 2835/2874/2459 2831/2871/2457 2830/2870/2456
f 2836/2869/2461 2832/2865/3102 2831/2871/2457
f 2843/2876/2462 2839/2879/2465 2838/2877/2463
f 2838/2877/2463 2839/2879/2465 2835/2874/2459
f 2839/2879/2465 2840/2873/3103 2836/2869/2461
f 2846/2880/2466 2847/2884/2470 2843/2876/2462
f 2792/2834/2417 2793/2833/2417 2789/2881/2404
f 2844/2882/2467 2840/2873/3103 2839/2879/2465
f 2845/2883/2468 2841/2872/2458 2840/2873/2458
f 2847/2884/2470 2787/2828/2410 2788/2822/2413
f 2847/2884/2470 2848/2824/2471 2844/2882/2467
f 2849/2823/2405 2845/2883/2468 2844/2882/2469
f 2846/2880/2466 2786/2829/2411 2787/2828/2410
f 2838/2877/2463 2834/2875/2460 2850/2885/2472
f 2834/2875/2460 2830/2870/2456 2853/2886/2473
f 2826/2867/2453 2856/2887/2474 2853/2886/2473
f 2822/2863/2448 2818/2858/2443 2856/2887/2474
f 2842/2878/2464 2850/2885/2472 2851/2888/2475
f 2850/2885/2472 2853/2886/2473 2854/2889/2476
f 2856/2887/2474 2857/2890/2477 2854/2889/2476
f 2818/2858/2443 2814/2850/2434 2857/2890/2477
f 2851/2888/2475 2852/2891/2478 2786/2829/2411
f 2854/2889/2476 2855/2893/2480 2852/2891/2478
f 2854/2889/2476 2857/2890/2477 2858/2892/2479
f 2857/2890/2477 2814/2850/2434 2810/2847/2431
f 2852/2891/2478 2794/2827/2409 2790/2826/2408
f 2855/2893/2480 2798/2831/2414 2794/2827/2409
f 2855/2893/2480 2858/2892/2479 2802/2836/2419
f 2858/2892/2479 2810/2847/2431 2806/2840/2423
f 2861/2894/2404 2862/2951/2404 2922/2895/2405
f 2868/2897/2481 2864/2902/2412 2863/2898/2482
f 2863/2898/2482 2864/2902/2412 2860/2900/2483
f 2864/2902/2412 2865/2906/3096 2861/2894/2484
f 2871/2903/2485 2872/2909/2420 2868/2897/2481
f 2869/2904/2486 2865/2906/3096 2864/2902/2412
f 2869/2904/2416 2870/2911/2422 2866/2905/2417
f 2876/2907/2418 2872/2909/2420 2871/2903/2485
f 2872/2909/2420 2873/2910/3097 2869/2904/2486
f 2873/2910/2487 2874/2914/2426 2870/2911/2422
f 2879/2912/2423 2880/2915/2489 2876/2907/2418
f 2877/2913/2488 2873/2910/3097 2872/2909/2420
f 2877/2913/2425 2878/2917/2429 2874/2914/2426
f 2880/2915/2489 2881/2916/3098 2877/2913/2488
f 2881/2916/2428 2882/2921/2428 2878/2917/2429
f 2884/2918/2430 2880/2915/2489 2879/2912/2423
f 2885/2920/2490 2881/2916/3098 2880/2915/2489
f 2885/2920/2433 2886/3294/3099 2882/2921/2428
f 2887/2922/2434 2888/2923/2491 2884/2918/2430
f 2888/2923/2491 2889/2925/3104 2885/2920/2490
f 2890/2924/2436 2886/3294/3099 2885/2920/2433
f 2893/2926/2492 2889/2925/3104 2888/2923/2491
f 2896/2928/2494 2897/2933/3105 2893/2926/2492
f 2893/2926/2442 2894/3295/2441 2890/2924/2436
f 2892/2927/2493 2888/2923/2491 2887/2922/2434
f 2901/2930/2444 2897/2933/3105 2896/2928/2494
f 2898/2932/2497 2894/3295/2441 2893/2926/2442
f 2895/2934/2498 2896/2928/2494 2892/2927/2493
f 2906/2935/2449 2902/2937/2450 2901/2930/2450
f 2902/2937/2450 2898/2932/2497 2897/2933/2446
f 2900/2931/2496 2896/2928/2494 2895/2934/2498
f 2910/2939/2499 2906/2935/2449 2905/2936/2451
f 2903/2941/2500 2904/2942/2501 2900/2931/2496
f 2904/2942/2501 2905/2936/3102 2901/2930/2444
f 2913/2943/2502 2914/2953/2502 2910/2939/2499
f 2908/2944/2459 2904/2942/2501 2903/2941/2500
f 2909/2940/2503 2905/2936/3102 2904/2942/2501
f 2916/2946/2504 2912/2949/2465 2911/2947/2505
f 2911/2947/2505 2912/2949/2465 2908/2944/2459
f 2912/2949/2465 2913/2943/3106 2909/2940/2503
f 2919/2950/2506 2920/2954/2508 2916/2946/2504
f 2865/2906/2417 2866/2905/2417 2862/2951/2404
f 2917/2952/2507 2913/2943/3106 2912/2949/2465
f 2917/2952/2468 2918/3296/2468 2914/2953/2502
f 2920/2954/2508 2860/2900/2483 2861/2894/2484
f 2920/2954/2508 2921/2896/2509 2917/2952/2507
f 2922/2895/2405 2918/3296/2468 2917/2952/2468
f 2919/2950/2506 2859/2901/2411 2860/2900/2483
f 2911/2947/2505 2907/2945/2460 2923/2955/2472
f 2907/2945/2460 2903/2941/2500 2926/2956/2510
f 2899/2938/2453 2929/2957/2474 2926/2956/2510
f 2895/2934/2498 2891/2929/2495 2929/2957/2474
f 2915/2948/2464 2923/2955/2472 2924/2958/2511
f 2923/2955/2472 2926/2956/2510 2927/2959/2476
f 2929/2957/2474 2930/2960/2477 2927/2959/2476
f 2891/2929/2495 2887/2922/2434 2930/2960/2477
f 2924/2958/2511 2925/2961/2478 2859/2901/2411
f 2927/2959/2476 2928/2963/2512 2925/2961/2478
f 2927/2959/2476 2930/2960/2477 2931/2962/2479
f 2930/2960/2477 2887/2922/2434 2883/2919/2431
f 2925/2961/2478 2867/2899/2409 2863/2898/2482
f 2928/2963/2512 2871/2903/2485 2867/2899/2409
f 2928/2963/2512 2931/2962/2479 2875/2908/2419
f 2931/2962/2479 2883/2919/2431 2879/2912/2423
f 2994/2964/2513 2995/3026/2513 2935/2965/2514
f 2936/2967/2516 2937/2971/2520 2941/2968/2517
f 2936/2967/2516 2932/3033/2590 2933/2970/2519
f 2937/2971/2520 2933/2970/2519 2934/2966/2521
f 2944/2973/2523 2940/2969/2518 2941/2968/2517
f 2937/2971/2520 2938/2972/2522 2942/2975/2525
f 2938/2972/2526 2939/3023/2526 2943/2976/2527
f 2944/2973/2523 2945/2974/2524 2949/2977/2528
f 2945/2974/2524 2941/2968/2517 2942/2975/2525
f 2942/2975/2527 2943/2976/2527 2947/2980/2531
f 2952/2981/2533 2948/2978/2529 2949/2977/2528
f 2945/2974/2524 2946/2979/2530 2950/2983/2535
f 2950/2983/2536 2946/2979/2532 2947/2980/2531
f 2953/2982/2534 2949/2977/2528 2950/2983/2535
f 2950/2983/2536 2951/2984/2537 2955/2986/2539
f 2952/2981/2533 2953/2982/2534 2957/2987/2540
f 2953/2982/2534 2954/2985/2538 2958/2989/2542
f 2958/2989/2543 2954/2985/2539 2955/2986/2539
f 2960/2991/2545 2956/2988/2541 2957/2987/2540
f 2961/2992/2546 2957/2987/2540 2958/2989/2542
f 2962/2993/2548 2958/2989/2543 2959/2990/2544
f 2961/2992/2546 2962/2993/2547 2966/2995/2550
f 2969/2997/2552 2965/2996/2551 2966/2995/2550
f 2966/2995/2554 2962/2993/2548 2963/2994/2549
f 2960/2991/2545 2961/2992/2546 2965/2996/2551
f 2969/2997/2552 2970/2998/2553 2974/3001/2556
f 2970/2998/2558 2966/2995/2554 2967/2999/2554
f 2968/3004/2560 2964/3000/2555 2965/2996/2551
f 2978/3005/2561 2974/3001/2563 2975/3006/2562
f 2970/2998/2558 2971/3003/2559 2975/3006/2562
f 2968/3004/2560 2969/2997/2552 2973/3002/2557
f 2978/3005/2561 2979/3007/2561 2983/3009/2565
f 2976/3011/2566 2972/3008/2564 2973/3002/2557
f 2977/3012/2567 2973/3002/2557 2974/3001/2556
f 2982/3010/2565 2983/3009/2565 2987/3013/2569
f 2976/3011/2566 2977/3012/2567 2981/3015/2570
f 2977/3012/2567 2978/3005/2568 2982/3010/2572
f 2984/3017/2573 2985/3020/2576 2989/3018/2574
f 2984/3017/2573 2980/3016/2571 2981/3015/2570
f 2985/3020/2576 2981/3015/2570 2982/3010/2572
f 2992/3021/2578 2988/3019/2575 2989/3018/2574
f 2934/2966/2515 2935/2965/2514 2939/3023/2526
f 2985/3020/2576 2986/3014/2577 2990/3024/2580
f 2990/3024/2581 2986/3014/2569 2987/3013/2569
f 2934/2966/2521 2933/2970/2519 2993/3022/2579
f 2993/3022/2579 2989/3018/2574 2990/3024/2580
f 2990/3024/2581 2991/3025/2582 2995/3026/2513
f 2933/2970/2519 2932/3033/2590 2992/3021/2578
f 2984/3017/2573 2988/3019/2575 2996/3027/2584
f 2980/3016/2571 2996/3027/2584 2999/3028/2585
f 2999/3028/2585 3002/3029/2586 2972/3008/2564
f 3002/3029/2586 2964/3000/2555 2968/3004/2560
f 2988/3019/2575 2992/3021/2578 2997/3030/2587
f 2996/3027/2584 2997/3030/2587 3000/3031/2588
f 3000/3031/2588 3003/3032/2589 3002/3029/2586
f 3003/3032/2589 2960/2991/2545 2964/3000/2555
f 2932/3033/2590 2998/3034/2591 2997/3030/2587
f 2998/3034/2591 3001/3036/2593 3000/3031/2588
f 3000/3031/2588 3001/3036/2593 3004/3035/2592
f 3003/3032/2589 3004/3035/2592 2956/2988/2541
f 2936/2967/2516 2940/2969/2518 2998/3034/2591
f 2940/2969/2518 2944/2973/2523 3001/3036/2593
f 3001/3036/2593 2944/2973/2523 2948/2978/2529
f 3004/3035/2592 2948/2978/2529 2952/2981/2533
f 3089/3037/2594 3039/3041/2598 3040/3038/2595
f 3041/3040/2597 3042/3108/2668 3040/3038/2595
f 3043/3042/2599 3044/3046/2603 3085/3043/2600
f 3045/3045/2602 3046/3104/2664 3044/3046/2603
f 3084/3047/2604 3047/3051/2608 3048/3048/2605
f 3049/3050/2607 3050/3100/2660 3048/3048/2605
f 3051/3052/2609 3052/3056/2613 3078/3053/2610
f 3053/3055/2612 3054/3096/2656 3052/3056/2613
f 3055/3057/2614 3056/3061/2618 3074/3058/2615
f 3057/3060/2617 3058/3091/2651 3056/3061/2618
f 3059/3062/2619 3060/3066/2623 3070/3063/2620
f 3061/3065/2622 3062/3118/3107 3060/3066/2623
f 3100/3067/2624 3063/3070/2627 3064/3068/2625
f 3063/3070/2627 3065/3084/2644 3066/3071/2628
f 3096/3072/2629 3067/3076/2633 3068/3073/2630
f 3038/3075/2632 3092/3078/2638 3068/3073/2630
f 3101/3037/2634 3162/3039/2742 3106/3038/2635
f 3090/3077/2637 3008/3110/2670 3039/3041/2598
f 3092/3078/2638 3005/3138/3108 3035/3079/2639
f 3036/3080/2640 3006/3146/3109 3038/3075/2632
f 3093/3074/2631 3068/3073/2630 3035/3079/2639
f 3096/3072/2629 3034/3114/3110 3036/3080/2640
f 3066/3071/2628 3094/3151/3111 3031/3082/2642
f 3032/3083/2643 3095/3157/3112 3065/3084/2644
f 3097/3069/2626 3064/3068/2625 3031/3082/2642
f 3100/3067/2624 3030/3133/3113 3032/3083/2643
f 3060/3066/2623 3062/3118/3107 3098/3086/2646
f 3059/3062/2619 3028/3120/3114 3099/3088/2648
f 3070/3063/2620 3060/3066/2623 3027/3087/2647
f 3026/3090/2650 3028/3120/3114 3059/3062/2619
f 3058/3091/2651 3025/3156/3115 3023/3092/2652
f 3024/3093/2653 3071/3163/3116 3057/3060/2617
f 3074/3058/2615 3056/3061/2618 3023/3092/2652
f 3022/3095/2655 3024/3093/2653 3055/3057/2614
f 3054/3096/2656 3021/3165/3117 3019/3097/2657
f 3020/3098/2658 3075/3170/3118 3053/3055/2612
f 3078/3053/2610 3052/3056/2613 3019/3097/2657
f 3080/3054/2611 3018/3121/3119 3020/3098/2658
f 3050/3100/2660 3017/3124/3120 3015/3101/2661
f 3016/3102/2662 3079/3131/3121 3049/3050/2607
f 3082/3049/2606 3048/3048/2605 3015/3101/2661
f 3084/3047/2604 3014/3122/3122 3016/3102/2662
f 3046/3104/2664 3013/3132/3123 3011/3105/2665
f 3012/3106/2666 3083/3139/3124 3045/3045/2602
f 3085/3043/2600 3044/3046/2603 3011/3105/2665
f 3088/3044/2601 3010/3123/3125 3012/3106/2666
f 3042/3108/2668 3086/3141/3126 3007/3109/2669
f 3008/3110/2670 3087/3145/3127 3041/3040/2597
f 3037/3039/2596 3040/3038/2595 3007/3109/2669
f 3106/3038/2635 3166/3108/2740 3165/3040/2672
f 3109/3043/2673 3113/3046/2736 3167/3042/2674
f 3167/3042/2674 3113/3046/2736 3170/3104/2676
f 3116/3049/2678 3121/3048/2681 3171/3051/2679
f 3121/3048/2681 3174/3100/2732 3173/3050/2682
f 3123/3053/2683 3128/3056/2728 3175/3052/2684
f 3175/3052/2684 3128/3056/2728 3178/3096/2686
f 3130/3058/2688 3135/3061/2724 3179/3057/2689
f 3179/3057/2689 3135/3061/2724 3182/3091/2691
f 3180/3064/2693 3137/3063/2720 3142/3066/2694
f 3142/3066/2694 3186/3118/2717 3185/3112/2696
f 3184/3113/2697 3145/3115/2714 3149/3068/2698
f 3149/3068/2698 3190/3071/2712 3189/3084/2700
f 3153/3074/2701 3157/3073/2708 3191/3076/2702
f 3191/3076/2702 3157/3073/2708 3161/3078/2704
f 3163/3041/2636 3105/3110/2741 3102/3077/2706
f 3158/3079/2707 3160/3138/3128 3161/3078/2704
f 3192/3075/2705 3159/3146/3129 3155/3080/2709
f 3153/3074/2701 3154/3081/3130 3158/3079/2707
f 3188/3072/2703 3191/3076/2702 3155/3080/2709
f 3150/3082/2711 3151/3151/3131 3190/3071/2712
f 3189/3084/2700 3152/3157/3132 3147/3083/2713
f 3145/3115/2714 3146/3085/3133 3150/3082/2711
f 3184/3113/2697 3187/3070/2699 3147/3083/2713
f 3142/3066/2694 3139/3087/2721 3143/3117/2716
f 3183/3062/2695 3185/3112/2696 3144/3119/2718
f 3137/3063/2720 3138/3089/3134 3139/3087/2721
f 3183/3062/2695 3140/3120/2719 3141/3090/2722
f 3132/3092/2723 3193/3156/3135 3182/3091/2691
f 3181/3060/2692 3136/3163/3136 3133/3093/2725
f 3130/3058/2688 3131/3094/3137 3132/3092/2723
f 3179/3057/2689 3133/3093/2725 3134/3095/2726
f 3125/3097/2727 3194/3165/3138 3178/3096/2686
f 3177/3055/2687 3129/3170/3139 3126/3098/2729
f 3123/3053/2683 3124/3099/3140 3125/3097/2727
f 3172/3054/2685 3175/3052/2684 3126/3098/2729
f 3118/3101/2731 3195/3124/3141 3174/3100/2732
f 3173/3050/2682 3122/3131/3142 3119/3102/2733
f 3116/3049/2678 3117/3103/3143 3118/3101/2731
f 3168/3047/2680 3171/3051/2679 3119/3102/2733
f 3114/3105/2735 3196/3132/3144 3170/3104/2676
f 3169/3045/2677 3115/3139/3145 3111/3106/2737
f 3109/3043/2673 3110/3107/3146 3114/3105/2735
f 3164/3044/2675 3167/3042/2674 3111/3106/2737
f 3104/3109/2739 3107/3141/3147 3166/3108/2740
f 3165/3040/2672 3108/3145/3148 3105/3110/2741
f 3162/3039/2742 3103/3111/3149 3104/3109/2739
f 3050/3100/2743 3174/3100/3150 3195/3124/2744
f 3057/3060/2745 3181/3060/3151 3182/3091/2746
f 3119/3125/2748 3122/3297/3152 3079/3126/2749
f 3123/3053/2750 3172/3054/3153 3080/3054/2751
f 3034/3128/2753 3156/3298/3154 3155/3129/2754
f 3124/3099/2756 3123/3053/2750 3078/3053/2752
f 3122/3131/2758 3173/3050/2860 3049/3050/2759
f 3125/3097/2761 3124/3099/3155 3077/3099/2762
f 3013/3132/2764 3196/3132/3156 3114/3105/2765
f 3100/3067/2767 3184/3113/3157 3148/3116/2768
f 3018/3134/2770 3127/3299/3158 3126/3135/2771
f 3046/3104/2773 3170/3104/2836 3196/3132/2774
f 3061/3065/2776 3185/3112/3159 3186/3118/2777
f 3155/3129/2754 3159/3300/2779 3006/3137/2779
f 3116/3049/2780 3168/3047/3160 3084/3047/2781
f 3092/3078/2783 3161/3078/2822 3160/3138/2784
f 3115/3139/2786 3169/3045/3161 3045/3045/2787
f 3162/3039/2789 3101/3037/3162 3089/3037/2790
f 3126/3135/2771 3129/3301/2792 3075/3140/2792
f 3042/3108/2793 3166/3108/3163 3107/3141/2794
f 3096/3072/2795 3188/3072/3164 3156/3114/2796
f 3131/3094/2797 3130/3058/2888 3074/3058/2798
f 3109/3043/2799 3164/3044/3165 3088/3044/2800
f 3189/3084/2802 3190/3071/3166 3066/3071/2803
f 3132/3092/2805 3131/3094/2806 3073/3094/2806
f 3114/3105/2765 3110/3107/3167 3009/3107/2807
f 3088/3044/2800 3164/3044/3165 3112/3123/2808
f 3022/3142/2809 3134/3302/3168 3133/3143/2810
f 3108/3145/2812 3165/3040/2816 3041/3040/2813
f 3089/3037/2790 3101/3037/3162 3102/3077/2815
f 3165/3040/2816 3166/3108/3163 3042/3108/2793
f 3159/3146/2817 3192/3075/3169 3038/3075/2818
f 3104/3109/2820 3103/3111/2821 3091/3111/2821
f 3038/3075/2818 3192/3075/3169 3161/3078/2822
f 3090/3147/2823 3102/3303/3170 3105/3148/2824
f 3133/3143/2810 3136/3304/2826 3071/3150/2826
f 3005/3138/2827 3160/3138/3171 3158/3079/2828
f 3084/3047/2781 3168/3047/3160 3120/3122/2830
f 3138/3089/2832 3137/3063/2863 3070/3063/2833
f 3103/3111/2834 3162/3039/2789 3037/3039/2791
f 3086/3141/2835 3107/3141/3172 3104/3109/2820
f 3045/3045/2787 3169/3045/3161 3170/3104/2836
f 3139/3087/2837 3138/3089/2838 3069/3089/2838
f 3066/3071/2803 3190/3071/3166 3151/3151/2839
f 3105/3148/2824 3108/3305/2840 3087/3152/2840
f 3026/3153/2841 3141/3306/3173 3140/3154/2842
f 3153/3074/2844 3188/3072/3164 3096/3072/2795
f 3110/3107/2846 3109/3043/2799 3085/3043/2801
f 3158/3079/2828 3154/3081/2848 3033/3081/2848
f 3025/3156/2849 3193/3156/2849 3132/3092/2805
f 3080/3054/2751 3172/3054/3153 3127/3121/2850
f 3143/3117/2852 3139/3087/2837 3027/3087/2837
f 3152/3157/2853 3189/3084/2802 3065/3084/2804
f 3010/3158/2855 3112/3307/2855 3111/3159/2856
f 3058/3091/2747 3182/3091/2746 3193/3156/2858
f 3173/3050/2860 3174/3100/3150 3050/3100/2743
f 3028/3155/2843 3140/3154/2842 3144/3161/2861
f 3062/3118/2778 3186/3118/2777 3143/3117/2862
f 3137/3063/2863 3180/3064/3174 3072/3064/2864
f 3146/3085/2865 3145/3115/2867 3097/3069/2866
f 3145/3115/2867 3184/3113/3157 3100/3067/2767
f 3136/3163/2868 3181/3060/3151 3057/3060/2745
f 3150/3082/2869 3146/3085/2870 3029/3085/2870
f 3111/3159/2856 3115/3308/2872 3083/3164/2872
f 3021/3165/2873 3194/3165/2873 3125/3097/2761
f 3076/3059/2874 3176/3059/3175 3134/3095/2875
f 3148/3166/2876 3147/3171/2892 3032/3167/2877
f 3144/3119/2878 3185/3112/3159 3061/3065/2776
f 3117/3103/2879 3116/3049/2780 3082/3049/2782
f 3054/3096/2881 3178/3096/3176 3194/3165/2882
f 3177/3055/2883 3178/3096/3176 3054/3096/2881
f 3118/3101/2885 3117/3103/2886 3081/3103/2886
f 3130/3058/2888 3176/3059/3175 3076/3059/2874
f 3094/3151/2889 3151/3151/2889 3150/3082/2869
f 3014/3169/2890 3120/3309/3177 3119/3125/2748
f 3129/3170/2891 3177/3055/2883 3053/3055/2884
f 3147/3171/2892 3152/3310/3178 3095/3172/2893
f 3017/3124/2894 3195/3124/3179 3118/3101/2885
f 3072/3064/2864 3180/3064/3174 3141/3090/2895
f 3154/3081/2896 3153/3074/2844 3093/3074/2845
