# Blender 4.5.0
# www.blender.org
mtllib LCDMonitor.mtl
o Cube
v 1.000000 1.000000 -1.000000
v 1.000000 -1.000000 -1.000000
v 1.000000 1.000000 1.000000
v 1.000000 -1.000000 1.000000
v -1.000000 1.000000 -1.000000
v -1.000000 -1.000000 -1.000000
v -1.000000 1.000000 1.000000
v -1.000000 -1.000000 1.000000
vn -0.0000 1.0000 -0.0000
vn -0.0000 -0.0000 1.0000
vn -1.0000 -0.0000 -0.0000
vn -0.0000 -1.0000 -0.0000
vn 1.0000 -0.0000 -0.0000
vn -0.0000 -0.0000 -1.0000
vt 0.625000 0.500000
vt 0.875000 0.500000
vt 0.875000 0.750000
vt 0.625000 0.750000
vt 0.375000 0.750000
vt 0.625000 1.000000
vt 0.375000 1.000000
vt 0.375000 0.000000
vt 0.625000 0.000000
vt 0.625000 0.250000
vt 0.375000 0.250000
vt 0.125000 0.500000
vt 0.375000 0.500000
vt 0.125000 0.750000
s 0
usemtl Material
f 1/1/1 5/2/1 7/3/1 3/4/1
f 4/5/2 3/4/2 7/6/2 8/7/2
f 8/8/3 7/9/3 5/10/3 6/11/3
f 6/12/4 2/13/4 4/5/4 8/14/4
f 2/13/5 1/1/5 3/4/5 4/5/5
f 6/11/6 5/10/6 1/1/6 2/13/6
o 10120_LCD_Computer_Monitor_v01_max2011_it2
v 21.684999 -0.342997 35.618099
v 21.570999 -0.342997 35.706799
v 21.621700 -0.342997 35.554699
v 21.773701 -0.342997 35.504101
v 21.438000 -0.342997 35.776402
v 21.466499 -0.342997 35.602200
v 21.669201 -0.342997 35.399601
v 21.843300 -0.342997 35.371101
v 21.494200 -0.342997 35.427299
v 21.292299 -0.342997 35.833401
v 21.140301 -0.342997 35.884102
v 21.140301 -0.342997 35.681400
v 21.305000 -0.342997 35.643398
v 21.140301 -0.342997 35.478699
v 21.317600 -0.342997 35.453400
v 21.140301 -0.342997 35.073399
v 21.343000 -0.342997 35.073399
v 21.330299 -0.342997 35.263401
v 21.140301 -0.342997 35.276100
v 21.545700 -0.342997 35.073399
v 21.520300 -0.342997 35.250702
v 21.748301 -0.342997 35.073399
v 21.951000 -0.342997 35.073399
v 21.900299 -0.342997 35.225399
v 21.710300 -0.342997 35.238098
v 21.824301 1.130901 8.056900
v 21.824301 1.130901 14.811000
v 21.900299 0.788501 14.811000
v 21.900299 0.788501 8.056900
v 21.824301 1.130902 21.565201
v 21.900299 0.788502 21.565201
v 21.938299 0.423801 14.811000
v 21.938299 0.423801 8.056900
v 21.938299 0.423802 21.565201
v 21.824301 1.130902 28.319300
v 21.824301 1.130903 35.073399
v 21.900299 0.788503 35.073399
v 21.900299 0.788502 28.319300
v 21.938299 0.423803 35.073399
v 21.938299 0.423802 28.319300
v 21.951000 -0.342998 28.319300
v 21.951000 0.044102 28.319300
v 21.951000 0.044103 35.073399
v 21.951000 -0.342898 21.565201
v 21.951000 0.044102 21.565201
v 21.951000 -0.342899 14.811000
v 21.951000 -0.342899 8.056900
v 21.951000 0.044101 8.056900
v 21.951000 0.044101 14.811000
v 21.140301 1.130903 35.757401
v 14.742800 1.130903 35.757401
v 14.742800 0.788503 35.833401
v 21.140301 0.788503 35.833401
v 8.345400 1.130903 35.757401
v 8.345400 0.788503 35.833401
v 14.742800 0.423803 35.871399
v 21.140301 0.423803 35.871399
v 8.345400 0.423803 35.871399
v 1.947900 1.130903 35.757401
v -4.449600 1.130903 35.757401
v -4.449600 0.788503 35.833401
v 1.947900 0.788503 35.833401
v -4.449600 0.423803 35.871399
v 1.947900 0.423803 35.871399
v -4.449600 -0.342997 35.884102
v 1.947900 -0.342997 35.884102
v 1.947900 0.044103 35.884102
v -4.449600 0.044103 35.884102
v 8.345400 -0.342997 35.884102
v 8.345400 0.044103 35.884102
v 14.742800 -0.342997 35.884102
v 21.140301 0.044103 35.884102
v 14.742800 0.044103 35.884102
v -21.824301 1.130903 35.073399
v -21.824301 1.130902 28.067400
v -21.900299 0.788502 28.067400
v -21.900299 0.788503 35.073399
v -21.824301 1.130902 21.061501
v -21.900299 0.788502 21.061501
v -21.938299 0.423802 28.067400
v -21.938299 0.423803 35.073399
v -21.938299 0.423802 21.061501
v -21.824301 1.130901 14.055500
v -21.824301 1.130901 7.049500
v -21.900299 0.788501 7.049500
v -21.900299 0.788501 14.055500
v -21.938299 0.423801 7.049500
v -21.938299 0.423801 14.055500
v -21.951000 -0.342899 7.049500
v -21.951000 -0.342899 14.055500
v -21.951000 0.044101 14.055500
v -21.951000 0.044101 7.049500
v -21.951000 -0.342898 21.061501
v -21.951000 0.044102 21.061501
v -21.951000 -0.342998 28.067400
v -21.951000 -0.342997 35.073399
v -21.951000 0.044103 35.073399
v -21.951000 0.044102 28.067400
v 21.684999 -0.342899 7.512200
v 21.570999 -0.342899 7.423600
v 21.570999 -0.009199 7.423600
v 21.684999 -0.014499 7.512200
v 21.438000 -0.342899 7.353900
v 21.438000 0.004201 7.353900
v 21.569000 0.306901 7.431900
v 21.679600 0.292501 7.517600
v 21.438499 0.339401 7.364500
v 21.292299 -0.342899 7.296900
v 21.140301 -0.342899 7.246200
v 21.140301 0.044101 7.246200
v 21.292299 0.022801 7.296900
v 21.140301 0.423801 7.258900
v 21.293100 0.379601 7.308800
v 21.140301 1.130901 7.372900
v 21.300200 1.030401 7.415600
v 21.295500 0.718501 7.344400
v 21.140301 0.788501 7.296900
v 21.446600 0.928601 7.460800
v 21.439899 0.650701 7.396300
v 21.566000 0.824201 7.510900
v 21.640900 0.737401 7.556300
v 21.663401 0.556701 7.533900
v 21.562901 0.587301 7.457000
v 21.900299 -0.342899 7.904900
v 21.900299 0.022801 7.904900
v 21.843300 -0.342899 7.759200
v 21.843300 0.004201 7.759200
v 21.888500 0.379601 7.904100
v 21.832701 0.339401 7.758800
v 21.773701 -0.342899 7.626200
v 21.773701 -0.009199 7.626200
v 21.765301 0.306901 7.628300
v 21.686300 0.824201 7.631200
v 21.740200 0.587301 7.634300
v 21.736401 0.928601 7.750600
v 21.800900 0.650701 7.757300
v 21.781601 1.030401 7.897000
v 21.852800 0.718501 7.901700
v -21.781601 1.013300 6.888900
v -21.852800 0.711601 6.894100
v -21.736401 0.893101 6.741600
v -21.800900 0.634101 6.749100
v -21.888500 0.377901 6.896700
v -21.832701 0.333100 6.750900
v -21.686300 0.767700 6.621100
v -21.640900 0.664301 6.545000
v -21.663401 0.500200 6.523000
v -21.740200 0.555300 6.625100
v -21.679600 0.257000 6.507200
v -21.765301 0.290301 6.619500
v -21.684999 -0.342900 6.501900
v -21.773701 -0.342900 6.617700
v -21.773701 -0.016000 6.617700
v -21.684999 -0.031600 6.501900
v -21.843300 -0.342900 6.751600
v -21.843300 0.002501 6.751600
v -21.900299 -0.342900 6.897500
v -21.900299 0.022801 6.897500
v -21.900299 -0.342997 35.225399
v -21.900299 0.029003 35.225399
v -21.843300 -0.342997 35.371101
v -21.843300 0.015703 35.371101
v -21.888500 0.391203 35.226200
v -21.832701 0.360703 35.371601
v -21.773701 -0.342997 35.504101
v -21.684999 -0.342997 35.618099
v -21.684999 0.002403 35.618099
v -21.773701 0.006203 35.504101
v -21.679600 0.322903 35.612701
v -21.765301 0.334803 35.502102
v -21.640900 0.774903 35.574001
v -21.686300 0.861103 35.499100
v -21.740200 0.622103 35.495998
v -21.663401 0.593603 35.596401
v -21.736401 0.959003 35.379700
v -21.800900 0.678603 35.373001
v -21.781601 1.047303 35.233299
v -21.852800 0.733803 35.228600
v -21.621700 -0.342997 35.554699
v -21.570999 -0.342997 35.706799
v -21.669201 -0.342997 35.399601
v -21.466499 -0.342997 35.602200
v -21.438000 -0.342997 35.776402
v -21.494200 -0.342997 35.427299
v -21.748301 -0.342997 35.073399
v -21.710300 -0.342997 35.238098
v -21.545700 -0.342997 35.073399
v -21.520300 -0.342997 35.250702
v -21.140301 -0.342997 35.073399
v -21.140301 -0.342997 35.276100
v -21.330299 -0.342997 35.263401
v -21.343000 -0.342997 35.073399
v -21.140301 -0.342997 35.478699
v -21.317600 -0.342997 35.453400
v -21.140301 -0.342997 35.681400
v -21.140301 -0.342997 35.884102
v -21.292299 -0.342997 35.833401
v -21.305000 -0.342997 35.643398
v -16.967600 -0.342997 35.681400
v -16.967600 -0.342997 35.884102
v -16.967600 -0.342997 35.478699
v -12.794900 -0.342997 35.681400
v -12.794900 -0.342997 35.884102
v -12.794900 -0.342997 35.478699
v -16.967600 -0.342997 35.073399
v -16.967600 -0.342997 35.276100
v -12.794900 -0.342997 35.073399
v -12.794900 -0.342997 35.276100
v -4.449600 -0.342997 35.073399
v -4.449600 -0.342997 35.276100
v -8.622300 -0.342997 35.276100
v -8.622300 -0.342997 35.073399
v -4.449600 -0.342997 35.478699
v -8.622300 -0.342997 35.478699
v -4.449600 -0.342997 35.681400
v -8.622300 -0.342997 35.884102
v -8.622300 -0.342997 35.681400
v -21.748301 -0.342899 7.049500
v -21.748301 -0.342899 14.055500
v -21.545700 -0.342899 7.049500
v -21.545700 -0.342899 14.055500
v -21.748301 -0.342898 21.061501
v -21.545700 -0.342898 21.061501
v -21.343000 -0.342899 7.049500
v -21.140301 -0.342899 7.049500
v -21.140301 -0.342899 14.055500
v -21.343000 -0.342899 14.055500
v -21.140301 -0.342898 21.061501
v -21.343000 -0.342898 21.061501
v -21.343000 -0.342998 28.067400
v -21.140301 -0.342998 28.067400
v -21.545700 -0.342998 28.067400
v -21.748301 -0.342998 28.067400
v -16.967600 -0.342899 7.301400
v -16.967600 -0.342899 14.244400
v -12.794900 -0.342899 7.553200
v -12.794900 -0.342899 14.433300
v -16.967600 -0.342898 21.187401
v -12.794900 -0.342898 21.313299
v -8.622300 -0.342899 7.805100
v -4.449600 -0.342899 8.056900
v -4.449600 -0.342899 14.811000
v -8.622300 -0.342899 14.622200
v -4.449600 -0.342898 21.565201
v -8.622300 -0.342898 21.439199
v -8.622300 -0.342998 28.256300
v -4.449600 -0.342998 28.319300
v -12.794900 -0.342998 28.193399
v -16.967600 -0.342998 28.130400
v 21.140301 -0.342899 8.056900
v 21.343000 -0.342899 8.056900
v 21.343000 -0.342899 14.811000
v 21.140301 -0.342899 14.811000
v 21.545700 -0.342899 8.056900
v 21.545700 -0.342899 14.811000
v 21.343000 -0.342898 21.565201
v 21.140301 -0.342898 21.565201
v 21.545700 -0.342898 21.565201
v 21.748301 -0.342899 8.056900
v 21.748301 -0.342899 14.811000
v 21.748301 -0.342898 21.565201
v 21.748301 -0.342998 28.319300
v 21.545700 -0.342998 28.319300
v 21.140301 -0.342998 28.319300
v 21.343000 -0.342998 28.319300
v -21.710300 -0.342900 6.883700
v -21.669201 -0.342900 6.720800
v -21.520300 -0.342900 6.869800
v -21.494200 -0.342900 6.690900
v -21.570999 -0.342900 6.410200
v -21.621700 -0.342900 6.564000
v -21.438000 -0.342900 6.336700
v -21.466499 -0.342900 6.513400
v -21.140301 -0.342900 6.219900
v -21.140301 -0.342900 6.427300
v -21.305000 -0.342900 6.468800
v -21.292299 -0.342900 6.275300
v -21.140301 -0.342900 6.634700
v -21.317600 -0.342900 6.662400
v -21.140301 -0.342900 6.842100
v -21.330299 -0.342900 6.856000
v -16.145599 -0.342900 6.539700
v -16.827299 -0.342900 6.697600
v -12.163500 -0.342900 6.793900
v -12.584500 -0.342899 6.960500
v -16.932501 -0.342900 6.892700
v -12.742300 -0.342899 7.148700
v -8.321800 -0.342899 7.020200
v -4.449600 -0.342899 7.246200
v -4.449600 -0.342899 7.448900
v -8.481900 -0.342899 7.208400
v -4.449600 -0.342899 7.651600
v -8.587200 -0.342899 7.401100
v -8.622300 -0.342899 7.601200
v -4.449600 -0.342899 7.854200
v -12.794900 -0.342899 7.348200
v -16.967600 -0.342899 7.095100
v 21.140301 -0.342899 7.854200
v 21.330299 -0.342899 7.866900
v 21.140301 -0.342899 7.651600
v 21.317600 -0.342899 7.676900
v 21.520300 -0.342899 7.879600
v 21.494200 -0.342899 7.703000
v 21.140301 -0.342899 7.448900
v 21.305000 -0.342899 7.486900
v 21.466499 -0.342899 7.528100
v 21.621700 -0.342899 7.575600
v 21.669201 -0.342899 7.730700
v 21.710300 -0.342899 7.892200
v 21.640900 0.774903 35.574001
v 21.686300 0.861103 35.499100
v 21.591400 1.044503 35.524502
v 21.566000 0.861103 35.619400
v 21.736401 0.959003 35.379700
v 21.627600 1.191703 35.396000
v 21.462900 1.191703 35.560600
v 21.446600 0.959003 35.669498
v 21.484800 1.389903 35.417900
v 21.781601 1.047303 35.233299
v 21.697701 1.443403 35.073399
v 21.662800 1.321803 35.241199
v 21.533001 1.733603 35.073399
v 21.508400 1.567003 35.251499
v 21.140301 2.276603 35.073399
v 21.140301 2.008803 35.276100
v 21.330299 1.792803 35.263401
v 21.343000 2.008803 35.073399
v 21.140301 1.733603 35.466099
v 21.318399 1.567003 35.441502
v 21.140301 1.443403 35.630798
v 21.300200 1.047303 35.714699
v 21.308100 1.321803 35.595901
v -21.140301 0.767300 6.219900
v -17.370199 0.767300 6.219900
v -17.370199 0.489700 6.219900
v -21.140301 0.489700 6.219900
v -13.600200 0.767300 6.219900
v -13.600200 0.489700 6.219900
v -17.370199 0.212200 6.219900
v -21.140301 0.212200 6.219900
v -13.600200 0.212200 6.219900
v -9.830100 0.767300 6.219900
v -6.060000 0.767300 6.219900
v -6.060000 0.489700 6.219900
v -9.830100 0.489700 6.219900
v -6.060000 0.212200 6.219900
v -9.830100 0.212200 6.219900
v -6.060000 -0.342900 6.219900
v -9.830100 -0.342900 6.219900
v -9.830100 -0.065400 6.219900
v -6.060000 -0.065400 6.219900
v -13.600200 -0.342900 6.219900
v -13.600200 -0.065400 6.219900
v -17.370199 -0.342900 6.219900
v -21.140301 -0.065400 6.219900
v -17.370199 -0.065400 6.219900
v -21.566000 0.718100 6.497900
v -21.562901 0.493700 6.443600
v -21.446600 0.765601 6.435300
v -21.439899 0.504300 6.373200
v -21.569000 0.240700 6.418600
v -21.438499 0.232200 6.345800
v -21.300200 0.785800 6.357400
v -21.295500 0.500600 6.297700
v -21.293100 0.222500 6.280900
v -21.292299 -0.059300 6.275300
v -21.438000 -0.052300 6.336700
v -21.570999 -0.043400 6.410200
v 21.663401 0.593603 35.596401
v 21.740200 0.622103 35.495998
v 21.679600 0.322903 35.612701
v 21.765301 0.334803 35.502102
v 21.800900 0.678603 35.373001
v 21.832701 0.360703 35.371601
v 21.684999 0.002403 35.618099
v 21.773701 0.006203 35.504101
v 21.843300 0.015703 35.371101
v 21.900299 0.029003 35.225399
v 21.888500 0.391203 35.226200
v 21.852800 0.733803 35.228600
v -21.562901 0.622103 35.673302
v -21.566000 0.861103 35.619400
v -21.569000 0.334803 35.698399
v -21.439899 0.678603 35.734001
v -21.446600 0.959003 35.669498
v -21.438499 0.360703 35.765800
v -21.570999 0.006203 35.706799
v -21.438000 0.015703 35.776402
v -21.140301 0.044103 35.884102
v -21.292299 0.029003 35.833401
v -21.140301 0.423803 35.871399
v -21.293100 0.391203 35.821602
v -21.140301 0.788503 35.833401
v -21.140301 1.130903 35.757401
v -21.300200 1.047303 35.714699
v -21.295500 0.733803 35.785900
v 21.295500 0.733803 35.785900
v 21.293100 0.391203 35.821602
v 21.439899 0.678603 35.734001
v 21.438499 0.360703 35.765800
v 21.292299 0.029003 35.833401
v 21.438000 0.015703 35.776402
v 21.570999 0.006203 35.706799
v 21.569000 0.334803 35.698399
v 21.562901 0.622103 35.673302
v -21.591400 1.044503 35.524502
v -21.462900 1.191703 35.560600
v -21.627600 1.191703 35.396000
v -21.484800 1.389903 35.417900
v -21.140301 1.443403 35.630798
v -21.308100 1.321803 35.595901
v -21.140301 1.733603 35.466099
v -21.318399 1.567003 35.441502
v -21.140301 2.276603 35.073399
v -21.343000 2.008803 35.073399
v -21.330299 1.792803 35.263401
v -21.140301 2.008803 35.276100
v -21.533001 1.733603 35.073399
v -21.508400 1.567003 35.251499
v -21.697701 1.443403 35.073399
v -21.662800 1.321803 35.241199
v -16.967600 1.130903 35.757401
v -16.967600 1.443403 35.630798
v -12.794900 1.130903 35.757401
v -12.794900 1.443403 35.630798
v -16.967600 1.733603 35.466099
v -12.794900 1.733603 35.466099
v -8.622300 1.130903 35.757401
v -4.449600 1.443403 35.630798
v -8.622300 1.443403 35.630798
v -4.449600 1.733603 35.466099
v -8.622300 1.733603 35.466099
v -4.449600 2.276603 35.073399
v -8.622300 2.276603 35.073399
v -8.622300 2.008803 35.276100
v -4.449600 2.008803 35.276100
v -12.794900 2.276603 35.073399
v -12.794900 2.008803 35.276100
v -16.967600 2.276603 35.073399
v -16.967600 2.008803 35.276100
v -21.697701 1.443401 14.055500
v -21.697701 1.443401 7.049500
v -21.697701 1.443402 21.061501
v -21.533001 1.733601 14.055500
v -21.533001 1.733600 7.049500
v -21.533001 1.733602 21.061501
v -21.697701 1.443402 28.067400
v -21.533001 1.733602 28.067400
v -21.140301 2.276602 28.067400
v -21.343000 2.008802 28.067400
v -21.140301 2.276602 21.061501
v -21.343000 2.008802 21.061501
v -21.140301 2.276601 14.055500
v -21.140301 2.276600 7.049500
v -21.343000 2.008801 7.049500
v -21.343000 2.008801 14.055500
v -16.967600 2.276601 14.244400
v -16.967600 2.276600 7.301400
v -16.967600 2.276602 21.187401
v -12.794900 2.276601 14.433300
v -12.794900 2.276600 7.553200
v -12.794900 2.276602 21.313299
v -16.967600 2.276602 28.130400
v -12.794900 2.276602 28.193399
v -4.449600 2.276602 28.319300
v -8.622300 2.276602 28.256300
v -4.449600 2.276602 21.565201
v -8.622300 2.276602 21.439199
v -4.449600 2.276601 14.811000
v -4.449600 2.276601 8.056900
v -8.622300 2.276600 7.805100
v -8.622300 2.276601 14.622200
v 21.140301 2.276601 8.056900
v 21.140301 2.276601 14.811000
v 21.343000 2.008801 14.811000
v 21.343000 2.008801 8.056900
v 21.140301 2.276602 21.565201
v 21.343000 2.008802 21.565201
v 21.533001 1.733601 14.811000
v 21.533001 1.733601 8.056900
v 21.533001 1.733602 21.565201
v 21.140301 2.276602 28.319300
v 21.343000 2.008802 28.319300
v 21.533001 1.733602 28.319300
v 21.697701 1.443402 28.319300
v 21.697701 1.443402 21.565201
v 21.697701 1.443401 8.056900
v 21.697701 1.443401 14.811000
v -21.662800 1.272200 6.880200
v -21.508400 1.499000 6.869000
v -21.627600 1.097600 6.724000
v -21.484800 1.261400 6.698700
v -21.140301 1.899300 6.842100
v -21.330299 1.704500 6.856000
v -21.140301 1.521901 6.634700
v -21.318399 1.398301 6.668000
v -21.308100 1.088601 6.491300
v -21.140301 1.144601 6.427300
v -21.462900 1.017401 6.549000
v -21.591400 0.916101 6.594000
v -16.827299 1.262501 6.697600
v -16.145599 1.013400 6.539700
v -16.932501 1.585600 6.892700
v -12.584500 1.362600 6.960500
v -12.163500 1.137200 6.793900
v -12.742300 1.644901 7.148700
v -16.967600 1.926700 7.095100
v -12.794900 1.954001 7.348200
v -4.449600 2.008801 7.854200
v -8.622300 1.981401 7.601200
v -4.449600 1.741001 7.651600
v -8.587200 1.695201 7.401100
v -4.449600 1.473201 7.448900
v -4.449600 1.205401 7.246200
v -8.321800 1.205101 7.020200
v -8.481900 1.426801 7.208400
v 21.330299 1.786601 7.866900
v 21.140301 2.008801 7.854200
v 21.508400 1.555501 7.878800
v 21.318399 1.555501 7.688800
v 21.140301 1.733601 7.664200
v 21.484800 1.368501 7.712400
v 21.662800 1.306401 7.889100
v 21.627600 1.163701 7.734300
v 21.591400 1.009701 7.605800
v 21.462900 1.163701 7.569700
v 21.140301 1.443401 7.499600
v 21.308100 1.306401 7.534400
v -8.622300 0.788503 35.833401
v -12.794900 0.788503 35.833401
v -8.622300 0.423803 35.871399
v -12.794900 0.423803 35.871399
v -16.967600 0.788503 35.833401
v -16.967600 0.423803 35.871399
v -16.967600 0.044103 35.884102
v -12.794900 0.044103 35.884102
v -8.622300 0.044103 35.884102
v 1.947900 -0.342997 35.073399
v 1.947900 -0.342997 35.276100
v 8.345400 -0.342997 35.073399
v 8.345400 -0.342997 35.276100
v 1.947900 -0.342997 35.478699
v 8.345400 -0.342997 35.478699
v 14.742800 -0.342997 35.073399
v 14.742800 -0.342997 35.276100
v 14.742800 -0.342997 35.478699
v 14.742800 -0.342997 35.681400
v 8.345400 -0.342997 35.681400
v 1.947900 -0.342997 35.681400
v 1.947900 -0.342899 8.056900
v 1.947900 -0.342899 14.811000
v 8.345400 -0.342899 8.056900
v 8.345400 -0.342899 14.811000
v 1.947900 -0.342898 21.565201
v 8.345400 -0.342898 21.565201
v 14.742800 -0.342899 8.056900
v 14.742800 -0.342899 14.811000
v 14.742800 -0.342898 21.565201
v 14.742800 -0.342998 28.319300
v 8.345400 -0.342998 28.319300
v 1.947900 -0.342998 28.319300
v 1.947900 -0.342899 7.246200
v 1.947900 -0.342899 7.448900
v 8.345400 -0.342899 7.246200
v 8.345400 -0.342899 7.448900
v 1.947900 -0.342899 7.651600
v 8.345400 -0.342899 7.651600
v 14.742800 -0.342899 7.246200
v 14.742800 -0.342899 7.448900
v 14.742800 -0.342899 7.651600
v 14.742800 -0.342899 7.854200
v 8.345400 -0.342899 7.854200
v 1.947900 -0.342899 7.854200
v 1.947900 1.153201 7.334900
v 1.947900 0.803401 7.271500
v -4.449600 0.818301 7.246200
v 8.345400 1.136501 7.363400
v 8.345400 0.792201 7.290500
v 1.947900 0.427501 7.252500
v -4.449600 0.431201 7.246200
v 8.345400 0.424701 7.257300
v 14.742800 1.130901 7.372900
v 14.742800 0.788501 7.296900
v 14.742800 0.423801 7.258900
v 14.742800 0.044101 7.246200
v 8.345400 0.044101 7.246200
v -4.449600 0.044101 7.246200
v 1.947900 0.044101 7.246200
v 1.947900 1.443403 35.630798
v 8.345400 1.443403 35.630798
v 1.947900 1.733603 35.466099
v 8.345400 1.733603 35.466099
v 14.742800 1.443403 35.630798
v 14.742800 1.733603 35.466099
v 14.742800 2.276603 35.073399
v 14.742800 2.008803 35.276100
v 8.345400 2.276603 35.073399
v 8.345400 2.008803 35.276100
v 1.947900 2.276603 35.073399
v 1.947900 2.008803 35.276100
v 1.947900 2.276602 28.319300
v 8.345400 2.276602 28.319300
v 1.947900 2.276602 21.565201
v 8.345400 2.276602 21.565201
v 14.742800 2.276602 28.319300
v 14.742800 2.276602 21.565201
v 14.742800 2.276601 8.056900
v 14.742800 2.276601 14.811000
v 8.345400 2.276601 8.056900
v 8.345400 2.276601 14.811000
v 1.947900 2.276601 8.056900
v 1.947900 2.276601 14.811000
v 1.947900 2.008801 7.854200
v 8.345400 2.008801 7.854200
v 1.947900 1.737301 7.657900
v 8.345400 1.734501 7.662600
v 14.742800 2.008801 7.854200
v 14.742800 1.733601 7.664200
v 14.742800 1.443401 7.499600
v 8.345400 1.447101 7.493200
v 1.947900 1.458301 7.474200
v -14.381000 0.894300 6.448600
v -11.321700 0.998900 6.659200
v -11.849400 0.858400 6.416000
v -10.456400 0.937200 6.571900
v -4.852200 1.095901 6.989600
v -8.122000 1.058600 6.833500
v -5.254800 0.986401 6.733000
v -8.198300 0.954201 6.640600
v -8.866200 0.858600 6.433700
v -5.657400 0.876800 6.476500
v -4.852200 0.736201 6.989600
v -4.852200 0.376501 6.989600
v -5.254800 0.654001 6.733000
v -5.254800 0.321701 6.733000
v -4.852200 -0.342899 6.989600
v -4.852200 0.016801 6.989600
v -5.254800 -0.342900 6.733000
v -5.254800 -0.010599 6.733000
v -5.657400 -0.038000 6.476500
v -5.657400 -0.342900 6.476500
v -5.657400 0.266900 6.476500
v -5.657400 0.571900 6.476500
v -8.122000 -0.342900 6.833500
v -11.321700 -0.342900 6.659200
v -8.198300 -0.342900 6.640600
v -10.456400 -0.342900 6.571900
v -14.381000 -0.342900 6.448600
v -11.849400 -0.342900 6.416000
v -8.866200 -0.342900 6.433700
v -12.787800 -1.718400 0.723400
v -6.067500 -1.718400 0.723400
v -6.067500 -1.973700 0.545500
v -12.787800 -1.973700 0.545500
v 0.652700 -1.718400 0.723400
v 0.652700 -1.973700 0.545500
v -6.067500 -2.178600 0.364600
v -12.787800 -2.178600 0.364600
v 0.652700 -2.178600 0.364600
v 7.373000 -1.718400 0.723400
v 14.093300 -1.718400 0.723400
v 14.093300 -1.973700 0.545500
v 7.373000 -1.973700 0.545500
v 14.093300 -2.178600 0.364600
v 7.373000 -2.178600 0.364600
v 14.093300 -2.504200 -0.002300
v 7.373000 -2.504200 -0.002300
v 7.373000 -2.349800 0.181600
v 14.093300 -2.349800 0.181600
v 0.652700 -2.504200 -0.002300
v 0.652700 -2.349800 0.181600
v -6.067500 -2.504200 -0.002300
v -12.787800 -2.504200 -0.002300
v -12.787800 -2.349800 0.181600
v -6.067500 -2.349800 0.181600
v -12.787800 -0.175200 1.299900
v -6.067500 -0.175200 1.299900
v -6.067500 -0.609000 1.195000
v -12.787800 -0.609000 1.195000
v 0.652700 -0.175200 1.299900
v 0.652700 -0.609000 1.195000
v -6.067500 -1.020900 1.057700
v -12.787800 -1.020900 1.057700
v 0.652700 -1.020900 1.057700
v 7.373000 -0.175200 1.299900
v 14.093300 -0.175200 1.299900
v 14.093300 -0.609000 1.195000
v 7.373000 -0.609000 1.195000
v 14.093300 -1.020900 1.057700
v 7.373000 -1.020900 1.057700
v 7.373000 -1.395700 0.897300
v 14.093300 -1.395700 0.897300
v 0.652700 -1.395700 0.897300
v -12.787800 -1.395700 0.897300
v -6.067500 -1.395700 0.897300
v -12.787800 1.588000 1.306500
v -6.067500 1.588000 1.306500
v -6.067500 1.151200 1.365500
v -12.787800 1.151200 1.365500
v 0.652700 1.588000 1.306500
v 0.652700 1.151200 1.365500
v -6.067500 0.709000 1.384500
v -12.787800 0.709000 1.384500
v 0.652700 0.709000 1.384500
v 7.373000 1.588000 1.306500
v 14.093300 1.588000 1.306500
v 14.093300 1.151200 1.365500
v 7.373000 1.151200 1.365500
v 14.093300 0.709000 1.384500
v 7.373000 0.709000 1.384500
v 7.373000 0.265500 1.362900
v 14.093300 0.265500 1.362900
v 0.652700 0.265500 1.362900
v -12.787800 0.265500 1.362900
v -6.067500 0.265500 1.362900
v -12.787800 3.121800 0.752300
v -6.067500 3.121800 0.752300
v -6.067500 2.794100 0.923600
v -12.787800 2.794100 0.923600
v 0.652700 3.121800 0.752300
v 0.652700 2.794100 0.923600
v -6.067500 2.421400 1.078000
v -12.787800 2.421400 1.078000
v 0.652700 2.421400 1.078000
v 7.373000 3.121800 0.752300
v 14.093300 3.121800 0.752300
v 14.093300 2.794100 0.923600
v 7.373000 2.794100 0.923600
v 14.093300 2.421400 1.078000
v 7.373000 2.421400 1.078000
v 7.373000 2.015400 1.208200
v 14.093300 2.015400 1.208200
v 0.652700 2.015400 1.208200
v -12.787800 2.015400 1.208200
v -6.067500 2.015400 1.208200
v -12.787800 4.004600 -0.002300
v -6.067500 4.004600 -0.002300
v -6.067500 3.819500 0.192200
v -12.787800 3.819500 0.192200
v 0.652700 4.004600 -0.002300
v 0.652700 3.819500 0.192200
v -6.067500 3.620200 0.384300
v -12.787800 3.620200 0.384300
v 0.652700 3.620200 0.384300
v 7.373000 4.004600 -0.002300
v 14.093300 4.004600 -0.002300
v 14.093300 3.819500 0.192200
v 7.373000 3.819500 0.192200
v 14.093300 3.620200 0.384300
v 7.373000 3.620200 0.384300
v 7.373000 3.392400 0.571800
v 14.093300 3.392400 0.571800
v 0.652700 3.392400 0.571800
v -12.787800 3.392400 0.571800
v -6.067500 3.392400 0.571800
v 14.093300 -3.453000 0.748500
v 14.093300 -3.214300 0.976200
v 7.373000 -3.214300 0.976200
v 7.373000 -3.453000 0.748500
v 14.093300 -2.918700 1.212000
v 7.373000 -2.918700 1.212000
v 0.652700 -3.214300 0.976200
v 0.652700 -3.453000 0.748500
v 0.652700 -2.918700 1.212000
v 14.093300 -2.571900 1.443200
v 14.093300 -2.179500 1.656500
v 7.373000 -2.179500 1.656500
v 7.373000 -2.571900 1.443200
v 0.652700 -2.179500 1.656500
v 0.652700 -2.571900 1.443200
v -12.787800 -2.179500 1.656500
v -12.787800 -2.571900 1.443200
v -6.067500 -2.571900 1.443200
v -6.067500 -2.179500 1.656500
v -12.787800 -2.918700 1.212000
v -6.067500 -2.918700 1.212000
v -12.787800 -3.214300 0.976200
v -12.787800 -3.453000 0.748500
v -6.067500 -3.453000 0.748500
v -6.067500 -3.214300 0.976200
v 14.093300 -1.747400 1.839100
v 7.373000 -1.747400 1.839100
v 14.093300 -1.284100 1.990100
v 7.373000 -1.284100 1.990100
v 0.652700 -1.747300 1.839100
v 0.652700 -1.284100 1.990100
v 14.093300 -0.798700 2.108700
v 14.093300 -0.299800 2.193900
v 7.373000 -0.299800 2.193900
v 7.373000 -0.798700 2.108700
v 0.652700 -0.299800 2.193900
v 0.652700 -0.798700 2.108700
v -12.787800 -0.299700 2.193900
v -12.787800 -0.798700 2.108700
v -6.067500 -0.798700 2.108700
v -6.067500 -0.299800 2.193900
v -12.787800 -1.284100 1.990100
v -6.067500 -1.284100 1.990100
v -12.787800 -1.747300 1.839100
v -6.067500 -1.747300 1.839100
v 14.093300 0.203800 2.245100
v 7.373000 0.203800 2.245100
v 14.093300 0.709700 2.262100
v 7.373000 0.709700 2.262100
v 0.652700 0.203800 2.245100
v 0.652700 0.709700 2.262100
v 14.093300 1.215500 2.245100
v 14.093300 1.719100 2.193900
v 7.373000 1.719100 2.193900
v 7.373000 1.215500 2.245100
v 0.652700 1.719100 2.193900
v 0.652700 1.215500 2.245100
v -12.787800 1.719100 2.193900
v -12.787800 1.215500 2.245100
v -6.067500 1.215500 2.245100
v -6.067500 1.719100 2.193900
v -12.787800 0.709700 2.262100
v -6.067500 0.709700 2.262100
v -12.787800 0.203800 2.245100
v -6.067500 0.203800 2.245100
v 14.093300 2.218000 2.108700
v 7.373000 2.218000 2.108700
v 14.093300 2.703100 1.991300
v 7.373000 2.703100 1.991300
v 0.652700 2.218000 2.108700
v 0.652700 2.703100 1.991300
v 14.093300 3.165200 1.844100
v 14.093300 3.595200 1.668900
v 7.373000 3.595200 1.668900
v 7.373000 3.165200 1.844100
v 0.652700 3.595200 1.668900
v 0.652700 3.165200 1.844100
v -12.787800 3.595200 1.668900
v -12.787800 3.165200 1.844100
v -6.067500 3.165200 1.844100
v -6.067500 3.595200 1.668900
v -12.787800 2.703100 1.991300
v -6.067500 2.703100 1.991300
v -12.787800 2.218000 2.108700
v -6.067500 2.218000 2.108700
v 14.093300 3.983900 1.467800
v 7.373000 3.983900 1.467800
v 14.093300 4.326000 1.250200
v 7.373000 4.326000 1.250200
v 0.652700 3.983900 1.467800
v 0.652700 4.326000 1.250200
v 14.093300 4.616100 1.025400
v 14.093300 4.849000 0.802700
v 7.373000 4.849000 0.802700
v 7.373000 4.616100 1.025400
v 0.652700 4.849000 0.802700
v 0.652700 4.616100 1.025400
v -12.787800 4.849000 0.802700
v -12.787800 4.616100 1.025400
v -6.067500 4.616100 1.025400
v -6.067500 4.849000 0.802700
v -12.787800 4.326000 1.250200
v -6.067500 4.326000 1.250200
v -12.787800 3.983900 1.467800
v -6.067500 3.983900 1.467800
v 14.093300 -2.862800 -0.002300
v 7.373000 -2.862800 -0.002300
v 14.093300 -3.221300 -0.002300
v 7.373000 -3.221300 -0.002300
v 0.652700 -2.862800 -0.002300
v 0.652700 -3.221300 -0.002300
v 14.093300 -3.579800 -0.002300
v 14.093300 -3.938300 -0.002300
v 7.373000 -3.938300 -0.002300
v 7.373000 -3.579800 -0.002300
v 0.652700 -3.938300 -0.002300
v 0.652700 -3.579800 -0.002300
v -12.787800 -3.938300 -0.002300
v -12.787800 -3.579800 -0.002300
v -6.067500 -3.579800 -0.002300
v -6.067500 -3.938300 -0.002300
v -12.787800 -3.221300 -0.002300
v -6.067500 -3.221300 -0.002300
v -12.787800 -2.862800 -0.002300
v -6.067500 -2.862800 -0.002300
v -12.787800 4.234500 0.263800
v -12.787800 4.470100 0.178500
v -12.787800 4.331200 -0.002300
v -12.787800 4.432900 0.467000
v -12.787800 4.625500 0.343200
v -12.787800 4.719200 0.148100
v -12.787800 4.657800 -0.002300
v -12.787800 4.760100 0.269900
v -12.787800 4.639000 0.642000
v -12.787800 5.019200 0.591500
v -12.787800 4.814100 0.475400
v -12.787800 5.142600 0.388800
v -12.787800 4.930300 0.319300
v -12.787800 5.310900 -0.002300
v -12.787800 4.984300 -0.002300
v -12.787800 4.975100 0.159500
v -12.787800 5.234600 0.191800
v -12.787800 2.167300 1.883500
v -12.787800 1.686300 1.972100
v -12.787800 2.632700 1.763000
v -12.787800 2.116700 1.658400
v -12.787800 1.653600 1.750200
v -12.787800 2.562200 1.534700
v -12.787800 3.476900 1.439700
v -12.787800 3.072500 1.613900
v -12.787800 3.358500 1.210600
v -12.787800 2.979700 1.383800
v -12.787800 2.886900 1.153700
v -12.787800 3.240100 0.981500
v -12.787800 2.491800 1.306400
v -12.787800 1.620800 1.528400
v -12.787800 2.066000 1.433300
v -12.787800 0.219200 2.024500
v -12.787800 -0.268600 1.970400
v -12.787800 0.709500 2.042700
v -12.787800 0.234700 1.804000
v -12.787800 -0.237500 1.746900
v -12.787800 0.709300 1.823300
v -12.787800 1.199500 2.025200
v -12.787800 1.183400 1.805300
v -12.787800 1.167300 1.585400
v -12.787800 0.709200 1.603900
v -12.787800 -0.206300 1.523400
v -12.787800 0.250100 1.583400
v -12.787800 -1.659400 1.603700
v -12.787800 -2.064200 1.423300
v -12.787800 -1.218300 1.757000
v -12.787800 -1.571500 1.368200
v -12.787800 -1.948900 1.190000
v -12.787800 -1.152500 1.523900
v -12.787800 -0.751300 1.880200
v -12.787800 -0.703900 1.651800
v -12.787800 -0.656400 1.423400
v -12.787800 -1.086700 1.290800
v -12.787800 -1.833700 0.956700
v -12.787800 -1.483600 1.132700
v -12.787800 -3.021200 0.163500
v -12.787800 -2.775900 0.246200
v -12.787800 -3.291100 0.133600
v -12.787800 -3.196200 0.314500
v -12.787800 -2.998400 0.435600
v -12.787800 -3.339200 0.245100
v -12.787800 -3.856100 0.172100
v -12.787800 -3.571100 0.143000
v -12.787800 -3.758300 0.351800
v -12.787800 -3.525000 0.288900
v -12.787800 -3.224800 0.598700
v -12.787800 -3.404400 0.435800
v -12.787800 -3.629100 0.542200
v -6.067500 -3.856100 0.172100
v 0.652700 -3.856100 0.172100
v -6.067500 -3.758300 0.351800
v 0.652700 -3.758300 0.351800
v 14.093300 -3.856100 0.172100
v 7.373000 -3.856100 0.172100
v 14.093300 -3.758300 0.351800
v 7.373000 -3.758300 0.351800
v 7.373000 -3.629100 0.542200
v 14.093300 -3.629100 0.542200
v 0.652700 -3.629100 0.542200
v -6.067500 -3.629100 0.542200
v -12.787800 4.417400 0.833300
v -12.787800 4.218500 0.633100
v -12.787800 4.149700 1.037800
v -12.787800 3.973300 0.823300
v -12.787800 4.019100 0.416700
v -12.787800 3.796800 0.604800
v -12.787800 3.540300 0.795800
v -12.787800 3.688100 1.019800
v -12.787800 3.836000 1.243800
v -12.787800 -3.001800 0.792700
v -12.787800 -2.734600 1.004000
v -12.787800 -2.787400 0.601600
v -12.787800 -2.550000 0.794000
v -12.787800 -2.422300 1.218800
v -12.787800 -2.272800 0.994300
v -12.787800 -2.123300 0.769900
v -12.787800 -2.364500 0.580200
v -12.787800 -2.569500 0.395400
v -6.067500 4.331200 -0.002300
v -6.067500 4.657800 -0.002300
v 0.652700 4.331200 -0.002300
v 0.652700 4.657800 -0.002300
v -6.067500 5.310900 -0.002300
v -6.067500 4.984300 -0.002300
v 0.652700 5.310900 -0.002300
v 0.652700 4.984300 -0.002300
v 14.093300 5.310900 -0.002300
v 14.093300 4.984300 -0.002300
v 7.373000 4.984300 -0.002300
v 7.373000 5.310900 -0.002300
v 14.093300 4.657800 -0.002300
v 7.373000 4.657800 -0.002300
v 14.093300 4.331200 -0.002300
v 7.373000 4.331200 -0.002300
v -6.067500 5.234600 0.191800
v -6.067500 5.142600 0.388800
v 0.652700 5.234600 0.191800
v 0.652700 5.142600 0.388800
v -6.067500 5.019200 0.591500
v 0.652700 5.019200 0.591500
v 14.093300 5.019200 0.591500
v 7.373000 5.019200 0.591500
v 14.093300 5.142600 0.388800
v 7.373000 5.142600 0.388800
v 14.093300 5.234600 0.191800
v 7.373000 5.234600 0.191800
v 14.093300 4.470100 0.178500
v 14.093300 4.234500 0.263800
v 14.093300 4.719200 0.148100
v 14.093300 4.625500 0.343200
v 14.093300 4.432900 0.467000
v 14.093300 4.760100 0.269900
v 14.093300 4.975100 0.159500
v 14.093300 4.930300 0.319300
v 14.093300 4.639000 0.642000
v 14.093300 4.814100 0.475400
v 14.093300 1.686300 1.972100
v 14.093300 2.167300 1.883500
v 14.093300 1.653600 1.750200
v 14.093300 2.116700 1.658400
v 14.093300 2.632700 1.763000
v 14.093300 2.562200 1.534700
v 14.093300 1.620800 1.528400
v 14.093300 2.066000 1.433300
v 14.093300 2.491800 1.306400
v 14.093300 3.240100 0.981500
v 14.093300 2.886900 1.153700
v 14.093300 3.358500 1.210600
v 14.093300 2.979700 1.383800
v 14.093300 3.476900 1.439700
v 14.093300 3.072500 1.613900
v 14.093300 -0.268600 1.970400
v 14.093300 0.219200 2.024500
v 14.093300 -0.237500 1.746900
v 14.093300 0.234700 1.804000
v 14.093300 0.709500 2.042700
v 14.093300 0.709300 1.823300
v 14.093300 -0.206300 1.523400
v 14.093300 0.250100 1.583400
v 14.093300 0.709200 1.603900
v 14.093300 1.167300 1.585400
v 14.093300 1.183400 1.805300
v 14.093300 1.199500 2.025200
v 14.093300 -2.064200 1.423300
v 14.093300 -1.659400 1.603700
v 14.093300 -1.948900 1.190000
v 14.093300 -1.571500 1.368200
v 14.093300 -1.218300 1.757000
v 14.093300 -1.152500 1.523900
v 14.093300 -1.833700 0.956700
v 14.093300 -1.483600 1.132700
v 14.093300 -1.086700 1.290800
v 14.093300 -0.656400 1.423400
v 14.093300 -0.703900 1.651800
v 14.093300 -0.751300 1.880200
v 14.093300 -2.775900 0.246200
v 14.093300 -3.021200 0.163500
v 14.093300 -2.998400 0.435600
v 14.093300 -3.196200 0.314500
v 14.093300 -3.291100 0.133600
v 14.093300 -3.339200 0.245100
v 14.093300 -3.224800 0.598700
v 14.093300 -3.404400 0.435800
v 14.093300 -3.525000 0.288900
v 14.093300 -3.571100 0.143000
v 14.093300 4.417400 0.833300
v 14.093300 4.149700 1.037800
v 14.093300 4.218500 0.633100
v 14.093300 3.973300 0.823300
v 14.093300 3.836000 1.243800
v 14.093300 3.688100 1.019800
v 14.093300 3.540300 0.795800
v 14.093300 3.796800 0.604800
v 14.093300 4.019100 0.416700
v 14.093300 -3.001800 0.792700
v 14.093300 -2.787400 0.601600
v 14.093300 -2.734600 1.004000
v 14.093300 -2.550000 0.794000
v 14.093300 -2.569500 0.395400
v 14.093300 -2.364500 0.580200
v 14.093300 -2.123300 0.769900
v 14.093300 -2.272800 0.994300
v 14.093300 -2.422300 1.218800
v 8.618200 3.789501 11.977500
v 8.618200 4.084001 11.945800
v 6.401700 4.084001 11.945800
v 6.401700 3.789501 11.977500
v 8.618200 4.322901 11.899000
v 6.401700 4.322901 11.899000
v 4.185100 4.084001 11.945800
v 4.185100 3.789501 11.977500
v 4.185100 4.322901 11.899000
v 8.618200 4.520401 11.834900
v 8.618200 4.690801 11.751200
v 6.401700 4.690801 11.751200
v 6.401700 4.520401 11.834900
v 4.185100 4.690801 11.751200
v 4.185100 4.520401 11.834900
v -0.247900 4.690801 11.751200
v -0.247900 4.520401 11.834900
v 1.968600 4.520401 11.834900
v 1.968600 4.690801 11.751200
v -0.247900 4.322901 11.899000
v 1.968600 4.322901 11.899000
v -0.247900 4.084001 11.945800
v -0.247900 3.789501 11.977500
v 1.968600 3.789501 11.977500
v 1.968600 4.084001 11.945800
v 8.618200 4.848601 11.645400
v 6.401700 4.848601 11.645400
v 8.618200 4.991301 11.520000
v 6.401700 4.991301 11.520000
v 4.185100 4.848601 11.645400
v 4.185100 4.991301 11.520000
v 8.618200 5.116701 11.377300
v 8.618200 5.222501 11.219500
v 6.401700 5.222501 11.219500
v 6.401700 5.116701 11.377300
v 4.185100 5.222501 11.219500
v 4.185100 5.116701 11.377300
v -0.247900 5.222501 11.219500
v -0.247900 5.116701 11.377300
v 1.968600 5.116701 11.377300
v 1.968600 5.222501 11.219500
v -0.247900 4.991301 11.520000
v 1.968600 4.991301 11.520000
v -0.247900 4.848601 11.645400
v 1.968600 4.848601 11.645400
v 8.618200 5.306301 11.049000
v 6.401700 5.306301 11.049000
v 8.618200 5.367201 10.869000
v 6.401700 5.367201 10.869000
v 4.185100 5.306301 11.049000
v 4.185100 5.367201 10.869000
v 8.618200 5.404401 10.682700
v 8.618200 5.417101 10.493200
v 6.401700 5.417101 10.493200
v 6.401700 5.404401 10.682700
v 4.185100 5.417101 10.493200
v 4.185100 5.404401 10.682700
v -0.247900 5.417101 10.493200
v -0.247900 5.404401 10.682700
v 1.968600 5.404401 10.682700
v 1.968600 5.417101 10.493200
v -0.247900 5.367201 10.869000
v 1.968600 5.367201 10.869000
v -0.247900 5.306301 11.049000
v 1.968600 5.306301 11.049000
v 8.618200 5.404401 10.303700
v 6.401700 5.404401 10.303700
v 8.618200 5.367201 10.117400
v 6.401700 5.367201 10.117400
v 4.185100 5.404401 10.303700
v 4.185100 5.367201 10.117400
v 8.618200 5.306301 9.937400
v 8.618200 5.222501 9.766900
v 6.401700 5.222501 9.766900
v 6.401700 5.306301 9.937400
v 4.185100 5.222501 9.766900
v 4.185100 5.306301 9.937400
v -0.247900 5.222501 9.766900
v -0.247900 5.306301 9.937400
v 1.968600 5.306301 9.937400
v 1.968600 5.222501 9.766900
v -0.247900 5.367201 10.117400
v 1.968600 5.367201 10.117400
v -0.247900 5.404401 10.303700
v 1.968600 5.404401 10.303700
v 8.618200 5.116701 9.609200
v 6.401700 5.116701 9.609200
v 8.618200 4.991301 9.466400
v 6.401700 4.991301 9.466400
v 4.185100 5.116701 9.609200
v 4.185100 4.991301 9.466400
v 8.618200 4.848600 9.341000
v 8.618200 4.690801 9.235300
v 6.401700 4.690801 9.235300
v 6.401700 4.848600 9.341000
v 4.185100 4.690801 9.235300
v 4.185100 4.848600 9.341000
v -0.247900 4.690801 9.235300
v -0.247900 4.848600 9.341000
v 1.968600 4.848600 9.341000
v 1.968600 4.690801 9.235300
v -0.247900 4.991301 9.466400
v 1.968600 4.991301 9.466400
v -0.247900 5.116701 9.609200
v 1.968600 5.116701 9.609200
v 8.618200 4.520401 9.151500
v 6.401700 4.520401 9.151500
v 8.618200 4.322900 9.087400
v 6.401700 4.322900 9.087400
v 4.185100 4.520401 9.151500
v 4.185100 4.322900 9.087400
v 8.618200 4.084001 9.040600
v 8.618200 3.789501 9.008900
v 6.401700 3.789501 9.008900
v 6.401700 4.084001 9.040600
v 4.185100 3.789501 9.008900
v 4.185100 4.084001 9.040600
v -0.247900 3.789501 9.008900
v -0.247900 4.084001 9.040600
v 1.968600 4.084001 9.040600
v 1.968600 3.789501 9.008900
v -0.247900 4.322900 9.087400
v 1.968600 4.322900 9.087400
v -0.247900 4.520401 9.151500
v 1.968600 4.520401 9.151500
v -0.247900 4.044501 11.639700
v -0.247900 3.769801 11.624400
v -0.247900 4.254301 11.630900
v -0.247900 4.042001 11.344600
v -0.247900 3.782101 11.265900
v -0.247900 4.194201 11.429500
v -0.247900 4.546101 11.483800
v -0.247900 4.411901 11.568200
v -0.247900 4.400101 11.204600
v -0.247900 4.283001 11.310700
v -0.247900 4.085501 10.431500
v -0.247900 3.858401 10.896600
v -0.247900 4.113301 11.071700
v -0.247900 4.251501 10.901500
v -0.247900 4.685501 11.410300
v -0.247900 4.809401 11.323200
v -0.247900 4.545001 11.168800
v -0.247900 4.676401 11.177400
v -0.247900 4.971801 11.058100
v -0.247900 4.897401 11.198400
v -0.247900 4.717501 10.890700
v -0.247900 4.675801 11.038000
v -0.247900 4.449701 10.914600
v -0.247900 4.455801 10.711000
v -0.247900 5.055301 10.924800
v -0.247900 5.118701 10.787600
v -0.247900 4.820801 10.786800
v -0.247900 4.936101 10.727600
v -0.247900 5.127601 10.476600
v -0.247900 5.132801 10.635400
v -0.247900 4.832701 10.460800
v -0.247900 4.868701 10.608100
v -0.247900 4.619201 10.621100
v -0.247900 4.526701 10.446600
v -0.247900 5.132801 10.319500
v -0.247900 5.118701 10.169100
v -0.247900 4.868701 10.318100
v -0.247900 4.936101 10.208300
v -0.247900 4.971801 9.895000
v -0.247900 5.055301 10.030100
v -0.247900 4.717501 10.030800
v -0.247900 4.820801 10.139400
v -0.247900 4.619201 10.282100
v -0.247900 4.455801 10.182100
v -0.247900 4.897401 9.756500
v -0.247900 4.809401 9.633400
v -0.247900 4.675801 9.888200
v -0.247900 4.676401 9.758500
v -0.247900 4.546101 9.469300
v -0.247900 4.685501 9.544600
v -0.247900 4.400101 9.716800
v -0.247900 4.545001 9.757400
v -0.247900 4.449701 9.988600
v -0.247900 4.251501 9.991200
v -0.247900 4.411901 9.386700
v -0.247900 4.254301 9.325300
v -0.247900 4.283001 9.615100
v -0.247900 4.194201 9.505300
v -0.247900 3.769801 9.324300
v -0.247900 4.044500 9.313500
v -0.247900 3.782101 9.648100
v -0.247900 4.042001 9.579000
v -0.247900 4.113301 9.829800
v -0.247900 3.858401 9.988700
v 8.618200 4.044500 9.330100
v 8.618200 3.769801 9.343100
v 8.618200 4.254301 9.340400
v 8.618200 4.042001 9.610400
v 8.618200 3.782101 9.684300
v 8.618200 4.194201 9.531100
v 8.618200 4.546101 9.485900
v 8.618200 4.411901 9.402500
v 8.618200 4.400101 9.749300
v 8.618200 4.283001 9.645400
v 8.618200 4.085501 10.493200
v 8.618200 3.858401 10.039300
v 8.618200 4.113301 9.872300
v 8.618200 4.251501 10.038100
v 8.618200 4.685501 9.560400
v 8.618200 4.809401 9.648300
v 8.618200 4.545001 9.787500
v 8.618200 4.676401 9.783800
v 8.618200 4.971801 9.911700
v 8.618200 4.897401 9.772300
v 8.618200 4.717501 10.063300
v 8.618200 4.675801 9.918300
v 8.618200 4.449701 10.030200
v 8.618200 4.455801 10.228800
v 8.618200 5.055301 10.045800
v 8.618200 5.118701 10.184000
v 8.618200 4.820801 10.169500
v 8.618200 4.936101 10.233500
v 8.618200 5.127601 10.493200
v 8.618200 5.132801 10.335300
v 8.618200 4.832701 10.493200
v 8.618200 4.868701 10.348200
v 8.618200 4.619201 10.323700
v 8.618200 4.526701 10.493200
v 8.618200 5.132801 10.651100
v 8.618200 5.118701 10.802500
v 8.618200 4.868701 10.638200
v 8.618200 4.936101 10.752900
v 8.618200 4.971801 11.074800
v 8.618200 5.055301 10.940600
v 8.618200 4.717501 10.923100
v 8.618200 4.820801 10.816900
v 8.618200 4.619201 10.662700
v 8.618200 4.455801 10.757600
v 8.618200 4.897401 11.214100
v 8.618200 4.809401 11.338100
v 8.618200 4.675801 11.068100
v 8.618200 4.676401 11.202700
v 8.618200 4.546101 11.500500
v 8.618200 4.685501 11.426000
v 8.618200 4.400101 11.237100
v 8.618200 4.545001 11.198900
v 8.618200 4.449701 10.956200
v 8.618200 4.251501 10.948300
v 8.618200 4.411901 11.584000
v 8.618200 4.254301 11.646000
v 8.618200 4.283001 11.341000
v 8.618200 4.194201 11.455300
v 8.618200 3.769801 11.643300
v 8.618200 4.044501 11.656300
v 8.618200 3.782101 11.302100
v 8.618200 4.042001 11.376000
v 8.618200 4.113301 11.114200
v 8.618200 3.858401 10.947200
v 6.401700 3.425001 11.996500
v 8.618200 3.425001 11.996500
v 4.185100 3.425001 11.996500
v 6.401700 3.007901 12.006100
v 8.618200 3.007901 12.006100
v 4.185100 3.007901 12.006100
v -0.247900 3.425001 11.996500
v 1.968600 3.425001 11.996500
v -0.247900 3.007901 12.006100
v 1.968600 3.007901 12.006100
v -0.247900 2.086301 12.009200
v 1.968600 2.086301 12.009200
v 1.968600 2.555901 12.009200
v -0.247900 2.555901 12.009200
v 4.185100 2.086301 12.009200
v 4.185100 2.555901 12.009200
v 6.401700 2.086301 12.009200
v 8.618200 2.086301 12.009200
v 8.618200 2.555901 12.009200
v 6.401700 2.555901 12.009200
v 1.968600 3.425001 8.989900
v -0.247900 3.425001 8.989900
v 4.185100 3.425001 8.989900
v 1.968600 3.007901 8.980300
v -0.247900 3.007901 8.980300
v 4.185100 3.007901 8.980300
v 8.618200 3.425001 8.989900
v 6.401700 3.425001 8.989900
v 8.618200 3.007901 8.980300
v 6.401700 3.007901 8.980300
v 8.618200 2.086301 8.977200
v 6.401700 2.086301 8.977200
v 6.401700 2.555901 8.977200
v 8.618200 2.555901 8.977200
v 4.185100 2.086301 8.977200
v 4.185100 2.555901 8.977200
v 1.968600 2.086301 8.977200
v -0.247900 2.086301 8.977200
v -0.247900 2.555901 8.977200
v 1.968600 2.555901 8.977200
v -0.247900 3.417101 11.615300
v -0.247900 3.427401 11.228600
v -0.247900 3.006001 11.610700
v -0.247900 3.008501 11.216000
v -0.247900 3.506801 10.433900
v -0.247900 3.474201 10.830800
v -0.247900 3.028401 10.435000
v -0.247900 3.020201 10.822500
v -0.247900 2.086301 10.435400
v -0.247900 2.086301 10.819700
v -0.247900 2.555901 10.819700
v -0.247900 2.555901 10.435400
v -0.247900 2.086301 11.211800
v -0.247900 2.555901 11.211800
v -0.247900 2.086301 11.609200
v -0.247900 2.555901 11.609200
v -0.247900 3.474201 10.049700
v -0.247900 3.427401 9.681000
v -0.247900 3.020201 10.058700
v -0.247900 3.008501 9.692100
v -0.247900 3.417101 9.330800
v -0.247900 3.006001 9.334100
v -0.247900 2.086301 9.335200
v -0.247900 2.555901 9.335200
v -0.247900 2.086301 9.695800
v -0.247900 2.555901 9.695800
v -0.247900 2.086301 10.061700
v -0.247900 2.555901 10.061700
v 8.618200 3.417101 9.351000
v 8.618200 3.427401 9.719400
v 8.618200 3.005901 9.354900
v 8.618200 3.008501 9.731300
v 8.618200 3.506801 10.493200
v 8.618200 3.474201 10.102600
v 8.618200 3.028401 10.493200
v 8.618200 3.020201 10.111300
v 8.618200 2.086301 10.493200
v 8.618200 2.086301 10.114200
v 8.618200 2.555901 10.114200
v 8.618200 2.555901 10.493200
v 8.618200 2.086301 9.735200
v 8.618200 2.555901 9.735200
v 8.618200 2.086301 9.356200
v 8.618200 2.555901 9.356200
v 8.618200 3.474201 10.883800
v 8.618200 3.427401 11.267000
v 8.618200 3.020201 10.875100
v 8.618200 3.008501 11.255200
v 8.618200 3.417101 11.635400
v 8.618200 3.006001 11.631500
v 8.618200 2.086301 11.630200
v 8.618200 2.555901 11.630200
v 8.618200 2.086301 11.251200
v 8.618200 2.555901 11.251200
v 8.618200 2.086301 10.872200
v 8.618200 2.555901 10.872200
v 6.401700 2.086301 10.859100
v 6.401700 2.086301 10.478800
v 6.401700 2.086301 11.241400
v 4.185100 2.086301 10.845900
v 4.185100 2.086301 10.464300
v 4.185100 2.086301 11.231500
v 6.401700 2.086301 11.625000
v 4.185100 2.086301 11.619700
v 1.968600 2.086301 11.614500
v 1.968600 2.086301 11.221700
v 1.968600 2.086301 10.449900
v 1.968600 2.086301 10.832800
v 6.401700 2.086301 9.350900
v 6.401700 2.086301 9.725300
v 4.185100 2.086301 9.345700
v 4.185100 2.086301 9.715500
v 6.401700 2.086301 10.101100
v 4.185100 2.086301 10.087900
v 1.968600 2.086301 10.074800
v 1.968600 2.086301 9.705600
v 1.968600 2.086301 9.340400
v 0.779400 4.928101 10.147300
v 0.779400 5.995501 8.333900
v 0.779400 5.767301 8.205400
v 0.779400 4.702401 10.014400
v 0.779400 6.999500 6.625500
v 0.779400 6.768500 6.502100
v 0.779400 5.539001 8.077000
v 0.779400 4.476701 9.881600
v 0.779400 6.537500 6.378600
v 0.779400 7.876700 5.127200
v 0.779400 8.563600 3.944099
v 0.779400 8.325700 3.834999
v 0.779400 7.642500 5.010000
v 0.779400 8.087800 3.725799
v 0.779400 7.408401 4.892799
v 0.779400 7.612000 3.507600
v 0.779400 6.940001 4.658400
v 0.779400 7.174201 4.775599
v 0.779400 7.849900 3.616699
v 0.779400 6.075500 6.131700
v 0.779400 6.306500 6.255199
v 0.779400 5.082500 7.820099
v 0.779400 4.025401 9.615900
v 0.779400 4.251101 9.748700
v 0.779400 5.310801 7.948500
v 2.496100 5.082500 7.820099
v 2.496100 4.025401 9.615900
v 2.496100 6.075500 6.131700
v 4.212800 5.082500 7.820099
v 4.212800 4.025401 9.615900
v 4.212800 6.075500 6.131700
v 2.496100 7.612000 3.507600
v 2.496100 6.940001 4.658400
v 4.212800 7.612000 3.507600
v 4.212800 6.940001 4.658400
v 7.646200 7.612000 3.507600
v 7.646200 6.940001 4.658400
v 5.929500 6.940001 4.658400
v 5.929500 7.612000 3.507600
v 7.646200 6.075500 6.131700
v 5.929500 6.075500 6.131700
v 7.646200 5.082500 7.820099
v 7.646200 4.025401 9.615900
v 5.929500 4.025401 9.615900
v 5.929500 5.082500 7.820099
v 7.646200 5.310801 7.948500
v 7.646200 4.251101 9.748700
v 7.646200 6.306500 6.255199
v 7.646200 5.539001 8.077000
v 7.646200 4.476701 9.881600
v 7.646200 6.537500 6.378600
v 7.646200 7.849900 3.616699
v 7.646200 7.174201 4.775599
v 7.646200 8.087800 3.725799
v 7.646200 7.408401 4.892799
v 7.646200 8.563600 3.944099
v 7.646200 7.876700 5.127200
v 7.646200 7.642500 5.010000
v 7.646200 8.325700 3.834999
v 7.646200 6.999500 6.625500
v 7.646200 6.768500 6.502100
v 7.646200 5.995501 8.333900
v 7.646200 4.928101 10.147300
v 7.646200 4.702401 10.014400
v 7.646200 5.767301 8.205400
v 5.929500 5.995501 8.333900
v 5.929500 4.928101 10.147300
v 5.929500 6.999500 6.625500
v 4.212800 5.995501 8.333900
v 4.212800 4.928101 10.147300
v 4.212800 6.999500 6.625500
v 5.929500 8.563600 3.944099
v 5.929500 7.876700 5.127200
v 4.212800 8.563600 3.944099
v 4.212800 7.876700 5.127200
v 2.496100 7.876700 5.127200
v 2.496100 8.563600 3.944099
v 2.496100 6.999500 6.625500
v 2.496100 4.928101 10.147300
v 2.496100 5.995501 8.333900
v 0.779400 8.996700 3.180999
v 0.779400 8.754300 3.082499
v 0.779400 9.234900 2.723599
v 0.779400 8.987900 2.639099
v 0.779400 8.511900 2.983999
v 0.779400 8.741000 2.554499
v 0.779400 9.336700 2.457399
v 0.779400 9.360800 2.267899
v 0.779400 9.107600 2.225199
v 0.779400 9.085900 2.391199
v 0.779400 8.854500 2.182399
v 0.779400 8.835100 2.324899
v 0.779400 8.348200 2.096899
v 0.779400 8.333600 2.192399
v 0.779400 8.584300 2.258699
v 0.779400 8.601400 2.139699
v 0.779400 8.247100 2.385499
v 0.779400 8.494000 2.469999
v 0.779400 8.027100 2.786899
v 0.779400 8.269500 2.885499
v 2.496100 8.027100 2.786899
v 2.496100 8.247100 2.385499
v 4.212800 8.027100 2.786899
v 4.212800 8.247100 2.385499
v 2.496100 8.348200 2.096899
v 2.496100 8.333600 2.192399
v 4.212800 8.348200 2.096899
v 4.212800 8.333600 2.192399
v 7.646200 8.348200 2.096899
v 7.646200 8.333600 2.192399
v 5.929500 8.333600 2.192399
v 5.929500 8.348200 2.096899
v 7.646200 8.247100 2.385499
v 5.929500 8.247100 2.385499
v 7.646200 8.027100 2.786899
v 5.929500 8.027100 2.786899
v 7.646200 8.269500 2.885499
v 7.646200 8.494000 2.469999
v 7.646200 8.511900 2.983999
v 7.646200 8.741000 2.554499
v 7.646200 8.601400 2.139699
v 7.646200 8.584300 2.258699
v 7.646200 8.854500 2.182399
v 7.646200 8.835100 2.324899
v 7.646200 9.360800 2.267899
v 7.646200 9.336700 2.457399
v 7.646200 9.085900 2.391199
v 7.646200 9.107600 2.225199
v 7.646200 9.234900 2.723599
v 7.646200 8.987900 2.639099
v 7.646200 8.996700 3.180999
v 7.646200 8.754300 3.082499
v 5.929500 8.996700 3.180999
v 5.929500 9.234900 2.723599
v 4.212800 8.996700 3.180999
v 4.212800 9.234900 2.723599
v 5.929500 9.360800 2.267899
v 5.929500 9.336700 2.457399
v 4.212800 9.360800 2.267899
v 4.212800 9.336700 2.457399
v 2.496100 9.336700 2.457399
v 2.496100 9.360800 2.267899
v 2.496100 9.234900 2.723599
v 2.496100 8.996700 3.180999
v 0.779400 9.365800 2.040599
v 0.779400 9.112600 2.027499
v 0.779400 9.347400 1.788899
v 0.779400 9.096900 1.809499
v 0.779400 8.859300 2.014399
v 0.779400 8.846300 1.829999
v 0.779400 9.300800 1.526299
v 0.779400 9.221600 1.266199
v 0.779400 8.988200 1.357699
v 0.779400 9.056700 1.582499
v 0.779400 8.754700 1.449299
v 0.779400 8.812500 1.638599
v 0.779400 8.287700 1.632399
v 0.779400 8.324200 1.750899
v 0.779400 8.568400 1.694699
v 0.779400 8.521200 1.540799
v 0.779400 8.345300 1.871199
v 0.779400 8.595800 1.850599
v 0.779400 8.352700 1.988199
v 0.779400 8.606000 2.001299
v 2.496100 8.352700 1.988199
v 2.496100 8.345300 1.871199
v 4.212800 8.352700 1.988199
v 4.212800 8.345300 1.871199
v 2.496100 8.287700 1.632399
v 2.496100 8.324200 1.750899
v 4.212800 8.287700 1.632399
v 4.212800 8.324200 1.750899
v 7.646200 8.287700 1.632399
v 7.646200 8.324200 1.750899
v 5.929500 8.324200 1.750899
v 5.929500 8.287700 1.632399
v 7.646200 8.345300 1.871199
v 5.929500 8.345300 1.871199
v 7.646200 8.352700 1.988199
v 5.929500 8.352700 1.988199
v 7.646200 8.606000 2.001299
v 7.646200 8.595800 1.850599
v 7.646200 8.859300 2.014399
v 7.646200 8.846300 1.829999
v 7.646200 8.521200 1.540799
v 7.646200 8.568400 1.694699
v 7.646200 8.754700 1.449299
v 7.646200 8.812500 1.638599
v 7.646200 9.221600 1.266199
v 7.646200 9.300800 1.526299
v 7.646200 9.056700 1.582499
v 7.646200 8.988200 1.357699
v 7.646200 9.347400 1.788899
v 7.646200 9.096900 1.809499
v 7.646200 9.365800 2.040599
v 7.646200 9.112600 2.027499
v 5.929500 9.365800 2.040599
v 5.929500 9.347400 1.788899
v 4.212800 9.365800 2.040599
v 4.212800 9.347400 1.788899
v 5.929500 9.221600 1.266199
v 5.929500 9.300800 1.526299
v 4.212800 9.221600 1.266199
v 4.212800 9.300800 1.526299
v 2.496100 9.300800 1.526299
v 2.496100 9.221600 1.266199
v 2.496100 9.347400 1.788899
v 2.496100 9.365800 2.040599
v 0.779400 9.105200 1.021899
v 0.779400 8.887500 1.146499
v 0.779400 8.954700 0.797699
v 0.779400 8.757100 0.952599
v 0.779400 8.669700 1.271199
v 0.779400 8.559400 1.107599
v 0.779400 8.773200 0.597799
v 0.779400 8.563700 0.426399
v 0.779400 8.416900 0.631299
v 0.779400 8.599400 0.779699
v 0.779400 8.270000 0.836199
v 0.779400 8.425600 0.961599
v 0.779400 7.976300 1.245999
v 0.779400 8.077900 1.325399
v 0.779400 8.251700 1.143499
v 0.779400 8.123100 1.041099
v 0.779400 8.164000 1.417599
v 0.779400 8.361700 1.262599
v 0.779400 8.234200 1.520599
v 0.779400 8.451900 1.395899
v 2.496100 8.234200 1.520599
v 2.496100 8.164000 1.417599
v 4.212800 8.234200 1.520599
v 4.212800 8.164000 1.417599
v 2.496100 7.976300 1.245999
v 2.496100 8.077900 1.325399
v 4.212800 7.976300 1.245999
v 4.212800 8.077900 1.325399
v 7.646200 7.976300 1.245999
v 7.646200 8.077900 1.325399
v 5.929500 8.077900 1.325399
v 5.929500 7.976300 1.245999
v 7.646200 8.164000 1.417599
v 5.929500 8.164000 1.417599
v 7.646200 8.234200 1.520599
v 5.929500 8.234200 1.520599
v 7.646200 8.451900 1.395899
v 7.646200 8.361700 1.262599
v 7.646200 8.669700 1.271199
v 7.646200 8.559400 1.107599
v 7.646200 8.123100 1.041099
v 7.646200 8.251700 1.143499
v 7.646200 8.270000 0.836199
v 7.646200 8.425500 0.961599
v 7.646200 8.563700 0.426399
v 7.646200 8.773200 0.597799
v 7.646200 8.599400 0.779699
v 7.646200 8.416900 0.631299
v 7.646200 8.954700 0.797699
v 7.646200 8.757100 0.952599
v 7.646200 9.105200 1.021899
v 7.646200 8.887500 1.146499
v 5.929500 9.105200 1.021899
v 5.929500 8.954700 0.797699
v 4.212800 9.105200 1.021899
v 4.212800 8.954700 0.797699
v 5.929500 8.563700 0.426399
v 5.929500 8.773200 0.597799
v 4.212800 8.563700 0.426399
v 4.212800 8.773200 0.597799
v 2.496100 8.773200 0.597799
v 2.496100 8.563700 0.426399
v 2.496100 8.954700 0.797699
v 2.496100 9.105200 1.021899
v 0.779400 8.329400 0.287699
v 0.779400 8.212000 0.511099
v 0.779400 8.041300 0.179099
v 0.779400 7.953500 0.417099
v 0.779400 8.094600 0.734599
v 0.779400 7.865600 0.654999
v 0.779400 7.670700 0.098099
v 0.779400 7.188500 0.042099
v 0.779400 7.150600 0.298299
v 0.779400 7.610100 0.346899
v 0.779400 7.112700 0.554399
v 0.779400 7.549600 0.595599
v 0.779400 7.036900 1.066700
v 0.779400 7.428500 1.092999
v 0.779400 7.489000 0.844299
v 0.779400 7.074800 0.810599
v 0.779400 7.690000 1.130999
v 0.779400 7.777800 0.892999
v 0.779400 7.859800 1.181599
v 0.779400 7.977200 0.958099
v 2.496100 7.859800 1.181599
v 2.496100 7.690000 1.130999
v 4.212800 7.859800 1.181599
v 4.212800 7.690000 1.130999
v 2.496100 7.036900 1.066700
v 2.496100 7.428500 1.092999
v 4.212800 7.036900 1.066700
v 4.212800 7.428500 1.092999
v 7.646200 7.036900 1.066700
v 7.646200 7.428500 1.092999
v 5.929500 7.428500 1.092999
v 5.929500 7.036900 1.066700
v 7.646200 7.690000 1.130999
v 5.929500 7.690000 1.130999
v 7.646200 7.859800 1.181599
v 5.929500 7.859800 1.181599
v 7.646200 7.977200 0.958099
v 7.646200 7.777800 0.892999
v 7.646200 8.094600 0.734599
v 7.646200 7.865600 0.654999
v 7.646200 7.074800 0.810599
v 7.646200 7.489000 0.844299
v 7.646200 7.112700 0.554399
v 7.646200 7.549600 0.595599
v 7.646200 7.188500 0.042099
v 7.646200 7.670600 0.098099
v 7.646200 7.610100 0.346899
v 7.646200 7.150600 0.298299
v 7.646200 8.041300 0.179099
v 7.646200 7.953500 0.417099
v 7.646200 8.329400 0.287699
v 7.646200 8.212000 0.511099
v 5.929500 8.329400 0.287699
v 5.929500 8.041300 0.179099
v 4.212800 8.329400 0.287699
v 4.212800 8.041300 0.179099
v 5.929500 7.188500 0.042099
v 5.929500 7.670600 0.098099
v 4.212800 7.188500 0.042099
v 4.212800 7.670600 0.098099
v 2.496100 7.670600 0.098099
v 2.496100 7.188500 0.042099
v 2.496100 8.041300 0.179099
v 2.496100 8.329400 0.287699
v 0.779400 6.565900 0.008500
v 0.779400 6.543600 0.269100
v 0.779400 5.838100 -0.008300
v 0.779400 5.826200 0.254500
v 0.779400 6.521400 0.529700
v 0.779400 5.814300 0.517400
v 0.779400 5.040100 -0.013900
v 0.779400 4.207000 -0.013900
v 0.779400 4.207000 0.249700
v 0.779400 5.035000 0.249700
v 0.779400 4.207000 0.513300
v 0.779400 5.029900 0.513300
v 0.779400 4.207000 1.040400
v 0.779400 5.019800 1.040400
v 0.779400 5.024800 0.776800
v 0.779400 4.207000 0.776800
v 0.779400 5.790400 1.043000
v 0.779400 5.802300 0.780200
v 0.779400 6.476800 1.050900
v 0.779400 6.499100 0.790300
v 2.496100 6.476800 1.050900
v 2.496100 5.790400 1.043000
v 4.212800 6.476800 1.050900
v 4.212800 5.790400 1.043000
v 2.496100 4.207000 1.040400
v 2.496100 5.019800 1.040400
v 4.212800 4.207000 1.040400
v 4.212800 5.019800 1.040400
v 7.646200 4.207000 1.040400
v 7.646200 5.019800 1.040400
v 5.929500 5.019800 1.040400
v 5.929500 4.207000 1.040400
v 7.646200 5.790400 1.043000
v 5.929500 5.790400 1.043000
v 7.646200 6.476800 1.050900
v 5.929500 6.476800 1.050900
v 7.646200 6.499100 0.790300
v 7.646200 5.802300 0.780200
v 7.646200 6.521400 0.529700
v 7.646200 5.814200 0.517400
v 7.646200 4.207000 0.776800
v 7.646200 5.024800 0.776800
v 7.646200 4.207000 0.513300
v 7.646200 5.029900 0.513300
v 7.646200 4.207000 -0.013900
v 7.646200 5.040100 -0.013900
v 7.646200 5.035000 0.249700
v 7.646200 4.207000 0.249700
v 7.646200 5.838100 -0.008300
v 7.646200 5.826200 0.254500
v 7.646200 6.565900 0.008500
v 7.646200 6.543600 0.269100
v 5.929500 6.565900 0.008500
v 5.929500 5.838100 -0.008300
v 4.212800 6.565900 0.008500
v 4.212800 5.838100 -0.008300
v 5.929500 4.207000 -0.013900
v 5.929500 5.040100 -0.013900
v 4.212800 4.207000 -0.013900
v 4.212800 5.040100 -0.013900
v 2.496100 5.040100 -0.013900
v 2.496100 4.207000 -0.013900
v 2.496100 5.838100 -0.008300
v 2.496100 6.565900 0.008500
v 2.496100 4.251101 9.748700
v 4.212800 4.251101 9.748700
v 2.496100 4.476701 9.881600
v 4.212800 4.476701 9.881600
v 5.929500 4.251101 9.748700
v 5.929500 4.476701 9.881600
v 5.929500 4.702401 10.014400
v 4.212800 4.702401 10.014400
v 2.496100 4.702401 10.014400
v 5.929500 4.207000 0.776800
v 4.212800 4.207000 0.776800
v 5.929500 4.207000 0.513300
v 4.212800 4.207000 0.513300
v 2.496100 4.207000 0.776800
v 2.496100 4.207000 0.513300
v 2.496100 4.207000 0.249700
v 4.212800 4.207000 0.249700
v 5.929500 4.207000 0.249700
vn -0.0000 -1.0000 -0.0000
vn 0.9548 0.2971 -0.0000
vn 0.9870 0.1604 -0.0000
vn 0.9976 0.0686 -0.0000
vn 1.0000 -0.0000 -0.0000
vn 0.9999 0.0167 -0.0000
vn -0.0000 0.2971 0.9548
vn -0.0000 0.1604 0.9870
vn -0.0000 0.0686 0.9976
vn -0.0000 -0.0000 1.0000
vn -0.0000 0.0167 0.9999
vn -0.9548 0.2971 -0.0000
vn -0.9870 0.1604 -0.0000
vn -0.9976 0.0686 -0.0000
vn -1.0000 -0.0000 -0.0000
vn -0.9999 0.0167 -0.0000
vn 0.5411 -0.0000 -0.8410
vn 0.7069 0.0121 -0.7072
vn 0.7069 -0.0000 -0.7073
vn 0.4149 -0.0000 -0.9099
vn 0.5415 0.0125 -0.8406
vn 0.7062 0.0537 -0.7060
vn 0.4157 0.0137 -0.9094
vn 0.5443 0.0546 -0.8371
vn 0.3161 -0.0000 -0.9487
vn 0.3420 0.0153 -0.9396
vn 0.3405 -0.0000 -0.9403
vn 0.3182 0.0168 -0.9479
vn 0.3488 0.0625 -0.9351
vn 0.4206 0.0587 -0.9054
vn 0.4276 0.2699 -0.8627
vn 0.3549 0.1618 -0.9208
vn 0.4132 0.2905 -0.8631
vn 0.4999 0.2579 -0.8268
vn 0.3724 0.1472 -0.9163
vn 0.3275 0.0695 -0.9423
vn 0.4433 0.1402 -0.8854
vn 0.6983 0.1889 -0.6904
vn 0.5585 0.1275 -0.8197
vn 0.6069 0.2278 -0.7614
vn 0.7028 0.1211 -0.7010
vn 0.9486 -0.0000 -0.3164
vn 0.9396 0.0149 -0.3420
vn 0.9479 0.0167 -0.3182
vn 0.9403 -0.0000 -0.3405
vn 0.9095 0.0138 -0.4155
vn 0.9351 0.0625 -0.3489
vn 0.9425 0.0694 -0.3268
vn 0.9050 0.0590 -0.4212
vn 0.8410 -0.0000 -0.5410
vn 0.8407 0.0127 -0.5414
vn 0.8367 0.0552 -0.5449
vn 0.9100 -0.0000 -0.4146
vn 0.8190 0.1282 -0.5592
vn 0.7619 0.2265 -0.6068
vn 0.8848 0.1406 -0.4442
vn 0.8628 0.2699 -0.4275
vn 0.9208 0.1618 -0.3548
vn 0.9162 0.1478 -0.3724
vn 0.8268 0.2579 -0.4999
vn -0.8411 0.2805 -0.4624
vn -0.9183 0.1624 -0.3610
vn -0.8411 0.2979 -0.4514
vn -0.7970 0.2740 -0.5383
vn -0.9127 0.1498 -0.3802
vn -0.9420 0.0701 -0.3281
vn -0.8786 0.1457 -0.4548
vn -0.9346 0.0636 -0.3500
vn -0.6576 0.2034 -0.7254
vn -0.8090 0.1358 -0.5720
vn -0.7287 0.2443 -0.6398
vn -0.6864 0.1330 -0.7149
vn -0.8365 0.0570 -0.5450
vn -0.9046 0.0602 -0.4220
vn -0.8438 -0.0000 -0.5367
vn -0.7140 0.0129 -0.7001
vn -0.7155 -0.0000 -0.6987
vn -0.9107 -0.0000 -0.4131
vn -0.8430 0.0132 -0.5378
vn -0.7071 0.0577 -0.7048
vn -0.9100 0.0140 -0.4144
vn -0.9486 -0.0000 -0.3164
vn -0.9396 0.0150 -0.3418
vn -0.9403 -0.0000 -0.3403
vn -0.9479 0.0168 -0.3182
vn -0.9486 -0.0000 0.3164
vn -0.9398 0.0146 0.3414
vn -0.9482 0.0161 0.3174
vn -0.9403 -0.0000 0.3405
vn -0.9097 0.0133 0.4151
vn -0.9367 0.0619 0.3447
vn -0.9445 0.0678 0.3215
vn -0.9065 0.0581 0.4182
vn -0.8410 -0.0000 0.5410
vn -0.7071 0.0117 0.7071
vn -0.8408 0.0122 0.5412
vn -0.7061 0.0526 0.7061
vn -0.8380 0.0543 0.5430
vn -0.9100 -0.0000 0.4146
vn -0.6948 0.1860 0.6948
vn -0.8215 0.1275 0.5557
vn -0.7020 0.1209 0.7019
vn -0.7645 0.2290 0.6025
vn -0.8890 0.1405 0.4359
vn -0.8716 0.2742 0.4064
vn -0.9268 0.1598 0.3398
vn -0.9209 0.1481 0.3605
vn -0.8333 0.2625 0.4866
vn 0.7645 0.2290 0.6025
vn 0.6026 0.2303 0.7641
vn 0.6984 0.1890 0.6903
vn 0.8333 0.2625 0.4866
vn 0.6691 0.3241 0.6688
vn 0.4865 0.2627 0.8332
vn 0.7365 0.3775 0.5613
vn 0.5613 0.3776 0.7365
vn 0.8754 0.2909 0.3860
vn 0.7838 0.3936 0.4804
vn 0.8716 0.2742 0.4063
vn 0.7930 0.4047 0.4553
vn 0.6911 0.4598 0.5577
vn 0.6345 0.4414 0.6345
vn 0.5866 0.4836 0.6497
vn 0.6496 0.4836 0.5866
vn 0.6182 0.4855 0.6182
vn 0.5277 0.4653 0.7106
vn 0.6199 0.4811 0.6199
vn 0.7106 0.4653 0.5277
vn 0.5576 0.4598 0.6911
vn 0.3861 0.2908 0.8754
vn 0.4804 0.3935 0.7838
vn 0.4553 0.4047 0.7930
vn 0.4064 0.2741 0.8717
vn -0.0000 -0.0000 -1.0000
vn -0.5536 0.1387 -0.8211
vn -0.5725 0.2393 -0.7842
vn -0.4749 0.1362 -0.8694
vn -0.5519 0.0609 -0.8317
vn -0.6182 0.1501 -0.7716
vn -0.4449 0.1096 -0.8888
vn -0.5406 0.2331 -0.8083
vn -0.4873 0.0516 -0.8717
vn -0.3894 0.0378 -0.9203
vn -0.5002 0.2598 -0.8260
vn -0.4438 0.0578 -0.8943
vn -0.3655 -0.0000 -0.9308
vn -0.3470 0.0057 -0.9379
vn -0.3424 -0.0000 -0.9395
vn -0.4366 -0.0000 -0.8996
vn -0.3667 0.0106 -0.9303
vn -0.3835 0.0164 -0.9234
vn -0.4362 0.0142 -0.8998
vn -0.5562 0.0138 -0.8309
vn -0.5573 -0.0000 -0.8303
vn 0.8215 0.1275 0.5557
vn 0.7030 0.1200 0.7010
vn 0.8380 0.0543 0.5430
vn 0.8890 0.1405 0.4359
vn 0.9065 0.0581 0.4182
vn 0.7070 0.0117 0.7071
vn 0.8410 -0.0000 0.5410
vn 0.8408 0.0122 0.5412
vn 0.9100 -0.0000 0.4146
vn 0.9095 0.0133 0.4154
vn 0.7061 0.0521 0.7061
vn 0.9486 -0.0000 0.3164
vn 0.9398 0.0146 0.3414
vn 0.9403 -0.0000 0.3405
vn 0.9482 0.0161 0.3174
vn 0.9367 0.0619 0.3447
vn 0.9268 0.1598 0.3398
vn 0.9209 0.1481 0.3605
vn 0.9445 0.0678 0.3215
vn -0.5558 0.1275 0.8215
vn -0.6025 0.2290 0.7646
vn -0.5430 0.0543 0.8380
vn -0.4359 0.1405 0.8890
vn -0.4865 0.2627 0.8332
vn -0.4182 0.0581 0.9065
vn -0.5410 -0.0000 0.8410
vn -0.5412 0.0122 0.8408
vn -0.4146 -0.0000 0.9100
vn -0.4151 0.0133 0.9097
vn -0.3164 -0.0000 0.9486
vn -0.3414 0.0146 0.9398
vn -0.3405 -0.0000 0.9403
vn -0.3174 0.0161 0.9482
vn -0.3445 0.0621 0.9367
vn -0.3398 0.1598 0.9268
vn -0.4064 0.2742 0.8716
vn -0.3605 0.1481 0.9209
vn -0.3218 0.0677 0.9444
vn 0.3405 0.1594 0.9266
vn 0.3230 0.0682 0.9440
vn 0.3604 0.1475 0.9211
vn 0.3447 0.0619 0.9367
vn 0.4348 0.1399 0.8896
vn 0.3164 -0.0000 0.9486
vn 0.3414 0.0146 0.9398
vn 0.3177 0.0166 0.9480
vn 0.3405 -0.0000 0.9403
vn 0.4151 0.0133 0.9097
vn 0.4178 0.0579 0.9067
vn 0.5410 -0.0000 0.8410
vn 0.7071 -0.0000 0.7071
vn 0.5412 0.0122 0.8408
vn 0.4146 -0.0000 0.9100
vn 0.5428 0.0535 0.8382
vn 0.5547 0.1266 0.8223
vn -0.6691 0.3241 0.6688
vn -0.5613 0.3776 0.7365
vn -0.7365 0.3775 0.5614
vn -0.3860 0.2909 0.8754
vn -0.4804 0.3935 0.7838
vn -0.4553 0.4047 0.7930
vn -0.5576 0.4598 0.6912
vn -0.6345 0.4413 0.6345
vn -0.6496 0.4836 0.5866
vn -0.5866 0.4836 0.6497
vn -0.6182 0.4855 0.6182
vn -0.7106 0.4653 0.5277
vn -0.6199 0.4811 0.6199
vn -0.5277 0.4653 0.7106
vn -0.6911 0.4598 0.5576
vn -0.8754 0.2909 0.3860
vn -0.7838 0.3936 0.4804
vn -0.7930 0.4047 0.4553
vn -0.0000 0.4355 0.9002
vn -0.0000 0.5314 0.8471
vn -0.0000 0.6035 0.7973
vn -0.0000 0.5860 0.8103
vn -0.9002 0.4355 -0.0000
vn -0.8471 0.5314 -0.0000
vn -0.7973 0.6035 -0.0000
vn -0.8103 0.5860 -0.0000
vn -0.7974 0.6035 -0.0000
vn -0.0000 1.0000 -0.0000
vn 0.7973 0.6035 -0.0000
vn 0.8103 0.5860 -0.0000
vn 0.7974 0.6035 -0.0000
vn 0.8471 0.5314 -0.0000
vn 0.9002 0.4355 -0.0000
vn -0.7264 0.3843 -0.5697
vn -0.7261 0.3904 -0.5660
vn -0.6132 0.4292 -0.6631
vn -0.6726 0.3785 -0.6358
vn -0.5565 0.4276 -0.7124
vn -0.5467 0.4189 -0.7250
vn -0.5115 0.4275 -0.7454
vn -0.5323 0.4346 -0.7265
vn -0.4597 0.4379 -0.7726
vn -0.4815 0.4394 -0.7583
vn -0.6197 0.4228 -0.6613
vn -0.4442 0.4320 -0.7849
vn -0.5146 0.3758 -0.7707
vn -0.4711 0.4040 -0.7841
vn -0.6128 0.3331 -0.7166
vn 0.0388 0.5043 -0.8626
vn 0.0339 0.5544 -0.8316
vn 0.0223 0.6545 -0.7557
vn 0.0438 0.4825 -0.8748
vn 0.0440 0.5196 -0.8533
vn 0.0362 0.6009 -0.7985
vn 0.0271 0.6977 -0.7159
vn 0.0425 0.5581 -0.8287
vn 0.0527 0.4811 -0.8751
vn 0.0486 0.5097 -0.8590
vn 0.0512 0.4819 -0.8747
vn 0.0506 0.5063 -0.8609
vn 0.0472 0.5412 -0.8396
vn 0.0479 0.4821 -0.8748
vn 0.0431 0.6022 -0.7972
vn 0.0480 0.5668 -0.8225
vn 0.0447 0.6010 -0.7980
vn 0.0423 0.5847 -0.8102
vn 0.0460 0.5716 -0.8192
vn 0.0494 0.5350 -0.8434
vn 0.0432 0.6044 -0.7955
vn 0.0285 0.7337 -0.6789
vn 0.0376 0.6275 -0.7777
vn 0.0411 0.6027 -0.7969
vn 0.6442 0.4778 -0.5973
vn 0.5973 0.4778 -0.6442
vn 0.6200 0.4808 -0.6200
vn 0.6992 0.4571 -0.5497
vn 0.6236 0.4715 -0.6236
vn 0.5497 0.4571 -0.6992
vn 0.6870 0.4479 -0.5723
vn 0.5722 0.4478 -0.6870
vn 0.8631 0.2904 -0.4132
vn 0.7741 0.3840 -0.5033
vn 0.7784 0.3985 -0.4850
vn 0.7325 0.3667 -0.5736
vn 0.6394 0.4271 -0.6394
vn 0.6706 0.3169 -0.6707
vn 0.5735 0.3667 -0.7325
vn 0.5032 0.3839 -0.7742
vn 0.4850 0.3985 -0.7784
vn 0.0071 0.3009 -0.9536
vn 0.0025 0.0009 -1.0000
vn 0.0107 0.3219 -0.9467
vn 0.0028 0.2973 -0.9548
vn 0.0057 0.1132 -0.9936
vn 0.0005 0.0003 -1.0000
vn 0.0017 0.1485 -0.9889
vn 0.0013 0.0333 -0.9994
vn -0.0000 0.2972 -0.9548
vn 0.0007 0.1603 -0.9871
vn 0.0007 0.2976 -0.9547
vn -0.0000 0.1604 -0.9870
vn 0.0001 0.0685 -0.9976
vn 0.0010 0.0593 -0.9982
vn -0.0000 0.0167 -0.9999
vn -0.0000 0.0686 -0.9976
vn 0.0001 0.0146 -0.9999
vn 0.0002 0.0083 -1.0000
vn -0.0000 0.6035 -0.7973
vn 0.0005 0.6031 -0.7976
vn 0.0002 0.5946 -0.8040
vn 0.0013 0.5679 -0.8231
vn 0.0028 0.6026 -0.7981
vn 0.0006 0.5406 -0.8413
vn -0.0000 0.5860 -0.8103
vn 0.0001 0.5313 -0.8472
vn 0.0001 0.5881 -0.8088
vn -0.0000 0.4355 -0.9002
vn 0.0005 0.4357 -0.9001
vn -0.0000 0.5313 -0.8472
vn 0.0101 0.6006 -0.7995
vn 0.0036 0.4843 -0.8749
vn 0.0021 0.4483 -0.8939
vn 0.0001 0.8742 -0.4856
vn 0.0115 0.8062 -0.5915
vn -0.0000 0.9070 -0.4212
vn 0.0143 0.8072 -0.5901
vn 0.0030 0.8892 -0.4576
vn 0.0218 0.9047 -0.4255
vn 0.0136 0.8403 -0.5420
vn 0.0076 0.9145 -0.4045
vn 0.0045 0.8929 -0.4503
vn 0.0060 0.8700 -0.4930
vn -0.0000 0.9197 -0.3925
vn 0.0030 0.9099 -0.4149
vn 0.0019 0.9182 -0.3961
vn 0.0021 0.9158 -0.4016
vn 0.5375 -0.0000 -0.8433
vn 0.5374 -0.0000 -0.8433
vn -0.0000 0.5239 -0.8518
vn -0.0000 0.6178 -0.7863
vn -0.0000 0.6968 -0.7172
vn -0.0000 0.7659 -0.6430
vn -0.0000 0.7483 -0.6633
vn -0.0000 0.1885 -0.9821
vn -0.0000 0.2759 -0.9612
vn -0.0000 0.3551 -0.9348
vn -0.0000 0.4344 -0.9007
vn -0.0000 -0.1792 -0.9838
vn -0.0000 -0.0885 -0.9961
vn -0.0000 0.0029 -1.0000
vn -0.0000 0.0952 -0.9955
vn -0.0000 -0.5098 -0.8603
vn -0.0000 -0.4234 -0.9059
vn -0.0000 -0.3443 -0.9388
vn -0.0000 -0.2650 -0.9643
vn -0.0000 -0.7244 -0.6894
vn -0.0000 -0.7094 -0.7049
vn -0.0000 -0.6653 -0.7466
vn -0.0000 -0.5960 -0.8030
vn -0.0000 -0.6576 0.7534
vn -0.0000 -0.7264 0.6873
vn -0.0000 -0.5897 0.8076
vn -0.0000 -0.4339 0.9009
vn -0.0000 -0.5167 0.8562
vn -0.0000 -0.4339 0.9010
vn -0.0000 -0.3499 0.9368
vn -0.0000 -0.2738 0.9618
vn -0.0000 -0.1348 0.9909
vn -0.0000 -0.2030 0.9792
vn -0.0000 -0.0674 0.9977
vn -0.0000 0.1348 0.9909
vn -0.0000 0.0674 0.9977
vn -0.0000 0.2019 0.9794
vn -0.0000 0.2695 0.9630
vn -0.0000 0.4188 0.9081
vn -0.0000 0.3407 0.9402
vn -0.0000 0.4986 0.8668
vn -0.0000 0.5752 0.8180
vn -0.0000 0.7364 0.6765
vn -0.0000 0.6527 0.7576
vn -0.0000 -0.9046 0.4263
vn -0.0000 -0.8918 0.4524
vn -0.0000 -0.8539 0.5204
vn -0.0000 -0.7952 0.6063
vn -0.0000 0.9188 0.3947
vn -0.0000 0.9307 0.3658
vn -0.0000 0.8814 0.4723
vn -0.0000 0.8182 0.5750
vn -0.0000 0.1498 0.9887
vn -0.0000 0.0796 0.9968
vn -0.0000 0.2509 0.9680
vn -0.0000 0.5000 0.8660
vn -0.0000 0.3758 0.9267
vn -0.0000 0.3757 0.9267
vn -0.0000 0.6098 0.7926
vn -0.0000 0.7071 0.7071
vn -0.0000 0.8660 0.5001
vn -0.0000 0.7926 0.6098
vn -0.0000 0.9243 0.3816
vn -0.0000 0.9660 0.2587
vn -0.0000 0.9913 0.1316
vn -0.0000 0.9913 -0.1316
vn -0.0000 0.9660 -0.2587
vn -0.0000 0.8659 -0.5002
vn -0.0000 0.9243 -0.3816
vn -0.0000 0.7926 -0.6098
vn -0.0000 0.7072 -0.7070
vn -0.0000 0.5000 -0.8660
vn -0.0000 0.6096 -0.7927
vn -0.0000 0.3760 -0.9266
vn -0.0000 0.2509 -0.9680
vn -0.0000 0.0796 -0.9968
vn -0.0000 0.1498 -0.9887
vn -0.0000 0.0375 0.9993
vn -0.0000 0.0149 0.9999
vn -0.0000 0.0034 1.0000
vn -0.0000 0.0375 -0.9993
vn -0.0000 0.0149 -0.9999
vn -0.0000 0.0034 -1.0000
vn -0.0000 -0.8619 -0.5071
vn -0.0000 -0.8618 -0.5073
vn -0.0000 -0.8622 -0.5065
vn -0.0000 -0.8651 -0.5017
vn -0.0000 -0.8630 -0.5052
vn -0.0000 0.8620 0.5070
vn -0.0000 0.8618 0.5073
vn -0.0000 0.8626 0.5060
vn -0.0000 0.8673 0.4979
vn -0.0000 0.8639 0.5037
vn -0.0000 -0.8718 -0.4899
vn -0.0000 -0.8955 -0.4451
vn -0.0000 -0.9953 -0.0964
vn -0.0000 -0.9593 -0.2825
vn -0.0000 0.8785 0.4778
vn -0.0000 0.9120 0.4102
vn -0.0000 0.9972 0.0742
vn -0.0000 0.9699 0.2434
vn -0.0000 -0.9999 0.0109
vn -0.0000 -0.9930 0.1181
vn -0.0000 -0.9314 0.3640
vn -0.0000 -0.9722 0.2340
vn -0.0000 -0.9999 0.0112
vn -0.0000 0.9997 -0.0255
vn -0.0000 0.9923 -0.1240
vn -0.0000 0.9323 -0.3617
vn -0.0000 0.9724 -0.2334
vn -0.0000 -0.8667 0.4989
vn -0.0000 -0.7809 0.6247
vn -0.0000 -0.5515 0.8342
vn -0.0000 -0.6754 0.7375
vn -0.0000 0.8689 -0.4951
vn -0.0000 0.7874 -0.6164
vn -0.0000 0.5729 -0.8196
vn -0.0000 0.6887 -0.7251
vn -0.0000 0.5730 -0.8196
vn -0.0000 -0.3869 0.9221
vn -0.0000 -0.2153 0.9766
vn -0.0000 -0.0476 0.9989
vn -0.0000 -0.1055 0.9944
vn -0.0000 0.4327 -0.9015
vn -0.0000 0.2838 -0.9589
vn -0.0000 0.0847 -0.9964
vn -0.0000 0.1646 -0.9864
vn -0.0000 0.2839 -0.9589
vn -0.0000 -0.0199 0.9998
vn -0.0000 -0.0074 1.0000
vn -0.0000 -0.0017 1.0000
vn -0.0000 0.0385 -0.9993
vn -0.0000 0.0150 -0.9999
vn -0.0000 0.0035 -1.0000
vn -0.0000 -0.5071 0.8619
vn -0.0000 -0.5073 0.8617
vn -0.0000 -0.5075 0.8616
vn -0.0000 -0.5074 0.8617
vn -0.0000 -0.5073 0.8618
vn -0.0000 -0.5070 0.8620
vn -0.7071 -0.0000 0.7071
vn -0.5369 0.4064 -0.7393
vn 0.0418 0.6956 -0.7172
vt 0.645600 0.980100
vt 0.644000 0.978500
vt 0.646400 0.977900
vt 0.643500 0.980900
vt 0.641600 0.979000
vt 0.644600 0.976100
vt 0.647100 0.975700
vt 0.642000 0.976500
vt 0.639100 0.982300
vt 0.636900 0.980100
vt 0.639300 0.979600
vt 0.636900 0.977200
vt 0.639400 0.976800
vt 0.641300 0.981600
vt 0.636900 0.971400
vt 0.639600 0.974100
vt 0.636900 0.974300
vt 0.639800 0.971400
vt 0.642400 0.973900
vt 0.645600 0.971400
vt 0.647800 0.973600
vt 0.645100 0.973700
vt 0.642700 0.971400
vt 0.038200 0.292700
vt 0.034400 0.221800
vt 0.038400 0.221800
vt 0.038100 0.363700
vt 0.034300 0.292700
vt 0.030300 0.221800
vt 0.034300 0.363700
vt 0.030300 0.292700
vt 0.038400 0.505600
vt 0.034300 0.434600
vt 0.038200 0.434700
vt 0.034400 0.505600
vt 0.030300 0.434600
vt 0.030300 0.363700
vt 0.022200 0.434600
vt 0.026200 0.505600
vt 0.022200 0.505600
vt 0.022200 0.363700
vt 0.026200 0.434600
vt 0.030300 0.505600
vt 0.026200 0.363700
vt 0.022200 0.221800
vt 0.026200 0.292700
vt 0.022200 0.292700
vt 0.026200 0.221800
vt 0.120300 0.520200
vt 0.053100 0.524000
vt 0.053100 0.520200
vt 0.187400 0.520300
vt 0.120300 0.524100
vt 0.053000 0.528000
vt 0.187400 0.524100
vt 0.120200 0.528000
vt 0.321700 0.520300
vt 0.254600 0.524200
vt 0.254600 0.520300
vt 0.321700 0.524200
vt 0.254500 0.528100
vt 0.187400 0.528100
vt 0.254400 0.536200
vt 0.321700 0.532200
vt 0.321700 0.536200
vt 0.187200 0.536100
vt 0.254500 0.532100
vt 0.321700 0.528100
vt 0.187300 0.532100
vt 0.052600 0.536000
vt 0.120000 0.532000
vt 0.119900 0.536100
vt 0.052800 0.532000
vt 0.512100 0.433000
vt 0.516000 0.506700
vt 0.511900 0.506700
vt 0.512200 0.359400
vt 0.516000 0.433100
vt 0.520000 0.506700
vt 0.516100 0.359400
vt 0.520000 0.433100
vt 0.511900 0.212200
vt 0.516000 0.285800
vt 0.512100 0.285800
vt 0.516000 0.212200
vt 0.520000 0.285800
vt 0.520100 0.359400
vt 0.528200 0.285800
vt 0.524100 0.212200
vt 0.528200 0.212200
vt 0.528200 0.359400
vt 0.524100 0.285800
vt 0.520000 0.212200
vt 0.524100 0.359400
vt 0.528200 0.506700
vt 0.524100 0.433100
vt 0.528200 0.433100
vt 0.524100 0.506700
vt 0.046600 0.192200
vt 0.045400 0.196000
vt 0.044800 0.192500
vt 0.048400 0.191900
vt 0.047100 0.195700
vt 0.045900 0.199200
vt 0.048800 0.195500
vt 0.047500 0.199000
vt 0.051900 0.191200
vt 0.050500 0.195400
vt 0.050100 0.191600
vt 0.052200 0.195300
vt 0.050800 0.199100
vt 0.049100 0.199000
vt 0.051100 0.206300
vt 0.052800 0.203300
vt 0.052900 0.207100
vt 0.049400 0.205500
vt 0.051000 0.202800
vt 0.052500 0.199300
vt 0.049400 0.202400
vt 0.046800 0.203900
vt 0.047800 0.202000
vt 0.047900 0.204600
vt 0.046400 0.202000
vt 0.038100 0.194200
vt 0.040600 0.197600
vt 0.039000 0.198300
vt 0.039700 0.193800
vt 0.042200 0.197000
vt 0.041500 0.201400
vt 0.040000 0.202400
vt 0.043000 0.200500
vt 0.043100 0.193000
vt 0.043700 0.196400
vt 0.044400 0.199700
vt 0.041400 0.193400
vt 0.045200 0.202700
vt 0.046100 0.205100
vt 0.043900 0.203800
vt 0.043800 0.208400
vt 0.040900 0.206500
vt 0.042400 0.205100
vt 0.045100 0.206700
vt 0.506200 0.199600
vt 0.508900 0.197700
vt 0.508200 0.201800
vt 0.504900 0.197800
vt 0.507400 0.196400
vt 0.509700 0.193600
vt 0.505900 0.195100
vt 0.508100 0.192700
vt 0.503100 0.194900
vt 0.504600 0.193900
vt 0.503800 0.196100
vt 0.503400 0.193100
vt 0.505200 0.191200
vt 0.506600 0.191900
vt 0.506100 0.184500
vt 0.504000 0.187600
vt 0.504400 0.184300
vt 0.507800 0.184800
vt 0.505600 0.188000
vt 0.503700 0.190600
vt 0.507200 0.188400
vt 0.511200 0.185400
vt 0.508800 0.189000
vt 0.509500 0.185100
vt 0.510400 0.189500
vt 0.511300 0.533900
vt 0.508800 0.530300
vt 0.510400 0.529800
vt 0.509600 0.534300
vt 0.507200 0.530900
vt 0.508100 0.526500
vt 0.509600 0.525700
vt 0.506500 0.527200
vt 0.506200 0.535000
vt 0.504000 0.531700
vt 0.505600 0.531300
vt 0.503500 0.528300
vt 0.505000 0.527900
vt 0.507900 0.534600
vt 0.502800 0.523500
vt 0.504400 0.524900
vt 0.503100 0.525500
vt 0.503500 0.522400
vt 0.505700 0.523900
vt 0.506000 0.519400
vt 0.508800 0.521500
vt 0.507200 0.522700
vt 0.504600 0.520900
vt 0.018900 0.980100
vt 0.020600 0.978500
vt 0.021100 0.980900
vt 0.018200 0.977900
vt 0.020000 0.976100
vt 0.022900 0.979000
vt 0.023300 0.981600
vt 0.022600 0.976500
vt 0.016700 0.973600
vt 0.018900 0.971400
vt 0.019500 0.973700
vt 0.021900 0.971400
vt 0.022200 0.973900
vt 0.017500 0.975700
vt 0.027700 0.971400
vt 0.025000 0.974100
vt 0.024800 0.971400
vt 0.027700 0.974300
vt 0.025100 0.976800
vt 0.027700 0.980100
vt 0.025500 0.982300
vt 0.025300 0.979600
vt 0.027700 0.977200
vt 0.087800 0.983000
vt 0.027700 0.983000
vt 0.087800 0.980100
vt 0.147900 0.983000
vt 0.087800 0.977200
vt 0.147900 0.980100
vt 0.087800 0.974300
vt 0.087800 0.971400
vt 0.147900 0.974300
vt 0.147900 0.977200
vt 0.268200 0.974300
vt 0.208100 0.971400
vt 0.268200 0.971400
vt 0.268200 0.977200
vt 0.208100 0.974300
vt 0.147900 0.971400
vt 0.208100 0.977200
vt 0.268200 0.983000
vt 0.208100 0.980100
vt 0.268200 0.980100
vt 0.208100 0.983000
vt 0.018900 0.567600
vt 0.016000 0.668500
vt 0.016000 0.567600
vt 0.021900 0.567600
vt 0.018900 0.668500
vt 0.016000 0.769500
vt 0.021900 0.668500
vt 0.018900 0.769500
vt 0.027700 0.567600
vt 0.024800 0.668500
vt 0.024800 0.567600
vt 0.027700 0.668500
vt 0.024800 0.769500
vt 0.021900 0.769500
vt 0.027700 0.870400
vt 0.024800 0.870400
vt 0.027700 0.769500
vt 0.021900 0.870400
vt 0.016000 0.971400
vt 0.018900 0.870400
vt 0.016000 0.870400
vt 0.087800 0.571200
vt 0.147900 0.574800
vt 0.087800 0.671300
vt 0.147900 0.674000
vt 0.087800 0.771300
vt 0.268200 0.582100
vt 0.208100 0.676700
vt 0.208100 0.578500
vt 0.268200 0.679400
vt 0.208100 0.774900
vt 0.147900 0.773100
vt 0.268200 0.874000
vt 0.208100 0.873100
vt 0.268200 0.776700
vt 0.147900 0.872200
vt 0.087800 0.871300
vt 0.639800 0.582100
vt 0.636900 0.679400
vt 0.636900 0.582100
vt 0.642700 0.582100
vt 0.639800 0.679400
vt 0.636900 0.776700
vt 0.642700 0.679400
vt 0.639800 0.776700
vt 0.648600 0.582100
vt 0.645600 0.679400
vt 0.645600 0.582100
vt 0.648600 0.679400
vt 0.645600 0.776700
vt 0.642700 0.776700
vt 0.648600 0.874000
vt 0.648600 0.971400
vt 0.645600 0.874000
vt 0.648600 0.776700
vt 0.642700 0.874000
vt 0.639800 0.874000
vt 0.636900 0.874000
vt 0.016700 0.565400
vt 0.017500 0.563200
vt 0.019500 0.565200
vt 0.020000 0.562800
vt 0.022200 0.565000
vt 0.018900 0.558800
vt 0.020600 0.560400
vt 0.018200 0.561000
vt 0.021100 0.558000
vt 0.022900 0.559800
vt 0.022600 0.562400
vt 0.027700 0.558600
vt 0.025500 0.556400
vt 0.027700 0.555600
vt 0.027700 0.561600
vt 0.025300 0.559200
vt 0.023300 0.557200
vt 0.025100 0.562000
vt 0.025000 0.564800
vt 0.027700 0.564600
vt 0.089800 0.562500
vt 0.099700 0.560200
vt 0.151000 0.566300
vt 0.088300 0.565300
vt 0.148700 0.569000
vt 0.212400 0.567200
vt 0.268200 0.573300
vt 0.210100 0.569900
vt 0.268200 0.576300
vt 0.208600 0.572600
vt 0.157000 0.563900
vt 0.268200 0.579200
vt 0.208100 0.575500
vt 0.087800 0.568200
vt 0.147900 0.571900
vt 0.639600 0.579400
vt 0.636900 0.579200
vt 0.639400 0.576600
vt 0.642400 0.579500
vt 0.642000 0.577000
vt 0.636900 0.573300
vt 0.639100 0.571100
vt 0.639300 0.573900
vt 0.641300 0.571900
vt 0.641600 0.574400
vt 0.636900 0.576300
vt 0.645600 0.573300
vt 0.644000 0.575000
vt 0.643500 0.572600
vt 0.646400 0.575500
vt 0.644600 0.577400
vt 0.647800 0.579900
vt 0.645100 0.579700
vt 0.647100 0.577700
vt 0.046500 0.522000
vt 0.048200 0.522400
vt 0.047200 0.523200
vt 0.045400 0.520500
vt 0.047800 0.520200
vt 0.049700 0.521600
vt 0.046900 0.518200
vt 0.049400 0.518800
vt 0.042000 0.517000
vt 0.045900 0.516200
vt 0.044000 0.518900
vt 0.044600 0.514200
vt 0.048100 0.513800
vt 0.048800 0.516200
vt 0.052700 0.509300
vt 0.049900 0.508600
vt 0.052500 0.505800
vt 0.052900 0.512800
vt 0.050400 0.511500
vt 0.047300 0.511400
vt 0.050800 0.514500
vt 0.051200 0.517600
vt 0.053100 0.516500
vt 0.051400 0.520900
vt 0.457800 0.195500
vt 0.497200 0.192400
vt 0.497200 0.195300
vt 0.418400 0.195700
vt 0.457800 0.192600
vt 0.497300 0.189600
vt 0.418300 0.192900
vt 0.457700 0.189800
vt 0.339600 0.196100
vt 0.378800 0.193100
vt 0.379000 0.195900
vt 0.339300 0.193300
vt 0.378600 0.190200
vt 0.418100 0.190000
vt 0.378100 0.184600
vt 0.338700 0.187600
vt 0.338400 0.184800
vt 0.417900 0.184400
vt 0.378400 0.187400
vt 0.339000 0.190400
vt 0.418000 0.187200
vt 0.497400 0.184000
vt 0.457700 0.187000
vt 0.457700 0.184200
vt 0.497400 0.186800
vt 0.502000 0.192900
vt 0.502100 0.195300
vt 0.500500 0.192900
vt 0.502200 0.190200
vt 0.498900 0.192700
vt 0.499000 0.195700
vt 0.499000 0.189800
vt 0.500600 0.195700
vt 0.500600 0.190000
vt 0.499200 0.184000
vt 0.500900 0.184100
vt 0.499100 0.186900
vt 0.500700 0.187100
vt 0.502400 0.187300
vt 0.502700 0.184200
vt 0.045600 0.524500
vt 0.046900 0.525100
vt 0.044900 0.527500
vt 0.044300 0.523500
vt 0.043400 0.526800
vt 0.045900 0.531300
vt 0.043700 0.534600
vt 0.044300 0.530900
vt 0.042000 0.534200
vt 0.042700 0.530500
vt 0.046400 0.528000
vt 0.038600 0.533500
vt 0.041100 0.529900
vt 0.040300 0.533800
vt 0.039500 0.529300
vt 0.041900 0.526000
vt 0.041200 0.521100
vt 0.042800 0.522300
vt 0.040300 0.525200
vt 0.501700 0.525400
vt 0.501700 0.522800
vt 0.501900 0.528500
vt 0.500200 0.525000
vt 0.500200 0.521900
vt 0.500300 0.528400
vt 0.502700 0.535500
vt 0.502300 0.531900
vt 0.500900 0.535800
vt 0.500600 0.532100
vt 0.497300 0.536200
vt 0.498900 0.532100
vt 0.499100 0.536000
vt 0.497100 0.532200
vt 0.498700 0.528300
vt 0.496900 0.524300
vt 0.498600 0.521200
vt 0.498500 0.524700
vt 0.497000 0.528200
vt 0.051400 0.524400
vt 0.051300 0.528100
vt 0.049800 0.524700
vt 0.051100 0.531900
vt 0.050800 0.535800
vt 0.049300 0.531800
vt 0.049600 0.528200
vt 0.047200 0.535200
vt 0.045400 0.535000
vt 0.047600 0.531600
vt 0.049000 0.535500
vt 0.048000 0.528200
vt 0.048300 0.525100
vt 0.502200 0.520600
vt 0.500600 0.519200
vt 0.503000 0.518600
vt 0.496800 0.520500
vt 0.498800 0.518000
vt 0.496900 0.516800
vt 0.499200 0.514900
vt 0.501200 0.516600
vt 0.500200 0.509100
vt 0.497300 0.509800
vt 0.497600 0.506400
vt 0.502800 0.511900
vt 0.499700 0.512000
vt 0.497100 0.513300
vt 0.502000 0.514200
vt 0.508000 0.517400
vt 0.504200 0.516600
vt 0.505400 0.514600
vt 0.453100 0.520400
vt 0.409300 0.520400
vt 0.453100 0.516800
vt 0.409300 0.516700
vt 0.453300 0.513200
vt 0.365500 0.516700
vt 0.365500 0.520400
vt 0.321700 0.516600
vt 0.365600 0.513100
vt 0.409400 0.513100
vt 0.365700 0.506000
vt 0.321700 0.509500
vt 0.321700 0.505900
vt 0.409600 0.506200
vt 0.365600 0.509500
vt 0.321700 0.513000
vt 0.409500 0.509600
vt 0.453400 0.509700
vt 0.453600 0.506300
vt 0.508400 0.212300
vt 0.508500 0.285900
vt 0.504900 0.212400
vt 0.508500 0.359400
vt 0.504900 0.285900
vt 0.508400 0.433000
vt 0.508300 0.506600
vt 0.504800 0.433000
vt 0.504900 0.359400
vt 0.497700 0.432900
vt 0.501200 0.506500
vt 0.497800 0.359400
vt 0.501200 0.432900
vt 0.504700 0.506500
vt 0.501300 0.359400
vt 0.498000 0.212500
vt 0.501400 0.285900
vt 0.497900 0.286000
vt 0.501500 0.212400
vt 0.454000 0.214800
vt 0.453900 0.287700
vt 0.410000 0.217200
vt 0.453800 0.360600
vt 0.409900 0.289400
vt 0.453700 0.433400
vt 0.409700 0.433900
vt 0.409800 0.361700
vt 0.321800 0.434900
vt 0.321900 0.363900
vt 0.365800 0.434400
vt 0.365900 0.362800
vt 0.322100 0.221800
vt 0.366000 0.291100
vt 0.322000 0.292800
vt 0.366100 0.219500
vt 0.052600 0.292600
vt 0.049100 0.221600
vt 0.052600 0.221600
vt 0.052500 0.363700
vt 0.049000 0.292700
vt 0.045500 0.221700
vt 0.049000 0.363700
vt 0.045500 0.292700
vt 0.049000 0.434700
vt 0.052500 0.434700
vt 0.049000 0.505700
vt 0.045500 0.434700
vt 0.045500 0.363700
vt 0.041900 0.505600
vt 0.041900 0.434700
vt 0.045500 0.505700
vt 0.041900 0.363700
vt 0.041900 0.292700
vt 0.042000 0.221700
vt 0.504400 0.202100
vt 0.505600 0.204500
vt 0.502300 0.204300
vt 0.503400 0.199800
vt 0.501600 0.201400
vt 0.500500 0.209800
vt 0.497800 0.208200
vt 0.500100 0.206300
vt 0.497600 0.203900
vt 0.499600 0.202700
vt 0.503100 0.207200
vt 0.497400 0.199600
vt 0.501000 0.198500
vt 0.499200 0.199100
vt 0.502600 0.197600
vt 0.452100 0.202800
vt 0.444900 0.199800
vt 0.453300 0.206600
vt 0.407500 0.205800
vt 0.403100 0.202900
vt 0.409300 0.209300
vt 0.453900 0.210700
vt 0.409900 0.213200
vt 0.322100 0.218200
vt 0.365600 0.212000
vt 0.366000 0.215700
vt 0.322000 0.210900
vt 0.362700 0.205300
vt 0.364400 0.208400
vt 0.322000 0.214500
vt 0.049900 0.218900
vt 0.052700 0.218100
vt 0.047200 0.216100
vt 0.050300 0.215800
vt 0.052900 0.214500
vt 0.048000 0.213600
vt 0.050700 0.212800
vt 0.041900 0.210600
vt 0.045700 0.211200
vt 0.044600 0.213300
vt 0.046700 0.209000
vt 0.048600 0.211000
vt 0.047500 0.206900
vt 0.049100 0.208300
vt 0.051000 0.209600
vt 0.052900 0.210800
vt 0.365500 0.524200
vt 0.409300 0.524200
vt 0.365500 0.528200
vt 0.453100 0.524300
vt 0.453200 0.528200
vt 0.409400 0.528200
vt 0.453400 0.536200
vt 0.409500 0.536200
vt 0.453300 0.532200
vt 0.409400 0.532200
vt 0.365600 0.532200
vt 0.365600 0.536200
vt 0.360400 0.971400
vt 0.452500 0.971400
vt 0.360400 0.974300
vt 0.452500 0.974300
vt 0.360400 0.977200
vt 0.544700 0.974300
vt 0.544700 0.971400
vt 0.544700 0.977200
vt 0.452500 0.977200
vt 0.544700 0.983000
vt 0.636900 0.983000
vt 0.452500 0.983000
vt 0.544700 0.980100
vt 0.452500 0.980100
vt 0.360400 0.980100
vt 0.360400 0.983000
vt 0.360400 0.582100
vt 0.452500 0.582100
vt 0.360400 0.679400
vt 0.452500 0.679400
vt 0.360400 0.776700
vt 0.544700 0.679400
vt 0.544700 0.582100
vt 0.544700 0.776700
vt 0.452500 0.776700
vt 0.544700 0.874000
vt 0.452500 0.874000
vt 0.360400 0.874000
vt 0.360400 0.570400
vt 0.268200 0.570400
vt 0.452500 0.570400
vt 0.360400 0.573300
vt 0.452500 0.573300
vt 0.360400 0.576300
vt 0.636900 0.570400
vt 0.544700 0.573300
vt 0.544700 0.570400
vt 0.544700 0.576300
vt 0.452500 0.576300
vt 0.544700 0.579200
vt 0.452500 0.579200
vt 0.360400 0.579200
vt 0.254600 0.207100
vt 0.321400 0.203100
vt 0.322000 0.207200
vt 0.187300 0.207100
vt 0.254200 0.203100
vt 0.320900 0.199000
vt 0.187000 0.203100
vt 0.253800 0.199100
vt 0.119900 0.203200
vt 0.120100 0.207100
vt 0.119600 0.199200
vt 0.186700 0.199200
vt 0.118900 0.191100
vt 0.185900 0.191000
vt 0.119300 0.195200
vt 0.186300 0.195100
vt 0.319800 0.190800
vt 0.253300 0.195000
vt 0.252800 0.190900
vt 0.320300 0.194900
vt 0.254600 0.516600
vt 0.187400 0.516500
vt 0.254500 0.513000
vt 0.120200 0.516500
vt 0.120100 0.512900
vt 0.187300 0.512900
vt 0.119800 0.505800
vt 0.187100 0.505800
vt 0.120000 0.509300
vt 0.187200 0.509400
vt 0.254500 0.509400
vt 0.254400 0.505900
vt 0.254500 0.434900
vt 0.187200 0.434800
vt 0.254600 0.363800
vt 0.119800 0.434800
vt 0.119900 0.363700
vt 0.187200 0.363800
vt 0.120000 0.221700
vt 0.187300 0.221700
vt 0.119900 0.292700
vt 0.187300 0.292700
vt 0.254600 0.292800
vt 0.254700 0.221800
vt 0.254700 0.218100
vt 0.254700 0.214500
vt 0.187400 0.214500
vt 0.120100 0.218100
vt 0.120100 0.214500
vt 0.187400 0.218100
vt 0.120200 0.210800
vt 0.254700 0.210800
vt 0.187400 0.210800
vt 0.426400 0.198300
vt 0.394300 0.200900
vt 0.400000 0.197900
vt 0.326400 0.204400
vt 0.360700 0.202800
vt 0.330800 0.201700
vt 0.361600 0.200600
vt 0.385300 0.199800
vt 0.368800 0.198200
vt 0.335200 0.198900
vt 0.325900 0.200700
vt 0.325400 0.196900
vt 0.330400 0.198200
vt 0.324900 0.193100
vt 0.324400 0.189300
vt 0.329500 0.191300
vt 0.329900 0.194700
vt 0.333700 0.186300
vt 0.334100 0.189400
vt 0.329100 0.187800
vt 0.334500 0.192600
vt 0.334800 0.195700
vt 0.262400 0.566700
vt 0.169200 0.562000
vt 0.215300 0.564500
vt 0.256600 0.563000
vt 0.181600 0.560700
vt 0.214200 0.561700
vt 0.082000 0.555600
vt 0.125100 0.558900
vt 0.136300 0.555600
vt 0.161600 0.558500
vt 0.245000 0.555600
vt 0.204500 0.558700
vt 0.190700 0.555600
vt 0.250800 0.559300
vt 0.928600 0.404200
vt 0.934600 0.525500
vt 0.930300 0.525500
vt 0.928200 0.282900
vt 0.934100 0.404200
vt 0.939000 0.525500
vt 0.933900 0.282900
vt 0.938800 0.404200
vt 0.930300 0.040300
vt 0.934100 0.161600
vt 0.928600 0.161600
vt 0.934600 0.040300
vt 0.938800 0.161600
vt 0.938800 0.282900
vt 0.947600 0.161600
vt 0.943300 0.040300
vt 0.947600 0.040300
vt 0.947600 0.282900
vt 0.943300 0.161600
vt 0.939000 0.040300
vt 0.943300 0.282900
vt 0.947600 0.525500
vt 0.943300 0.404200
vt 0.947600 0.404200
vt 0.943300 0.525500
vt 0.897400 0.404200
vt 0.905600 0.525500
vt 0.897400 0.525500
vt 0.897500 0.282900
vt 0.905600 0.404200
vt 0.913900 0.525500
vt 0.905600 0.282900
vt 0.913700 0.404200
vt 0.897400 0.040300
vt 0.905600 0.161600
vt 0.897400 0.161600
vt 0.905600 0.040300
vt 0.913700 0.161600
vt 0.913700 0.282900
vt 0.922100 0.040300
vt 0.921600 0.161600
vt 0.913900 0.040300
vt 0.921300 0.282900
vt 0.921600 0.404200
vt 0.922100 0.525500
vt 0.864900 0.404200
vt 0.873000 0.525500
vt 0.864800 0.525500
vt 0.864900 0.282900
vt 0.873000 0.404200
vt 0.881100 0.525500
vt 0.873000 0.282900
vt 0.881100 0.404200
vt 0.864800 0.040300
vt 0.873000 0.161600
vt 0.864900 0.161600
vt 0.873000 0.040300
vt 0.881100 0.161600
vt 0.881100 0.282900
vt 0.889300 0.040300
vt 0.889300 0.161600
vt 0.881100 0.040300
vt 0.889300 0.282900
vt 0.889300 0.404200
vt 0.889300 0.525500
vt 0.834300 0.404200
vt 0.840900 0.525500
vt 0.832900 0.525500
vt 0.834600 0.282900
vt 0.841300 0.404200
vt 0.848900 0.525500
vt 0.841500 0.282900
vt 0.849000 0.404200
vt 0.832900 0.040300
vt 0.841300 0.161600
vt 0.834300 0.161600
vt 0.840900 0.040300
vt 0.849000 0.161600
vt 0.849000 0.282900
vt 0.856900 0.040300
vt 0.856900 0.161600
vt 0.848900 0.040300
vt 0.856900 0.282900
vt 0.856900 0.404200
vt 0.856900 0.525500
vt 0.813600 0.404200
vt 0.818400 0.525500
vt 0.813600 0.525500
vt 0.813600 0.282900
vt 0.818400 0.404200
vt 0.823200 0.525500
vt 0.818400 0.282900
vt 0.823300 0.404200
vt 0.813600 0.040300
vt 0.818400 0.161600
vt 0.813600 0.161600
vt 0.818400 0.040300
vt 0.823300 0.161600
vt 0.823400 0.282900
vt 0.828100 0.040300
vt 0.828500 0.161600
vt 0.823200 0.040300
vt 0.828700 0.282900
vt 0.828500 0.404200
vt 0.828100 0.525500
vt 0.622800 0.040600
vt 0.617000 0.161700
vt 0.617000 0.040400
vt 0.629300 0.040700
vt 0.622800 0.161800
vt 0.617000 0.282900
vt 0.629300 0.161800
vt 0.622800 0.282900
vt 0.644400 0.040700
vt 0.636600 0.161800
vt 0.636600 0.040700
vt 0.644400 0.161800
vt 0.636600 0.282900
vt 0.629300 0.282900
vt 0.636600 0.525100
vt 0.644400 0.404000
vt 0.644400 0.525100
vt 0.629300 0.525100
vt 0.636600 0.404000
vt 0.644400 0.282900
vt 0.629300 0.404000
vt 0.617000 0.525300
vt 0.622800 0.404000
vt 0.622800 0.525200
vt 0.617000 0.404100
vt 0.652500 0.040600
vt 0.661000 0.040500
vt 0.652500 0.161700
vt 0.661000 0.161700
vt 0.652500 0.282900
vt 0.678400 0.040300
vt 0.669700 0.161600
vt 0.669700 0.040400
vt 0.678400 0.161600
vt 0.669700 0.282900
vt 0.661000 0.282900
vt 0.669700 0.525400
vt 0.678400 0.404200
vt 0.678400 0.525500
vt 0.661000 0.525300
vt 0.669700 0.404100
vt 0.678400 0.282900
vt 0.661000 0.404100
vt 0.652500 0.404000
vt 0.652500 0.525200
vt 0.687200 0.040200
vt 0.696000 0.040200
vt 0.687200 0.161500
vt 0.696000 0.161500
vt 0.687200 0.282900
vt 0.713600 0.040200
vt 0.704800 0.161500
vt 0.704800 0.040200
vt 0.713600 0.161600
vt 0.704800 0.282900
vt 0.696000 0.282900
vt 0.704800 0.525600
vt 0.713600 0.404200
vt 0.713600 0.525500
vt 0.696000 0.525600
vt 0.704800 0.404200
vt 0.713600 0.282900
vt 0.696000 0.404200
vt 0.687200 0.404200
vt 0.687200 0.525600
vt 0.722400 0.040300
vt 0.731000 0.040400
vt 0.722400 0.161600
vt 0.731000 0.161600
vt 0.722400 0.282900
vt 0.747500 0.040600
vt 0.739400 0.161700
vt 0.739400 0.040500
vt 0.747500 0.161700
vt 0.739400 0.282900
vt 0.731000 0.282900
vt 0.739400 0.525300
vt 0.747500 0.404000
vt 0.747500 0.525200
vt 0.731000 0.525400
vt 0.739400 0.404100
vt 0.747500 0.282900
vt 0.731000 0.404100
vt 0.722400 0.404200
vt 0.722400 0.525500
vt 0.755100 0.040700
vt 0.762100 0.040800
vt 0.755100 0.161800
vt 0.762100 0.161800
vt 0.755100 0.282900
vt 0.774000 0.040700
vt 0.768400 0.161800
vt 0.768400 0.040800
vt 0.774000 0.161800
vt 0.768400 0.282900
vt 0.762100 0.282900
vt 0.768400 0.525000
vt 0.774000 0.404000
vt 0.774000 0.525100
vt 0.762100 0.525000
vt 0.768400 0.403900
vt 0.774000 0.282900
vt 0.762100 0.403900
vt 0.755100 0.404000
vt 0.755100 0.525100
vt 0.954100 0.040300
vt 0.960600 0.040300
vt 0.954100 0.161600
vt 0.960600 0.161600
vt 0.954100 0.282900
vt 0.973500 0.040300
vt 0.967000 0.161600
vt 0.967000 0.040300
vt 0.973500 0.161600
vt 0.967000 0.282900
vt 0.960600 0.282900
vt 0.967000 0.525500
vt 0.973500 0.404200
vt 0.973500 0.525500
vt 0.960600 0.525500
vt 0.967000 0.404200
vt 0.973500 0.282900
vt 0.960600 0.404200
vt 0.954100 0.404200
vt 0.954100 0.525500
vt 0.771800 0.539800
vt 0.776500 0.541500
vt 0.772000 0.546500
vt 0.772100 0.534600
vt 0.776200 0.537600
vt 0.781000 0.536400
vt 0.776300 0.533600
vt 0.780000 0.534200
vt 0.777300 0.529500
vt 0.772900 0.529800
vt 0.778800 0.525300
vt 0.780800 0.529400
vt 0.779000 0.532400
vt 0.785500 0.531400
vt 0.786500 0.525900
vt 0.790000 0.526300
vt 0.783300 0.530200
vt 0.782900 0.525600
vt 0.722500 0.529600
vt 0.713700 0.529600
vt 0.731100 0.529700
vt 0.713700 0.533600
vt 0.722600 0.533800
vt 0.747500 0.529800
vt 0.739500 0.529700
vt 0.747600 0.534400
vt 0.739700 0.534200
vt 0.731300 0.534000
vt 0.740500 0.543000
vt 0.748000 0.539000
vt 0.749400 0.543500
vt 0.731600 0.542500
vt 0.740000 0.538600
vt 0.731400 0.538200
vt 0.713900 0.541500
vt 0.722700 0.537900
vt 0.722800 0.542000
vt 0.713800 0.537600
vt 0.687200 0.529600
vt 0.678300 0.529600
vt 0.696000 0.529600
vt 0.687100 0.533600
vt 0.678200 0.533600
vt 0.696000 0.533500
vt 0.704800 0.529600
vt 0.704900 0.533600
vt 0.704900 0.541500
vt 0.696000 0.541500
vt 0.704900 0.537500
vt 0.696000 0.537500
vt 0.687000 0.541500
vt 0.678100 0.537600
vt 0.687100 0.537500
vt 0.652300 0.529700
vt 0.644300 0.529800
vt 0.660800 0.529600
vt 0.652000 0.534200
vt 0.644100 0.534400
vt 0.660500 0.533900
vt 0.669500 0.529600
vt 0.669300 0.533800
vt 0.678100 0.541400
vt 0.669100 0.537900
vt 0.669000 0.542000
vt 0.660200 0.538200
vt 0.650700 0.543100
vt 0.643400 0.539100
vt 0.651400 0.538600
vt 0.659800 0.542500
vt 0.616500 0.542100
vt 0.620800 0.540200
vt 0.621500 0.547100
vt 0.611600 0.537000
vt 0.616300 0.538100
vt 0.619900 0.535000
vt 0.612200 0.534700
vt 0.615700 0.534000
vt 0.606600 0.532000
vt 0.604900 0.526500
vt 0.608500 0.530800
vt 0.608300 0.526000
vt 0.610800 0.529900
vt 0.612900 0.532900
vt 0.614200 0.529900
vt 0.612300 0.525600
vt 0.618600 0.530100
vt 0.601600 0.404900
vt 0.601600 0.527000
vt 0.601600 0.282900
vt 0.604900 0.404700
vt 0.604900 0.282900
vt 0.608300 0.404500
vt 0.601600 0.038800
vt 0.604900 0.161100
vt 0.601600 0.160800
vt 0.604900 0.039300
vt 0.608300 0.161300
vt 0.608300 0.282900
vt 0.612300 0.040100
vt 0.612300 0.161500
vt 0.608300 0.039700
vt 0.612300 0.282900
vt 0.612300 0.404300
vt 0.767700 0.529900
vt 0.767000 0.535000
vt 0.761600 0.530000
vt 0.766600 0.540300
vt 0.760700 0.545000
vt 0.760900 0.540000
vt 0.761200 0.534900
vt 0.754800 0.539500
vt 0.755000 0.544300
vt 0.754700 0.534700
vt 0.754900 0.529900
vt 0.623900 0.530100
vt 0.630000 0.530100
vt 0.624900 0.535300
vt 0.636800 0.529900
vt 0.637000 0.534800
vt 0.630600 0.535100
vt 0.641600 0.543600
vt 0.636800 0.539600
vt 0.636600 0.544500
vt 0.631100 0.540200
vt 0.625800 0.540700
vt 0.626500 0.546200
vt 0.631600 0.545400
vt 0.807700 0.525700
vt 0.801800 0.525900
vt 0.807700 0.404300
vt 0.801800 0.404400
vt 0.807700 0.282900
vt 0.795900 0.404500
vt 0.795900 0.526100
vt 0.790000 0.404600
vt 0.795900 0.282900
vt 0.801800 0.282900
vt 0.795900 0.039700
vt 0.790000 0.161200
vt 0.790000 0.039500
vt 0.801800 0.039900
vt 0.795900 0.161300
vt 0.790000 0.282900
vt 0.801800 0.161400
vt 0.807700 0.161500
vt 0.807700 0.040100
vt 0.786500 0.404400
vt 0.782900 0.404200
vt 0.786500 0.282900
vt 0.778800 0.404100
vt 0.778800 0.282900
vt 0.782900 0.282900
vt 0.778800 0.040500
vt 0.782900 0.040200
vt 0.778800 0.161700
vt 0.782900 0.161500
vt 0.786500 0.161400
vt 0.786500 0.039800
vt 0.776500 0.024300
vt 0.771800 0.026000
vt 0.772000 0.019200
vt 0.781000 0.029300
vt 0.776200 0.028200
vt 0.772100 0.031100
vt 0.780000 0.031600
vt 0.776300 0.032200
vt 0.785500 0.034400
vt 0.783300 0.035600
vt 0.780800 0.036300
vt 0.779000 0.033400
vt 0.777300 0.036300
vt 0.772900 0.036000
vt 0.722500 0.036100
vt 0.713700 0.032100
vt 0.713700 0.036200
vt 0.731100 0.036100
vt 0.722600 0.032000
vt 0.713900 0.024300
vt 0.722700 0.027900
vt 0.713800 0.028100
vt 0.722800 0.023800
vt 0.731400 0.027500
vt 0.731300 0.031800
vt 0.748000 0.026800
vt 0.740500 0.022800
vt 0.749400 0.022200
vt 0.747600 0.031400
vt 0.740000 0.027200
vt 0.731600 0.023300
vt 0.739700 0.031600
vt 0.747500 0.036000
vt 0.739500 0.036000
vt 0.687200 0.036200
vt 0.678300 0.036200
vt 0.687100 0.032200
vt 0.696000 0.036200
vt 0.696000 0.032200
vt 0.678100 0.028200
vt 0.687000 0.024300
vt 0.687100 0.028300
vt 0.696000 0.024300
vt 0.696000 0.028300
vt 0.678200 0.032100
vt 0.704900 0.024300
vt 0.704900 0.028200
vt 0.704900 0.032200
vt 0.704800 0.036200
vt 0.652300 0.036100
vt 0.644300 0.036000
vt 0.652000 0.031600
vt 0.660800 0.036100
vt 0.660500 0.031800
vt 0.643400 0.026700
vt 0.650700 0.022700
vt 0.651400 0.027200
vt 0.659800 0.023200
vt 0.660200 0.027500
vt 0.644100 0.031300
vt 0.678100 0.024300
vt 0.669100 0.027900
vt 0.669000 0.023800
vt 0.669300 0.032000
vt 0.669500 0.036200
vt 0.620800 0.025500
vt 0.616500 0.023700
vt 0.621500 0.018600
vt 0.619900 0.030800
vt 0.616300 0.027700
vt 0.611600 0.028700
vt 0.615700 0.031800
vt 0.612200 0.031000
vt 0.614200 0.035900
vt 0.618600 0.035700
vt 0.610800 0.035900
vt 0.612900 0.032900
vt 0.606600 0.033800
vt 0.608500 0.035000
vt 0.767700 0.035800
vt 0.761600 0.035800
vt 0.767000 0.030800
vt 0.754900 0.035900
vt 0.754700 0.031100
vt 0.761200 0.030800
vt 0.754800 0.026300
vt 0.755000 0.021500
vt 0.760900 0.025800
vt 0.766600 0.025400
vt 0.766300 0.020000
vt 0.760700 0.020700
vt 0.623900 0.035600
vt 0.624900 0.030500
vt 0.630000 0.035700
vt 0.625800 0.025100
vt 0.631600 0.020400
vt 0.631100 0.025500
vt 0.630600 0.030600
vt 0.641600 0.022200
vt 0.636800 0.026100
vt 0.636600 0.021300
vt 0.637000 0.031000
vt 0.636800 0.035800
vt 0.756000 0.748500
vt 0.797400 0.754000
vt 0.755800 0.754000
vt 0.756100 0.743700
vt 0.797400 0.748500
vt 0.838800 0.754000
vt 0.797400 0.744000
vt 0.838800 0.748500
vt 0.756100 0.736600
vt 0.797400 0.740300
vt 0.756100 0.740200
vt 0.797400 0.737000
vt 0.838800 0.740300
vt 0.838800 0.744100
vt 0.921400 0.740200
vt 0.880100 0.737000
vt 0.921400 0.736600
vt 0.921400 0.743700
vt 0.880100 0.740300
vt 0.838800 0.737100
vt 0.880100 0.744000
vt 0.921700 0.754000
vt 0.880100 0.748500
vt 0.921500 0.748500
vt 0.880200 0.754000
vt 0.756100 0.734000
vt 0.756100 0.731500
vt 0.797400 0.734200
vt 0.797400 0.731500
vt 0.838800 0.734200
vt 0.756100 0.726300
vt 0.797400 0.728700
vt 0.756100 0.728900
vt 0.797400 0.725900
vt 0.838800 0.728700
vt 0.838800 0.731500
vt 0.921400 0.728900
vt 0.880100 0.725900
vt 0.921400 0.726300
vt 0.921400 0.731500
vt 0.880100 0.728700
vt 0.838800 0.725800
vt 0.880100 0.731500
vt 0.880100 0.734200
vt 0.921400 0.734000
vt 0.756100 0.722700
vt 0.756100 0.719200
vt 0.797400 0.722600
vt 0.797400 0.719200
vt 0.838800 0.722600
vt 0.756100 0.712200
vt 0.797400 0.715700
vt 0.756100 0.715700
vt 0.797400 0.712200
vt 0.838800 0.715700
vt 0.838800 0.719200
vt 0.921400 0.715700
vt 0.880100 0.712200
vt 0.921400 0.712200
vt 0.921400 0.719200
vt 0.880100 0.715700
vt 0.838800 0.712200
vt 0.880100 0.719200
vt 0.880100 0.722600
vt 0.921400 0.722700
vt 0.756100 0.708600
vt 0.756100 0.705100
vt 0.797400 0.708600
vt 0.797400 0.705100
vt 0.838800 0.708600
vt 0.756100 0.698000
vt 0.797400 0.701700
vt 0.756100 0.701600
vt 0.797400 0.698400
vt 0.838800 0.701700
vt 0.838800 0.705100
vt 0.921400 0.701600
vt 0.880100 0.698400
vt 0.921400 0.698000
vt 0.921400 0.705100
vt 0.880100 0.701700
vt 0.838800 0.698500
vt 0.880100 0.705100
vt 0.880100 0.708600
vt 0.921400 0.708600
vt 0.756100 0.695400
vt 0.756100 0.692900
vt 0.797400 0.695600
vt 0.797400 0.692900
vt 0.838800 0.695600
vt 0.756100 0.687700
vt 0.797400 0.690200
vt 0.756100 0.690300
vt 0.797400 0.687300
vt 0.838800 0.690100
vt 0.838800 0.692900
vt 0.921400 0.690300
vt 0.880100 0.687300
vt 0.921400 0.687700
vt 0.921400 0.692900
vt 0.880100 0.690200
vt 0.838800 0.687200
vt 0.880100 0.692900
vt 0.880100 0.695600
vt 0.921400 0.695400
vt 0.756100 0.684200
vt 0.756100 0.680600
vt 0.797400 0.684000
vt 0.797400 0.680400
vt 0.838800 0.684000
vt 0.756100 0.673600
vt 0.797400 0.676400
vt 0.756100 0.677100
vt 0.797400 0.671300
vt 0.838800 0.676100
vt 0.838800 0.680300
vt 0.921400 0.677100
vt 0.880100 0.671300
vt 0.921400 0.673600
vt 0.921400 0.680600
vt 0.880100 0.676400
vt 0.838800 0.670800
vt 0.880100 0.680400
vt 0.880100 0.684000
vt 0.921400 0.684200
vt 0.928200 0.749300
vt 0.928500 0.754400
vt 0.922400 0.748500
vt 0.928400 0.745300
vt 0.933700 0.749300
vt 0.935200 0.754200
vt 0.932200 0.746500
vt 0.925200 0.736600
vt 0.929400 0.742300
vt 0.924200 0.740200
vt 0.930900 0.739700
vt 0.934300 0.744800
vt 0.923300 0.743700
vt 0.942100 0.752700
vt 0.942000 0.745400
vt 0.950800 0.748500
vt 0.938800 0.748000
vt 0.936300 0.742600
vt 0.932300 0.737200
vt 0.927700 0.734000
vt 0.934100 0.734900
vt 0.937000 0.739900
vt 0.936800 0.737400
vt 0.935500 0.726300
vt 0.936400 0.733200
vt 0.932900 0.728900
vt 0.938900 0.731700
vt 0.939400 0.737400
vt 0.930300 0.731500
vt 0.945600 0.741600
vt 0.941800 0.741700
vt 0.942200 0.736600
vt 0.939000 0.725300
vt 0.942600 0.724400
vt 0.941500 0.730200
vt 0.944100 0.734700
vt 0.945200 0.732600
vt 0.949600 0.722500
vt 0.947000 0.728700
vt 0.946100 0.723400
vt 0.949900 0.728700
vt 0.947500 0.733800
vt 0.944100 0.729100
vt 0.950500 0.740300
vt 0.947200 0.738500
vt 0.950200 0.734500
vt 0.953200 0.723400
vt 0.956700 0.724400
vt 0.952900 0.728700
vt 0.952900 0.733800
vt 0.955000 0.732600
vt 0.963800 0.726300
vt 0.958400 0.730200
vt 0.960200 0.725300
vt 0.961000 0.731700
vt 0.956300 0.734700
vt 0.955700 0.729100
vt 0.955400 0.741600
vt 0.953600 0.738500
vt 0.958300 0.736600
vt 0.966300 0.728900
vt 0.968900 0.731500
vt 0.963500 0.733200
vt 0.960900 0.737400
vt 0.963400 0.737400
vt 0.974100 0.736600
vt 0.967500 0.737200
vt 0.971500 0.734000
vt 0.969000 0.739700
vt 0.963400 0.739900
vt 0.965700 0.734900
vt 0.959000 0.745400
vt 0.959000 0.741700
vt 0.964200 0.742600
vt 0.970500 0.742300
vt 0.976000 0.743700
vt 0.975000 0.740200
vt 0.966000 0.744800
vt 0.968100 0.746400
vt 0.977900 0.750700
vt 0.971700 0.748600
vt 0.976900 0.747200
vt 0.971600 0.753400
vt 0.966700 0.749100
vt 0.971500 0.745200
vt 0.959000 0.752700
vt 0.962000 0.748000
vt 0.965400 0.753900
vt 0.699600 0.750700
vt 0.706100 0.748600
vt 0.706300 0.753400
vt 0.700600 0.747200
vt 0.706300 0.745200
vt 0.711400 0.749100
vt 0.712800 0.753900
vt 0.709900 0.746400
vt 0.703400 0.736600
vt 0.707400 0.742300
vt 0.702500 0.740200
vt 0.708800 0.739700
vt 0.712000 0.744800
vt 0.701500 0.743700
vt 0.719400 0.752700
vt 0.719400 0.745400
vt 0.727900 0.748500
vt 0.716300 0.748000
vt 0.713900 0.742600
vt 0.710300 0.737200
vt 0.706000 0.734000
vt 0.712100 0.734900
vt 0.714700 0.739900
vt 0.714600 0.737400
vt 0.713800 0.726300
vt 0.714300 0.733200
vt 0.711200 0.728900
vt 0.716900 0.731700
vt 0.717100 0.737400
vt 0.708600 0.731500
vt 0.723000 0.741600
vt 0.719300 0.741700
vt 0.719800 0.736600
vt 0.719400 0.730200
vt 0.717300 0.725300
vt 0.722100 0.729100
vt 0.721800 0.734700
vt 0.723000 0.732600
vt 0.727900 0.722500
vt 0.724900 0.728700
vt 0.724400 0.723400
vt 0.727900 0.728700
vt 0.725200 0.733800
vt 0.720800 0.724400
vt 0.727900 0.740300
vt 0.724700 0.738500
vt 0.727900 0.734500
vt 0.730800 0.728700
vt 0.731400 0.723400
vt 0.733700 0.729100
vt 0.730600 0.733800
vt 0.732700 0.732600
vt 0.742000 0.726300
vt 0.736300 0.730200
vt 0.738500 0.725300
vt 0.738900 0.731700
vt 0.733900 0.734700
vt 0.734900 0.724400
vt 0.732800 0.741600
vt 0.731000 0.738500
vt 0.735900 0.736600
vt 0.741400 0.733200
vt 0.744600 0.728900
vt 0.743700 0.734900
vt 0.738600 0.737400
vt 0.741100 0.737400
vt 0.752400 0.736600
vt 0.745500 0.737200
vt 0.749800 0.734000
vt 0.747000 0.739700
vt 0.741100 0.739900
vt 0.747200 0.731500
vt 0.736400 0.745400
vt 0.736500 0.741700
vt 0.741800 0.742600
vt 0.748400 0.742300
vt 0.753300 0.740200
vt 0.749400 0.745300
vt 0.743700 0.744800
vt 0.745800 0.746500
vt 0.749600 0.749300
vt 0.755100 0.748500
vt 0.749400 0.754400
vt 0.744400 0.749300
vt 0.754200 0.743700
vt 0.736300 0.752700
vt 0.739500 0.748000
vt 0.743000 0.754200
vt 0.756000 0.760800
vt 0.797400 0.760800
vt 0.756100 0.768600
vt 0.838800 0.760800
vt 0.797400 0.768600
vt 0.880100 0.760800
vt 0.921500 0.760800
vt 0.880100 0.768600
vt 0.838800 0.768600
vt 0.880100 0.785800
vt 0.921400 0.777000
vt 0.921400 0.785800
vt 0.838800 0.785800
vt 0.880100 0.777000
vt 0.921400 0.768600
vt 0.838800 0.777000
vt 0.756100 0.785800
vt 0.797400 0.777000
vt 0.797400 0.785800
vt 0.756100 0.777000
vt 0.921400 0.664800
vt 0.880100 0.664200
vt 0.921400 0.656100
vt 0.838800 0.663800
vt 0.880100 0.655900
vt 0.797400 0.664200
vt 0.756100 0.664800
vt 0.797400 0.655900
vt 0.838800 0.655800
vt 0.797400 0.638600
vt 0.756100 0.647300
vt 0.756100 0.638600
vt 0.838800 0.638600
vt 0.797400 0.647300
vt 0.756100 0.656100
vt 0.838800 0.647300
vt 0.921400 0.638600
vt 0.880100 0.647300
vt 0.880100 0.638600
vt 0.921400 0.647300
vt 0.928700 0.761000
vt 0.935900 0.760800
vt 0.928800 0.768600
vt 0.950700 0.759300
vt 0.943300 0.759900
vt 0.950700 0.768200
vt 0.943500 0.768300
vt 0.936200 0.768600
vt 0.943700 0.785800
vt 0.950900 0.777000
vt 0.951200 0.785800
vt 0.936300 0.785800
vt 0.943600 0.777000
vt 0.928800 0.777000
vt 0.928800 0.785800
vt 0.936300 0.777000
vt 0.957900 0.759900
vt 0.964800 0.760600
vt 0.957800 0.768300
vt 0.977900 0.759500
vt 0.971400 0.760300
vt 0.977900 0.768300
vt 0.971300 0.768500
vt 0.964600 0.768500
vt 0.971200 0.785800
vt 0.977900 0.777000
vt 0.977900 0.785800
vt 0.964500 0.785800
vt 0.971200 0.777000
vt 0.957800 0.777000
vt 0.957900 0.785800
vt 0.964500 0.777000
vt 0.699600 0.759500
vt 0.706500 0.760300
vt 0.699600 0.768300
vt 0.713400 0.760600
vt 0.706600 0.768500
vt 0.727900 0.759300
vt 0.720600 0.759900
vt 0.727900 0.768200
vt 0.720800 0.768300
vt 0.713700 0.768500
vt 0.720800 0.785800
vt 0.727900 0.777000
vt 0.727900 0.785800
vt 0.713800 0.785800
vt 0.720800 0.777000
vt 0.699600 0.785800
vt 0.706700 0.777000
vt 0.706700 0.785800
vt 0.699600 0.777000
vt 0.713800 0.777000
vt 0.735200 0.759900
vt 0.742300 0.760800
vt 0.735000 0.768300
vt 0.749200 0.761000
vt 0.749100 0.768600
vt 0.742100 0.768600
vt 0.749100 0.785800
vt 0.742000 0.785800
vt 0.749100 0.777000
vt 0.734900 0.777000
vt 0.734900 0.785800
vt 0.742000 0.777000
vt 0.756100 0.610300
vt 0.797400 0.603500
vt 0.797400 0.610600
vt 0.756100 0.603200
vt 0.797400 0.596400
vt 0.838800 0.603700
vt 0.838800 0.610900
vt 0.838800 0.596500
vt 0.756100 0.589100
vt 0.797400 0.582000
vt 0.797400 0.589200
vt 0.838800 0.582000
vt 0.838800 0.589300
vt 0.756100 0.596200
vt 0.921400 0.582000
vt 0.880100 0.589400
vt 0.880100 0.582000
vt 0.921400 0.589500
vt 0.880100 0.596700
vt 0.921400 0.604400
vt 0.880100 0.611300
vt 0.880100 0.604100
vt 0.921400 0.597000
vt 0.797400 0.631600
vt 0.756100 0.631500
vt 0.797400 0.624600
vt 0.838800 0.631700
vt 0.838800 0.624800
vt 0.756100 0.617400
vt 0.797400 0.617600
vt 0.838800 0.617900
vt 0.756100 0.624400
vt 0.921400 0.611900
vt 0.880100 0.618200
vt 0.921400 0.618500
vt 0.880100 0.625000
vt 0.921400 0.631900
vt 0.880100 0.631800
vt 0.921400 0.625200
vt 0.044600 0.029000
vt 0.081900 0.024400
vt 0.044700 0.024400
vt 0.081800 0.029000
vt 0.116900 0.024400
vt 0.082000 0.019900
vt 0.044800 0.019900
vt 0.117300 0.019900
vt 0.147600 0.029000
vt 0.171700 0.024400
vt 0.147600 0.024400
vt 0.173400 0.019900
vt 0.148700 0.019900
vt 0.116900 0.029000
vt 0.193600 0.010700
vt 0.152100 0.015300
vt 0.178300 0.015300
vt 0.156500 0.010700
vt 0.118200 0.015300
vt 0.082200 0.010700
vt 0.044900 0.015300
vt 0.082100 0.015300
vt 0.119300 0.010700
vt 0.531300 0.029000
vt 0.568200 0.059400
vt 0.568200 0.029000
vt 0.494400 0.029000
vt 0.531300 0.059400
vt 0.568200 0.089800
vt 0.495500 0.059400
vt 0.531300 0.089800
vt 0.420600 0.029000
vt 0.461900 0.059400
vt 0.457500 0.029000
vt 0.436100 0.059400
vt 0.464100 0.089800
vt 0.496000 0.089800
vt 0.457500 0.150600
vt 0.436100 0.120200
vt 0.420600 0.150600
vt 0.494400 0.150600
vt 0.461900 0.120200
vt 0.439400 0.089800
vt 0.495500 0.120200
vt 0.568200 0.150600
vt 0.531300 0.120200
vt 0.531300 0.150600
vt 0.568200 0.120200
vt 0.082200 0.168900
vt 0.044900 0.164300
vt 0.045100 0.168900
vt 0.119300 0.168900
vt 0.082100 0.164300
vt 0.044800 0.159700
vt 0.118200 0.164300
vt 0.082000 0.159700
vt 0.193600 0.168900
vt 0.152100 0.164300
vt 0.156500 0.168900
vt 0.178300 0.164300
vt 0.148700 0.159700
vt 0.117300 0.159700
vt 0.147600 0.150600
vt 0.171700 0.155100
vt 0.171700 0.150600
vt 0.116900 0.150600
vt 0.147600 0.155100
vt 0.173400 0.159700
vt 0.116900 0.155100
vt 0.044600 0.150600
vt 0.081900 0.155100
vt 0.081800 0.150600
vt 0.044700 0.155100
vt 0.044600 0.120200
vt 0.081800 0.120200
vt 0.044600 0.089800
vt 0.116900 0.120200
vt 0.081800 0.089800
vt 0.147600 0.120200
vt 0.171700 0.120200
vt 0.147600 0.089800
vt 0.116900 0.089800
vt 0.171700 0.059400
vt 0.171700 0.029000
vt 0.147600 0.059400
vt 0.171700 0.089800
vt 0.116900 0.059400
vt 0.081800 0.059400
vt 0.044600 0.059400
vt 0.187100 0.024400
vt 0.187100 0.029000
vt 0.196000 0.024400
vt 0.188200 0.019900
vt 0.196200 0.019900
vt 0.203600 0.029000
vt 0.200700 0.024400
vt 0.200700 0.029000
vt 0.203600 0.024400
vt 0.200700 0.019900
vt 0.196000 0.029000
vt 0.200300 0.010700
vt 0.203300 0.015300
vt 0.202500 0.010700
vt 0.197000 0.015300
vt 0.200500 0.015300
vt 0.203500 0.019900
vt 0.195800 0.010700
vt 0.191400 0.015300
vt 0.198000 0.010700
vt 0.419100 0.029000
vt 0.417700 0.029000
vt 0.423600 0.059400
vt 0.418800 0.059400
vt 0.425800 0.089800
vt 0.414800 0.029000
vt 0.416200 0.059400
vt 0.416300 0.029000
vt 0.414400 0.059400
vt 0.416100 0.089800
vt 0.419300 0.089800
vt 0.416300 0.150600
vt 0.414400 0.120200
vt 0.414800 0.150600
vt 0.417700 0.150600
vt 0.416200 0.120200
vt 0.414400 0.089800
vt 0.418800 0.120200
vt 0.423600 0.120200
vt 0.419100 0.150600
vt 0.195800 0.168900
vt 0.198000 0.168900
vt 0.191400 0.164300
vt 0.197000 0.164300
vt 0.188200 0.159700
vt 0.200300 0.168900
vt 0.203300 0.164300
vt 0.200500 0.164300
vt 0.203500 0.159700
vt 0.200700 0.159700
vt 0.196200 0.159700
vt 0.203600 0.150600
vt 0.200700 0.155100
vt 0.203600 0.155100
vt 0.196000 0.150600
vt 0.200700 0.150600
vt 0.196000 0.155100
vt 0.187100 0.155100
vt 0.187100 0.150600
vt 0.187100 0.120200
vt 0.196000 0.120200
vt 0.187100 0.089800
vt 0.200700 0.120200
vt 0.203600 0.120200
vt 0.200700 0.089800
vt 0.196000 0.089800
vt 0.203600 0.059400
vt 0.200700 0.059400
vt 0.203600 0.089800
vt 0.196000 0.059400
vt 0.187100 0.059400
vt 0.206900 0.029000
vt 0.210600 0.029000
vt 0.206900 0.024400
vt 0.210600 0.024400
vt 0.206900 0.019900
vt 0.214500 0.029000
vt 0.218500 0.024400
vt 0.214500 0.024400
vt 0.218500 0.019900
vt 0.214500 0.019900
vt 0.210600 0.019900
vt 0.218500 0.010700
vt 0.214500 0.015300
vt 0.218500 0.015300
vt 0.210500 0.010700
vt 0.214500 0.010700
vt 0.210500 0.015300
vt 0.206700 0.015300
vt 0.206500 0.010700
vt 0.412500 0.029000
vt 0.410200 0.029000
vt 0.412400 0.059400
vt 0.410200 0.059400
vt 0.412400 0.089800
vt 0.405700 0.029000
vt 0.408000 0.059400
vt 0.408000 0.029000
vt 0.405700 0.059400
vt 0.408000 0.089800
vt 0.410200 0.089800
vt 0.408000 0.150600
vt 0.405700 0.120200
vt 0.405700 0.150600
vt 0.410200 0.150600
vt 0.408000 0.120200
vt 0.405700 0.089800
vt 0.410200 0.120200
vt 0.412400 0.120200
vt 0.412500 0.150600
vt 0.202500 0.168900
vt 0.206700 0.164300
vt 0.206500 0.168900
vt 0.210500 0.164300
vt 0.206900 0.159700
vt 0.210600 0.159700
vt 0.218500 0.168900
vt 0.214500 0.164300
vt 0.214500 0.168900
vt 0.218500 0.164300
vt 0.214500 0.159700
vt 0.210500 0.168900
vt 0.214500 0.150600
vt 0.218500 0.155100
vt 0.218500 0.150600
vt 0.210600 0.155100
vt 0.214500 0.155100
vt 0.218500 0.159700
vt 0.206900 0.150600
vt 0.206900 0.155100
vt 0.210600 0.150600
vt 0.206900 0.120200
vt 0.210600 0.120200
vt 0.206900 0.089800
vt 0.214500 0.120200
vt 0.218500 0.120200
vt 0.214500 0.089800
vt 0.210600 0.089800
vt 0.218500 0.059400
vt 0.218500 0.029000
vt 0.214500 0.059400
vt 0.218500 0.089800
vt 0.210600 0.059400
vt 0.206900 0.059400
vt 0.222500 0.024400
vt 0.222500 0.029000
vt 0.226500 0.024400
vt 0.222500 0.019900
vt 0.234500 0.029000
vt 0.230500 0.024400
vt 0.230500 0.029000
vt 0.234500 0.024400
vt 0.230500 0.019900
vt 0.226500 0.029000
vt 0.226500 0.019900
vt 0.230400 0.010700
vt 0.234500 0.015300
vt 0.234400 0.010700
vt 0.226400 0.010700
vt 0.230500 0.015300
vt 0.234500 0.019900
vt 0.226500 0.015300
vt 0.222500 0.010700
vt 0.222500 0.015300
vt 0.403400 0.029000
vt 0.401100 0.029000
vt 0.403400 0.059400
vt 0.401100 0.059400
vt 0.403400 0.089800
vt 0.396500 0.029000
vt 0.398800 0.059400
vt 0.398800 0.029000
vt 0.396400 0.059400
vt 0.398800 0.089800
vt 0.401100 0.089800
vt 0.398800 0.150600
vt 0.396400 0.120200
vt 0.396500 0.150600
vt 0.401100 0.150600
vt 0.398800 0.120200
vt 0.396400 0.089800
vt 0.401100 0.120200
vt 0.403400 0.120200
vt 0.403400 0.150600
vt 0.222500 0.168900
vt 0.226500 0.164300
vt 0.222500 0.164300
vt 0.226500 0.159700
vt 0.222500 0.159700
vt 0.230400 0.168900
vt 0.234500 0.164300
vt 0.230500 0.164300
vt 0.234500 0.159700
vt 0.230500 0.159700
vt 0.226400 0.168900
vt 0.234500 0.150600
vt 0.230500 0.155100
vt 0.234500 0.155100
vt 0.230500 0.150600
vt 0.226500 0.155100
vt 0.222500 0.155100
vt 0.222500 0.150600
vt 0.226500 0.150600
vt 0.222500 0.120200
vt 0.226500 0.120200
vt 0.222500 0.089800
vt 0.230500 0.120200
vt 0.234500 0.120200
vt 0.230500 0.089800
vt 0.226500 0.089800
vt 0.234500 0.059400
vt 0.230500 0.059400
vt 0.234500 0.089800
vt 0.226500 0.059400
vt 0.222500 0.059400
vt 0.238600 0.029000
vt 0.243400 0.029000
vt 0.238600 0.024400
vt 0.243400 0.024400
vt 0.238600 0.019900
vt 0.257600 0.029000
vt 0.249500 0.024400
vt 0.249500 0.029000
vt 0.257600 0.024400
vt 0.249200 0.019900
vt 0.243300 0.019900
vt 0.246900 0.010700
vt 0.255600 0.015300
vt 0.251000 0.010700
vt 0.242700 0.010700
vt 0.248200 0.015300
vt 0.257100 0.019900
vt 0.243100 0.015300
vt 0.238600 0.015300
vt 0.238600 0.010700
vt 0.394000 0.029000
vt 0.391400 0.029000
vt 0.393900 0.059400
vt 0.391000 0.059400
vt 0.393900 0.089800
vt 0.386300 0.029000
vt 0.387400 0.059400
vt 0.388800 0.029000
vt 0.381100 0.059400
vt 0.386600 0.089800
vt 0.390800 0.089800
vt 0.388800 0.150600
vt 0.381100 0.120200
vt 0.386300 0.150600
vt 0.391400 0.150600
vt 0.387400 0.120200
vt 0.380000 0.089800
vt 0.391000 0.120200
vt 0.393900 0.120200
vt 0.394000 0.150600
vt 0.234400 0.168900
vt 0.238600 0.164300
vt 0.238600 0.168900
vt 0.243100 0.164300
vt 0.238600 0.159700
vt 0.243300 0.159700
vt 0.246900 0.168900
vt 0.255600 0.164300
vt 0.248200 0.164300
vt 0.257100 0.159700
vt 0.249200 0.159700
vt 0.242700 0.168900
vt 0.257600 0.150600
vt 0.249500 0.155100
vt 0.257600 0.155100
vt 0.249500 0.150600
vt 0.243400 0.155100
vt 0.238600 0.150600
vt 0.238600 0.155100
vt 0.243400 0.150600
vt 0.238600 0.120200
vt 0.243400 0.120200
vt 0.238600 0.089800
vt 0.249500 0.120200
vt 0.257600 0.120200
vt 0.249500 0.089800
vt 0.243400 0.089800
vt 0.249500 0.059400
vt 0.257600 0.059400
vt 0.243400 0.059400
vt 0.257600 0.089800
vt 0.238600 0.059400
vt 0.268400 0.029000
vt 0.281200 0.029000
vt 0.268400 0.024400
vt 0.281200 0.024400
vt 0.268000 0.019900
vt 0.310200 0.029000
vt 0.295300 0.024400
vt 0.295400 0.029000
vt 0.310000 0.024400
vt 0.295100 0.019900
vt 0.281000 0.019900
vt 0.294900 0.010700
vt 0.309700 0.015300
vt 0.309600 0.010700
vt 0.280300 0.010700
vt 0.295000 0.015300
vt 0.309900 0.019900
vt 0.280700 0.015300
vt 0.267000 0.015300
vt 0.265600 0.010700
vt 0.371900 0.029000
vt 0.357500 0.029000
vt 0.370400 0.059400
vt 0.357100 0.059400
vt 0.369700 0.089800
vt 0.328700 0.029000
vt 0.343100 0.059400
vt 0.343100 0.029000
vt 0.328700 0.059400
vt 0.343100 0.089800
vt 0.356900 0.089800
vt 0.343100 0.150600
vt 0.328700 0.120200
vt 0.328700 0.150600
vt 0.357500 0.150600
vt 0.343100 0.120200
vt 0.328700 0.089800
vt 0.357100 0.120200
vt 0.370400 0.120200
vt 0.371900 0.150600
vt 0.251000 0.168900
vt 0.267000 0.164300
vt 0.265600 0.168900
vt 0.280700 0.164300
vt 0.268000 0.159700
vt 0.281000 0.159700
vt 0.294900 0.168900
vt 0.309700 0.164300
vt 0.295000 0.164300
vt 0.309900 0.159700
vt 0.295100 0.159700
vt 0.280300 0.168900
vt 0.310200 0.150600
vt 0.295300 0.155100
vt 0.310000 0.155100
vt 0.295400 0.150600
vt 0.281200 0.155100
vt 0.268400 0.150600
vt 0.268400 0.155100
vt 0.281200 0.150600
vt 0.268400 0.120200
vt 0.281200 0.120200
vt 0.268400 0.089800
vt 0.295400 0.120200
vt 0.310200 0.120200
vt 0.295400 0.089800
vt 0.281200 0.089800
vt 0.310200 0.059400
vt 0.295400 0.059400
vt 0.310200 0.089800
vt 0.281200 0.059400
vt 0.268400 0.059400
vt 0.026000 0.059400
vt 0.030700 0.029000
vt 0.026000 0.029000
vt 0.026000 0.089800
vt 0.030700 0.059400
vt 0.035300 0.029000
vt 0.030700 0.089800
vt 0.035300 0.059400
vt 0.026000 0.150600
vt 0.030700 0.120200
vt 0.026000 0.120200
vt 0.030700 0.150600
vt 0.035300 0.120200
vt 0.035300 0.089800
vt 0.039900 0.150600
vt 0.039900 0.120200
vt 0.035300 0.150600
vt 0.039900 0.089800
vt 0.039900 0.059400
vt 0.039900 0.029000
vt 0.324100 0.150600
vt 0.324100 0.120200
vt 0.319400 0.150600
vt 0.324100 0.089800
vt 0.319400 0.120200
vt 0.324100 0.059400
vt 0.324100 0.029000
vt 0.319400 0.059400
vt 0.319400 0.089800
vt 0.314800 0.029000
vt 0.314800 0.059400
vt 0.319400 0.029000
vt 0.314800 0.089800
vt 0.314800 0.120200
vt 0.314800 0.150600
vt 0.504500 0.535300
vt 0.766300 0.545800
vt 0.626500 0.019500
vt 0.756100 0.582000
vt 0.045100 0.010700
vt 0.309600 0.168900
s 1
usemtl 10120_LCD_Computer_Monitor_v01
f 9/15/7 11/16/7 12/17/7
f 10/18/7 14/19/7 11/16/7
f 12/17/7 15/20/7 16/21/7
f 11/16/7 17/22/7 15/20/7
f 18/23/7 20/24/7 21/25/7
f 21/25/7 22/26/7 23/27/7
f 13/28/7 21/25/7 14/19/7
f 14/19/7 23/27/7 17/22/7
f 24/29/7 26/30/7 27/31/7
f 25/32/7 29/33/7 26/30/7
f 27/31/7 23/27/7 22/26/7
f 26/30/7 17/22/7 23/27/7
f 30/34/7 32/35/7 33/36/7
f 33/36/7 16/21/7 15/20/7
f 28/37/7 33/36/7 29/33/7
f 29/33/7 15/20/7 17/22/7
f 35/38/8 37/39/9 34/40/8
f 38/41/8 36/42/9 35/38/8
f 36/42/9 41/43/10 37/39/9
f 39/44/9 40/45/10 36/42/9
f 44/46/8 46/47/9 43/48/8
f 45/49/9 48/50/10 46/47/9
f 43/48/8 39/44/9 38/41/8
f 46/47/9 42/51/10 39/44/9
f 49/52/11 51/53/12 31/54/11
f 52/55/11 50/56/12 49/52/11
f 50/56/12 47/57/10 51/53/12
f 53/58/12 48/50/10 50/56/12
f 55/59/11 57/60/12 54/61/11
f 56/62/12 40/45/10 57/60/12
f 54/61/11 53/58/12 52/55/11
f 57/60/12 42/51/10 53/58/12
f 59/63/13 61/64/14 58/65/13
f 62/66/13 60/67/14 59/63/13
f 60/67/14 65/68/15 61/64/14
f 63/69/14 64/70/15 60/67/14
f 68/71/13 70/72/14 67/73/13
f 69/74/14 72/75/15 70/72/14
f 67/73/13 63/69/14 62/66/13
f 70/72/14 66/76/15 63/69/14
f 74/77/16 76/78/17 73/79/16
f 77/80/16 75/81/17 74/77/16
f 75/81/17 71/82/15 76/78/17
f 78/83/17 72/75/15 75/81/17
f 19/84/16 81/85/17 79/86/16
f 80/87/17 64/70/15 81/85/17
f 79/86/16 78/83/17 77/80/16
f 81/85/17 66/76/15 78/83/17
f 83/88/18 85/89/19 82/90/18
f 86/91/18 84/92/19 83/88/18
f 84/92/19 89/93/20 85/89/19
f 87/94/19 88/95/20 84/92/19
f 92/96/18 94/97/19 91/98/18
f 93/99/19 96/100/20 94/97/19
f 91/98/18 87/94/19 86/91/18
f 94/97/19 90/101/20 87/94/19
f 98/102/21 100/103/22 97/104/21
f 101/105/21 99/106/22 98/102/21
f 99/106/22 95/107/20 100/103/22
f 102/108/22 96/100/20 99/106/22
f 104/109/21 106/110/22 103/111/21
f 105/112/22 88/95/20 106/110/22
f 101/105/21 106/110/22 102/108/22
f 106/110/22 90/101/20 102/108/22
f 108/113/23 110/114/24 107/115/25
f 111/116/26 109/117/27 108/113/23
f 109/117/27 114/118/28 110/114/24
f 112/119/29 113/120/30 109/117/27
f 117/121/31 119/122/32 116/123/33
f 118/124/34 121/125/35 119/122/32
f 116/123/33 112/119/29 111/116/26
f 119/122/32 115/126/36 112/119/29
f 123/127/37 125/128/38 122/129/39
f 126/130/40 124/131/41 123/127/37
f 124/131/41 120/132/42 125/128/38
f 127/133/43 121/125/35 124/131/41
f 129/134/44 131/135/45 128/136/46
f 130/137/47 113/120/30 131/135/45
f 128/136/46 127/133/43 126/130/40
f 131/135/45 115/126/36 127/133/43
f 55/138/48 133/139/49 56/140/50
f 132/141/51 135/142/52 133/139/49
f 56/140/50 136/143/53 41/144/54
f 133/139/49 137/145/55 136/143/53
f 138/146/56 110/114/24 139/147/57
f 139/147/57 114/118/28 140/148/58
f 134/149/59 139/147/57 135/142/52
f 135/142/52 140/148/58 137/145/55
f 129/134/44 142/150/60 130/137/47
f 141/151/61 144/152/62 142/150/60
f 130/137/47 140/148/58 114/118/28
f 142/150/60 137/145/55 140/148/58
f 145/153/63 37/154/64 146/155/65
f 146/155/65 41/144/54 136/143/53
f 143/156/66 146/155/65 144/152/62
f 144/152/62 136/143/53 137/145/55
f 147/157/67 93/158/68 92/159/69
f 149/160/70 148/161/71 147/157/67
f 148/161/71 95/162/72 93/158/68
f 150/163/73 151/164/74 148/161/71
f 154/165/75 156/166/76 153/167/77
f 155/168/78 158/169/79 156/166/76
f 153/167/77 150/163/73 149/160/70
f 156/166/76 152/170/80 150/163/73
f 160/171/81 162/172/82 159/173/83
f 163/174/84 161/175/85 160/171/81
f 161/175/85 157/176/86 162/172/82
f 164/177/87 158/169/79 161/175/85
f 97/178/88 166/179/89 165/180/90
f 100/181/91 151/164/74 166/179/89
f 165/180/90 164/177/87 163/174/84
f 166/179/89 152/170/80 164/177/87
f 104/182/92 168/183/93 105/184/94
f 167/185/95 170/186/96 168/183/93
f 105/184/94 171/187/97 89/188/98
f 168/183/93 172/189/99 171/187/97
f 173/190/100 175/191/101 176/192/102
f 176/192/102 177/193/103 178/194/104
f 169/195/105 176/192/102 170/186/96
f 170/186/96 178/194/104 172/189/99
f 179/196/106 181/197/107 182/198/108
f 180/199/109 184/200/110 181/197/107
f 182/198/108 178/194/104 177/193/103
f 181/197/107 172/189/99 178/194/104
f 185/201/111 85/202/112 186/203/113
f 186/203/113 89/188/98 171/187/97
f 183/204/114 186/203/113 184/200/110
f 184/200/110 171/187/97 172/189/99
f 174/205/7 187/206/7 188/207/7
f 173/208/7 189/209/7 187/206/7
f 188/207/7 190/210/7 191/211/7
f 187/206/7 192/212/7 190/210/7
f 167/213/7 193/214/7 194/215/7
f 194/215/7 195/216/7 196/217/7
f 169/218/7 194/215/7 189/209/7
f 189/209/7 196/217/7 192/212/7
f 197/219/7 199/220/7 200/221/7
f 198/222/7 202/223/7 199/220/7
f 200/221/7 196/217/7 195/216/7
f 199/220/7 192/212/7 196/217/7
f 203/224/7 205/225/7 206/226/7
f 206/226/7 191/211/7 190/210/7
f 201/227/7 206/226/7 202/223/7
f 202/223/7 190/210/7 192/212/7
f 203/224/7 208/228/7 204/229/7
f 201/227/7 207/230/7 203/224/7
f 207/230/7 211/231/7 208/228/7
f 209/232/7 210/233/7 207/230/7
f 197/219/7 214/234/7 198/222/7
f 213/235/7 216/236/7 214/234/7
f 198/222/7 209/232/7 201/227/7
f 214/234/7 212/237/7 209/232/7
f 218/238/7 220/239/7 217/240/7
f 221/241/7 219/242/7 218/238/7
f 219/242/7 215/243/7 220/239/7
f 222/244/7 216/236/7 219/242/7
f 73/245/7 225/246/7 223/247/7
f 224/248/7 210/233/7 225/246/7
f 223/247/7 222/244/7 221/241/7
f 225/246/7 212/237/7 222/244/7
f 226/249/7 98/250/7 97/251/7
f 228/252/7 227/253/7 226/249/7
f 227/253/7 101/254/7 98/250/7
f 229/255/7 230/256/7 227/253/7
f 233/257/7 235/258/7 232/259/7
f 234/260/7 237/261/7 235/258/7
f 232/259/7 229/255/7 228/252/7
f 235/258/7 231/262/7 229/255/7
f 200/221/7 239/263/7 197/219/7
f 195/216/7 238/264/7 200/221/7
f 238/264/7 236/265/7 239/263/7
f 240/266/7 237/261/7 238/264/7
f 104/267/7 241/268/7 193/214/7
f 103/269/7 230/256/7 241/268/7
f 193/214/7 240/266/7 195/216/7
f 241/268/7 231/262/7 240/266/7
f 242/270/7 234/260/7 233/257/7
f 244/271/7 243/272/7 242/270/7
f 243/272/7 236/265/7 234/260/7
f 245/273/7 246/274/7 243/272/7
f 249/275/7 251/276/7 248/277/7
f 250/278/7 253/279/7 251/276/7
f 248/277/7 245/273/7 244/271/7
f 251/276/7 247/280/7 245/273/7
f 220/239/7 255/281/7 217/240/7
f 215/243/7 254/282/7 220/239/7
f 254/282/7 252/283/7 255/281/7
f 256/284/7 253/279/7 254/282/7
f 197/219/7 257/285/7 213/235/7
f 239/263/7 246/274/7 257/285/7
f 213/235/7 256/284/7 215/243/7
f 257/285/7 247/280/7 256/284/7
f 259/286/7 261/287/7 258/288/7
f 262/289/7 260/290/7 259/286/7
f 260/290/7 265/291/7 261/287/7
f 263/292/7 264/293/7 260/290/7
f 55/294/7 268/295/7 267/296/7
f 54/297/7 269/298/7 268/295/7
f 267/296/7 263/292/7 262/289/7
f 268/295/7 266/299/7 263/292/7
f 30/34/7 49/300/7 31/301/7
f 28/37/7 270/302/7 30/34/7
f 270/302/7 52/303/7 49/300/7
f 271/304/7 269/298/7 270/302/7
f 24/29/7 273/305/7 25/32/7
f 272/306/7 264/293/7 273/305/7
f 25/32/7 271/304/7 28/37/7
f 273/305/7 266/299/7 271/304/7
f 165/307/7 226/249/7 97/251/7
f 163/308/7 274/309/7 165/307/7
f 274/309/7 228/252/7 226/249/7
f 275/310/7 276/311/7 274/309/7
f 159/312/7 279/313/7 160/314/7
f 278/315/7 281/316/7 279/313/7
f 160/314/7 275/310/7 163/308/7
f 279/313/7 277/317/7 275/310/7
f 283/318/7 285/319/7 282/320/7
f 286/321/7 284/322/7 283/318/7
f 284/322/7 280/323/7 285/319/7
f 287/324/7 281/316/7 284/322/7
f 233/257/7 289/325/7 288/326/7
f 232/259/7 276/311/7 289/325/7
f 288/326/7 287/324/7 286/321/7
f 289/325/7 277/317/7 287/324/7
f 282/320/7 291/327/7 283/318/7
f 290/328/7 293/329/7 291/327/7
f 283/318/7 294/330/7 286/321/7
f 291/327/7 295/331/7 294/330/7
f 296/332/7 298/333/7 299/334/7
f 299/334/7 300/335/7 301/336/7
f 292/337/7 299/334/7 293/329/7
f 293/329/7 301/336/7 295/331/7
f 248/277/7 303/338/7 249/275/7
f 244/271/7 302/339/7 248/277/7
f 303/338/7 301/336/7 300/335/7
f 302/339/7 295/331/7 301/336/7
f 233/257/7 305/340/7 242/270/7
f 305/340/7 286/321/7 294/330/7
f 242/270/7 304/341/7 244/271/7
f 304/341/7 294/330/7 295/331/7
f 258/288/7 307/342/7 259/286/7
f 306/343/7 309/344/7 307/342/7
f 259/286/7 310/345/7 262/289/7
f 307/342/7 311/346/7 310/345/7
f 312/347/7 116/348/7 313/349/7
f 313/349/7 111/350/7 314/351/7
f 308/352/7 313/349/7 309/344/7
f 309/344/7 314/351/7 311/346/7
f 107/353/7 315/354/7 108/355/7
f 138/356/7 316/357/7 315/354/7
f 108/355/7 314/351/7 111/350/7
f 315/354/7 311/346/7 314/351/7
f 132/358/7 267/296/7 317/359/7
f 317/359/7 262/289/7 310/345/7
f 134/360/7 317/359/7 316/357/7
f 316/357/7 310/345/7 311/346/7
f 319/361/115 321/362/116 318/363/117
f 322/364/118 320/365/119 319/361/115
f 320/365/119 325/366/120 321/362/116
f 323/367/121 324/368/122 320/365/119
f 44/369/123 329/370/124 327/371/125
f 328/372/126 331/373/127 329/370/124
f 327/371/125 323/367/121 322/364/118
f 329/370/124 326/374/128 323/367/121
f 333/375/129 335/376/130 332/377/131
f 336/378/132 334/379/133 333/375/129
f 334/379/133 330/380/134 335/376/130
f 337/381/135 331/373/127 334/379/133
f 58/65/136 340/382/137 338/383/138
f 339/384/139 324/368/122 340/382/137
f 338/383/138 337/381/135 336/378/132
f 340/382/137 326/374/128 337/381/135
f 342/385/140 344/386/140 341/387/140
f 345/388/140 343/389/140 342/385/140
f 343/389/140 348/390/140 344/386/140
f 346/391/140 347/392/140 343/389/140
f 351/393/140 353/394/140 350/395/140
f 352/396/140 355/397/140 353/394/140
f 350/395/140 346/391/140 345/388/140
f 353/394/140 349/398/140 346/391/140
f 357/399/140 359/400/140 356/401/140
f 360/402/140 358/403/140 357/399/140
f 358/403/140 354/404/140 359/400/140
f 361/405/140 355/397/140 358/403/140
f 282/406/140 364/407/140 362/408/140
f 363/409/140 347/392/140 364/407/140
f 362/408/140 361/405/140 360/402/140
f 364/407/140 349/398/140 361/405/140
f 154/165/75 366/410/141 155/168/78
f 365/411/142 368/412/143 366/410/141
f 366/410/141 157/176/86 155/168/78
f 368/412/143 369/413/144 366/410/141
f 341/387/145 372/414/146 371/415/147
f 344/386/148 373/416/149 372/414/146
f 371/415/147 368/412/143 367/417/150
f 372/414/146 370/418/151 368/412/143
f 285/419/152 363/409/153 282/406/154
f 280/420/155 374/421/156 285/419/152
f 374/421/156 348/390/157 363/409/153
f 375/422/158 373/416/149 374/421/156
f 159/173/83 376/423/159 278/424/160
f 162/172/82 369/413/144 376/423/159
f 278/424/160 375/422/158 280/420/155
f 376/423/159 370/418/151 375/422/158
f 318/363/117 378/425/161 319/361/115
f 377/426/162 380/427/163 378/425/161
f 319/361/115 381/428/164 322/364/118
f 378/425/161 382/429/165 381/428/164
f 383/430/166 12/431/167 384/432/168
f 384/432/168 16/433/169 385/434/170
f 379/435/171 384/432/168 380/427/163
f 380/427/163 385/434/170 382/429/165
f 31/436/172 386/437/173 32/438/174
f 51/439/175 387/440/176 386/437/173
f 32/438/174 385/434/170 16/433/169
f 386/437/173 382/429/165 385/434/170
f 45/441/177 327/371/125 388/442/178
f 388/442/178 322/364/118 381/428/164
f 47/443/179 388/442/178 387/440/176
f 387/440/176 381/428/164 382/429/165
f 179/196/106 389/444/180 390/445/181
f 182/198/108 391/446/182 389/444/180
f 390/445/181 392/447/183 393/448/184
f 389/444/180 394/449/185 392/447/183
f 175/191/101 188/450/186 395/451/187
f 395/451/187 191/452/188 396/453/189
f 177/193/103 395/451/187 391/446/182
f 391/446/182 396/453/189 394/449/185
f 204/454/190 398/455/191 205/456/192
f 397/457/193 400/458/194 398/455/191
f 205/456/192 396/453/189 191/452/188
f 398/455/191 394/449/185 396/453/189
f 401/459/195 403/460/196 404/461/197
f 404/461/197 393/448/184 392/447/183
f 399/462/198 404/461/197 400/458/194
f 400/458/194 392/447/183 394/449/185
f 61/64/199 339/384/139 58/65/136
f 65/68/200 405/463/201 61/64/199
f 405/463/201 325/366/120 339/384/139
f 406/464/202 407/465/203 405/463/201
f 19/84/204 409/466/205 80/87/206
f 18/467/207 410/468/208 409/466/205
f 80/87/206 406/464/202 65/68/200
f 409/466/205 408/469/209 406/464/202
f 383/430/166 10/470/210 9/471/211
f 379/435/171 411/472/212 383/430/166
f 411/472/212 13/473/213 10/470/210
f 412/474/214 410/468/208 411/472/212
f 318/363/117 413/475/215 377/426/162
f 321/362/116 407/465/203 413/475/215
f 377/426/162 412/474/214 379/435/171
f 413/475/215 408/469/209 412/474/214
f 390/445/181 180/199/109 179/196/106
f 393/448/184 414/476/216 390/445/181
f 414/476/216 183/204/114 180/199/109
f 415/477/217 416/478/218 414/476/216
f 402/479/219 419/480/220 403/460/196
f 418/481/221 421/482/222 419/480/220
f 403/460/196 415/477/217 393/448/184
f 419/480/220 417/483/223 415/477/217
f 423/484/224 425/485/225 422/486/226
f 426/487/227 424/488/228 423/484/224
f 424/488/228 420/489/229 425/485/225
f 427/490/230 421/482/222 424/488/228
f 82/491/231 429/492/232 428/493/233
f 185/201/111 416/478/218 429/492/232
f 428/493/233 427/490/230 426/487/227
f 429/492/232 417/483/223 427/490/230
f 430/494/13 418/481/234 402/479/13
f 432/495/13 431/496/234 430/494/13
f 431/496/234 420/489/235 418/481/234
f 433/497/234 434/498/235 431/496/234
f 68/71/13 438/499/234 436/500/13
f 437/501/234 440/502/235 438/499/234
f 436/500/13 433/497/234 432/495/13
f 438/499/234 435/503/235 433/497/234
f 442/504/236 444/505/237 441/506/236
f 445/507/236 443/508/237 442/504/236
f 443/508/237 439/509/235 444/505/237
f 446/510/237 440/502/235 443/508/237
f 422/486/236 448/511/237 447/512/236
f 425/485/237 434/498/235 448/511/237
f 447/512/236 446/510/237 445/507/236
f 448/511/237 435/503/235 446/510/237
f 91/98/18 450/513/238 92/96/18
f 86/91/18 449/514/238 91/98/18
f 449/514/238 453/515/239 450/513/238
f 451/516/238 452/517/239 449/514/238
f 82/90/18 455/518/238 83/88/18
f 428/519/238 456/520/239 455/518/238
f 83/88/18 451/516/238 86/91/18
f 455/518/238 454/521/239 451/516/238
f 457/522/240 423/523/241 422/486/242
f 459/524/240 458/525/241 457/522/240
f 458/525/241 426/526/239 423/523/241
f 460/527/241 456/520/239 458/525/241
f 462/528/240 464/529/241 461/530/242
f 463/531/241 452/517/239 464/529/241
f 461/530/242 460/527/241 459/524/240
f 464/529/241 454/521/239 460/527/241
f 461/530/243 466/532/243 462/528/243
f 459/524/243 465/533/243 461/530/243
f 465/533/243 469/534/243 466/532/243
f 467/535/243 468/536/243 465/533/243
f 422/486/243 471/537/243 457/522/243
f 447/512/243 472/538/243 471/537/243
f 457/522/243 467/535/243 459/524/243
f 471/537/243 470/539/243 467/535/243
f 473/540/243 442/504/243 441/506/243
f 475/541/243 474/542/243 473/540/243
f 474/542/243 445/507/243 442/504/243
f 476/543/243 472/538/243 474/542/243
f 478/544/243 480/545/243 477/546/243
f 479/547/243 468/536/243 480/545/243
f 477/546/243 476/543/243 475/541/243
f 480/545/243 470/539/243 476/543/243
f 482/548/244 484/549/245 481/550/246
f 485/551/244 483/552/245 482/548/244
f 483/552/245 488/553/247 484/549/245
f 486/554/245 487/555/247 483/552/245
f 332/377/244 491/556/245 490/557/244
f 335/558/245 492/559/247 491/556/245
f 490/557/244 486/554/245 485/551/244
f 491/556/245 489/560/247 486/554/245
f 43/48/8 328/561/248 44/46/8
f 38/41/8 493/562/248 43/48/8
f 493/562/248 330/563/247 328/561/248
f 494/564/248 492/559/247 493/562/248
f 34/40/8 496/565/248 35/38/8
f 495/566/248 487/555/247 496/565/248
f 35/38/8 494/564/248 38/41/8
f 496/565/248 489/560/247 494/564/248
f 92/159/69 497/567/249 147/157/67
f 450/568/250 498/569/251 497/567/249
f 147/157/67 499/570/252 149/160/70
f 497/567/249 500/571/253 499/570/252
f 463/572/254 501/573/255 502/574/256
f 502/574/256 503/575/257 504/576/258
f 453/577/259 502/574/256 498/569/251
f 498/569/251 504/576/258 500/571/253
f 371/415/147 506/578/260 341/387/145
f 371/415/147 507/579/261 505/580/262
f 506/578/260 504/576/258 503/575/257
f 505/580/262 500/571/253 504/576/258
f 365/411/142 153/167/77 508/581/263
f 508/581/263 149/160/70 499/570/252
f 367/417/150 508/581/263 507/579/261
f 507/579/261 499/570/252 500/571/253
f 341/387/264 509/582/265 510/583/266
f 506/578/267 511/584/268 509/582/265
f 510/583/266 512/585/269 513/586/270
f 509/582/265 514/587/271 512/585/269
f 462/528/272 515/588/273 501/573/274
f 466/532/275 516/589/276 515/588/273
f 503/575/277 515/588/273 511/584/268
f 511/584/268 516/589/276 514/587/271
f 517/590/278 479/547/279 478/544/280
f 517/590/278 520/591/281 518/592/282
f 518/592/282 469/534/283 479/547/279
f 518/592/282 514/587/271 516/589/276
f 521/593/284 523/594/285 524/595/286
f 524/595/286 513/586/270 512/585/269
f 519/596/287 524/595/286 520/591/281
f 520/591/281 512/585/269 514/587/271
f 484/597/288 526/598/289 481/550/290
f 488/599/291 525/600/292 484/597/288
f 525/600/292 529/601/293 526/598/289
f 527/602/294 528/603/295 525/600/292
f 34/604/296 531/605/297 495/606/298
f 145/153/63 532/607/299 531/605/297
f 495/606/298 527/602/294 488/599/291
f 531/605/297 530/608/300 527/602/294
f 128/136/46 141/151/61 129/134/44
f 126/130/40 533/609/301 128/136/46
f 533/609/301 143/156/66 141/151/61
f 534/610/302 532/607/299 533/609/301
f 122/129/39 536/611/303 123/127/37
f 535/612/304 528/603/295 536/611/303
f 123/127/37 534/610/302 126/130/40
f 536/611/303 530/608/300 534/610/302
f 436/500/13 69/74/14 68/71/13
f 432/495/13 537/613/14 436/500/13
f 537/613/14 71/82/15 69/74/14
f 538/614/14 539/615/15 537/613/14
f 402/479/13 541/616/14 430/494/13
f 401/459/14 542/617/15 541/616/14
f 430/494/13 538/614/14 432/495/13
f 541/616/14 540/618/15 538/614/14
f 208/619/16 397/457/17 204/454/16
f 211/620/16 543/621/17 208/619/16
f 543/621/17 399/462/15 397/457/17
f 544/622/17 542/617/15 543/621/17
f 73/79/16 545/623/17 224/624/16
f 76/78/17 539/615/15 545/623/17
f 224/624/16 544/622/17 211/620/16
f 545/623/17 540/618/15 544/622/17
f 546/625/7 218/238/7 217/240/7
f 548/626/7 547/627/7 546/625/7
f 547/627/7 221/241/7 218/238/7
f 549/628/7 550/629/7 547/627/7
f 24/29/7 553/630/7 552/631/7
f 27/31/7 554/632/7 553/630/7
f 552/631/7 549/628/7 548/626/7
f 553/630/7 551/633/7 549/628/7
f 79/634/7 20/24/7 19/635/7
f 77/636/7 555/637/7 79/634/7
f 555/637/7 22/26/7 20/24/7
f 556/638/7 554/632/7 555/637/7
f 73/245/7 557/639/7 74/640/7
f 223/247/7 550/629/7 557/639/7
f 74/640/7 556/638/7 77/636/7
f 557/639/7 551/633/7 556/638/7
f 558/641/7 250/278/7 249/275/7
f 560/642/7 559/643/7 558/641/7
f 559/643/7 252/283/7 250/278/7
f 561/644/7 562/645/7 559/643/7
f 258/288/7 565/646/7 564/647/7
f 261/287/7 566/648/7 565/646/7
f 564/647/7 561/644/7 560/642/7
f 565/646/7 563/649/7 561/644/7
f 552/631/7 272/306/7 24/29/7
f 548/626/7 567/650/7 552/631/7
f 567/650/7 265/291/7 272/306/7
f 568/651/7 566/648/7 567/650/7
f 217/240/7 569/652/7 546/625/7
f 255/281/7 562/645/7 569/652/7
f 546/625/7 568/651/7 548/626/7
f 569/652/7 563/649/7 568/651/7
f 570/653/7 298/333/7 297/654/7
f 572/655/7 571/656/7 570/653/7
f 571/656/7 300/335/7 298/333/7
f 573/657/7 574/658/7 571/656/7
f 117/659/7 577/660/7 576/661/7
f 312/347/7 578/662/7 577/660/7
f 576/661/7 573/657/7 572/655/7
f 577/660/7 575/663/7 573/657/7
f 564/647/7 306/343/7 258/288/7
f 560/642/7 579/664/7 564/647/7
f 579/664/7 308/352/7 306/343/7
f 580/665/7 578/662/7 579/664/7
f 249/275/7 581/666/7 558/641/7
f 303/338/7 574/658/7 581/666/7
f 558/641/7 580/665/7 560/642/7
f 581/666/7 575/663/7 580/665/7
f 582/667/305 584/668/306 522/669/307
f 585/670/308 583/671/309 582/667/305
f 583/671/309 588/672/310 584/668/306
f 586/673/311 587/674/312 583/671/309
f 122/129/313 591/675/314 590/676/315
f 125/128/316 592/677/317 591/675/314
f 590/676/315 586/673/311 585/670/308
f 591/675/314 589/678/318 586/673/311
f 576/679/140 118/124/319 117/121/140
f 572/680/140 593/681/319 576/679/140
f 593/681/319 120/132/320 118/124/319
f 594/682/321 592/677/317 593/681/319
f 297/683/140 596/684/322 570/685/140
f 595/686/140 587/674/312 596/684/322
f 570/685/140 594/682/321 572/680/140
f 596/684/322 589/678/318 594/682/321
f 67/73/13 437/501/234 68/71/13
f 62/66/13 597/687/234 67/73/13
f 597/687/234 439/509/235 437/501/234
f 598/688/234 599/689/235 597/687/234
f 58/65/13 601/690/234 59/63/13
f 338/383/234 602/691/235 601/690/234
f 59/63/13 598/688/234 62/66/13
f 601/690/234 600/692/235 598/688/234
f 603/693/236 333/375/237 332/377/236
f 605/694/236 604/695/237 603/693/236
f 604/695/237 336/378/235 333/375/237
f 606/696/237 602/691/235 604/695/237
f 441/506/236 608/697/237 607/698/236
f 444/505/237 599/689/235 608/697/237
f 607/698/236 606/696/237 605/694/236
f 608/697/237 600/692/235 606/696/237
f 607/698/243 473/540/243 441/506/243
f 605/694/243 609/699/243 607/698/243
f 609/699/243 475/541/243 473/540/243
f 610/700/243 611/701/243 609/699/243
f 332/377/243 613/702/243 603/693/243
f 490/557/243 614/703/243 613/702/243
f 603/693/243 610/700/243 605/694/243
f 613/702/243 612/704/243 610/700/243
f 615/705/243 482/548/243 481/550/243
f 617/706/243 616/707/243 615/705/243
f 616/707/243 485/551/243 482/548/243
f 618/708/243 614/703/243 616/707/243
f 478/544/243 620/709/243 619/710/243
f 477/546/243 611/701/243 620/709/243
f 619/710/243 618/708/243 617/706/243
f 620/709/243 612/704/243 618/708/243
f 619/710/323 517/590/324 478/544/323
f 617/706/323 621/711/325 619/710/323
f 517/590/324 623/712/326 519/596/327
f 621/711/325 624/713/328 623/712/326
f 481/550/323 625/714/329 615/705/323
f 526/598/329 626/715/330 625/714/329
f 615/705/323 622/716/331 617/706/323
f 622/716/331 626/715/330 624/713/328
f 590/676/315 535/612/332 122/129/313
f 585/670/308 627/717/333 590/676/315
f 627/717/333 529/601/334 535/612/332
f 627/717/333 624/713/328 626/715/330
f 582/667/305 521/593/335 629/718/336
f 629/718/336 519/596/327 623/712/326
f 582/667/305 628/719/337 585/670/308
f 628/719/337 623/712/326 624/713/328
f 510/583/266 342/385/338 341/387/264
f 513/586/270 630/720/339 510/583/266
f 630/720/339 345/388/340 342/385/338
f 631/721/341 632/722/342 630/720/339
f 523/594/285 634/723/343 635/724/344
f 635/724/344 636/725/345 637/726/346
f 523/594/285 631/721/341 513/586/270
f 635/724/344 633/727/347 631/721/341
f 351/393/348 638/728/349 639/729/350
f 350/395/351 632/722/342 638/728/349
f 639/729/350 637/726/346 636/725/345
f 638/728/349 633/727/347 637/726/346
f 584/668/352 634/723/352 522/669/352
f 588/672/352 640/730/352 584/668/352
f 640/730/352 636/725/353 634/723/352
f 641/731/352 642/732/353 640/730/352
f 297/683/352 645/733/352 595/686/352
f 644/734/352 647/735/353 645/733/352
f 595/686/352 641/731/352 588/672/352
f 645/733/352 643/736/353 641/731/352
f 359/400/352 649/737/353 356/401/352
f 354/404/352 648/738/353 359/400/352
f 648/738/353 646/739/353 649/737/353
f 650/740/353 647/735/353 648/738/353
f 351/393/352 651/741/353 352/396/352
f 639/729/353 642/732/353 651/741/353
f 352/396/352 650/740/353 354/404/352
f 651/741/353 643/736/353 650/740/353
f 296/332/7 644/742/7 297/654/7
f 296/332/7 653/743/7 652/744/7
f 652/744/7 646/745/7 644/742/7
f 652/744/7 655/746/7 654/747/7
f 290/328/7 362/748/7 656/749/7
f 656/749/7 360/750/7 657/751/7
f 292/337/7 656/749/7 653/743/7
f 653/743/7 657/751/7 655/746/7
f 356/752/7 658/753/7 357/754/7
f 649/755/7 654/747/7 658/753/7
f 357/754/7 657/751/7 360/750/7
f 658/753/7 655/746/7 657/751/7
f 660/756/354 662/757/355 659/758/354
f 663/759/354 661/760/355 660/756/354
f 661/760/355 666/761/356 662/757/355
f 664/762/355 665/763/356 661/760/355
f 669/764/354 671/765/355 668/766/354
f 670/767/355 673/768/356 671/765/355
f 668/766/354 664/762/355 663/759/354
f 671/765/355 667/769/356 664/762/355
f 675/770/357 677/771/358 674/772/357
f 678/773/357 676/774/358 675/770/357
f 676/774/358 672/775/356 677/771/358
f 679/776/358 673/768/356 676/774/358
f 681/777/357 683/778/358 680/779/357
f 682/780/358 665/763/356 683/778/358
f 680/779/357 679/776/358 678/773/357
f 683/778/358 667/769/356 679/776/358
f 685/781/359 687/782/360 684/783/359
f 688/784/359 686/785/360 685/781/359
f 686/785/360 691/786/361 687/782/360
f 689/787/360 690/788/361 686/785/360
f 694/789/359 696/790/360 693/791/359
f 695/792/360 698/793/361 696/790/360
f 693/791/359 689/787/360 688/784/359
f 696/790/360 692/794/361 689/787/360
f 668/766/354 700/795/362 669/764/354
f 663/759/354 699/796/362 668/766/354
f 699/796/362 697/797/361 700/795/362
f 701/798/362 698/793/361 699/796/362
f 659/758/354 703/799/362 660/756/354
f 702/800/362 690/788/361 703/799/362
f 660/756/354 701/798/362 663/759/354
f 703/799/362 692/794/361 701/798/362
f 705/801/363 707/802/364 704/803/363
f 708/804/363 706/805/364 705/801/363
f 706/805/364 711/806/365 707/802/364
f 709/807/364 710/808/365 706/805/364
f 714/809/363 716/810/364 713/811/363
f 715/812/364 718/813/365 716/810/364
f 713/811/363 709/807/364 708/804/363
f 716/810/364 712/814/365 709/807/364
f 693/791/359 720/815/366 694/789/359
f 688/784/359 719/816/366 693/791/359
f 719/816/366 717/817/365 720/815/366
f 721/818/366 718/813/365 719/816/366
f 684/783/359 723/819/366 685/781/359
f 722/820/366 710/808/365 723/819/366
f 685/781/359 721/818/366 688/784/359
f 723/819/366 712/814/365 721/818/366
f 725/821/367 727/822/368 724/823/367
f 728/824/367 726/825/368 725/821/367
f 726/825/368 731/826/369 727/822/368
f 729/827/368 730/828/369 726/825/368
f 734/829/367 736/830/368 733/831/367
f 735/832/368 738/833/369 736/830/368
f 733/831/367 729/827/368 728/824/367
f 736/830/368 732/834/369 729/827/368
f 713/811/363 740/835/370 714/809/363
f 708/804/363 739/836/370 713/811/363
f 739/836/370 737/837/369 740/835/370
f 741/838/370 738/833/369 739/836/370
f 704/803/363 743/839/370 705/801/363
f 742/840/370 730/828/369 743/839/370
f 705/801/363 741/838/370 708/804/363
f 743/839/370 732/834/369 741/838/370
f 745/841/371 747/842/372 744/843/371
f 748/844/371 746/845/372 745/841/371
f 746/845/372 751/846/373 747/842/372
f 749/847/372 750/848/373 746/845/372
f 754/849/371 756/850/372 753/851/371
f 755/852/372 758/853/373 756/850/372
f 753/851/371 749/847/372 748/844/371
f 756/850/372 752/854/373 749/847/372
f 733/831/367 760/855/374 734/829/367
f 728/824/367 759/856/374 733/831/367
f 759/856/374 757/857/373 760/855/374
f 761/858/374 758/853/373 759/856/374
f 724/823/367 763/859/374 725/821/367
f 762/860/374 750/848/373 763/859/374
f 725/821/367 761/858/374 728/824/367
f 763/859/374 752/854/373 761/858/374
f 765/861/375 767/862/376 764/863/376
f 768/864/377 766/865/375 765/861/375
f 766/865/375 771/866/376 767/862/376
f 769/867/377 770/868/375 766/865/375
f 774/869/378 776/870/379 773/871/379
f 775/872/378 778/873/379 776/870/379
f 773/871/379 769/867/377 768/864/377
f 776/870/379 772/874/377 769/867/377
f 780/875/379 782/876/380 779/877/380
f 783/878/377 781/879/379 780/875/379
f 781/879/379 777/880/380 782/876/380
f 784/881/377 778/873/379 781/879/379
f 786/882/376 788/883/375 785/884/375
f 787/885/376 770/868/375 788/883/375
f 785/884/375 784/881/377 783/878/377
f 788/883/375 772/874/377 784/881/377
f 789/886/381 775/872/378 774/869/378
f 791/887/382 790/888/381 789/886/381
f 790/888/381 777/880/380 775/872/378
f 792/889/382 793/890/381 790/888/381
f 796/891/383 798/892/384 795/893/384
f 797/894/383 800/895/384 798/892/384
f 795/893/384 792/889/382 791/887/382
f 798/892/384 794/896/382 792/889/382
f 802/897/384 804/898/383 801/899/383
f 805/900/382 803/901/384 802/897/384
f 803/901/384 799/902/383 804/898/383
f 806/903/382 800/895/384 803/901/384
f 779/877/380 808/904/381 807/905/381
f 782/876/380 793/890/381 808/904/381
f 807/905/381 806/903/382 805/900/382
f 808/904/381 794/896/382 806/903/382
f 809/906/385 797/894/383 796/891/383
f 811/907/16 810/908/385 809/906/385
f 810/908/385 799/902/383 797/894/383
f 812/909/16 813/910/385 810/908/385
f 816/911/386 818/912/387 815/913/387
f 817/914/386 820/915/387 818/912/387
f 815/913/387 812/909/16 811/907/16
f 818/912/387 814/916/16 812/909/16
f 822/917/387 824/918/386 821/919/386
f 825/920/16 823/921/387 822/917/387
f 823/921/387 819/922/386 824/918/386
f 826/923/16 820/915/387 823/921/387
f 801/899/383 828/924/385 827/925/385
f 804/898/383 813/910/385 828/924/385
f 827/925/385 826/923/16 825/920/16
f 828/924/385 814/916/16 826/923/16
f 829/926/388 817/914/386 816/911/386
f 831/927/389 830/928/388 829/926/388
f 830/928/388 819/922/386 817/914/386
f 832/929/389 833/930/388 830/928/388
f 836/931/390 838/932/391 835/933/391
f 837/934/390 840/935/391 838/932/391
f 835/933/391 832/929/389 831/927/389
f 838/932/391 834/936/389 832/929/389
f 842/937/391 844/938/390 841/939/390
f 845/940/389 843/941/391 842/937/391
f 843/941/391 839/942/390 844/938/390
f 846/943/389 840/935/391 843/941/391
f 821/919/386 848/944/388 847/945/388
f 824/918/386 833/930/388 848/944/388
f 847/945/388 846/943/389 845/940/389
f 848/944/388 834/936/389 846/943/389
f 849/946/392 837/934/390 836/931/390
f 851/947/393 850/948/392 849/946/392
f 850/948/392 839/942/390 837/934/390
f 852/949/393 853/950/392 850/948/392
f 856/951/394 858/952/395 855/953/395
f 857/954/394 860/955/395 858/952/395
f 855/953/395 852/949/393 851/947/393
f 858/952/395 854/956/393 852/949/393
f 862/957/395 864/958/394 861/959/394
f 865/960/393 863/961/395 862/957/395
f 863/961/395 859/962/394 864/958/394
f 866/963/393 860/955/395 863/961/395
f 841/939/390 868/964/392 867/965/392
f 844/938/390 853/950/392 868/964/392
f 867/965/392 866/963/393 865/960/393
f 868/964/392 854/956/393 866/963/393
f 869/966/140 675/770/140 674/772/140
f 871/967/140 870/968/140 869/966/140
f 870/968/140 678/773/140 675/770/140
f 872/969/140 873/970/140 870/968/140
f 876/971/140 878/972/140 875/973/140
f 877/974/140 880/975/140 878/972/140
f 875/973/140 872/969/140 871/967/140
f 878/972/140 874/976/140 872/969/140
f 882/977/140 884/978/140 881/979/140
f 885/980/140 883/981/140 882/977/140
f 883/981/140 879/982/140 884/978/140
f 886/983/140 880/975/140 883/981/140
f 681/777/140 888/984/140 887/985/140
f 680/779/140 873/970/140 888/984/140
f 887/985/140 886/983/140 885/980/140
f 888/984/140 874/976/140 886/983/140
f 889/986/21 891/987/21 744/988/21
f 892/989/21 890/990/21 889/986/21
f 890/990/21 895/991/21 891/987/21
f 893/992/21 894/993/21 890/990/21
f 861/959/21 899/994/21 897/995/21
f 898/996/21 901/997/21 899/994/21
f 897/995/21 893/992/21 892/989/21
f 899/994/21 896/998/21 893/992/21
f 903/999/21 905/1000/21 902/1001/21
f 903/999/21 894/993/21 904/1002/21
f 904/1002/21 900/1003/21 905/1000/21
f 904/1002/21 896/998/21 901/997/21
f 821/919/21 906/1004/21 907/1005/21
f 847/945/21 908/1006/21 906/1004/21
f 906/1004/21 910/1007/21 907/1005/21
f 908/1006/21 909/1008/21 906/1004/21
f 842/937/21 912/1009/21 913/1010/21
f 913/1010/21 914/1011/21 915/1012/21
f 845/940/21 913/1010/21 908/1006/21
f 908/1006/21 915/1012/21 911/1013/21
f 727/1014/21 917/1015/21 724/1016/21
f 731/1017/21 916/1018/21 727/1014/21
f 916/1018/21 914/1011/21 917/1015/21
f 918/1019/21 915/1012/21 916/1018/21
f 704/1020/21 920/1021/21 742/1022/21
f 919/1023/21 909/1008/21 920/1021/21
f 742/1022/21 918/1019/21 731/1017/21
f 920/1021/21 911/1013/21 918/1019/21
f 801/899/21 921/1024/21 922/1025/21
f 827/925/21 923/1026/21 921/1024/21
f 922/1025/21 924/1027/21 925/1028/21
f 921/1024/21 926/1029/21 924/1027/21
f 822/917/21 907/1005/21 927/1030/21
f 907/1005/21 928/1031/21 927/1030/21
f 825/920/21 927/1030/21 923/1026/21
f 923/1026/21 928/1031/21 926/1029/21
f 707/1032/21 919/1023/21 704/1020/21
f 711/1033/21 929/1034/21 707/1032/21
f 929/1034/21 910/1007/21 919/1023/21
f 930/1035/21 928/1031/21 929/1034/21
f 722/1036/21 931/1037/21 932/1038/21
f 932/1038/21 925/1028/21 924/1027/21
f 711/1033/21 932/1038/21 930/1035/21
f 930/1035/21 924/1027/21 926/1029/21
f 779/877/21 933/1039/21 934/1040/21
f 807/905/21 935/1041/21 933/1039/21
f 934/1040/21 936/1042/21 937/1043/21
f 933/1039/21 938/1044/21 936/1042/21
f 802/897/21 922/1025/21 939/1045/21
f 939/1045/21 925/1028/21 940/1046/21
f 805/900/21 939/1045/21 935/1041/21
f 935/1041/21 940/1046/21 938/1044/21
f 684/1047/21 941/1048/21 931/1037/21
f 687/1049/21 942/1050/21 941/1048/21
f 931/1037/21 940/1046/21 925/1028/21
f 941/1048/21 938/1044/21 940/1046/21
f 702/1051/21 943/1052/21 944/1053/21
f 944/1053/21 937/1043/21 936/1042/21
f 691/1054/21 944/1053/21 942/1050/21
f 942/1050/21 936/1042/21 938/1044/21
f 887/1055/21 946/1056/21 681/1057/21
f 885/1058/21 945/1059/21 887/1055/21
f 945/1059/21 949/1060/21 946/1056/21
f 947/1061/21 948/1062/21 945/1059/21
f 882/1063/21 951/1064/21 952/1065/21
f 952/1065/21 953/1066/21 954/1067/21
f 882/1063/21 947/1061/21 885/1058/21
f 952/1065/21 950/1068/21 947/1061/21
f 786/882/21 956/1069/21 957/1070/21
f 955/1071/21 948/1062/21 956/1069/21
f 957/1070/21 954/1067/21 953/1066/21
f 956/1069/21 950/1068/21 954/1067/21
f 884/1072/396 951/1064/397 881/1073/396
f 879/1074/396 958/1075/397 884/1072/396
f 958/1075/397 953/1066/398 951/1064/397
f 959/1076/397 960/1077/398 958/1075/397
f 876/1078/396 963/1079/397 877/1080/396
f 962/1081/397 965/1082/398 963/1079/397
f 877/1080/396 959/1076/397 879/1074/396
f 963/1079/397 961/1083/398 959/1076/397
f 767/862/376 967/1084/399 764/863/376
f 771/866/376 966/1085/399 767/862/376
f 966/1085/399 964/1086/398 967/1084/399
f 968/1087/399 965/1082/398 966/1085/399
f 786/882/376 969/1088/399 787/885/376
f 957/1070/399 960/1077/398 969/1088/399
f 787/885/376 968/1087/399 771/866/376
f 969/1088/399 961/1083/398 968/1087/399
f 897/995/21 862/957/21 861/959/21
f 892/989/21 970/1089/21 897/995/21
f 970/1089/21 865/960/21 862/957/21
f 971/1090/21 972/1091/21 970/1089/21
f 744/988/21 974/1092/21 889/986/21
f 974/1092/21 751/1093/21 975/1094/21
f 889/986/21 971/1090/21 892/989/21
f 974/1092/21 973/1095/21 971/1090/21
f 724/1016/21 976/1096/21 762/1097/21
f 917/1015/21 977/1098/21 976/1096/21
f 762/1097/21 975/1094/21 751/1093/21
f 977/1098/21 975/1094/21 976/1096/21
f 841/939/21 978/1099/21 912/1009/21
f 867/965/21 972/1091/21 978/1099/21
f 912/1009/21 977/1098/21 914/1011/21
f 978/1099/21 973/1095/21 977/1098/21
f 785/884/21 955/1071/21 786/882/21
f 783/878/21 979/1100/21 785/884/21
f 979/1100/21 949/1060/21 955/1071/21
f 980/1101/21 981/1102/21 979/1100/21
f 779/877/21 983/1103/21 780/875/21
f 983/1103/21 937/1043/21 984/1104/21
f 780/875/21 980/1101/21 783/878/21
f 983/1103/21 982/1105/21 980/1101/21
f 659/1106/21 985/1107/21 943/1052/21
f 662/1108/21 986/1109/21 985/1107/21
f 943/1052/21 984/1104/21 937/1043/21
f 986/1109/21 984/1104/21 985/1107/21
f 681/1057/21 987/1110/21 682/1111/21
f 946/1056/21 981/1102/21 987/1110/21
f 666/1112/21 987/1110/21 986/1109/21
f 987/1110/21 982/1105/21 986/1109/21
f 891/1113/140 745/841/140 744/843/140
f 895/1114/140 988/1115/140 891/1113/140
f 988/1115/140 748/844/140 745/841/140
f 989/1116/140 990/1117/140 988/1115/140
f 902/1001/140 993/1118/140 903/1119/140
f 992/1120/140 995/1121/140 993/1118/140
f 903/1119/140 989/1116/140 895/1114/140
f 993/1118/140 991/1122/140 989/1116/140
f 997/1123/140 999/1124/140 996/1125/140
f 1000/1126/140 998/1127/140 997/1123/140
f 998/1127/140 994/1128/140 999/1124/140
f 1001/1129/140 995/1121/140 998/1127/140
f 754/849/140 1003/1130/140 1002/1131/140
f 753/851/140 990/1117/140 1003/1130/140
f 1002/1131/140 1001/1129/140 1000/1126/140
f 1003/1130/140 991/1122/140 1001/1129/140
f 905/1000/400 992/1120/401 902/1001/401
f 900/1003/402 1004/1132/400 905/1000/400
f 1004/1132/400 994/1128/401 992/1120/401
f 1005/1133/402 1006/1134/400 1004/1132/400
f 861/959/394 1008/1135/403 898/996/403
f 864/958/394 1009/1136/403 1008/1135/403
f 898/996/403 1005/1133/402 900/1003/402
f 1008/1135/403 1007/1137/402 1005/1133/402
f 1010/1138/403 857/954/394 856/951/394
f 1012/1139/402 1011/1140/403 1010/1138/403
f 1011/1140/403 859/962/394 857/954/394
f 1013/1141/402 1009/1136/403 1011/1140/403
f 996/1125/401 1015/1142/400 1014/1143/400
f 999/1124/401 1006/1134/400 1015/1142/400
f 1014/1143/400 1013/1141/402 1012/1139/402
f 1015/1142/400 1007/1137/402 1013/1141/402
f 1002/1144/11 1017/1145/11 754/1146/11
f 1000/1147/11 1016/1148/11 1002/1144/11
f 1016/1148/11 1020/1149/11 1017/1145/11
f 1018/1150/11 1019/1151/11 1016/1148/11
f 997/1152/11 1014/1143/11 1022/1153/11
f 1022/1153/11 1012/1139/11 1023/1154/11
f 997/1152/11 1018/1150/11 1000/1147/11
f 1022/1153/11 1021/1155/11 1018/1150/11
f 856/951/11 1025/1156/11 1010/1138/11
f 1024/1157/11 1019/1151/11 1025/1156/11
f 1010/1138/11 1023/1154/11 1012/1139/11
f 1025/1156/11 1021/1155/11 1023/1154/11
f 816/911/11 1027/1158/11 829/926/11
f 1028/1159/11 1027/1158/11 1026/1160/11
f 829/926/11 1030/1161/11 831/927/11
f 1029/1162/11 1030/1161/11 1027/1158/11
f 714/1163/11 1033/1164/11 1032/1165/11
f 740/1166/11 1034/1167/11 1033/1164/11
f 1032/1165/11 1029/1162/11 1028/1159/11
f 1033/1164/11 1031/1168/11 1029/1162/11
f 1035/1169/11 735/1170/11 734/1171/11
f 1037/1172/11 1036/1173/11 1035/1169/11
f 1036/1173/11 737/1174/11 735/1170/11
f 1038/1175/11 1034/1167/11 1036/1173/11
f 1039/1176/11 835/933/11 1040/1177/11
f 1040/1177/11 831/927/11 1030/1161/11
f 1037/1172/11 1040/1177/11 1038/1175/11
f 1038/1175/11 1030/1161/11 1031/1168/11
f 796/891/11 1042/1178/11 809/906/11
f 1041/1179/11 1044/1180/11 1042/1178/11
f 809/906/11 1045/1181/11 811/907/11
f 1042/1178/11 1046/1182/11 1045/1181/11
f 1047/1183/11 720/1184/11 1048/1185/11
f 1048/1185/11 717/1186/11 1049/1187/11
f 1043/1188/11 1048/1185/11 1044/1180/11
f 1044/1180/11 1049/1187/11 1046/1182/11
f 1032/1165/11 715/1189/11 714/1163/11
f 1028/1159/11 1050/1190/11 1032/1165/11
f 1050/1190/11 717/1186/11 715/1189/11
f 1051/1191/11 1049/1187/11 1050/1190/11
f 1026/1160/11 815/913/11 1052/1192/11
f 1052/1192/11 811/907/11 1045/1181/11
f 1026/1160/11 1051/1191/11 1028/1159/11
f 1051/1191/11 1045/1181/11 1046/1182/11
f 774/869/11 1054/1193/11 789/886/11
f 1053/1194/11 1056/1195/11 1054/1193/11
f 789/886/11 1057/1196/11 791/887/11
f 1054/1193/11 1058/1197/11 1057/1196/11
f 1059/1198/11 700/1199/11 1060/1200/11
f 1060/1200/11 697/1201/11 1061/1202/11
f 1055/1203/11 1060/1200/11 1056/1195/11
f 1056/1195/11 1061/1202/11 1058/1197/11
f 694/1204/11 1062/1205/11 695/1206/11
f 1047/1183/11 1063/1207/11 1062/1205/11
f 695/1206/11 1061/1202/11 697/1201/11
f 1062/1205/11 1058/1197/11 1061/1202/11
f 1041/1179/11 795/893/11 1064/1208/11
f 1064/1208/11 791/887/11 1057/1196/11
f 1043/1188/11 1064/1208/11 1063/1207/11
f 1063/1207/11 1057/1196/11 1058/1197/11
f 1065/1209/11 869/1210/11 674/1211/11
f 1067/1212/11 1066/1213/11 1065/1209/11
f 1066/1213/11 871/1214/11 869/1210/11
f 1068/1215/11 1069/1216/11 1066/1213/11
f 764/863/11 1072/1217/11 1071/1218/11
f 967/1084/11 1073/1219/11 1072/1217/11
f 1071/1218/11 1068/1215/11 1067/1212/11
f 1072/1217/11 1070/1220/11 1068/1215/11
f 875/1221/11 962/1081/11 876/1078/11
f 875/1221/11 1069/1216/11 1074/1222/11
f 1074/1222/11 964/1086/11 962/1081/11
f 1074/1222/11 1070/1220/11 1073/1219/11
f 855/953/11 1024/1157/11 856/951/11
f 851/947/11 1075/1223/11 855/953/11
f 1075/1223/11 1020/1149/11 1024/1157/11
f 1076/1224/11 1077/1225/11 1075/1223/11
f 836/931/11 1079/1226/11 849/946/11
f 1039/1176/11 1080/1227/11 1079/1226/11
f 849/946/11 1076/1224/11 851/947/11
f 1079/1226/11 1078/1228/11 1076/1224/11
f 734/1171/11 1081/1229/11 1035/1169/11
f 760/1230/11 1082/1231/11 1081/1229/11
f 1035/1169/11 1080/1227/11 1037/1172/11
f 1082/1231/11 1080/1227/11 1081/1229/11
f 754/1146/11 1083/1232/11 755/1233/11
f 1017/1145/11 1077/1225/11 1083/1232/11
f 757/1234/11 1083/1232/11 1082/1231/11
f 1083/1232/11 1078/1228/11 1082/1231/11
f 1071/1218/11 765/861/11 764/863/11
f 1067/1212/11 1084/1235/11 1071/1218/11
f 1084/1235/11 768/864/11 765/861/11
f 1085/1236/11 1086/1237/11 1084/1235/11
f 674/1211/11 1088/1238/11 1065/1209/11
f 1088/1238/11 672/1239/11 1089/1240/11
f 1065/1209/11 1085/1236/11 1067/1212/11
f 1088/1238/11 1087/1241/11 1085/1236/11
f 669/1242/11 1090/1243/11 670/1244/11
f 1059/1198/11 1091/1245/11 1090/1243/11
f 670/1244/11 1089/1240/11 672/1239/11
f 1091/1245/11 1089/1240/11 1090/1243/11
f 774/869/11 1092/1246/11 1053/1194/11
f 773/871/11 1086/1237/11 1092/1246/11
f 1055/1203/11 1092/1246/11 1091/1245/11
f 1092/1246/11 1087/1241/11 1091/1245/11
f 1094/1247/404 1096/1248/405 1093/1249/405
f 1097/1250/406 1095/1251/404 1094/1247/404
f 1095/1251/404 1100/1252/405 1096/1248/405
f 1098/1253/406 1099/1254/404 1095/1251/404
f 1103/1255/407 1105/1256/408 1102/1257/409
f 1104/1258/407 1107/1259/408 1105/1256/408
f 1102/1257/409 1098/1253/406 1097/1250/406
f 1105/1256/408 1101/1260/406 1098/1253/406
f 1109/1261/408 1111/1262/407 1108/1263/407
f 1112/1264/406 1110/1265/408 1109/1261/408
f 1110/1265/408 1106/1266/407 1111/1262/407
f 1113/1267/406 1107/1259/408 1110/1265/408
f 1115/1268/405 1117/1269/404 1114/1270/404
f 1116/1271/405 1099/1254/404 1117/1269/404
f 1114/1270/404 1113/1267/406 1112/1264/406
f 1117/1269/404 1101/1260/406 1113/1267/406
f 1118/1272/410 1104/1258/407 1103/1255/407
f 1120/1273/411 1119/1274/410 1118/1272/410
f 1119/1274/410 1106/1266/407 1104/1258/407
f 1121/1275/411 1122/1276/410 1119/1274/410
f 1125/1277/412 1127/1278/413 1124/1279/413
f 1126/1280/412 1129/1281/413 1127/1278/413
f 1124/1279/413 1121/1275/411 1120/1273/411
f 1127/1278/413 1123/1282/411 1121/1275/411
f 1131/1283/413 1133/1284/412 1130/1285/412
f 1134/1286/411 1132/1287/413 1131/1283/413
f 1132/1287/413 1128/1288/412 1133/1284/412
f 1135/1289/411 1129/1281/413 1132/1287/413
f 1108/1263/407 1137/1290/410 1136/1291/410
f 1111/1262/407 1122/1276/410 1137/1290/410
f 1136/1291/410 1135/1289/411 1134/1286/411
f 1137/1290/410 1123/1282/411 1135/1289/411
f 1138/1292/414 1126/1280/412 1125/1277/412
f 1140/1293/415 1139/1294/414 1138/1292/414
f 1139/1294/414 1128/1288/412 1126/1280/412
f 1141/1295/415 1142/1296/414 1139/1294/414
f 1145/1297/243 1147/1298/416 1144/1299/416
f 1146/1300/243 1149/1301/416 1147/1298/416
f 1144/1299/416 1141/1295/415 1140/1293/415
f 1147/1298/416 1143/1302/415 1141/1295/415
f 1151/1303/416 1153/1304/243 1150/1305/243
f 1154/1306/415 1152/1307/416 1151/1303/416
f 1152/1307/416 1148/1308/243 1153/1304/243
f 1155/1309/415 1149/1301/416 1152/1307/416
f 1130/1285/412 1157/1310/414 1156/1311/414
f 1133/1284/412 1142/1296/414 1157/1310/414
f 1156/1311/414 1155/1309/415 1154/1306/415
f 1157/1310/414 1143/1302/415 1155/1309/415
f 1158/1312/417 1146/1300/243 1145/1297/243
f 1160/1313/418 1159/1314/417 1158/1312/417
f 1159/1314/417 1148/1308/243 1146/1300/243
f 1161/1315/418 1162/1316/417 1159/1314/417
f 1165/1317/419 1167/1318/420 1164/1319/420
f 1166/1320/419 1169/1321/420 1167/1318/420
f 1164/1319/420 1161/1315/418 1160/1313/418
f 1167/1318/420 1163/1322/418 1161/1315/418
f 1171/1323/420 1173/1324/419 1170/1325/419
f 1174/1326/418 1172/1327/420 1171/1323/420
f 1172/1327/420 1168/1328/419 1173/1324/419
f 1175/1329/418 1169/1321/420 1172/1327/420
f 1150/1305/243 1177/1330/417 1176/1331/417
f 1153/1304/243 1162/1316/417 1177/1330/417
f 1176/1331/417 1175/1329/418 1174/1326/418
f 1177/1330/417 1163/1322/418 1175/1329/418
f 1178/1332/421 1166/1320/419 1165/1317/419
f 1180/1333/422 1179/1334/421 1178/1332/421
f 1179/1334/421 1168/1328/419 1166/1320/419
f 1181/1335/422 1182/1336/421 1179/1334/421
f 1185/1337/423 1187/1338/424 1184/1339/424
f 1186/1340/423 1189/1341/424 1187/1338/424
f 1184/1339/424 1181/1335/422 1180/1333/422
f 1187/1338/424 1183/1342/422 1181/1335/422
f 1191/1343/424 1193/1344/423 1190/1345/423
f 1194/1346/422 1192/1347/424 1191/1343/424
f 1192/1347/424 1188/1348/423 1193/1344/423
f 1195/1349/422 1189/1341/424 1192/1347/424
f 1170/1325/419 1197/1350/421 1196/1351/421
f 1173/1324/419 1182/1336/421 1197/1350/421
f 1196/1351/421 1195/1349/422 1194/1346/422
f 1197/1350/421 1183/1342/422 1195/1349/422
f 1198/1352/425 1186/1340/423 1185/1337/423
f 1200/1353/426 1199/1354/425 1198/1352/425
f 1199/1354/425 1188/1348/423 1186/1340/423
f 1201/1355/426 1202/1356/425 1199/1354/425
f 1205/1357/427 1207/1358/428 1204/1359/428
f 1206/1360/427 1209/1361/428 1207/1358/428
f 1204/1359/428 1201/1355/426 1200/1353/426
f 1207/1358/428 1203/1362/426 1201/1355/426
f 1211/1363/428 1213/1364/427 1210/1365/427
f 1214/1366/426 1212/1367/428 1211/1363/428
f 1212/1367/428 1208/1368/427 1213/1364/427
f 1215/1369/426 1209/1361/428 1212/1367/428
f 1190/1345/423 1217/1370/425 1216/1371/425
f 1193/1344/423 1202/1356/425 1217/1370/425
f 1216/1371/425 1215/1369/426 1214/1366/426
f 1217/1370/425 1203/1362/426 1215/1369/426
f 1115/1268/21 1218/1372/21 1219/1373/21
f 1114/1374/21 1220/1375/21 1218/1372/21
f 1219/1373/21 1221/1376/21 1222/1377/21
f 1218/1372/21 1223/1378/21 1221/1376/21
f 1108/1379/21 1225/1380/21 1109/1381/21
f 1224/1382/21 1227/1383/21 1225/1380/21
f 1109/1381/21 1220/1375/21 1112/1384/21
f 1225/1380/21 1223/1378/21 1220/1375/21
f 1229/1385/21 1231/1386/21 1228/1387/21
f 1222/1377/21 1230/1388/21 1229/1385/21
f 1230/1388/21 1226/1389/21 1231/1386/21
f 1221/1376/21 1227/1383/21 1230/1388/21
f 1108/1379/21 1232/1390/21 1224/1382/21
f 1136/1391/21 1233/1392/21 1232/1390/21
f 1224/1382/21 1234/1393/21 1226/1389/21
f 1232/1390/21 1235/1394/21 1234/1393/21
f 1130/1395/21 1237/1396/21 1131/1397/21
f 1236/1398/21 1239/1399/21 1237/1396/21
f 1131/1397/21 1233/1392/21 1134/1400/21
f 1237/1396/21 1235/1394/21 1233/1392/21
f 1231/1386/21 1241/1401/21 1228/1387/21
f 1226/1389/21 1240/1402/21 1231/1386/21
f 1240/1402/21 1238/1403/21 1241/1401/21
f 1234/1393/21 1239/1399/21 1240/1402/21
f 1156/1404/21 1236/1398/21 1130/1395/21
f 1154/1405/21 1242/1406/21 1156/1404/21
f 1236/1398/21 1244/1407/21 1238/1403/21
f 1242/1406/21 1245/1408/21 1244/1407/21
f 1150/1409/21 1247/1410/21 1151/1411/21
f 1246/1412/21 1249/1413/21 1247/1410/21
f 1151/1411/21 1243/1414/21 1154/1405/21
f 1247/1410/21 1245/1408/21 1243/1414/21
f 1241/1401/21 1251/1415/21 1228/1387/21
f 1238/1403/21 1250/1416/21 1241/1401/21
f 1250/1416/21 1248/1417/21 1251/1415/21
f 1244/1407/21 1249/1413/21 1250/1416/21
f 1176/1418/21 1246/1412/21 1150/1409/21
f 1174/1419/21 1252/1420/21 1176/1418/21
f 1246/1412/21 1254/1421/21 1248/1417/21
f 1252/1420/21 1255/1422/21 1254/1421/21
f 1170/1423/21 1257/1424/21 1171/1425/21
f 1256/1426/21 1259/1427/21 1257/1424/21
f 1171/1425/21 1253/1428/21 1174/1419/21
f 1257/1424/21 1255/1422/21 1253/1428/21
f 1251/1415/21 1261/1429/21 1228/1387/21
f 1248/1417/21 1260/1430/21 1251/1415/21
f 1260/1430/21 1258/1431/21 1261/1429/21
f 1254/1421/21 1259/1427/21 1260/1430/21
f 1196/1432/21 1256/1426/21 1170/1423/21
f 1194/1433/21 1262/1434/21 1196/1432/21
f 1256/1426/21 1264/1435/21 1258/1431/21
f 1262/1434/21 1265/1436/21 1264/1435/21
f 1190/1437/21 1267/1438/21 1191/1439/21
f 1266/1440/21 1269/1441/21 1267/1438/21
f 1191/1439/21 1263/1442/21 1194/1433/21
f 1267/1438/21 1265/1436/21 1263/1442/21
f 1261/1429/21 1271/1443/21 1228/1387/21
f 1258/1431/21 1270/1444/21 1261/1429/21
f 1270/1444/21 1268/1445/21 1271/1443/21
f 1264/1435/21 1269/1441/21 1270/1444/21
f 1190/1437/21 1272/1446/21 1266/1440/21
f 1214/1447/21 1272/1446/21 1216/1448/21
f 1266/1440/21 1274/1449/21 1268/1445/21
f 1272/1446/21 1275/1450/21 1274/1449/21
f 1210/1451/21 1277/1452/21 1211/1453/21
f 1276/1454/21 1279/1455/21 1277/1452/21
f 1211/1453/21 1273/1456/21 1214/1447/21
f 1277/1452/21 1275/1450/21 1273/1456/21
f 1271/1443/21 1281/1457/21 1228/1387/21
f 1268/1445/21 1280/1458/21 1271/1443/21
f 1280/1458/21 1278/1459/21 1281/1457/21
f 1274/1449/21 1279/1455/21 1280/1458/21
f 1205/1460/11 1282/1461/11 1283/1462/11
f 1204/1463/11 1284/1464/11 1282/1461/11
f 1283/1462/11 1285/1465/11 1286/1466/11
f 1282/1461/11 1287/1467/11 1285/1465/11
f 1185/1468/11 1289/1469/11 1198/1470/11
f 1288/1471/11 1291/1472/11 1289/1469/11
f 1198/1470/11 1284/1464/11 1200/1473/11
f 1289/1469/11 1287/1467/11 1284/1464/11
f 1293/1474/11 1295/1475/11 1292/1476/11
f 1286/1466/11 1294/1477/11 1293/1474/11
f 1294/1477/11 1290/1478/11 1295/1475/11
f 1285/1465/11 1291/1472/11 1294/1477/11
f 1185/1468/11 1296/1479/11 1288/1471/11
f 1184/1480/11 1297/1481/11 1296/1479/11
f 1288/1471/11 1298/1482/11 1290/1478/11
f 1296/1479/11 1299/1483/11 1298/1482/11
f 1165/1484/11 1301/1485/11 1178/1486/11
f 1300/1487/11 1303/1488/11 1301/1485/11
f 1178/1486/11 1297/1481/11 1180/1489/11
f 1301/1485/11 1299/1483/11 1297/1481/11
f 1295/1475/11 1305/1490/11 1292/1476/11
f 1290/1478/11 1304/1491/11 1295/1475/11
f 1304/1491/11 1302/1492/11 1305/1490/11
f 1298/1482/11 1303/1488/11 1304/1491/11
f 1165/1484/11 1306/1493/11 1300/1487/11
f 1164/1494/11 1307/1495/11 1306/1493/11
f 1300/1487/11 1308/1496/11 1302/1492/11
f 1306/1493/11 1309/1497/11 1308/1496/11
f 1145/1498/11 1311/1499/11 1158/1500/11
f 1310/1501/11 1313/1502/11 1311/1499/11
f 1158/1500/11 1307/1495/11 1160/1503/11
f 1311/1499/11 1309/1497/11 1307/1495/11
f 1305/1490/11 1315/1504/11 1292/1476/11
f 1302/1492/11 1314/1505/11 1305/1490/11
f 1314/1505/11 1312/1506/11 1315/1504/11
f 1308/1496/11 1313/1502/11 1314/1505/11
f 1145/1498/11 1316/1507/11 1310/1501/11
f 1144/1508/11 1317/1509/11 1316/1507/11
f 1310/1501/11 1318/1510/11 1312/1506/11
f 1316/1507/11 1319/1511/11 1318/1510/11
f 1125/1512/11 1321/1513/11 1138/1514/11
f 1320/1515/11 1323/1516/11 1321/1513/11
f 1138/1514/11 1317/1509/11 1140/1517/11
f 1321/1513/11 1319/1511/11 1317/1509/11
f 1315/1504/11 1325/1518/11 1292/1476/11
f 1312/1506/11 1324/1519/11 1315/1504/11
f 1324/1519/11 1322/1520/11 1325/1518/11
f 1318/1510/11 1323/1516/11 1324/1519/11
f 1125/1512/11 1326/1521/11 1320/1515/11
f 1124/1522/11 1327/1523/11 1326/1521/11
f 1320/1515/11 1328/1524/11 1322/1520/11
f 1326/1521/11 1329/1525/11 1328/1524/11
f 1103/1526/11 1331/1527/11 1118/1528/11
f 1330/1529/11 1333/1530/11 1331/1527/11
f 1118/1528/11 1327/1523/11 1120/1531/11
f 1331/1527/11 1329/1525/11 1327/1523/11
f 1325/1518/11 1335/1532/11 1292/1476/11
f 1322/1520/11 1334/1533/11 1325/1518/11
f 1334/1533/11 1332/1534/11 1335/1532/11
f 1328/1524/11 1333/1530/11 1334/1533/11
f 1103/1526/11 1336/1535/11 1330/1529/11
f 1102/1536/11 1337/1537/11 1336/1535/11
f 1330/1529/11 1338/1538/11 1332/1534/11
f 1336/1535/11 1339/1539/11 1338/1538/11
f 1093/1249/11 1341/1540/11 1094/1541/11
f 1340/1542/11 1343/1543/11 1341/1540/11
f 1094/1541/11 1337/1537/11 1097/1544/11
f 1341/1540/11 1339/1539/11 1337/1537/11
f 1335/1532/11 1345/1545/11 1292/1476/11
f 1332/1534/11 1344/1546/11 1335/1532/11
f 1344/1546/11 1342/1547/11 1345/1545/11
f 1338/1538/11 1343/1543/11 1344/1546/11
f 1096/1248/405 1347/1548/429 1093/1249/405
f 1100/1252/405 1346/1549/429 1096/1248/405
f 1346/1549/429 1350/1550/430 1347/1548/429
f 1348/1551/429 1349/1552/430 1346/1549/429
f 1115/1268/405 1353/1553/429 1116/1271/405
f 1352/1554/429 1355/1555/430 1353/1553/429
f 1116/1271/405 1348/1551/429 1100/1252/405
f 1353/1553/429 1351/1556/430 1348/1551/429
f 1357/1557/16 1359/1558/431 1356/1559/16
f 1360/1560/16 1358/1561/431 1357/1557/16
f 1358/1561/431 1354/1562/430 1359/1558/431
f 1361/1563/431 1355/1555/430 1358/1561/431
f 1363/1564/16 1365/1565/431 1362/1566/16
f 1364/1567/431 1349/1552/430 1365/1565/431
f 1362/1566/16 1361/1563/431 1360/1560/16
f 1365/1565/431 1351/1556/430 1361/1563/431
f 1213/1364/427 1367/1568/432 1210/1365/427
f 1208/1368/427 1366/1569/432 1213/1364/427
f 1366/1569/432 1370/1570/433 1367/1568/432
f 1368/1571/432 1369/1572/433 1366/1569/432
f 1205/1357/427 1373/1573/432 1206/1360/427
f 1372/1574/432 1375/1575/433 1373/1573/432
f 1206/1360/427 1368/1571/432 1208/1368/427
f 1373/1573/432 1371/1576/433 1368/1571/432
f 1377/1577/140 1379/1578/434 1376/1579/140
f 1380/1580/140 1378/1581/434 1377/1577/140
f 1378/1581/434 1374/1582/433 1379/1578/434
f 1381/1583/434 1375/1575/433 1378/1581/434
f 1383/1584/140 1385/1585/434 1382/1586/140
f 1384/1587/434 1369/1572/433 1385/1585/434
f 1382/1586/140 1381/1583/434 1380/1580/140
f 1385/1585/434 1371/1576/433 1381/1583/434
f 1219/1373/21 1352/1554/21 1115/1268/21
f 1222/1377/21 1386/1588/21 1219/1373/21
f 1386/1588/21 1354/1562/21 1352/1554/21
f 1387/1589/21 1388/1590/21 1386/1588/21
f 1229/1385/21 1390/1591/21 1391/1592/21
f 1391/1592/21 1392/1593/21 1393/1594/21
f 1222/1377/21 1391/1592/21 1387/1589/21
f 1387/1589/21 1393/1594/21 1389/1595/21
f 1395/1596/21 1397/1597/21 1394/1598/21
f 1398/1599/21 1396/1600/21 1395/1596/21
f 1397/1597/21 1393/1594/21 1392/1593/21
f 1396/1600/21 1389/1595/21 1393/1594/21
f 1356/1559/21 1401/1601/21 1400/1602/21
f 1359/1558/21 1388/1590/21 1401/1601/21
f 1400/1602/21 1399/1603/21 1398/1599/21
f 1401/1601/21 1389/1595/21 1399/1603/21
f 1281/1457/21 1390/1591/21 1228/1387/21
f 1278/1459/21 1402/1604/21 1281/1457/21
f 1402/1604/21 1392/1593/21 1390/1591/21
f 1403/1605/21 1404/1606/21 1402/1604/21
f 1276/1454/21 1367/1607/21 1406/1608/21
f 1406/1608/21 1370/1609/21 1407/1610/21
f 1278/1459/21 1406/1608/21 1403/1605/21
f 1406/1608/21 1405/1611/21 1403/1605/21
f 1408/1612/21 1384/1613/21 1383/1614/21
f 1410/1615/21 1409/1616/21 1408/1612/21
f 1384/1613/21 1407/1610/21 1370/1609/21
f 1409/1616/21 1405/1611/21 1407/1610/21
f 1394/1598/21 1413/1617/21 1412/1618/21
f 1397/1597/21 1404/1606/21 1413/1617/21
f 1412/1618/21 1411/1619/21 1410/1615/21
f 1413/1617/21 1405/1611/21 1411/1619/21
f 1283/1462/11 1372/1620/11 1205/1460/11
f 1286/1466/11 1414/1621/11 1283/1462/11
f 1414/1621/11 1374/1622/11 1372/1620/11
f 1415/1623/11 1416/1624/11 1414/1621/11
f 1293/1474/11 1418/1625/11 1419/1626/11
f 1419/1626/11 1420/1627/11 1421/1628/11
f 1286/1466/11 1419/1626/11 1415/1623/11
f 1415/1623/11 1421/1628/11 1417/1629/11
f 1423/1630/11 1425/1631/11 1422/1632/11
f 1426/1633/11 1424/1634/11 1423/1630/11
f 1425/1631/11 1421/1628/11 1420/1627/11
f 1424/1634/11 1417/1629/11 1421/1628/11
f 1376/1635/11 1429/1636/11 1428/1637/11
f 1379/1638/11 1416/1624/11 1429/1636/11
f 1428/1637/11 1427/1639/11 1426/1633/11
f 1429/1636/11 1417/1629/11 1427/1639/11
f 1345/1545/11 1418/1625/11 1292/1476/11
f 1342/1547/11 1430/1640/11 1345/1545/11
f 1430/1640/11 1420/1627/11 1418/1625/11
f 1431/1641/11 1432/1642/11 1430/1640/11
f 1340/1542/11 1347/1548/11 1434/1643/11
f 1434/1643/11 1350/1550/11 1435/1644/11
f 1342/1547/11 1434/1643/11 1431/1641/11
f 1431/1641/11 1435/1644/11 1433/1645/11
f 1436/1646/11 1364/1567/11 1363/1564/11
f 1438/1647/11 1437/1648/11 1436/1646/11
f 1364/1567/11 1435/1644/11 1350/1550/11
f 1437/1648/11 1433/1645/11 1435/1644/11
f 1422/1632/11 1441/1649/11 1440/1650/11
f 1425/1631/11 1432/1642/11 1441/1649/11
f 1440/1650/11 1439/1651/11 1438/1647/11
f 1441/1649/11 1433/1645/11 1439/1651/11
f 1422/1652/7 1442/1653/7 1443/1654/7
f 1440/1655/7 1444/1656/7 1442/1653/7
f 1443/1654/7 1445/1657/7 1446/1658/7
f 1442/1653/7 1447/1659/7 1445/1657/7
f 1436/1660/7 1362/1661/7 1448/1662/7
f 1448/1662/7 1360/1663/7 1449/1664/7
f 1438/1665/7 1448/1662/7 1444/1656/7
f 1444/1656/7 1449/1664/7 1447/1659/7
f 1356/1666/7 1450/1667/7 1357/1668/7
f 1400/1669/7 1451/1670/7 1450/1667/7
f 1357/1668/7 1449/1664/7 1360/1663/7
f 1450/1667/7 1447/1659/7 1449/1664/7
f 1395/1671/7 1452/1672/7 1453/1673/7
f 1453/1673/7 1446/1658/7 1445/1657/7
f 1398/1674/7 1453/1673/7 1451/1670/7
f 1451/1670/7 1445/1657/7 1447/1659/7
f 1376/1579/7 1454/1675/7 1377/1577/7
f 1428/1676/7 1455/1677/7 1454/1675/7
f 1377/1577/7 1456/1678/7 1380/1580/7
f 1454/1675/7 1457/1679/7 1456/1678/7
f 1423/1680/7 1443/1654/7 1458/1681/7
f 1458/1681/7 1446/1658/7 1459/1682/7
f 1426/1683/7 1458/1681/7 1455/1677/7
f 1455/1677/7 1459/1682/7 1457/1679/7
f 1394/1684/7 1460/1685/7 1452/1672/7
f 1412/1686/7 1461/1687/7 1460/1685/7
f 1452/1672/7 1459/1682/7 1446/1658/7
f 1460/1685/7 1457/1679/7 1459/1682/7
f 1408/1688/7 1382/1586/7 1462/1689/7
f 1462/1689/7 1380/1580/7 1456/1678/7
f 1410/1690/7 1462/1689/7 1461/1687/7
f 1461/1687/7 1456/1678/7 1457/1679/7
f 1463/1691/21 1465/1692/21 1466/1693/21
f 1464/1694/21 1468/1695/21 1465/1692/21
f 1466/1693/21 1469/1696/21 1470/1697/21
f 1465/1692/21 1471/1698/21 1469/1696/21
f 1472/1699/21 1474/1700/21 1475/1701/21
f 1475/1701/21 1476/1702/21 1477/1703/21
f 1467/1704/21 1475/1701/21 1468/1695/21
f 1468/1695/21 1477/1703/21 1471/1698/21
f 1478/1705/21 1480/1706/21 1481/1707/21
f 1479/1708/21 1483/1709/21 1480/1706/21
f 1481/1707/21 1477/1703/21 1476/1702/21
f 1480/1706/21 1471/1698/21 1477/1703/21
f 1484/1710/21 1486/1711/21 1487/1712/21
f 1487/1712/21 1470/1697/21 1469/1696/21
f 1482/1713/21 1487/1712/21 1483/1709/21
f 1483/1709/21 1469/1696/21 1471/1698/21
f 1484/1714/435 1489/1715/436 1485/1716/436
f 1482/1717/437 1488/1718/435 1484/1714/435
f 1488/1718/435 1492/1719/436 1489/1715/436
f 1490/1720/437 1491/1721/435 1488/1718/435
f 1478/1722/438 1495/1723/439 1479/1724/439
f 1494/1725/438 1497/1726/439 1495/1723/439
f 1479/1724/439 1490/1720/437 1482/1717/437
f 1495/1723/439 1493/1727/437 1490/1720/437
f 1499/1728/439 1501/1729/438 1498/1730/438
f 1502/1731/437 1500/1732/439 1499/1728/439
f 1500/1732/439 1496/1733/438 1501/1729/438
f 1503/1734/437 1497/1726/439 1500/1732/439
f 1505/1735/436 1507/1736/435 1504/1737/435
f 1506/1738/436 1491/1721/435 1507/1736/435
f 1504/1737/435 1503/1734/437 1502/1731/437
f 1507/1736/435 1493/1727/437 1503/1734/437
f 1504/1739/11 1509/1740/11 1505/1741/11
f 1502/1742/11 1508/1743/11 1504/1739/11
f 1508/1743/11 1512/1744/11 1509/1740/11
f 1510/1745/11 1511/1746/11 1508/1743/11
f 1498/1747/11 1515/1748/11 1499/1749/11
f 1514/1750/11 1517/1751/11 1515/1748/11
f 1499/1749/11 1510/1745/11 1502/1742/11
f 1515/1748/11 1513/1752/11 1510/1745/11
f 1519/1753/11 1521/1754/11 1518/1755/11
f 1522/1756/11 1520/1757/11 1519/1753/11
f 1520/1757/11 1516/1758/11 1521/1754/11
f 1523/1759/11 1517/1751/11 1520/1757/11
f 1525/1760/11 1527/1761/11 1524/1762/11
f 1526/1763/11 1511/1746/11 1527/1761/11
f 1524/1762/11 1523/1759/11 1522/1756/11
f 1527/1761/11 1513/1752/11 1523/1759/11
f 1524/1762/440 1529/1764/441 1525/1760/441
f 1522/1756/442 1528/1765/440 1524/1762/440
f 1528/1765/440 1532/1766/441 1529/1764/441
f 1530/1767/442 1531/1768/440 1528/1765/440
f 1518/1755/443 1535/1769/444 1519/1753/444
f 1534/1770/443 1537/1771/444 1535/1769/444
f 1519/1753/444 1530/1767/442 1522/1756/442
f 1535/1769/444 1533/1772/442 1530/1767/442
f 1472/1699/444 1539/1773/443 1473/1774/443
f 1467/1704/442 1538/1775/444 1472/1699/444
f 1538/1775/444 1536/1776/443 1539/1773/443
f 1540/1777/442 1537/1771/444 1538/1775/444
f 1463/1691/441 1542/1778/440 1464/1694/440
f 1541/1779/441 1531/1768/440 1542/1778/440
f 1464/1694/440 1540/1777/442 1467/1704/442
f 1542/1778/440 1533/1772/442 1540/1777/442
f 1473/1774/21 1544/1780/21 1474/1700/21
f 1543/1781/21 1546/1782/21 1544/1780/21
f 1474/1700/21 1547/1783/21 1476/1702/21
f 1544/1780/21 1548/1784/21 1547/1783/21
f 1550/1785/21 1552/1786/21 1549/1787/21
f 1551/1788/21 1554/1789/21 1552/1786/21
f 1545/1790/21 1552/1786/21 1546/1782/21
f 1546/1782/21 1554/1789/21 1548/1784/21
f 1556/1791/21 1558/1792/21 1555/1793/21
f 1556/1791/21 1560/1794/21 1557/1795/21
f 1557/1795/21 1553/1796/21 1558/1792/21
f 1557/1795/21 1548/1784/21 1554/1789/21
f 1561/1797/21 1481/1707/21 1562/1798/21
f 1562/1798/21 1476/1702/21 1547/1783/21
f 1559/1799/21 1562/1798/21 1560/1794/21
f 1560/1794/21 1547/1783/21 1548/1784/21
f 1561/1800/445 1494/1725/438 1478/1722/438
f 1559/1801/446 1563/1802/445 1561/1800/445
f 1563/1802/445 1496/1733/438 1494/1725/438
f 1564/1803/446 1565/1804/445 1563/1802/445
f 1555/1805/447 1568/1806/448 1556/1807/448
f 1567/1808/447 1570/1809/448 1568/1806/448
f 1556/1807/448 1564/1803/446 1559/1801/446
f 1568/1806/448 1566/1810/446 1564/1803/446
f 1572/1811/448 1574/1812/447 1571/1813/447
f 1575/1814/446 1573/1815/448 1572/1811/448
f 1573/1815/448 1569/1816/447 1574/1812/447
f 1576/1817/446 1570/1809/448 1573/1815/448
f 1498/1730/438 1578/1818/445 1577/1819/445
f 1501/1729/438 1565/1804/445 1578/1818/445
f 1577/1819/445 1576/1817/446 1575/1814/446
f 1578/1818/445 1566/1810/446 1576/1817/446
f 1577/1820/11 1514/1750/11 1498/1747/11
f 1575/1821/11 1579/1822/11 1577/1820/11
f 1579/1822/11 1516/1758/11 1514/1750/11
f 1580/1823/11 1581/1824/11 1579/1822/11
f 1572/1825/11 1583/1826/11 1584/1827/11
f 1584/1827/11 1585/1828/11 1586/1829/11
f 1572/1825/11 1580/1823/11 1575/1821/11
f 1584/1827/11 1582/1830/11 1580/1823/11
f 1587/1831/11 1589/1832/11 1590/1833/11
f 1591/1834/11 1589/1832/11 1588/1835/11
f 1590/1833/11 1586/1829/11 1585/1828/11
f 1592/1836/11 1586/1829/11 1589/1832/11
f 1518/1755/11 1594/1837/11 1593/1838/11
f 1521/1754/11 1581/1824/11 1594/1837/11
f 1593/1838/11 1592/1836/11 1591/1834/11
f 1594/1837/11 1582/1830/11 1592/1836/11
f 1593/1838/449 1534/1770/443 1518/1755/443
f 1591/1834/450 1595/1839/449 1593/1838/449
f 1595/1839/449 1536/1776/443 1534/1770/443
f 1596/1840/450 1597/1841/449 1595/1839/449
f 1587/1831/451 1600/1842/452 1588/1835/452
f 1599/1843/451 1602/1844/452 1600/1842/452
f 1588/1835/452 1596/1840/450 1591/1834/450
f 1600/1842/452 1598/1845/450 1596/1840/450
f 1549/1787/452 1604/1846/451 1550/1785/451
f 1545/1790/450 1603/1847/452 1549/1787/452
f 1603/1847/452 1601/1848/451 1604/1846/451
f 1605/1849/450 1602/1844/452 1603/1847/452
f 1473/1774/443 1606/1850/449 1543/1781/449
f 1539/1773/443 1597/1841/449 1606/1850/449
f 1543/1781/449 1605/1849/450 1545/1790/450
f 1606/1850/449 1598/1845/450 1605/1849/450
f 1607/1851/21 1551/1788/21 1550/1785/21
f 1609/1852/21 1608/1853/21 1607/1851/21
f 1608/1853/21 1553/1796/21 1551/1788/21
f 1610/1854/21 1611/1855/21 1608/1853/21
f 1613/1856/21 1615/1857/21 1616/1858/21
f 1616/1858/21 1617/1859/21 1618/1860/21
f 1613/1856/21 1610/1854/21 1609/1852/21
f 1616/1858/21 1612/1861/21 1610/1854/21
f 1619/1862/21 1621/1863/21 1622/1864/21
f 1623/1865/21 1621/1863/21 1620/1866/21
f 1622/1864/21 1618/1860/21 1617/1859/21
f 1624/1867/21 1618/1860/21 1621/1863/21
f 1555/1793/21 1626/1868/21 1625/1869/21
f 1558/1792/21 1611/1855/21 1626/1868/21
f 1625/1869/21 1624/1867/21 1623/1865/21
f 1626/1868/21 1612/1861/21 1624/1867/21
f 1625/1870/453 1567/1808/447 1555/1805/447
f 1623/1871/454 1627/1872/453 1625/1870/453
f 1627/1872/453 1569/1816/447 1567/1808/447
f 1628/1873/454 1629/1874/453 1627/1872/453
f 1619/1875/455 1632/1876/456 1620/1877/456
f 1631/1878/455 1634/1879/456 1632/1876/456
f 1620/1877/456 1628/1873/454 1623/1871/454
f 1632/1876/456 1630/1880/454 1628/1873/454
f 1636/1881/456 1638/1882/455 1635/1883/455
f 1639/1884/454 1637/1885/456 1636/1881/456
f 1637/1885/456 1633/1886/455 1638/1882/455
f 1640/1887/454 1634/1879/456 1637/1885/456
f 1571/1813/447 1642/1888/453 1641/1889/457
f 1574/1812/447 1629/1874/453 1642/1888/453
f 1641/1889/457 1640/1887/454 1639/1884/454
f 1642/1888/453 1630/1880/454 1640/1887/454
f 1571/1890/11 1643/1891/11 1583/1826/11
f 1641/1892/11 1644/1893/11 1643/1891/11
f 1583/1826/11 1645/1894/11 1585/1828/11
f 1643/1891/11 1646/1895/11 1645/1894/11
f 1635/1896/11 1648/1897/11 1636/1898/11
f 1647/1899/11 1650/1900/11 1648/1897/11
f 1639/1901/11 1648/1897/11 1644/1893/11
f 1644/1893/11 1650/1900/11 1646/1895/11
f 1652/1902/11 1654/1903/11 1651/1904/11
f 1652/1902/11 1656/1905/11 1653/1906/11
f 1653/1906/11 1649/1907/11 1654/1903/11
f 1653/1906/11 1646/1895/11 1650/1900/11
f 1657/1908/11 1590/1833/11 1658/1909/11
f 1658/1909/11 1585/1828/11 1645/1894/11
f 1655/1910/11 1658/1909/11 1656/1905/11
f 1656/1905/11 1645/1894/11 1646/1895/11
f 1657/1908/458 1599/1843/451 1587/1831/451
f 1655/1910/459 1659/1911/458 1657/1908/458
f 1659/1911/458 1601/1848/451 1599/1843/451
f 1660/1912/459 1661/1913/458 1659/1911/458
f 1651/1904/460 1664/1914/461 1652/1902/461
f 1663/1915/460 1666/1916/461 1664/1914/461
f 1652/1902/461 1660/1912/459 1655/1910/459
f 1664/1914/461 1662/1917/459 1660/1912/459
f 1613/1856/461 1668/1918/460 1614/1919/460
f 1609/1852/459 1667/1920/461 1613/1856/461
f 1667/1920/461 1665/1921/460 1668/1918/460
f 1669/1922/459 1666/1916/461 1667/1920/461
f 1550/1785/451 1670/1923/458 1607/1851/458
f 1604/1846/451 1661/1913/458 1670/1923/458
f 1607/1851/458 1669/1922/459 1609/1852/459
f 1670/1923/458 1662/1917/459 1669/1922/459
f 1614/1919/21 1672/1924/21 1615/1857/21
f 1671/1925/21 1674/1926/21 1672/1924/21
f 1615/1857/21 1675/1927/21 1617/1859/21
f 1674/1926/21 1675/1927/21 1672/1924/21
f 1678/1928/21 1680/1929/21 1677/1930/21
f 1679/1931/21 1682/1932/21 1680/1929/21
f 1677/1930/21 1674/1926/21 1673/1933/21
f 1680/1929/21 1676/1934/21 1674/1926/21
f 1684/1935/21 1686/1936/21 1683/1937/21
f 1687/1938/21 1685/1939/21 1684/1935/21
f 1685/1939/21 1681/1940/21 1686/1936/21
f 1688/1941/21 1682/1932/21 1685/1939/21
f 1689/1942/21 1622/1864/21 1690/1943/21
f 1690/1943/21 1617/1859/21 1675/1927/21
f 1689/1942/21 1688/1941/21 1687/1938/21
f 1690/1943/21 1676/1934/21 1688/1941/21
f 1689/1944/462 1631/1878/455 1619/1875/455
f 1687/1945/463 1691/1946/462 1689/1944/462
f 1691/1946/462 1633/1886/455 1631/1878/455
f 1692/1947/463 1693/1948/462 1691/1946/462
f 1683/1949/464 1696/1950/465 1684/1951/465
f 1695/1952/464 1698/1953/465 1696/1950/465
f 1684/1951/465 1692/1947/463 1687/1945/463
f 1696/1950/465 1694/1954/463 1692/1947/463
f 1700/1955/465 1702/1956/464 1699/1957/464
f 1703/1958/463 1701/1959/465 1700/1955/465
f 1701/1959/465 1697/1960/464 1702/1956/464
f 1704/1961/463 1698/1953/465 1701/1959/465
f 1635/1883/455 1706/1962/462 1705/1963/462
f 1638/1882/455 1693/1948/462 1706/1962/462
f 1705/1963/462 1704/1961/463 1703/1958/463
f 1706/1962/462 1694/1954/463 1704/1961/463
f 1705/1964/11 1647/1899/11 1635/1896/11
f 1705/1964/11 1708/1965/11 1707/1966/11
f 1707/1966/11 1649/1907/11 1647/1899/11
f 1707/1966/11 1710/1967/11 1709/1968/11
f 1700/1969/11 1711/1970/11 1712/1971/11
f 1712/1971/11 1713/1972/11 1714/1973/11
f 1703/1974/11 1712/1971/11 1708/1965/11
f 1708/1965/11 1714/1973/11 1710/1967/11
f 1715/1975/11 1717/1976/11 1718/1977/11
f 1716/1978/11 1720/1979/11 1717/1976/11
f 1718/1977/11 1714/1973/11 1713/1972/11
f 1717/1976/11 1710/1967/11 1714/1973/11
f 1651/1904/11 1722/1980/11 1721/1981/11
f 1654/1903/11 1709/1968/11 1722/1980/11
f 1721/1981/11 1720/1979/11 1719/1982/11
f 1720/1979/11 1709/1968/11 1710/1967/11
f 1721/1981/466 1663/1915/460 1651/1904/460
f 1719/1982/467 1723/1983/466 1721/1981/466
f 1723/1983/466 1665/1921/460 1663/1915/460
f 1724/1984/467 1725/1985/466 1723/1983/466
f 1715/1975/468 1728/1986/469 1716/1978/469
f 1727/1987/470 1730/1988/469 1728/1986/469
f 1716/1978/469 1724/1984/467 1719/1982/467
f 1728/1986/469 1726/1989/467 1724/1984/467
f 1677/1930/469 1732/1990/470 1678/1928/470
f 1673/1933/467 1731/1991/469 1677/1930/469
f 1731/1991/469 1729/1992/470 1732/1990/470
f 1733/1993/467 1730/1988/469 1731/1991/469
f 1614/1919/460 1734/1994/466 1671/1925/466
f 1668/1918/460 1725/1985/466 1734/1994/466
f 1671/1925/466 1733/1993/467 1673/1933/467
f 1734/1994/466 1726/1989/467 1733/1993/467
f 1735/1995/21 1679/1931/21 1678/1928/21
f 1737/1996/21 1736/1997/21 1735/1995/21
f 1736/1997/21 1681/1940/21 1679/1931/21
f 1738/1998/21 1739/1999/21 1736/1997/21
f 1742/2000/21 1744/2001/21 1741/2002/21
f 1743/2003/21 1746/2004/21 1744/2001/21
f 1741/2002/21 1738/1998/21 1737/1996/21
f 1744/2001/21 1740/2005/21 1738/1998/21
f 1748/2006/21 1750/2007/21 1747/2008/21
f 1751/2009/21 1749/2010/21 1748/2006/21
f 1749/2010/21 1745/2011/21 1750/2007/21
f 1752/2012/21 1746/2004/21 1749/2010/21
f 1683/1937/21 1754/2013/21 1753/2014/21
f 1686/1936/21 1739/1999/21 1754/2013/21
f 1753/2014/21 1752/2012/21 1751/2009/21
f 1754/2013/21 1740/2005/21 1752/2012/21
f 1753/2015/471 1695/1952/464 1683/1949/464
f 1751/2016/472 1755/2017/471 1753/2015/471
f 1755/2017/471 1697/1960/464 1695/1952/464
f 1756/2018/472 1757/2019/471 1755/2017/471
f 1747/2020/473 1760/2021/474 1748/2022/474
f 1759/2023/473 1762/2024/474 1760/2021/474
f 1748/2022/474 1756/2018/472 1751/2016/472
f 1760/2021/474 1758/2025/472 1756/2018/472
f 1764/2026/474 1766/2027/473 1763/2028/473
f 1767/2029/472 1765/2030/474 1764/2026/474
f 1765/2030/474 1761/2031/473 1766/2027/473
f 1768/2032/472 1762/2024/474 1765/2030/474
f 1699/1957/464 1770/2033/471 1769/2034/471
f 1702/1956/464 1757/2019/471 1770/2033/471
f 1769/2034/471 1768/2032/472 1767/2029/472
f 1770/2033/471 1758/2025/472 1768/2032/472
f 1699/2035/11 1771/2036/11 1711/1970/11
f 1769/2037/11 1772/2038/11 1771/2036/11
f 1711/1970/11 1773/2039/11 1713/1972/11
f 1771/2036/11 1774/2040/11 1773/2039/11
f 1764/2041/11 1775/2042/11 1776/2043/11
f 1776/2043/11 1777/2044/11 1778/2045/11
f 1767/2046/11 1776/2043/11 1772/2038/11
f 1772/2038/11 1778/2045/11 1774/2040/11
f 1779/2047/11 1781/2048/11 1782/2049/11
f 1780/2050/11 1784/2051/11 1781/2048/11
f 1782/2049/11 1778/2045/11 1777/2044/11
f 1781/2048/11 1774/2040/11 1778/2045/11
f 1785/2052/11 1718/1977/11 1786/2053/11
f 1786/2053/11 1713/1972/11 1773/2039/11
f 1783/2054/11 1786/2053/11 1784/2051/11
f 1784/2051/11 1773/2039/11 1774/2040/11
f 1785/2052/475 1727/1987/470 1715/1975/468
f 1783/2054/476 1787/2055/475 1785/2052/475
f 1787/2055/475 1729/1992/470 1727/1987/470
f 1788/2056/476 1789/2057/475 1787/2055/475
f 1779/2047/477 1792/2058/478 1780/2050/478
f 1791/2059/477 1794/2060/478 1792/2058/478
f 1780/2050/478 1788/2056/476 1783/2054/476
f 1792/2058/478 1790/2061/476 1788/2056/476
f 1742/2000/477 1795/2062/478 1796/2063/477
f 1741/2002/478 1797/2064/476 1795/2062/478
f 1795/2062/478 1793/2065/477 1796/2063/477
f 1797/2064/476 1794/2060/478 1795/2062/478
f 1678/1928/470 1798/2066/475 1735/1995/475
f 1732/1990/470 1789/2057/475 1798/2066/475
f 1735/1995/475 1797/2064/476 1737/1996/479
f 1798/2066/475 1790/2061/476 1797/2064/476
f 1799/2067/21 1743/2003/21 1742/2000/21
f 1801/2068/21 1800/2069/21 1799/2067/21
f 1800/2069/21 1745/2011/21 1743/2003/21
f 1802/2070/21 1803/2071/21 1800/2069/21
f 1806/2072/21 1808/2073/21 1805/2074/21
f 1807/2075/21 1810/2076/21 1808/2073/21
f 1805/2074/21 1802/2070/21 1801/2068/21
f 1808/2073/21 1804/2077/21 1802/2070/21
f 1812/2078/21 1814/2079/21 1811/2080/21
f 1815/2081/21 1813/2082/21 1812/2078/21
f 1813/2082/21 1809/2083/21 1814/2079/21
f 1816/2084/21 1810/2076/21 1813/2082/21
f 1747/2008/21 1818/2085/21 1817/2086/21
f 1750/2007/21 1803/2071/21 1818/2085/21
f 1817/2086/21 1816/2084/21 1815/2081/21
f 1818/2085/21 1804/2077/21 1816/2084/21
f 1817/2087/480 1759/2023/473 1747/2020/473
f 1815/2088/481 1819/2089/480 1817/2087/480
f 1819/2089/480 1761/2031/473 1759/2023/473
f 1820/2090/481 1821/2091/480 1819/2089/480
f 1811/2092/16 1824/2093/482 1812/2094/482
f 1823/2095/16 1826/2096/482 1824/2093/482
f 1812/2094/482 1820/2090/481 1815/2088/481
f 1824/2093/482 1822/2097/481 1820/2090/481
f 1828/2098/482 1830/2099/16 1827/2100/16
f 1831/2101/481 1829/2102/482 1828/2098/482
f 1829/2102/482 1825/2103/16 1830/2099/16
f 1832/2104/481 1826/2096/482 1829/2102/482
f 1763/2028/473 1834/2105/480 1833/2106/480
f 1766/2027/473 1821/2091/480 1834/2105/480
f 1833/2106/480 1832/2104/481 1831/2101/481
f 1834/2105/480 1822/2097/481 1832/2104/481
f 1763/2107/11 1835/2108/11 1775/2042/11
f 1833/2109/11 1836/2110/11 1835/2108/11
f 1775/2042/11 1837/2111/11 1777/2044/11
f 1835/2108/11 1838/2112/11 1837/2111/11
f 1828/2113/11 1839/2114/11 1840/2115/11
f 1840/2115/11 1841/2116/11 1842/2117/11
f 1831/2118/11 1840/2115/11 1836/2110/11
f 1836/2110/11 1842/2117/11 1838/2112/11
f 1843/2119/11 1845/2120/11 1846/2121/11
f 1844/2122/11 1848/2123/11 1845/2120/11
f 1846/2121/11 1842/2117/11 1841/2116/11
f 1845/2120/11 1838/2112/11 1842/2117/11
f 1849/2124/11 1782/2049/11 1850/2125/11
f 1850/2125/11 1777/2044/11 1837/2111/11
f 1847/2126/11 1850/2125/11 1848/2123/11
f 1848/2123/11 1837/2111/11 1838/2112/11
f 1849/2124/483 1791/2059/477 1779/2047/477
f 1847/2126/484 1851/2127/483 1849/2124/483
f 1851/2127/483 1793/2065/477 1791/2059/477
f 1852/2128/484 1853/2129/483 1851/2127/483
f 1843/2119/140 1856/2130/485 1844/2122/485
f 1855/2131/140 1858/2132/485 1856/2130/485
f 1844/2122/485 1852/2128/484 1847/2126/484
f 1856/2130/485 1854/2133/484 1852/2128/484
f 1805/2074/485 1860/2134/140 1806/2072/140
f 1801/2068/484 1859/2135/485 1805/2074/485
f 1859/2135/485 1857/2136/140 1860/2134/140
f 1861/2137/484 1858/2132/485 1859/2135/485
f 1742/2000/477 1862/2138/483 1799/2067/483
f 1796/2063/477 1853/2129/483 1862/2138/483
f 1799/2067/483 1861/2137/484 1801/2068/484
f 1862/2138/483 1854/2133/484 1861/2137/484
f 1489/2139/486 1486/2140/487 1485/2141/488
f 1492/2142/486 1863/2143/487 1489/2139/486
f 1863/2143/487 1470/2144/487 1486/2140/487
f 1864/2145/487 1865/2146/487 1863/2143/487
f 1505/2147/489 1867/2148/487 1506/2149/486
f 1509/2150/487 1868/2151/487 1867/2148/487
f 1506/2149/486 1864/2145/487 1492/2142/486
f 1867/2148/487 1866/2152/487 1864/2145/487
f 1529/1764/489 1526/2153/490 1525/1760/491
f 1532/1766/489 1869/2154/490 1529/1764/489
f 1869/2154/490 1512/2155/487 1526/2153/490
f 1870/2156/490 1868/2151/487 1869/2154/490
f 1463/1691/489 1871/2157/490 1541/1779/489
f 1466/2158/490 1865/2146/487 1871/2157/490
f 1541/1779/489 1870/2156/490 1532/1766/489
f 1871/2157/490 1866/2152/487 1870/2156/490
f 1830/2099/7 1839/2159/7 1827/2100/7
f 1825/2103/7 1872/2160/7 1830/2099/7
f 1872/2160/7 1841/2161/7 1839/2159/7
f 1873/2162/7 1874/2163/7 1872/2160/7
f 1811/2092/7 1876/2164/7 1823/2095/7
f 1814/2165/7 1877/2166/7 1876/2164/7
f 1823/2095/7 1873/2162/7 1825/2103/7
f 1876/2164/7 1875/2167/7 1873/2162/7
f 1860/2134/7 1807/2168/7 1806/2072/7
f 1857/2136/7 1878/2169/7 1860/2134/7
f 1878/2169/7 1809/2170/7 1807/2168/7
f 1879/2171/7 1877/2166/7 1878/2169/7
f 1843/2119/7 1880/2172/7 1855/2131/7
f 1846/2173/7 1874/2163/7 1880/2172/7
f 1855/2131/7 1879/2171/7 1857/2136/7
f 1880/2172/7 1875/2167/7 1879/2171/7
f 9/15/7 10/18/7 11/16/7
f 10/18/7 13/28/7 14/19/7
f 12/17/7 11/16/7 15/20/7
f 11/16/7 14/19/7 17/22/7
f 18/23/7 19/635/7 20/24/7
f 21/25/7 20/24/7 22/26/7
f 13/28/7 18/23/7 21/25/7
f 14/19/7 21/25/7 23/27/7
f 24/29/7 25/32/7 26/30/7
f 25/32/7 28/37/7 29/33/7
f 27/31/7 26/30/7 23/27/7
f 26/30/7 29/33/7 17/22/7
f 30/34/7 31/301/7 32/35/7
f 33/36/7 32/35/7 16/21/7
f 28/37/7 30/34/7 33/36/7
f 29/33/7 33/36/7 15/20/7
f 35/38/8 36/42/9 37/39/9
f 38/41/8 39/44/9 36/42/9
f 36/42/9 40/45/10 41/43/10
f 39/44/9 42/51/10 40/45/10
f 44/46/8 45/49/9 46/47/9
f 45/49/9 47/57/10 48/50/10
f 43/48/8 46/47/9 39/44/9
f 46/47/9 48/50/10 42/51/10
f 49/52/11 50/56/12 51/53/12
f 52/55/11 53/58/12 50/56/12
f 50/56/12 48/50/10 47/57/10
f 53/58/12 42/51/10 48/50/10
f 55/59/11 56/62/12 57/60/12
f 56/62/12 41/43/10 40/45/10
f 54/61/11 57/60/12 53/58/12
f 57/60/12 40/45/10 42/51/10
f 59/63/13 60/67/14 61/64/14
f 62/66/13 63/69/14 60/67/14
f 60/67/14 64/70/15 65/68/15
f 63/69/14 66/76/15 64/70/15
f 68/71/13 69/74/14 70/72/14
f 69/74/14 71/82/15 72/75/15
f 67/73/13 70/72/14 63/69/14
f 70/72/14 72/75/15 66/76/15
f 74/77/16 75/81/17 76/78/17
f 77/80/16 78/83/17 75/81/17
f 75/81/17 72/75/15 71/82/15
f 78/83/17 66/76/15 72/75/15
f 19/84/16 80/87/17 81/85/17
f 80/87/17 65/68/15 64/70/15
f 79/86/16 81/85/17 78/83/17
f 81/85/17 64/70/15 66/76/15
f 83/88/18 84/92/19 85/89/19
f 86/91/18 87/94/19 84/92/19
f 84/92/19 88/95/20 89/93/20
f 87/94/19 90/101/20 88/95/20
f 92/96/18 93/99/19 94/97/19
f 93/99/19 95/107/20 96/100/20
f 91/98/18 94/97/19 87/94/19
f 94/97/19 96/100/20 90/101/20
f 98/102/21 99/106/22 100/103/22
f 101/105/21 102/108/22 99/106/22
f 99/106/22 96/100/20 95/107/20
f 102/108/22 90/101/20 96/100/20
f 104/109/21 105/112/22 106/110/22
f 105/112/22 89/93/20 88/95/20
f 101/105/21 103/111/21 106/110/22
f 106/110/22 88/95/20 90/101/20
f 108/113/23 109/117/27 110/114/24
f 111/116/26 112/119/29 109/117/27
f 109/117/27 113/120/30 114/118/28
f 112/119/29 115/126/36 113/120/30
f 117/121/31 118/124/34 119/122/32
f 118/124/34 120/132/42 121/125/35
f 116/123/33 119/122/32 112/119/29
f 119/122/32 121/125/35 115/126/36
f 123/127/37 124/131/41 125/128/38
f 126/130/40 127/133/43 124/131/41
f 124/131/41 121/125/35 120/132/42
f 127/133/43 115/126/36 121/125/35
f 129/134/44 130/137/47 131/135/45
f 130/137/47 114/118/28 113/120/30
f 128/136/46 131/135/45 127/133/43
f 131/135/45 113/120/30 115/126/36
f 55/138/48 132/141/51 133/139/49
f 132/141/51 134/149/59 135/142/52
f 56/140/50 133/139/49 136/143/53
f 133/139/49 135/142/52 137/145/55
f 138/146/56 107/115/25 110/114/24
f 139/147/57 110/114/24 114/118/28
f 134/149/59 138/146/56 139/147/57
f 135/142/52 139/147/57 140/148/58
f 129/134/44 141/151/61 142/150/60
f 141/151/61 143/156/66 144/152/62
f 130/137/47 142/150/60 140/148/58
f 142/150/60 144/152/62 137/145/55
f 145/153/63 34/604/296 37/154/64
f 146/155/65 37/154/64 41/144/54
f 143/156/66 145/153/63 146/155/65
f 144/152/62 146/155/65 136/143/53
f 147/157/67 148/161/71 93/158/68
f 149/160/70 150/163/73 148/161/71
f 148/161/71 151/164/74 95/162/72
f 150/163/73 152/170/80 151/164/74
f 154/165/75 155/168/78 156/166/76
f 155/168/78 157/176/86 158/169/79
f 153/167/77 156/166/76 150/163/73
f 156/166/76 158/169/79 152/170/80
f 160/171/81 161/175/85 162/172/82
f 163/174/84 164/177/87 161/175/85
f 161/175/85 158/169/79 157/176/86
f 164/177/87 152/170/80 158/169/79
f 97/178/88 100/181/91 166/179/89
f 100/181/91 95/162/72 151/164/74
f 165/180/90 166/179/89 164/177/87
f 166/179/89 151/164/74 152/170/80
f 104/182/92 167/185/95 168/183/93
f 167/185/95 169/195/105 170/186/96
f 105/184/94 168/183/93 171/187/97
f 168/183/93 170/186/96 172/189/99
f 173/190/100 174/2174/492 175/191/101
f 176/192/102 175/191/101 177/193/103
f 169/195/105 173/190/100 176/192/102
f 170/186/96 176/192/102 178/194/104
f 179/196/106 180/199/109 181/197/107
f 180/199/109 183/204/114 184/200/110
f 182/198/108 181/197/107 178/194/104
f 181/197/107 184/200/110 172/189/99
f 185/201/111 82/491/231 85/202/112
f 186/203/113 85/202/112 89/188/98
f 183/204/114 185/201/111 186/203/113
f 184/200/110 186/203/113 171/187/97
f 174/205/7 173/208/7 187/206/7
f 173/208/7 169/218/7 189/209/7
f 188/207/7 187/206/7 190/210/7
f 187/206/7 189/209/7 192/212/7
f 167/213/7 104/267/7 193/214/7
f 194/215/7 193/214/7 195/216/7
f 169/218/7 167/213/7 194/215/7
f 189/209/7 194/215/7 196/217/7
f 197/219/7 198/222/7 199/220/7
f 198/222/7 201/227/7 202/223/7
f 200/221/7 199/220/7 196/217/7
f 199/220/7 202/223/7 192/212/7
f 203/224/7 204/229/7 205/225/7
f 206/226/7 205/225/7 191/211/7
f 201/227/7 203/224/7 206/226/7
f 202/223/7 206/226/7 190/210/7
f 203/224/7 207/230/7 208/228/7
f 201/227/7 209/232/7 207/230/7
f 207/230/7 210/233/7 211/231/7
f 209/232/7 212/237/7 210/233/7
f 197/219/7 213/235/7 214/234/7
f 213/235/7 215/243/7 216/236/7
f 198/222/7 214/234/7 209/232/7
f 214/234/7 216/236/7 212/237/7
f 218/238/7 219/242/7 220/239/7
f 221/241/7 222/244/7 219/242/7
f 219/242/7 216/236/7 215/243/7
f 222/244/7 212/237/7 216/236/7
f 73/245/7 224/248/7 225/246/7
f 224/248/7 211/231/7 210/233/7
f 223/247/7 225/246/7 222/244/7
f 225/246/7 210/233/7 212/237/7
f 226/249/7 227/253/7 98/250/7
f 228/252/7 229/255/7 227/253/7
f 227/253/7 230/256/7 101/254/7
f 229/255/7 231/262/7 230/256/7
f 233/257/7 234/260/7 235/258/7
f 234/260/7 236/265/7 237/261/7
f 232/259/7 235/258/7 229/255/7
f 235/258/7 237/261/7 231/262/7
f 200/221/7 238/264/7 239/263/7
f 195/216/7 240/266/7 238/264/7
f 238/264/7 237/261/7 236/265/7
f 240/266/7 231/262/7 237/261/7
f 104/267/7 103/269/7 241/268/7
f 103/269/7 101/254/7 230/256/7
f 193/214/7 241/268/7 240/266/7
f 241/268/7 230/256/7 231/262/7
f 242/270/7 243/272/7 234/260/7
f 244/271/7 245/273/7 243/272/7
f 243/272/7 246/274/7 236/265/7
f 245/273/7 247/280/7 246/274/7
f 249/275/7 250/278/7 251/276/7
f 250/278/7 252/283/7 253/279/7
f 248/277/7 251/276/7 245/273/7
f 251/276/7 253/279/7 247/280/7
f 220/239/7 254/282/7 255/281/7
f 215/243/7 256/284/7 254/282/7
f 254/282/7 253/279/7 252/283/7
f 256/284/7 247/280/7 253/279/7
f 197/219/7 239/263/7 257/285/7
f 239/263/7 236/265/7 246/274/7
f 213/235/7 257/285/7 256/284/7
f 257/285/7 246/274/7 247/280/7
f 259/286/7 260/290/7 261/287/7
f 262/289/7 263/292/7 260/290/7
f 260/290/7 264/293/7 265/291/7
f 263/292/7 266/299/7 264/293/7
f 55/294/7 54/297/7 268/295/7
f 54/297/7 52/303/7 269/298/7
f 267/296/7 268/295/7 263/292/7
f 268/295/7 269/298/7 266/299/7
f 30/34/7 270/302/7 49/300/7
f 28/37/7 271/304/7 270/302/7
f 270/302/7 269/298/7 52/303/7
f 271/304/7 266/299/7 269/298/7
f 24/29/7 272/306/7 273/305/7
f 272/306/7 265/291/7 264/293/7
f 25/32/7 273/305/7 271/304/7
f 273/305/7 264/293/7 266/299/7
f 165/307/7 274/309/7 226/249/7
f 163/308/7 275/310/7 274/309/7
f 274/309/7 276/311/7 228/252/7
f 275/310/7 277/317/7 276/311/7
f 159/312/7 278/315/7 279/313/7
f 278/315/7 280/323/7 281/316/7
f 160/314/7 279/313/7 275/310/7
f 279/313/7 281/316/7 277/317/7
f 283/318/7 284/322/7 285/319/7
f 286/321/7 287/324/7 284/322/7
f 284/322/7 281/316/7 280/323/7
f 287/324/7 277/317/7 281/316/7
f 233/257/7 232/259/7 289/325/7
f 232/259/7 228/252/7 276/311/7
f 288/326/7 289/325/7 287/324/7
f 289/325/7 276/311/7 277/317/7
f 282/320/7 290/328/7 291/327/7
f 290/328/7 292/337/7 293/329/7
f 283/318/7 291/327/7 294/330/7
f 291/327/7 293/329/7 295/331/7
f 296/332/7 297/654/7 298/333/7
f 299/334/7 298/333/7 300/335/7
f 292/337/7 296/332/7 299/334/7
f 293/329/7 299/334/7 301/336/7
f 248/277/7 302/339/7 303/338/7
f 244/271/7 304/341/7 302/339/7
f 303/338/7 302/339/7 301/336/7
f 302/339/7 304/341/7 295/331/7
f 233/257/7 288/326/7 305/340/7
f 305/340/7 288/326/7 286/321/7
f 242/270/7 305/340/7 304/341/7
f 304/341/7 305/340/7 294/330/7
f 258/288/7 306/343/7 307/342/7
f 306/343/7 308/352/7 309/344/7
f 259/286/7 307/342/7 310/345/7
f 307/342/7 309/344/7 311/346/7
f 312/347/7 117/659/7 116/348/7
f 313/349/7 116/348/7 111/350/7
f 308/352/7 312/347/7 313/349/7
f 309/344/7 313/349/7 314/351/7
f 107/353/7 138/356/7 315/354/7
f 138/356/7 134/360/7 316/357/7
f 108/355/7 315/354/7 314/351/7
f 315/354/7 316/357/7 311/346/7
f 132/358/7 55/294/7 267/296/7
f 317/359/7 267/296/7 262/289/7
f 134/360/7 132/358/7 317/359/7
f 316/357/7 317/359/7 310/345/7
f 319/361/115 320/365/119 321/362/116
f 322/364/118 323/367/121 320/365/119
f 320/365/119 324/368/122 325/366/120
f 323/367/121 326/374/128 324/368/122
f 44/369/123 328/372/126 329/370/124
f 328/372/126 330/380/134 331/373/127
f 327/371/125 329/370/124 323/367/121
f 329/370/124 331/373/127 326/374/128
f 333/375/129 334/379/133 335/376/130
f 336/378/132 337/381/135 334/379/133
f 334/379/133 331/373/127 330/380/134
f 337/381/135 326/374/128 331/373/127
f 58/65/136 339/384/139 340/382/137
f 339/384/139 325/366/120 324/368/122
f 338/383/138 340/382/137 337/381/135
f 340/382/137 324/368/122 326/374/128
f 342/385/140 343/389/140 344/386/140
f 345/388/140 346/391/140 343/389/140
f 343/389/140 347/392/140 348/390/140
f 346/391/140 349/398/140 347/392/140
f 351/393/140 352/396/140 353/394/140
f 352/396/140 354/404/140 355/397/140
f 350/395/140 353/394/140 346/391/140
f 353/394/140 355/397/140 349/398/140
f 357/399/140 358/403/140 359/400/140
f 360/402/140 361/405/140 358/403/140
f 358/403/140 355/397/140 354/404/140
f 361/405/140 349/398/140 355/397/140
f 282/406/140 363/409/140 364/407/140
f 363/409/140 348/390/140 347/392/140
f 362/408/140 364/407/140 361/405/140
f 364/407/140 347/392/140 349/398/140
f 154/165/75 365/411/142 366/410/141
f 365/411/142 367/417/150 368/412/143
f 366/410/141 369/413/144 157/176/86
f 368/412/143 370/418/151 369/413/144
f 341/387/145 344/386/148 372/414/146
f 344/386/148 348/390/157 373/416/149
f 371/415/147 372/414/146 368/412/143
f 372/414/146 373/416/149 370/418/151
f 285/419/152 374/421/156 363/409/153
f 280/420/155 375/422/158 374/421/156
f 374/421/156 373/416/149 348/390/157
f 375/422/158 370/418/151 373/416/149
f 159/173/83 162/172/82 376/423/159
f 162/172/82 157/176/86 369/413/144
f 278/424/160 376/423/159 375/422/158
f 376/423/159 369/413/144 370/418/151
f 318/363/117 377/426/162 378/425/161
f 377/426/162 379/435/171 380/427/163
f 319/361/115 378/425/161 381/428/164
f 378/425/161 380/427/163 382/429/165
f 383/430/166 9/471/211 12/431/167
f 384/432/168 12/431/167 16/433/169
f 379/435/171 383/430/166 384/432/168
f 380/427/163 384/432/168 385/434/170
f 31/436/172 51/439/175 386/437/173
f 51/439/175 47/443/179 387/440/176
f 32/438/174 386/437/173 385/434/170
f 386/437/173 387/440/176 382/429/165
f 45/441/177 44/369/123 327/371/125
f 388/442/178 327/371/125 322/364/118
f 47/443/179 45/441/177 388/442/178
f 387/440/176 388/442/178 381/428/164
f 179/196/106 182/198/108 389/444/180
f 182/198/108 177/193/103 391/446/182
f 390/445/181 389/444/180 392/447/183
f 389/444/180 391/446/182 394/449/185
f 175/191/101 174/2174/492 188/450/186
f 395/451/187 188/450/186 191/452/188
f 177/193/103 175/191/101 395/451/187
f 391/446/182 395/451/187 396/453/189
f 204/454/190 397/457/193 398/455/191
f 397/457/193 399/462/198 400/458/194
f 205/456/192 398/455/191 396/453/189
f 398/455/191 400/458/194 394/449/185
f 401/459/195 402/479/219 403/460/196
f 404/461/197 403/460/196 393/448/184
f 399/462/198 401/459/195 404/461/197
f 400/458/194 404/461/197 392/447/183
f 61/64/199 405/463/201 339/384/139
f 65/68/200 406/464/202 405/463/201
f 405/463/201 407/465/203 325/366/120
f 406/464/202 408/469/209 407/465/203
f 19/84/204 18/467/207 409/466/205
f 18/467/207 13/473/213 410/468/208
f 80/87/206 409/466/205 406/464/202
f 409/466/205 410/468/208 408/469/209
f 383/430/166 411/472/212 10/470/210
f 379/435/171 412/474/214 411/472/212
f 411/472/212 410/468/208 13/473/213
f 412/474/214 408/469/209 410/468/208
f 318/363/117 321/362/116 413/475/215
f 321/362/116 325/366/120 407/465/203
f 377/426/162 413/475/215 412/474/214
f 413/475/215 407/465/203 408/469/209
f 390/445/181 414/476/216 180/199/109
f 393/448/184 415/477/217 414/476/216
f 414/476/216 416/478/218 183/204/114
f 415/477/217 417/483/223 416/478/218
f 402/479/219 418/481/221 419/480/220
f 418/481/221 420/489/229 421/482/222
f 403/460/196 419/480/220 415/477/217
f 419/480/220 421/482/222 417/483/223
f 423/484/224 424/488/228 425/485/225
f 426/487/227 427/490/230 424/488/228
f 424/488/228 421/482/222 420/489/229
f 427/490/230 417/483/223 421/482/222
f 82/491/231 185/201/111 429/492/232
f 185/201/111 183/204/114 416/478/218
f 428/493/233 429/492/232 427/490/230
f 429/492/232 416/478/218 417/483/223
f 430/494/13 431/496/234 418/481/234
f 432/495/13 433/497/234 431/496/234
f 431/496/234 434/498/235 420/489/235
f 433/497/234 435/503/235 434/498/235
f 68/71/13 437/501/234 438/499/234
f 437/501/234 439/509/235 440/502/235
f 436/500/13 438/499/234 433/497/234
f 438/499/234 440/502/235 435/503/235
f 442/504/236 443/508/237 444/505/237
f 445/507/236 446/510/237 443/508/237
f 443/508/237 440/502/235 439/509/235
f 446/510/237 435/503/235 440/502/235
f 422/486/236 425/485/237 448/511/237
f 425/485/237 420/489/235 434/498/235
f 447/512/236 448/511/237 446/510/237
f 448/511/237 434/498/235 435/503/235
f 91/98/18 449/514/238 450/513/238
f 86/91/18 451/516/238 449/514/238
f 449/514/238 452/517/239 453/515/239
f 451/516/238 454/521/239 452/517/239
f 82/90/18 428/519/238 455/518/238
f 428/519/238 426/526/239 456/520/239
f 83/88/18 455/518/238 451/516/238
f 455/518/238 456/520/239 454/521/239
f 457/522/240 458/525/241 423/523/241
f 459/524/240 460/527/241 458/525/241
f 458/525/241 456/520/239 426/526/239
f 460/527/241 454/521/239 456/520/239
f 462/528/240 463/531/241 464/529/241
f 463/531/241 453/515/239 452/517/239
f 461/530/242 464/529/241 460/527/241
f 464/529/241 452/517/239 454/521/239
f 461/530/243 465/533/243 466/532/243
f 459/524/243 467/535/243 465/533/243
f 465/533/243 468/536/243 469/534/243
f 467/535/243 470/539/243 468/536/243
f 422/486/243 447/512/243 471/537/243
f 447/512/243 445/507/243 472/538/243
f 457/522/243 471/537/243 467/535/243
f 471/537/243 472/538/243 470/539/243
f 473/540/243 474/542/243 442/504/243
f 475/541/243 476/543/243 474/542/243
f 474/542/243 472/538/243 445/507/243
f 476/543/243 470/539/243 472/538/243
f 478/544/243 479/547/243 480/545/243
f 479/547/243 469/534/243 468/536/243
f 477/546/243 480/545/243 476/543/243
f 480/545/243 468/536/243 470/539/243
f 482/548/244 483/552/245 484/549/245
f 485/551/244 486/554/245 483/552/245
f 483/552/245 487/555/247 488/553/247
f 486/554/245 489/560/247 487/555/247
f 332/377/244 335/558/245 491/556/245
f 335/558/245 330/563/247 492/559/247
f 490/557/244 491/556/245 486/554/245
f 491/556/245 492/559/247 489/560/247
f 43/48/8 493/562/248 328/561/248
f 38/41/8 494/564/248 493/562/248
f 493/562/248 492/559/247 330/563/247
f 494/564/248 489/560/247 492/559/247
f 34/40/8 495/566/248 496/565/248
f 495/566/248 488/553/247 487/555/247
f 35/38/8 496/565/248 494/564/248
f 496/565/248 487/555/247 489/560/247
f 92/159/69 450/568/250 497/567/249
f 450/568/250 453/577/259 498/569/251
f 147/157/67 497/567/249 499/570/252
f 497/567/249 498/569/251 500/571/253
f 463/572/254 462/528/493 501/573/255
f 502/574/256 501/573/255 503/575/257
f 453/577/259 463/572/254 502/574/256
f 498/569/251 502/574/256 504/576/258
f 371/415/147 505/580/262 506/578/260
f 371/415/147 367/417/150 507/579/261
f 506/578/260 505/580/262 504/576/258
f 505/580/262 507/579/261 500/571/253
f 365/411/142 154/165/75 153/167/77
f 508/581/263 153/167/77 149/160/70
f 367/417/150 365/411/142 508/581/263
f 507/579/261 508/581/263 499/570/252
f 341/387/264 506/578/267 509/582/265
f 506/578/267 503/575/277 511/584/268
f 510/583/266 509/582/265 512/585/269
f 509/582/265 511/584/268 514/587/271
f 462/528/272 466/532/275 515/588/273
f 466/532/275 469/534/283 516/589/276
f 503/575/277 501/573/274 515/588/273
f 511/584/268 515/588/273 516/589/276
f 517/590/278 518/592/282 479/547/279
f 517/590/278 519/596/287 520/591/281
f 518/592/282 516/589/276 469/534/283
f 518/592/282 520/591/281 514/587/271
f 521/593/284 522/669/494 523/594/285
f 524/595/286 523/594/285 513/586/270
f 519/596/287 521/593/284 524/595/286
f 520/591/281 524/595/286 512/585/269
f 484/597/288 525/600/292 526/598/289
f 488/599/291 527/602/294 525/600/292
f 525/600/292 528/603/295 529/601/293
f 527/602/294 530/608/300 528/603/295
f 34/604/296 145/153/63 531/605/297
f 145/153/63 143/156/66 532/607/299
f 495/606/298 531/605/297 527/602/294
f 531/605/297 532/607/299 530/608/300
f 128/136/46 533/609/301 141/151/61
f 126/130/40 534/610/302 533/609/301
f 533/609/301 532/607/299 143/156/66
f 534/610/302 530/608/300 532/607/299
f 122/129/39 535/612/304 536/611/303
f 535/612/304 529/601/293 528/603/295
f 123/127/37 536/611/303 534/610/302
f 536/611/303 528/603/295 530/608/300
f 436/500/13 537/613/14 69/74/14
f 432/495/13 538/614/14 537/613/14
f 537/613/14 539/615/15 71/82/15
f 538/614/14 540/618/15 539/615/15
f 402/479/13 401/459/14 541/616/14
f 401/459/14 399/462/15 542/617/15
f 430/494/13 541/616/14 538/614/14
f 541/616/14 542/617/15 540/618/15
f 208/619/16 543/621/17 397/457/17
f 211/620/16 544/622/17 543/621/17
f 543/621/17 542/617/15 399/462/15
f 544/622/17 540/618/15 542/617/15
f 73/79/16 76/78/17 545/623/17
f 76/78/17 71/82/15 539/615/15
f 224/624/16 545/623/17 544/622/17
f 545/623/17 539/615/15 540/618/15
f 546/625/7 547/627/7 218/238/7
f 548/626/7 549/628/7 547/627/7
f 547/627/7 550/629/7 221/241/7
f 549/628/7 551/633/7 550/629/7
f 24/29/7 27/31/7 553/630/7
f 27/31/7 22/26/7 554/632/7
f 552/631/7 553/630/7 549/628/7
f 553/630/7 554/632/7 551/633/7
f 79/634/7 555/637/7 20/24/7
f 77/636/7 556/638/7 555/637/7
f 555/637/7 554/632/7 22/26/7
f 556/638/7 551/633/7 554/632/7
f 73/245/7 223/247/7 557/639/7
f 223/247/7 221/241/7 550/629/7
f 74/640/7 557/639/7 556/638/7
f 557/639/7 550/629/7 551/633/7
f 558/641/7 559/643/7 250/278/7
f 560/642/7 561/644/7 559/643/7
f 559/643/7 562/645/7 252/283/7
f 561/644/7 563/649/7 562/645/7
f 258/288/7 261/287/7 565/646/7
f 261/287/7 265/291/7 566/648/7
f 564/647/7 565/646/7 561/644/7
f 565/646/7 566/648/7 563/649/7
f 552/631/7 567/650/7 272/306/7
f 548/626/7 568/651/7 567/650/7
f 567/650/7 566/648/7 265/291/7
f 568/651/7 563/649/7 566/648/7
f 217/240/7 255/281/7 569/652/7
f 255/281/7 252/283/7 562/645/7
f 546/625/7 569/652/7 568/651/7
f 569/652/7 562/645/7 563/649/7
f 570/653/7 571/656/7 298/333/7
f 572/655/7 573/657/7 571/656/7
f 571/656/7 574/658/7 300/335/7
f 573/657/7 575/663/7 574/658/7
f 117/659/7 312/347/7 577/660/7
f 312/347/7 308/352/7 578/662/7
f 576/661/7 577/660/7 573/657/7
f 577/660/7 578/662/7 575/663/7
f 564/647/7 579/664/7 306/343/7
f 560/642/7 580/665/7 579/664/7
f 579/664/7 578/662/7 308/352/7
f 580/665/7 575/663/7 578/662/7
f 249/275/7 303/338/7 581/666/7
f 303/338/7 300/335/7 574/658/7
f 558/641/7 581/666/7 580/665/7
f 581/666/7 574/658/7 575/663/7
f 582/667/305 583/671/309 584/668/306
f 585/670/308 586/673/311 583/671/309
f 583/671/309 587/674/312 588/672/310
f 586/673/311 589/678/318 587/674/312
f 122/129/313 125/128/316 591/675/314
f 125/128/316 120/132/320 592/677/317
f 590/676/315 591/675/314 586/673/311
f 591/675/314 592/677/317 589/678/318
f 576/679/140 593/681/319 118/124/319
f 572/680/140 594/682/321 593/681/319
f 593/681/319 592/677/317 120/132/320
f 594/682/321 589/678/318 592/677/317
f 297/683/140 595/686/140 596/684/322
f 595/686/140 588/672/310 587/674/312
f 570/685/140 596/684/322 594/682/321
f 596/684/322 587/674/312 589/678/318
f 67/73/13 597/687/234 437/501/234
f 62/66/13 598/688/234 597/687/234
f 597/687/234 599/689/235 439/509/235
f 598/688/234 600/692/235 599/689/235
f 58/65/13 338/383/234 601/690/234
f 338/383/234 336/378/235 602/691/235
f 59/63/13 601/690/234 598/688/234
f 601/690/234 602/691/235 600/692/235
f 603/693/236 604/695/237 333/375/237
f 605/694/236 606/696/237 604/695/237
f 604/695/237 602/691/235 336/378/235
f 606/696/237 600/692/235 602/691/235
f 441/506/236 444/505/237 608/697/237
f 444/505/237 439/509/235 599/689/235
f 607/698/236 608/697/237 606/696/237
f 608/697/237 599/689/235 600/692/235
f 607/698/243 609/699/243 473/540/243
f 605/694/243 610/700/243 609/699/243
f 609/699/243 611/701/243 475/541/243
f 610/700/243 612/704/243 611/701/243
f 332/377/243 490/557/243 613/702/243
f 490/557/243 485/551/243 614/703/243
f 603/693/243 613/702/243 610/700/243
f 613/702/243 614/703/243 612/704/243
f 615/705/243 616/707/243 482/548/243
f 617/706/243 618/708/243 616/707/243
f 616/707/243 614/703/243 485/551/243
f 618/708/243 612/704/243 614/703/243
f 478/544/243 477/546/243 620/709/243
f 477/546/243 475/541/243 611/701/243
f 619/710/243 620/709/243 618/708/243
f 620/709/243 611/701/243 612/704/243
f 619/710/323 621/711/325 517/590/324
f 617/706/323 622/716/331 621/711/325
f 517/590/324 621/711/325 623/712/326
f 621/711/325 622/716/331 624/713/328
f 481/550/323 526/598/329 625/714/329
f 526/598/329 529/601/334 626/715/330
f 615/705/323 625/714/329 622/716/331
f 622/716/331 625/714/329 626/715/330
f 590/676/315 627/717/333 535/612/332
f 585/670/308 628/719/337 627/717/333
f 627/717/333 626/715/330 529/601/334
f 627/717/333 628/719/337 624/713/328
f 582/667/305 522/669/307 521/593/335
f 629/718/336 521/593/335 519/596/327
f 582/667/305 629/718/336 628/719/337
f 628/719/337 629/718/336 623/712/326
f 510/583/266 630/720/339 342/385/338
f 513/586/270 631/721/341 630/720/339
f 630/720/339 632/722/342 345/388/340
f 631/721/341 633/727/347 632/722/342
f 523/594/285 522/669/494 634/723/343
f 635/724/344 634/723/343 636/725/345
f 523/594/285 635/724/344 631/721/341
f 635/724/344 637/726/346 633/727/347
f 351/393/348 350/395/351 638/728/349
f 350/395/351 345/388/340 632/722/342
f 639/729/350 638/728/349 637/726/346
f 638/728/349 632/722/342 633/727/347
f 584/668/352 640/730/352 634/723/352
f 588/672/352 641/731/352 640/730/352
f 640/730/352 642/732/353 636/725/353
f 641/731/352 643/736/353 642/732/353
f 297/683/352 644/734/352 645/733/352
f 644/734/352 646/739/353 647/735/353
f 595/686/352 645/733/352 641/731/352
f 645/733/352 647/735/353 643/736/353
f 359/400/352 648/738/353 649/737/353
f 354/404/352 650/740/353 648/738/353
f 648/738/353 647/735/353 646/739/353
f 650/740/353 643/736/353 647/735/353
f 351/393/352 639/729/353 651/741/353
f 639/729/353 636/725/353 642/732/353
f 352/396/352 651/741/353 650/740/353
f 651/741/353 642/732/353 643/736/353
f 296/332/7 652/744/7 644/742/7
f 296/332/7 292/337/7 653/743/7
f 652/744/7 654/747/7 646/745/7
f 652/744/7 653/743/7 655/746/7
f 290/328/7 282/320/7 362/748/7
f 656/749/7 362/748/7 360/750/7
f 292/337/7 290/328/7 656/749/7
f 653/743/7 656/749/7 657/751/7
f 356/752/7 649/755/7 658/753/7
f 649/755/7 646/745/7 654/747/7
f 357/754/7 658/753/7 657/751/7
f 658/753/7 654/747/7 655/746/7
f 660/756/354 661/760/355 662/757/355
f 663/759/354 664/762/355 661/760/355
f 661/760/355 665/763/356 666/761/356
f 664/762/355 667/769/356 665/763/356
f 669/764/354 670/767/355 671/765/355
f 670/767/355 672/775/356 673/768/356
f 668/766/354 671/765/355 664/762/355
f 671/765/355 673/768/356 667/769/356
f 675/770/357 676/774/358 677/771/358
f 678/773/357 679/776/358 676/774/358
f 676/774/358 673/768/356 672/775/356
f 679/776/358 667/769/356 673/768/356
f 681/777/357 682/780/358 683/778/358
f 682/780/358 666/761/356 665/763/356
f 680/779/357 683/778/358 679/776/358
f 683/778/358 665/763/356 667/769/356
f 685/781/359 686/785/360 687/782/360
f 688/784/359 689/787/360 686/785/360
f 686/785/360 690/788/361 691/786/361
f 689/787/360 692/794/361 690/788/361
f 694/789/359 695/792/360 696/790/360
f 695/792/360 697/797/361 698/793/361
f 693/791/359 696/790/360 689/787/360
f 696/790/360 698/793/361 692/794/361
f 668/766/354 699/796/362 700/795/362
f 663/759/354 701/798/362 699/796/362
f 699/796/362 698/793/361 697/797/361
f 701/798/362 692/794/361 698/793/361
f 659/758/354 702/800/362 703/799/362
f 702/800/362 691/786/361 690/788/361
f 660/756/354 703/799/362 701/798/362
f 703/799/362 690/788/361 692/794/361
f 705/801/363 706/805/364 707/802/364
f 708/804/363 709/807/364 706/805/364
f 706/805/364 710/808/365 711/806/365
f 709/807/364 712/814/365 710/808/365
f 714/809/363 715/812/364 716/810/364
f 715/812/364 717/817/365 718/813/365
f 713/811/363 716/810/364 709/807/364
f 716/810/364 718/813/365 712/814/365
f 693/791/359 719/816/366 720/815/366
f 688/784/359 721/818/366 719/816/366
f 719/816/366 718/813/365 717/817/365
f 721/818/366 712/814/365 718/813/365
f 684/783/359 722/820/366 723/819/366
f 722/820/366 711/806/365 710/808/365
f 685/781/359 723/819/366 721/818/366
f 723/819/366 710/808/365 712/814/365
f 725/821/367 726/825/368 727/822/368
f 728/824/367 729/827/368 726/825/368
f 726/825/368 730/828/369 731/826/369
f 729/827/368 732/834/369 730/828/369
f 734/829/367 735/832/368 736/830/368
f 735/832/368 737/837/369 738/833/369
f 733/831/367 736/830/368 729/827/368
f 736/830/368 738/833/369 732/834/369
f 713/811/363 739/836/370 740/835/370
f 708/804/363 741/838/370 739/836/370
f 739/836/370 738/833/369 737/837/369
f 741/838/370 732/834/369 738/833/369
f 704/803/363 742/840/370 743/839/370
f 742/840/370 731/826/369 730/828/369
f 705/801/363 743/839/370 741/838/370
f 743/839/370 730/828/369 732/834/369
f 745/841/371 746/845/372 747/842/372
f 748/844/371 749/847/372 746/845/372
f 746/845/372 750/848/373 751/846/373
f 749/847/372 752/854/373 750/848/373
f 754/849/371 755/852/372 756/850/372
f 755/852/372 757/857/373 758/853/373
f 753/851/371 756/850/372 749/847/372
f 756/850/372 758/853/373 752/854/373
f 733/831/367 759/856/374 760/855/374
f 728/824/367 761/858/374 759/856/374
f 759/856/374 758/853/373 757/857/373
f 761/858/374 752/854/373 758/853/373
f 724/823/367 762/860/374 763/859/374
f 762/860/374 751/846/373 750/848/373
f 725/821/367 763/859/374 761/858/374
f 763/859/374 750/848/373 752/854/373
f 765/861/375 766/865/375 767/862/376
f 768/864/377 769/867/377 766/865/375
f 766/865/375 770/868/375 771/866/376
f 769/867/377 772/874/377 770/868/375
f 774/869/378 775/872/378 776/870/379
f 775/872/378 777/880/380 778/873/379
f 773/871/379 776/870/379 769/867/377
f 776/870/379 778/873/379 772/874/377
f 780/875/379 781/879/379 782/876/380
f 783/878/377 784/881/377 781/879/379
f 781/879/379 778/873/379 777/880/380
f 784/881/377 772/874/377 778/873/379
f 786/882/376 787/885/376 788/883/375
f 787/885/376 771/866/376 770/868/375
f 785/884/375 788/883/375 784/881/377
f 788/883/375 770/868/375 772/874/377
f 789/886/381 790/888/381 775/872/378
f 791/887/382 792/889/382 790/888/381
f 790/888/381 793/890/381 777/880/380
f 792/889/382 794/896/382 793/890/381
f 796/891/383 797/894/383 798/892/384
f 797/894/383 799/902/383 800/895/384
f 795/893/384 798/892/384 792/889/382
f 798/892/384 800/895/384 794/896/382
f 802/897/384 803/901/384 804/898/383
f 805/900/382 806/903/382 803/901/384
f 803/901/384 800/895/384 799/902/383
f 806/903/382 794/896/382 800/895/384
f 779/877/380 782/876/380 808/904/381
f 782/876/380 777/880/380 793/890/381
f 807/905/381 808/904/381 806/903/382
f 808/904/381 793/890/381 794/896/382
f 809/906/385 810/908/385 797/894/383
f 811/907/16 812/909/16 810/908/385
f 810/908/385 813/910/385 799/902/383
f 812/909/16 814/916/16 813/910/385
f 816/911/386 817/914/386 818/912/387
f 817/914/386 819/922/386 820/915/387
f 815/913/387 818/912/387 812/909/16
f 818/912/387 820/915/387 814/916/16
f 822/917/387 823/921/387 824/918/386
f 825/920/16 826/923/16 823/921/387
f 823/921/387 820/915/387 819/922/386
f 826/923/16 814/916/16 820/915/387
f 801/899/383 804/898/383 828/924/385
f 804/898/383 799/902/383 813/910/385
f 827/925/385 828/924/385 826/923/16
f 828/924/385 813/910/385 814/916/16
f 829/926/388 830/928/388 817/914/386
f 831/927/389 832/929/389 830/928/388
f 830/928/388 833/930/388 819/922/386
f 832/929/389 834/936/389 833/930/388
f 836/931/390 837/934/390 838/932/391
f 837/934/390 839/942/390 840/935/391
f 835/933/391 838/932/391 832/929/389
f 838/932/391 840/935/391 834/936/389
f 842/937/391 843/941/391 844/938/390
f 845/940/389 846/943/389 843/941/391
f 843/941/391 840/935/391 839/942/390
f 846/943/389 834/936/389 840/935/391
f 821/919/386 824/918/386 848/944/388
f 824/918/386 819/922/386 833/930/388
f 847/945/388 848/944/388 846/943/389
f 848/944/388 833/930/388 834/936/389
f 849/946/392 850/948/392 837/934/390
f 851/947/393 852/949/393 850/948/392
f 850/948/392 853/950/392 839/942/390
f 852/949/393 854/956/393 853/950/392
f 856/951/394 857/954/394 858/952/395
f 857/954/394 859/962/394 860/955/395
f 855/953/395 858/952/395 852/949/393
f 858/952/395 860/955/395 854/956/393
f 862/957/395 863/961/395 864/958/394
f 865/960/393 866/963/393 863/961/395
f 863/961/395 860/955/395 859/962/394
f 866/963/393 854/956/393 860/955/395
f 841/939/390 844/938/390 868/964/392
f 844/938/390 839/942/390 853/950/392
f 867/965/392 868/964/392 866/963/393
f 868/964/392 853/950/392 854/956/393
f 869/966/140 870/968/140 675/770/140
f 871/967/140 872/969/140 870/968/140
f 870/968/140 873/970/140 678/773/140
f 872/969/140 874/976/140 873/970/140
f 876/971/140 877/974/140 878/972/140
f 877/974/140 879/982/140 880/975/140
f 875/973/140 878/972/140 872/969/140
f 878/972/140 880/975/140 874/976/140
f 882/977/140 883/981/140 884/978/140
f 885/980/140 886/983/140 883/981/140
f 883/981/140 880/975/140 879/982/140
f 886/983/140 874/976/140 880/975/140
f 681/777/140 680/779/140 888/984/140
f 680/779/140 678/773/140 873/970/140
f 887/985/140 888/984/140 886/983/140
f 888/984/140 873/970/140 874/976/140
f 889/986/21 890/990/21 891/987/21
f 892/989/21 893/992/21 890/990/21
f 890/990/21 894/993/21 895/991/21
f 893/992/21 896/998/21 894/993/21
f 861/959/21 898/996/21 899/994/21
f 898/996/21 900/1003/21 901/997/21
f 897/995/21 899/994/21 893/992/21
f 899/994/21 901/997/21 896/998/21
f 903/999/21 904/1002/21 905/1000/21
f 903/999/21 895/991/21 894/993/21
f 904/1002/21 901/997/21 900/1003/21
f 904/1002/21 894/993/21 896/998/21
f 821/919/21 847/945/21 906/1004/21
f 847/945/21 845/940/21 908/1006/21
f 906/1004/21 909/1008/21 910/1007/21
f 908/1006/21 911/1013/21 909/1008/21
f 842/937/21 841/939/21 912/1009/21
f 913/1010/21 912/1009/21 914/1011/21
f 845/940/21 842/937/21 913/1010/21
f 908/1006/21 913/1010/21 915/1012/21
f 727/1014/21 916/1018/21 917/1015/21
f 731/1017/21 918/1019/21 916/1018/21
f 916/1018/21 915/1012/21 914/1011/21
f 918/1019/21 911/1013/21 915/1012/21
f 704/1020/21 919/1023/21 920/1021/21
f 919/1023/21 910/1007/21 909/1008/21
f 742/1022/21 920/1021/21 918/1019/21
f 920/1021/21 909/1008/21 911/1013/21
f 801/899/21 827/925/21 921/1024/21
f 827/925/21 825/920/21 923/1026/21
f 922/1025/21 921/1024/21 924/1027/21
f 921/1024/21 923/1026/21 926/1029/21
f 822/917/21 821/919/21 907/1005/21
f 907/1005/21 910/1007/21 928/1031/21
f 825/920/21 822/917/21 927/1030/21
f 923/1026/21 927/1030/21 928/1031/21
f 707/1032/21 929/1034/21 919/1023/21
f 711/1033/21 930/1035/21 929/1034/21
f 929/1034/21 928/1031/21 910/1007/21
f 930/1035/21 926/1029/21 928/1031/21
f 722/1036/21 684/1047/21 931/1037/21
f 932/1038/21 931/1037/21 925/1028/21
f 711/1033/21 722/1036/21 932/1038/21
f 930/1035/21 932/1038/21 924/1027/21
f 779/877/21 807/905/21 933/1039/21
f 807/905/21 805/900/21 935/1041/21
f 934/1040/21 933/1039/21 936/1042/21
f 933/1039/21 935/1041/21 938/1044/21
f 802/897/21 801/899/21 922/1025/21
f 939/1045/21 922/1025/21 925/1028/21
f 805/900/21 802/897/21 939/1045/21
f 935/1041/21 939/1045/21 940/1046/21
f 684/1047/21 687/1049/21 941/1048/21
f 687/1049/21 691/1054/21 942/1050/21
f 931/1037/21 941/1048/21 940/1046/21
f 941/1048/21 942/1050/21 938/1044/21
f 702/1051/21 659/1106/21 943/1052/21
f 944/1053/21 943/1052/21 937/1043/21
f 691/1054/21 702/1051/21 944/1053/21
f 942/1050/21 944/1053/21 936/1042/21
f 887/1055/21 945/1059/21 946/1056/21
f 885/1058/21 947/1061/21 945/1059/21
f 945/1059/21 948/1062/21 949/1060/21
f 947/1061/21 950/1068/21 948/1062/21
f 882/1063/21 881/1073/21 951/1064/21
f 952/1065/21 951/1064/21 953/1066/21
f 882/1063/21 952/1065/21 947/1061/21
f 952/1065/21 954/1067/21 950/1068/21
f 786/882/21 955/1071/21 956/1069/21
f 955/1071/21 949/1060/21 948/1062/21
f 957/1070/21 956/1069/21 954/1067/21
f 956/1069/21 948/1062/21 950/1068/21
f 884/1072/396 958/1075/397 951/1064/397
f 879/1074/396 959/1076/397 958/1075/397
f 958/1075/397 960/1077/398 953/1066/398
f 959/1076/397 961/1083/398 960/1077/398
f 876/1078/396 962/1081/397 963/1079/397
f 962/1081/397 964/1086/398 965/1082/398
f 877/1080/396 963/1079/397 959/1076/397
f 963/1079/397 965/1082/398 961/1083/398
f 767/862/376 966/1085/399 967/1084/399
f 771/866/376 968/1087/399 966/1085/399
f 966/1085/399 965/1082/398 964/1086/398
f 968/1087/399 961/1083/398 965/1082/398
f 786/882/376 957/1070/399 969/1088/399
f 957/1070/399 953/1066/398 960/1077/398
f 787/885/376 969/1088/399 968/1087/399
f 969/1088/399 960/1077/398 961/1083/398
f 897/995/21 970/1089/21 862/957/21
f 892/989/21 971/1090/21 970/1089/21
f 970/1089/21 972/1091/21 865/960/21
f 971/1090/21 973/1095/21 972/1091/21
f 744/988/21 747/2175/21 974/1092/21
f 974/1092/21 747/2175/21 751/1093/21
f 889/986/21 974/1092/21 971/1090/21
f 974/1092/21 975/1094/21 973/1095/21
f 724/1016/21 917/1015/21 976/1096/21
f 917/1015/21 914/1011/21 977/1098/21
f 762/1097/21 976/1096/21 975/1094/21
f 977/1098/21 973/1095/21 975/1094/21
f 841/939/21 867/965/21 978/1099/21
f 867/965/21 865/960/21 972/1091/21
f 912/1009/21 978/1099/21 977/1098/21
f 978/1099/21 972/1091/21 973/1095/21
f 785/884/21 979/1100/21 955/1071/21
f 783/878/21 980/1101/21 979/1100/21
f 979/1100/21 981/1102/21 949/1060/21
f 980/1101/21 982/1105/21 981/1102/21
f 779/877/21 934/1040/21 983/1103/21
f 983/1103/21 934/1040/21 937/1043/21
f 780/875/21 983/1103/21 980/1101/21
f 983/1103/21 984/1104/21 982/1105/21
f 659/1106/21 662/1108/21 985/1107/21
f 662/1108/21 666/1112/21 986/1109/21
f 943/1052/21 985/1107/21 984/1104/21
f 986/1109/21 982/1105/21 984/1104/21
f 681/1057/21 946/1056/21 987/1110/21
f 946/1056/21 949/1060/21 981/1102/21
f 666/1112/21 682/1111/21 987/1110/21
f 987/1110/21 981/1102/21 982/1105/21
f 891/1113/140 988/1115/140 745/841/140
f 895/1114/140 989/1116/140 988/1115/140
f 988/1115/140 990/1117/140 748/844/140
f 989/1116/140 991/1122/140 990/1117/140
f 902/1001/140 992/1120/140 993/1118/140
f 992/1120/140 994/1128/140 995/1121/140
f 903/1119/140 993/1118/140 989/1116/140
f 993/1118/140 995/1121/140 991/1122/140
f 997/1123/140 998/1127/140 999/1124/140
f 1000/1126/140 1001/1129/140 998/1127/140
f 998/1127/140 995/1121/140 994/1128/140
f 1001/1129/140 991/1122/140 995/1121/140
f 754/849/140 753/851/140 1003/1130/140
f 753/851/140 748/844/140 990/1117/140
f 1002/1131/140 1003/1130/140 1001/1129/140
f 1003/1130/140 990/1117/140 991/1122/140
f 905/1000/400 1004/1132/400 992/1120/401
f 900/1003/402 1005/1133/402 1004/1132/400
f 1004/1132/400 1006/1134/400 994/1128/401
f 1005/1133/402 1007/1137/402 1006/1134/400
f 861/959/394 864/958/394 1008/1135/403
f 864/958/394 859/962/394 1009/1136/403
f 898/996/403 1008/1135/403 1005/1133/402
f 1008/1135/403 1009/1136/403 1007/1137/402
f 1010/1138/403 1011/1140/403 857/954/394
f 1012/1139/402 1013/1141/402 1011/1140/403
f 1011/1140/403 1009/1136/403 859/962/394
f 1013/1141/402 1007/1137/402 1009/1136/403
f 996/1125/401 999/1124/401 1015/1142/400
f 999/1124/401 994/1128/401 1006/1134/400
f 1014/1143/400 1015/1142/400 1013/1141/402
f 1015/1142/400 1006/1134/400 1007/1137/402
f 1002/1144/11 1016/1148/11 1017/1145/11
f 1000/1147/11 1018/1150/11 1016/1148/11
f 1016/1148/11 1019/1151/11 1020/1149/11
f 1018/1150/11 1021/1155/11 1019/1151/11
f 997/1152/11 996/1125/11 1014/1143/11
f 1022/1153/11 1014/1143/11 1012/1139/11
f 997/1152/11 1022/1153/11 1018/1150/11
f 1022/1153/11 1023/1154/11 1021/1155/11
f 856/951/11 1024/1157/11 1025/1156/11
f 1024/1157/11 1020/1149/11 1019/1151/11
f 1010/1138/11 1025/1156/11 1023/1154/11
f 1025/1156/11 1019/1151/11 1021/1155/11
f 816/911/11 1026/1160/11 1027/1158/11
f 1028/1159/11 1029/1162/11 1027/1158/11
f 829/926/11 1027/1158/11 1030/1161/11
f 1029/1162/11 1031/1168/11 1030/1161/11
f 714/1163/11 740/1166/11 1033/1164/11
f 740/1166/11 737/1174/11 1034/1167/11
f 1032/1165/11 1033/1164/11 1029/1162/11
f 1033/1164/11 1034/1167/11 1031/1168/11
f 1035/1169/11 1036/1173/11 735/1170/11
f 1037/1172/11 1038/1175/11 1036/1173/11
f 1036/1173/11 1034/1167/11 737/1174/11
f 1038/1175/11 1031/1168/11 1034/1167/11
f 1039/1176/11 836/931/11 835/933/11
f 1040/1177/11 835/933/11 831/927/11
f 1037/1172/11 1039/1176/11 1040/1177/11
f 1038/1175/11 1040/1177/11 1030/1161/11
f 796/891/11 1041/1179/11 1042/1178/11
f 1041/1179/11 1043/1188/11 1044/1180/11
f 809/906/11 1042/1178/11 1045/1181/11
f 1042/1178/11 1044/1180/11 1046/1182/11
f 1047/1183/11 694/1204/11 720/1184/11
f 1048/1185/11 720/1184/11 717/1186/11
f 1043/1188/11 1047/1183/11 1048/1185/11
f 1044/1180/11 1048/1185/11 1049/1187/11
f 1032/1165/11 1050/1190/11 715/1189/11
f 1028/1159/11 1051/1191/11 1050/1190/11
f 1050/1190/11 1049/1187/11 717/1186/11
f 1051/1191/11 1046/1182/11 1049/1187/11
f 1026/1160/11 816/911/11 815/913/11
f 1052/1192/11 815/913/11 811/907/11
f 1026/1160/11 1052/1192/11 1051/1191/11
f 1051/1191/11 1052/1192/11 1045/1181/11
f 774/869/11 1053/1194/11 1054/1193/11
f 1053/1194/11 1055/1203/11 1056/1195/11
f 789/886/11 1054/1193/11 1057/1196/11
f 1054/1193/11 1056/1195/11 1058/1197/11
f 1059/1198/11 669/1242/11 700/1199/11
f 1060/1200/11 700/1199/11 697/1201/11
f 1055/1203/11 1059/1198/11 1060/1200/11
f 1056/1195/11 1060/1200/11 1061/1202/11
f 694/1204/11 1047/1183/11 1062/1205/11
f 1047/1183/11 1043/1188/11 1063/1207/11
f 695/1206/11 1062/1205/11 1061/1202/11
f 1062/1205/11 1063/1207/11 1058/1197/11
f 1041/1179/11 796/891/11 795/893/11
f 1064/1208/11 795/893/11 791/887/11
f 1043/1188/11 1041/1179/11 1064/1208/11
f 1063/1207/11 1064/1208/11 1057/1196/11
f 1065/1209/11 1066/1213/11 869/1210/11
f 1067/1212/11 1068/1215/11 1066/1213/11
f 1066/1213/11 1069/1216/11 871/1214/11
f 1068/1215/11 1070/1220/11 1069/1216/11
f 764/863/11 967/1084/11 1072/1217/11
f 967/1084/11 964/1086/11 1073/1219/11
f 1071/1218/11 1072/1217/11 1068/1215/11
f 1072/1217/11 1073/1219/11 1070/1220/11
f 875/1221/11 1074/1222/11 962/1081/11
f 875/1221/11 871/1214/11 1069/1216/11
f 1074/1222/11 1073/1219/11 964/1086/11
f 1074/1222/11 1069/1216/11 1070/1220/11
f 855/953/11 1075/1223/11 1024/1157/11
f 851/947/11 1076/1224/11 1075/1223/11
f 1075/1223/11 1077/1225/11 1020/1149/11
f 1076/1224/11 1078/1228/11 1077/1225/11
f 836/931/11 1039/1176/11 1079/1226/11
f 1039/1176/11 1037/1172/11 1080/1227/11
f 849/946/11 1079/1226/11 1076/1224/11
f 1079/1226/11 1080/1227/11 1078/1228/11
f 734/1171/11 760/1230/11 1081/1229/11
f 760/1230/11 757/1234/11 1082/1231/11
f 1035/1169/11 1081/1229/11 1080/1227/11
f 1082/1231/11 1078/1228/11 1080/1227/11
f 754/1146/11 1017/1145/11 1083/1232/11
f 1017/1145/11 1020/1149/11 1077/1225/11
f 757/1234/11 755/1233/11 1083/1232/11
f 1083/1232/11 1077/1225/11 1078/1228/11
f 1071/1218/11 1084/1235/11 765/861/11
f 1067/1212/11 1085/1236/11 1084/1235/11
f 1084/1235/11 1086/1237/11 768/864/11
f 1085/1236/11 1087/1241/11 1086/1237/11
f 674/1211/11 677/2176/11 1088/1238/11
f 1088/1238/11 677/2176/11 672/1239/11
f 1065/1209/11 1088/1238/11 1085/1236/11
f 1088/1238/11 1089/1240/11 1087/1241/11
f 669/1242/11 1059/1198/11 1090/1243/11
f 1059/1198/11 1055/1203/11 1091/1245/11
f 670/1244/11 1090/1243/11 1089/1240/11
f 1091/1245/11 1087/1241/11 1089/1240/11
f 774/869/11 773/871/11 1092/1246/11
f 773/871/11 768/864/11 1086/1237/11
f 1055/1203/11 1053/1194/11 1092/1246/11
f 1092/1246/11 1086/1237/11 1087/1241/11
f 1094/1247/404 1095/1251/404 1096/1248/405
f 1097/1250/406 1098/1253/406 1095/1251/404
f 1095/1251/404 1099/1254/404 1100/1252/405
f 1098/1253/406 1101/1260/406 1099/1254/404
f 1103/1255/407 1104/1258/407 1105/1256/408
f 1104/1258/407 1106/1266/407 1107/1259/408
f 1102/1257/409 1105/1256/408 1098/1253/406
f 1105/1256/408 1107/1259/408 1101/1260/406
f 1109/1261/408 1110/1265/408 1111/1262/407
f 1112/1264/406 1113/1267/406 1110/1265/408
f 1110/1265/408 1107/1259/408 1106/1266/407
f 1113/1267/406 1101/1260/406 1107/1259/408
f 1115/1268/405 1116/1271/405 1117/1269/404
f 1116/1271/405 1100/1252/405 1099/1254/404
f 1114/1270/404 1117/1269/404 1113/1267/406
f 1117/1269/404 1099/1254/404 1101/1260/406
f 1118/1272/410 1119/1274/410 1104/1258/407
f 1120/1273/411 1121/1275/411 1119/1274/410
f 1119/1274/410 1122/1276/410 1106/1266/407
f 1121/1275/411 1123/1282/411 1122/1276/410
f 1125/1277/412 1126/1280/412 1127/1278/413
f 1126/1280/412 1128/1288/412 1129/1281/413
f 1124/1279/413 1127/1278/413 1121/1275/411
f 1127/1278/413 1129/1281/413 1123/1282/411
f 1131/1283/413 1132/1287/413 1133/1284/412
f 1134/1286/411 1135/1289/411 1132/1287/413
f 1132/1287/413 1129/1281/413 1128/1288/412
f 1135/1289/411 1123/1282/411 1129/1281/413
f 1108/1263/407 1111/1262/407 1137/1290/410
f 1111/1262/407 1106/1266/407 1122/1276/410
f 1136/1291/410 1137/1290/410 1135/1289/411
f 1137/1290/410 1122/1276/410 1123/1282/411
f 1138/1292/414 1139/1294/414 1126/1280/412
f 1140/1293/415 1141/1295/415 1139/1294/414
f 1139/1294/414 1142/1296/414 1128/1288/412
f 1141/1295/415 1143/1302/415 1142/1296/414
f 1145/1297/243 1146/1300/243 1147/1298/416
f 1146/1300/243 1148/1308/243 1149/1301/416
f 1144/1299/416 1147/1298/416 1141/1295/415
f 1147/1298/416 1149/1301/416 1143/1302/415
f 1151/1303/416 1152/1307/416 1153/1304/243
f 1154/1306/415 1155/1309/415 1152/1307/416
f 1152/1307/416 1149/1301/416 1148/1308/243
f 1155/1309/415 1143/1302/415 1149/1301/416
f 1130/1285/412 1133/1284/412 1157/1310/414
f 1133/1284/412 1128/1288/412 1142/1296/414
f 1156/1311/414 1157/1310/414 1155/1309/415
f 1157/1310/414 1142/1296/414 1143/1302/415
f 1158/1312/417 1159/1314/417 1146/1300/243
f 1160/1313/418 1161/1315/418 1159/1314/417
f 1159/1314/417 1162/1316/417 1148/1308/243
f 1161/1315/418 1163/1322/418 1162/1316/417
f 1165/1317/419 1166/1320/419 1167/1318/420
f 1166/1320/419 1168/1328/419 1169/1321/420
f 1164/1319/420 1167/1318/420 1161/1315/418
f 1167/1318/420 1169/1321/420 1163/1322/418
f 1171/1323/420 1172/1327/420 1173/1324/419
f 1174/1326/418 1175/1329/418 1172/1327/420
f 1172/1327/420 1169/1321/420 1168/1328/419
f 1175/1329/418 1163/1322/418 1169/1321/420
f 1150/1305/243 1153/1304/243 1177/1330/417
f 1153/1304/243 1148/1308/243 1162/1316/417
f 1176/1331/417 1177/1330/417 1175/1329/418
f 1177/1330/417 1162/1316/417 1163/1322/418
f 1178/1332/421 1179/1334/421 1166/1320/419
f 1180/1333/422 1181/1335/422 1179/1334/421
f 1179/1334/421 1182/1336/421 1168/1328/419
f 1181/1335/422 1183/1342/422 1182/1336/421
f 1185/1337/423 1186/1340/423 1187/1338/424
f 1186/1340/423 1188/1348/423 1189/1341/424
f 1184/1339/424 1187/1338/424 1181/1335/422
f 1187/1338/424 1189/1341/424 1183/1342/422
f 1191/1343/424 1192/1347/424 1193/1344/423
f 1194/1346/422 1195/1349/422 1192/1347/424
f 1192/1347/424 1189/1341/424 1188/1348/423
f 1195/1349/422 1183/1342/422 1189/1341/424
f 1170/1325/419 1173/1324/419 1197/1350/421
f 1173/1324/419 1168/1328/419 1182/1336/421
f 1196/1351/421 1197/1350/421 1195/1349/422
f 1197/1350/421 1182/1336/421 1183/1342/422
f 1198/1352/425 1199/1354/425 1186/1340/423
f 1200/1353/426 1201/1355/426 1199/1354/425
f 1199/1354/425 1202/1356/425 1188/1348/423
f 1201/1355/426 1203/1362/426 1202/1356/425
f 1205/1357/427 1206/1360/427 1207/1358/428
f 1206/1360/427 1208/1368/427 1209/1361/428
f 1204/1359/428 1207/1358/428 1201/1355/426
f 1207/1358/428 1209/1361/428 1203/1362/426
f 1211/1363/428 1212/1367/428 1213/1364/427
f 1214/1366/426 1215/1369/426 1212/1367/428
f 1212/1367/428 1209/1361/428 1208/1368/427
f 1215/1369/426 1203/1362/426 1209/1361/428
f 1190/1345/423 1193/1344/423 1217/1370/425
f 1193/1344/423 1188/1348/423 1202/1356/425
f 1216/1371/425 1217/1370/425 1215/1369/426
f 1217/1370/425 1202/1356/425 1203/1362/426
f 1115/1268/21 1114/1374/21 1218/1372/21
f 1114/1374/21 1112/1384/21 1220/1375/21
f 1219/1373/21 1218/1372/21 1221/1376/21
f 1218/1372/21 1220/1375/21 1223/1378/21
f 1108/1379/21 1224/1382/21 1225/1380/21
f 1224/1382/21 1226/1389/21 1227/1383/21
f 1109/1381/21 1225/1380/21 1220/1375/21
f 1225/1380/21 1227/1383/21 1223/1378/21
f 1229/1385/21 1230/1388/21 1231/1386/21
f 1222/1377/21 1221/1376/21 1230/1388/21
f 1230/1388/21 1227/1383/21 1226/1389/21
f 1221/1376/21 1223/1378/21 1227/1383/21
f 1108/1379/21 1136/1391/21 1232/1390/21
f 1136/1391/21 1134/1400/21 1233/1392/21
f 1224/1382/21 1232/1390/21 1234/1393/21
f 1232/1390/21 1233/1392/21 1235/1394/21
f 1130/1395/21 1236/1398/21 1237/1396/21
f 1236/1398/21 1238/1403/21 1239/1399/21
f 1131/1397/21 1237/1396/21 1233/1392/21
f 1237/1396/21 1239/1399/21 1235/1394/21
f 1231/1386/21 1240/1402/21 1241/1401/21
f 1226/1389/21 1234/1393/21 1240/1402/21
f 1240/1402/21 1239/1399/21 1238/1403/21
f 1234/1393/21 1235/1394/21 1239/1399/21
f 1156/1404/21 1242/1406/21 1236/1398/21
f 1154/1405/21 1243/1414/21 1242/1406/21
f 1236/1398/21 1242/1406/21 1244/1407/21
f 1242/1406/21 1243/1414/21 1245/1408/21
f 1150/1409/21 1246/1412/21 1247/1410/21
f 1246/1412/21 1248/1417/21 1249/1413/21
f 1151/1411/21 1247/1410/21 1243/1414/21
f 1247/1410/21 1249/1413/21 1245/1408/21
f 1241/1401/21 1250/1416/21 1251/1415/21
f 1238/1403/21 1244/1407/21 1250/1416/21
f 1250/1416/21 1249/1413/21 1248/1417/21
f 1244/1407/21 1245/1408/21 1249/1413/21
f 1176/1418/21 1252/1420/21 1246/1412/21
f 1174/1419/21 1253/1428/21 1252/1420/21
f 1246/1412/21 1252/1420/21 1254/1421/21
f 1252/1420/21 1253/1428/21 1255/1422/21
f 1170/1423/21 1256/1426/21 1257/1424/21
f 1256/1426/21 1258/1431/21 1259/1427/21
f 1171/1425/21 1257/1424/21 1253/1428/21
f 1257/1424/21 1259/1427/21 1255/1422/21
f 1251/1415/21 1260/1430/21 1261/1429/21
f 1248/1417/21 1254/1421/21 1260/1430/21
f 1260/1430/21 1259/1427/21 1258/1431/21
f 1254/1421/21 1255/1422/21 1259/1427/21
f 1196/1432/21 1262/1434/21 1256/1426/21
f 1194/1433/21 1263/1442/21 1262/1434/21
f 1256/1426/21 1262/1434/21 1264/1435/21
f 1262/1434/21 1263/1442/21 1265/1436/21
f 1190/1437/21 1266/1440/21 1267/1438/21
f 1266/1440/21 1268/1445/21 1269/1441/21
f 1191/1439/21 1267/1438/21 1263/1442/21
f 1267/1438/21 1269/1441/21 1265/1436/21
f 1261/1429/21 1270/1444/21 1271/1443/21
f 1258/1431/21 1264/1435/21 1270/1444/21
f 1270/1444/21 1269/1441/21 1268/1445/21
f 1264/1435/21 1265/1436/21 1269/1441/21
f 1190/1437/21 1216/1448/21 1272/1446/21
f 1214/1447/21 1273/1456/21 1272/1446/21
f 1266/1440/21 1272/1446/21 1274/1449/21
f 1272/1446/21 1273/1456/21 1275/1450/21
f 1210/1451/21 1276/1454/21 1277/1452/21
f 1276/1454/21 1278/1459/21 1279/1455/21
f 1211/1453/21 1277/1452/21 1273/1456/21
f 1277/1452/21 1279/1455/21 1275/1450/21
f 1271/1443/21 1280/1458/21 1281/1457/21
f 1268/1445/21 1274/1449/21 1280/1458/21
f 1280/1458/21 1279/1455/21 1278/1459/21
f 1274/1449/21 1275/1450/21 1279/1455/21
f 1205/1460/11 1204/1463/11 1282/1461/11
f 1204/1463/11 1200/1473/11 1284/1464/11
f 1283/1462/11 1282/1461/11 1285/1465/11
f 1282/1461/11 1284/1464/11 1287/1467/11
f 1185/1468/11 1288/1471/11 1289/1469/11
f 1288/1471/11 1290/1478/11 1291/1472/11
f 1198/1470/11 1289/1469/11 1284/1464/11
f 1289/1469/11 1291/1472/11 1287/1467/11
f 1293/1474/11 1294/1477/11 1295/1475/11
f 1286/1466/11 1285/1465/11 1294/1477/11
f 1294/1477/11 1291/1472/11 1290/1478/11
f 1285/1465/11 1287/1467/11 1291/1472/11
f 1185/1468/11 1184/1480/11 1296/1479/11
f 1184/1480/11 1180/1489/11 1297/1481/11
f 1288/1471/11 1296/1479/11 1298/1482/11
f 1296/1479/11 1297/1481/11 1299/1483/11
f 1165/1484/11 1300/1487/11 1301/1485/11
f 1300/1487/11 1302/1492/11 1303/1488/11
f 1178/1486/11 1301/1485/11 1297/1481/11
f 1301/1485/11 1303/1488/11 1299/1483/11
f 1295/1475/11 1304/1491/11 1305/1490/11
f 1290/1478/11 1298/1482/11 1304/1491/11
f 1304/1491/11 1303/1488/11 1302/1492/11
f 1298/1482/11 1299/1483/11 1303/1488/11
f 1165/1484/11 1164/1494/11 1306/1493/11
f 1164/1494/11 1160/1503/11 1307/1495/11
f 1300/1487/11 1306/1493/11 1308/1496/11
f 1306/1493/11 1307/1495/11 1309/1497/11
f 1145/1498/11 1310/1501/11 1311/1499/11
f 1310/1501/11 1312/1506/11 1313/1502/11
f 1158/1500/11 1311/1499/11 1307/1495/11
f 1311/1499/11 1313/1502/11 1309/1497/11
f 1305/1490/11 1314/1505/11 1315/1504/11
f 1302/1492/11 1308/1496/11 1314/1505/11
f 1314/1505/11 1313/1502/11 1312/1506/11
f 1308/1496/11 1309/1497/11 1313/1502/11
f 1145/1498/11 1144/1508/11 1316/1507/11
f 1144/1508/11 1140/1517/11 1317/1509/11
f 1310/1501/11 1316/1507/11 1318/1510/11
f 1316/1507/11 1317/1509/11 1319/1511/11
f 1125/1512/11 1320/1515/11 1321/1513/11
f 1320/1515/11 1322/1520/11 1323/1516/11
f 1138/1514/11 1321/1513/11 1317/1509/11
f 1321/1513/11 1323/1516/11 1319/1511/11
f 1315/1504/11 1324/1519/11 1325/1518/11
f 1312/1506/11 1318/1510/11 1324/1519/11
f 1324/1519/11 1323/1516/11 1322/1520/11
f 1318/1510/11 1319/1511/11 1323/1516/11
f 1125/1512/11 1124/1522/11 1326/1521/11
f 1124/1522/11 1120/1531/11 1327/1523/11
f 1320/1515/11 1326/1521/11 1328/1524/11
f 1326/1521/11 1327/1523/11 1329/1525/11
f 1103/1526/11 1330/1529/11 1331/1527/11
f 1330/1529/11 1332/1534/11 1333/1530/11
f 1118/1528/11 1331/1527/11 1327/1523/11
f 1331/1527/11 1333/1530/11 1329/1525/11
f 1325/1518/11 1334/1533/11 1335/1532/11
f 1322/1520/11 1328/1524/11 1334/1533/11
f 1334/1533/11 1333/1530/11 1332/1534/11
f 1328/1524/11 1329/1525/11 1333/1530/11
f 1103/1526/11 1102/1536/11 1336/1535/11
f 1102/1536/11 1097/1544/11 1337/1537/11
f 1330/1529/11 1336/1535/11 1338/1538/11
f 1336/1535/11 1337/1537/11 1339/1539/11
f 1093/1249/11 1340/1542/11 1341/1540/11
f 1340/1542/11 1342/1547/11 1343/1543/11
f 1094/1541/11 1341/1540/11 1337/1537/11
f 1341/1540/11 1343/1543/11 1339/1539/11
f 1335/1532/11 1344/1546/11 1345/1545/11
f 1332/1534/11 1338/1538/11 1344/1546/11
f 1344/1546/11 1343/1543/11 1342/1547/11
f 1338/1538/11 1339/1539/11 1343/1543/11
f 1096/1248/405 1346/1549/429 1347/1548/429
f 1100/1252/405 1348/1551/429 1346/1549/429
f 1346/1549/429 1349/1552/430 1350/1550/430
f 1348/1551/429 1351/1556/430 1349/1552/430
f 1115/1268/405 1352/1554/429 1353/1553/429
f 1352/1554/429 1354/1562/430 1355/1555/430
f 1116/1271/405 1353/1553/429 1348/1551/429
f 1353/1553/429 1355/1555/430 1351/1556/430
f 1357/1557/16 1358/1561/431 1359/1558/431
f 1360/1560/16 1361/1563/431 1358/1561/431
f 1358/1561/431 1355/1555/430 1354/1562/430
f 1361/1563/431 1351/1556/430 1355/1555/430
f 1363/1564/16 1364/1567/431 1365/1565/431
f 1364/1567/431 1350/1550/430 1349/1552/430
f 1362/1566/16 1365/1565/431 1361/1563/431
f 1365/1565/431 1349/1552/430 1351/1556/430
f 1213/1364/427 1366/1569/432 1367/1568/432
f 1208/1368/427 1368/1571/432 1366/1569/432
f 1366/1569/432 1369/1572/433 1370/1570/433
f 1368/1571/432 1371/1576/433 1369/1572/433
f 1205/1357/427 1372/1574/432 1373/1573/432
f 1372/1574/432 1374/1582/433 1375/1575/433
f 1206/1360/427 1373/1573/432 1368/1571/432
f 1373/1573/432 1375/1575/433 1371/1576/433
f 1377/1577/140 1378/1581/434 1379/1578/434
f 1380/1580/140 1381/1583/434 1378/1581/434
f 1378/1581/434 1375/1575/433 1374/1582/433
f 1381/1583/434 1371/1576/433 1375/1575/433
f 1383/1584/140 1384/1587/434 1385/1585/434
f 1384/1587/434 1370/1570/433 1369/1572/433
f 1382/1586/140 1385/1585/434 1381/1583/434
f 1385/1585/434 1369/1572/433 1371/1576/433
f 1219/1373/21 1386/1588/21 1352/1554/21
f 1222/1377/21 1387/1589/21 1386/1588/21
f 1386/1588/21 1388/1590/21 1354/1562/21
f 1387/1589/21 1389/1595/21 1388/1590/21
f 1229/1385/21 1228/1387/21 1390/1591/21
f 1391/1592/21 1390/1591/21 1392/1593/21
f 1222/1377/21 1229/1385/21 1391/1592/21
f 1387/1589/21 1391/1592/21 1393/1594/21
f 1395/1596/21 1396/1600/21 1397/1597/21
f 1398/1599/21 1399/1603/21 1396/1600/21
f 1397/1597/21 1396/1600/21 1393/1594/21
f 1396/1600/21 1399/1603/21 1389/1595/21
f 1356/1559/21 1359/1558/21 1401/1601/21
f 1359/1558/21 1354/1562/21 1388/1590/21
f 1400/1602/21 1401/1601/21 1399/1603/21
f 1401/1601/21 1388/1590/21 1389/1595/21
f 1281/1457/21 1402/1604/21 1390/1591/21
f 1278/1459/21 1403/1605/21 1402/1604/21
f 1402/1604/21 1404/1606/21 1392/1593/21
f 1403/1605/21 1405/1611/21 1404/1606/21
f 1276/1454/21 1210/1451/21 1367/1607/21
f 1406/1608/21 1367/1607/21 1370/1609/21
f 1278/1459/21 1276/1454/21 1406/1608/21
f 1406/1608/21 1407/1610/21 1405/1611/21
f 1408/1612/21 1409/1616/21 1384/1613/21
f 1410/1615/21 1411/1619/21 1409/1616/21
f 1384/1613/21 1409/1616/21 1407/1610/21
f 1409/1616/21 1411/1619/21 1405/1611/21
f 1394/1598/21 1397/1597/21 1413/1617/21
f 1397/1597/21 1392/1593/21 1404/1606/21
f 1412/1618/21 1413/1617/21 1411/1619/21
f 1413/1617/21 1404/1606/21 1405/1611/21
f 1283/1462/11 1414/1621/11 1372/1620/11
f 1286/1466/11 1415/1623/11 1414/1621/11
f 1414/1621/11 1416/1624/11 1374/1622/11
f 1415/1623/11 1417/1629/11 1416/1624/11
f 1293/1474/11 1292/1476/11 1418/1625/11
f 1419/1626/11 1418/1625/11 1420/1627/11
f 1286/1466/11 1293/1474/11 1419/1626/11
f 1415/1623/11 1419/1626/11 1421/1628/11
f 1423/1630/11 1424/1634/11 1425/1631/11
f 1426/1633/11 1427/1639/11 1424/1634/11
f 1425/1631/11 1424/1634/11 1421/1628/11
f 1424/1634/11 1427/1639/11 1417/1629/11
f 1376/1635/11 1379/1638/11 1429/1636/11
f 1379/1638/11 1374/1622/11 1416/1624/11
f 1428/1637/11 1429/1636/11 1427/1639/11
f 1429/1636/11 1416/1624/11 1417/1629/11
f 1345/1545/11 1430/1640/11 1418/1625/11
f 1342/1547/11 1431/1641/11 1430/1640/11
f 1430/1640/11 1432/1642/11 1420/1627/11
f 1431/1641/11 1433/1645/11 1432/1642/11
f 1340/1542/11 1093/1249/11 1347/1548/11
f 1434/1643/11 1347/1548/11 1350/1550/11
f 1342/1547/11 1340/1542/11 1434/1643/11
f 1431/1641/11 1434/1643/11 1435/1644/11
f 1436/1646/11 1437/1648/11 1364/1567/11
f 1438/1647/11 1439/1651/11 1437/1648/11
f 1364/1567/11 1437/1648/11 1435/1644/11
f 1437/1648/11 1439/1651/11 1433/1645/11
f 1422/1632/11 1425/1631/11 1441/1649/11
f 1425/1631/11 1420/1627/11 1432/1642/11
f 1440/1650/11 1441/1649/11 1439/1651/11
f 1441/1649/11 1432/1642/11 1433/1645/11
f 1422/1652/7 1440/1655/7 1442/1653/7
f 1440/1655/7 1438/1665/7 1444/1656/7
f 1443/1654/7 1442/1653/7 1445/1657/7
f 1442/1653/7 1444/1656/7 1447/1659/7
f 1436/1660/7 1363/2177/7 1362/1661/7
f 1448/1662/7 1362/1661/7 1360/1663/7
f 1438/1665/7 1436/1660/7 1448/1662/7
f 1444/1656/7 1448/1662/7 1449/1664/7
f 1356/1666/7 1400/1669/7 1450/1667/7
f 1400/1669/7 1398/1674/7 1451/1670/7
f 1357/1668/7 1450/1667/7 1449/1664/7
f 1450/1667/7 1451/1670/7 1447/1659/7
f 1395/1671/7 1394/1684/7 1452/1672/7
f 1453/1673/7 1452/1672/7 1446/1658/7
f 1398/1674/7 1395/1671/7 1453/1673/7
f 1451/1670/7 1453/1673/7 1445/1657/7
f 1376/1579/7 1428/1676/7 1454/1675/7
f 1428/1676/7 1426/1683/7 1455/1677/7
f 1377/1577/7 1454/1675/7 1456/1678/7
f 1454/1675/7 1455/1677/7 1457/1679/7
f 1423/1680/7 1422/1652/7 1443/1654/7
f 1458/1681/7 1443/1654/7 1446/1658/7
f 1426/1683/7 1423/1680/7 1458/1681/7
f 1455/1677/7 1458/1681/7 1459/1682/7
f 1394/1684/7 1412/1686/7 1460/1685/7
f 1412/1686/7 1410/1690/7 1461/1687/7
f 1452/1672/7 1460/1685/7 1459/1682/7
f 1460/1685/7 1461/1687/7 1457/1679/7
f 1408/1688/7 1383/1584/7 1382/1586/7
f 1462/1689/7 1382/1586/7 1380/1580/7
f 1410/1690/7 1408/1688/7 1462/1689/7
f 1461/1687/7 1462/1689/7 1456/1678/7
f 1463/1691/21 1464/1694/21 1465/1692/21
f 1464/1694/21 1467/1704/21 1468/1695/21
f 1466/1693/21 1465/1692/21 1469/1696/21
f 1465/1692/21 1468/1695/21 1471/1698/21
f 1472/1699/21 1473/1774/21 1474/1700/21
f 1475/1701/21 1474/1700/21 1476/1702/21
f 1467/1704/21 1472/1699/21 1475/1701/21
f 1468/1695/21 1475/1701/21 1477/1703/21
f 1478/1705/21 1479/1708/21 1480/1706/21
f 1479/1708/21 1482/1713/21 1483/1709/21
f 1481/1707/21 1480/1706/21 1477/1703/21
f 1480/1706/21 1483/1709/21 1471/1698/21
f 1484/1710/21 1485/2178/21 1486/1711/21
f 1487/1712/21 1486/1711/21 1470/1697/21
f 1482/1713/21 1484/1710/21 1487/1712/21
f 1483/1709/21 1487/1712/21 1469/1696/21
f 1484/1714/435 1488/1718/435 1489/1715/436
f 1482/1717/437 1490/1720/437 1488/1718/435
f 1488/1718/435 1491/1721/435 1492/1719/436
f 1490/1720/437 1493/1727/437 1491/1721/435
f 1478/1722/438 1494/1725/438 1495/1723/439
f 1494/1725/438 1496/1733/438 1497/1726/439
f 1479/1724/439 1495/1723/439 1490/1720/437
f 1495/1723/439 1497/1726/439 1493/1727/437
f 1499/1728/439 1500/1732/439 1501/1729/438
f 1502/1731/437 1503/1734/437 1500/1732/439
f 1500/1732/439 1497/1726/439 1496/1733/438
f 1503/1734/437 1493/1727/437 1497/1726/439
f 1505/1735/436 1506/1738/436 1507/1736/435
f 1506/1738/436 1492/1719/436 1491/1721/435
f 1504/1737/435 1507/1736/435 1503/1734/437
f 1507/1736/435 1491/1721/435 1493/1727/437
f 1504/1739/11 1508/1743/11 1509/1740/11
f 1502/1742/11 1510/1745/11 1508/1743/11
f 1508/1743/11 1511/1746/11 1512/1744/11
f 1510/1745/11 1513/1752/11 1511/1746/11
f 1498/1747/11 1514/1750/11 1515/1748/11
f 1514/1750/11 1516/1758/11 1517/1751/11
f 1499/1749/11 1515/1748/11 1510/1745/11
f 1515/1748/11 1517/1751/11 1513/1752/11
f 1519/1753/11 1520/1757/11 1521/1754/11
f 1522/1756/11 1523/1759/11 1520/1757/11
f 1520/1757/11 1517/1751/11 1516/1758/11
f 1523/1759/11 1513/1752/11 1517/1751/11
f 1525/1760/11 1526/1763/11 1527/1761/11
f 1526/1763/11 1512/1744/11 1511/1746/11
f 1524/1762/11 1527/1761/11 1523/1759/11
f 1527/1761/11 1511/1746/11 1513/1752/11
f 1524/1762/440 1528/1765/440 1529/1764/441
f 1522/1756/442 1530/1767/442 1528/1765/440
f 1528/1765/440 1531/1768/440 1532/1766/441
f 1530/1767/442 1533/1772/442 1531/1768/440
f 1518/1755/443 1534/1770/443 1535/1769/444
f 1534/1770/443 1536/1776/443 1537/1771/444
f 1519/1753/444 1535/1769/444 1530/1767/442
f 1535/1769/444 1537/1771/444 1533/1772/442
f 1472/1699/444 1538/1775/444 1539/1773/443
f 1467/1704/442 1540/1777/442 1538/1775/444
f 1538/1775/444 1537/1771/444 1536/1776/443
f 1540/1777/442 1533/1772/442 1537/1771/444
f 1463/1691/441 1541/1779/441 1542/1778/440
f 1541/1779/441 1532/1766/441 1531/1768/440
f 1464/1694/440 1542/1778/440 1540/1777/442
f 1542/1778/440 1531/1768/440 1533/1772/442
f 1473/1774/21 1543/1781/21 1544/1780/21
f 1543/1781/21 1545/1790/21 1546/1782/21
f 1474/1700/21 1544/1780/21 1547/1783/21
f 1544/1780/21 1546/1782/21 1548/1784/21
f 1550/1785/21 1551/1788/21 1552/1786/21
f 1551/1788/21 1553/1796/21 1554/1789/21
f 1545/1790/21 1549/1787/21 1552/1786/21
f 1546/1782/21 1552/1786/21 1554/1789/21
f 1556/1791/21 1557/1795/21 1558/1792/21
f 1556/1791/21 1559/1799/21 1560/1794/21
f 1557/1795/21 1554/1789/21 1553/1796/21
f 1557/1795/21 1560/1794/21 1548/1784/21
f 1561/1797/21 1478/1705/21 1481/1707/21
f 1562/1798/21 1481/1707/21 1476/1702/21
f 1559/1799/21 1561/1797/21 1562/1798/21
f 1560/1794/21 1562/1798/21 1547/1783/21
f 1561/1800/445 1563/1802/445 1494/1725/438
f 1559/1801/446 1564/1803/446 1563/1802/445
f 1563/1802/445 1565/1804/445 1496/1733/438
f 1564/1803/446 1566/1810/446 1565/1804/445
f 1555/1805/447 1567/1808/447 1568/1806/448
f 1567/1808/447 1569/1816/447 1570/1809/448
f 1556/1807/448 1568/1806/448 1564/1803/446
f 1568/1806/448 1570/1809/448 1566/1810/446
f 1572/1811/448 1573/1815/448 1574/1812/447
f 1575/1814/446 1576/1817/446 1573/1815/448
f 1573/1815/448 1570/1809/448 1569/1816/447
f 1576/1817/446 1566/1810/446 1570/1809/448
f 1498/1730/438 1501/1729/438 1578/1818/445
f 1501/1729/438 1496/1733/438 1565/1804/445
f 1577/1819/445 1578/1818/445 1576/1817/446
f 1578/1818/445 1565/1804/445 1566/1810/446
f 1577/1820/11 1579/1822/11 1514/1750/11
f 1575/1821/11 1580/1823/11 1579/1822/11
f 1579/1822/11 1581/1824/11 1516/1758/11
f 1580/1823/11 1582/1830/11 1581/1824/11
f 1572/1825/11 1571/1890/11 1583/1826/11
f 1584/1827/11 1583/1826/11 1585/1828/11
f 1572/1825/11 1584/1827/11 1580/1823/11
f 1584/1827/11 1586/1829/11 1582/1830/11
f 1587/1831/11 1588/1835/11 1589/1832/11
f 1591/1834/11 1592/1836/11 1589/1832/11
f 1590/1833/11 1589/1832/11 1586/1829/11
f 1592/1836/11 1582/1830/11 1586/1829/11
f 1518/1755/11 1521/1754/11 1594/1837/11
f 1521/1754/11 1516/1758/11 1581/1824/11
f 1593/1838/11 1594/1837/11 1592/1836/11
f 1594/1837/11 1581/1824/11 1582/1830/11
f 1593/1838/449 1595/1839/449 1534/1770/443
f 1591/1834/450 1596/1840/450 1595/1839/449
f 1595/1839/449 1597/1841/449 1536/1776/443
f 1596/1840/450 1598/1845/450 1597/1841/449
f 1587/1831/451 1599/1843/451 1600/1842/452
f 1599/1843/451 1601/1848/451 1602/1844/452
f 1588/1835/452 1600/1842/452 1596/1840/450
f 1600/1842/452 1602/1844/452 1598/1845/450
f 1549/1787/452 1603/1847/452 1604/1846/451
f 1545/1790/450 1605/1849/450 1603/1847/452
f 1603/1847/452 1602/1844/452 1601/1848/451
f 1605/1849/450 1598/1845/450 1602/1844/452
f 1473/1774/443 1539/1773/443 1606/1850/449
f 1539/1773/443 1536/1776/443 1597/1841/449
f 1543/1781/449 1606/1850/449 1605/1849/450
f 1606/1850/449 1597/1841/449 1598/1845/450
f 1607/1851/21 1608/1853/21 1551/1788/21
f 1609/1852/21 1610/1854/21 1608/1853/21
f 1608/1853/21 1611/1855/21 1553/1796/21
f 1610/1854/21 1612/1861/21 1611/1855/21
f 1613/1856/21 1614/1919/21 1615/1857/21
f 1616/1858/21 1615/1857/21 1617/1859/21
f 1613/1856/21 1616/1858/21 1610/1854/21
f 1616/1858/21 1618/1860/21 1612/1861/21
f 1619/1862/21 1620/1866/21 1621/1863/21
f 1623/1865/21 1624/1867/21 1621/1863/21
f 1622/1864/21 1621/1863/21 1618/1860/21
f 1624/1867/21 1612/1861/21 1618/1860/21
f 1555/1793/21 1558/1792/21 1626/1868/21
f 1558/1792/21 1553/1796/21 1611/1855/21
f 1625/1869/21 1626/1868/21 1624/1867/21
f 1626/1868/21 1611/1855/21 1612/1861/21
f 1625/1870/453 1627/1872/453 1567/1808/447
f 1623/1871/454 1628/1873/454 1627/1872/453
f 1627/1872/453 1629/1874/453 1569/1816/447
f 1628/1873/454 1630/1880/454 1629/1874/453
f 1619/1875/455 1631/1878/455 1632/1876/456
f 1631/1878/455 1633/1886/455 1634/1879/456
f 1620/1877/456 1632/1876/456 1628/1873/454
f 1632/1876/456 1634/1879/456 1630/1880/454
f 1636/1881/456 1637/1885/456 1638/1882/455
f 1639/1884/454 1640/1887/454 1637/1885/456
f 1637/1885/456 1634/1879/456 1633/1886/455
f 1640/1887/454 1630/1880/454 1634/1879/456
f 1571/1813/447 1574/1812/447 1642/1888/453
f 1574/1812/447 1569/1816/447 1629/1874/453
f 1641/1889/457 1642/1888/453 1640/1887/454
f 1642/1888/453 1629/1874/453 1630/1880/454
f 1571/1890/11 1641/1892/11 1643/1891/11
f 1641/1892/11 1639/1901/11 1644/1893/11
f 1583/1826/11 1643/1891/11 1645/1894/11
f 1643/1891/11 1644/1893/11 1646/1895/11
f 1635/1896/11 1647/1899/11 1648/1897/11
f 1647/1899/11 1649/1907/11 1650/1900/11
f 1639/1901/11 1636/1898/11 1648/1897/11
f 1644/1893/11 1648/1897/11 1650/1900/11
f 1652/1902/11 1653/1906/11 1654/1903/11
f 1652/1902/11 1655/1910/11 1656/1905/11
f 1653/1906/11 1650/1900/11 1649/1907/11
f 1653/1906/11 1656/1905/11 1646/1895/11
f 1657/1908/11 1587/1831/11 1590/1833/11
f 1658/1909/11 1590/1833/11 1585/1828/11
f 1655/1910/11 1657/1908/11 1658/1909/11
f 1656/1905/11 1658/1909/11 1645/1894/11
f 1657/1908/458 1659/1911/458 1599/1843/451
f 1655/1910/459 1660/1912/459 1659/1911/458
f 1659/1911/458 1661/1913/458 1601/1848/451
f 1660/1912/459 1662/1917/459 1661/1913/458
f 1651/1904/460 1663/1915/460 1664/1914/461
f 1663/1915/460 1665/1921/460 1666/1916/461
f 1652/1902/461 1664/1914/461 1660/1912/459
f 1664/1914/461 1666/1916/461 1662/1917/459
f 1613/1856/461 1667/1920/461 1668/1918/460
f 1609/1852/459 1669/1922/459 1667/1920/461
f 1667/1920/461 1666/1916/461 1665/1921/460
f 1669/1922/459 1662/1917/459 1666/1916/461
f 1550/1785/451 1604/1846/451 1670/1923/458
f 1604/1846/451 1601/1848/451 1661/1913/458
f 1607/1851/458 1670/1923/458 1669/1922/459
f 1670/1923/458 1661/1913/458 1662/1917/459
f 1614/1919/21 1671/1925/21 1672/1924/21
f 1671/1925/21 1673/1933/21 1674/1926/21
f 1615/1857/21 1672/1924/21 1675/1927/21
f 1674/1926/21 1676/1934/21 1675/1927/21
f 1678/1928/21 1679/1931/21 1680/1929/21
f 1679/1931/21 1681/1940/21 1682/1932/21
f 1677/1930/21 1680/1929/21 1674/1926/21
f 1680/1929/21 1682/1932/21 1676/1934/21
f 1684/1935/21 1685/1939/21 1686/1936/21
f 1687/1938/21 1688/1941/21 1685/1939/21
f 1685/1939/21 1682/1932/21 1681/1940/21
f 1688/1941/21 1676/1934/21 1682/1932/21
f 1689/1942/21 1619/1862/21 1622/1864/21
f 1690/1943/21 1622/1864/21 1617/1859/21
f 1689/1942/21 1690/1943/21 1688/1941/21
f 1690/1943/21 1675/1927/21 1676/1934/21
f 1689/1944/462 1691/1946/462 1631/1878/455
f 1687/1945/463 1692/1947/463 1691/1946/462
f 1691/1946/462 1693/1948/462 1633/1886/455
f 1692/1947/463 1694/1954/463 1693/1948/462
f 1683/1949/464 1695/1952/464 1696/1950/465
f 1695/1952/464 1697/1960/464 1698/1953/465
f 1684/1951/465 1696/1950/465 1692/1947/463
f 1696/1950/465 1698/1953/465 1694/1954/463
f 1700/1955/465 1701/1959/465 1702/1956/464
f 1703/1958/463 1704/1961/463 1701/1959/465
f 1701/1959/465 1698/1953/465 1697/1960/464
f 1704/1961/463 1694/1954/463 1698/1953/465
f 1635/1883/455 1638/1882/455 1706/1962/462
f 1638/1882/455 1633/1886/455 1693/1948/462
f 1705/1963/462 1706/1962/462 1704/1961/463
f 1706/1962/462 1693/1948/462 1694/1954/463
f 1705/1964/11 1707/1966/11 1647/1899/11
f 1705/1964/11 1703/1974/11 1708/1965/11
f 1707/1966/11 1709/1968/11 1649/1907/11
f 1707/1966/11 1708/1965/11 1710/1967/11
f 1700/1969/11 1699/2035/11 1711/1970/11
f 1712/1971/11 1711/1970/11 1713/1972/11
f 1703/1974/11 1700/1969/11 1712/1971/11
f 1708/1965/11 1712/1971/11 1714/1973/11
f 1715/1975/11 1716/1978/11 1717/1976/11
f 1716/1978/11 1719/1982/11 1720/1979/11
f 1718/1977/11 1717/1976/11 1714/1973/11
f 1717/1976/11 1720/1979/11 1710/1967/11
f 1651/1904/11 1654/1903/11 1722/1980/11
f 1654/1903/11 1649/1907/11 1709/1968/11
f 1721/1981/11 1722/1980/11 1720/1979/11
f 1720/1979/11 1722/1980/11 1709/1968/11
f 1721/1981/466 1723/1983/466 1663/1915/460
f 1719/1982/467 1724/1984/467 1723/1983/466
f 1723/1983/466 1725/1985/466 1665/1921/460
f 1724/1984/467 1726/1989/467 1725/1985/466
f 1715/1975/468 1727/1987/470 1728/1986/469
f 1727/1987/470 1729/1992/470 1730/1988/469
f 1716/1978/469 1728/1986/469 1724/1984/467
f 1728/1986/469 1730/1988/469 1726/1989/467
f 1677/1930/469 1731/1991/469 1732/1990/470
f 1673/1933/467 1733/1993/467 1731/1991/469
f 1731/1991/469 1730/1988/469 1729/1992/470
f 1733/1993/467 1726/1989/467 1730/1988/469
f 1614/1919/460 1668/1918/460 1734/1994/466
f 1668/1918/460 1665/1921/460 1725/1985/466
f 1671/1925/466 1734/1994/466 1733/1993/467
f 1734/1994/466 1725/1985/466 1726/1989/467
f 1735/1995/21 1736/1997/21 1679/1931/21
f 1737/1996/21 1738/1998/21 1736/1997/21
f 1736/1997/21 1739/1999/21 1681/1940/21
f 1738/1998/21 1740/2005/21 1739/1999/21
f 1742/2000/21 1743/2003/21 1744/2001/21
f 1743/2003/21 1745/2011/21 1746/2004/21
f 1741/2002/21 1744/2001/21 1738/1998/21
f 1744/2001/21 1746/2004/21 1740/2005/21
f 1748/2006/21 1749/2010/21 1750/2007/21
f 1751/2009/21 1752/2012/21 1749/2010/21
f 1749/2010/21 1746/2004/21 1745/2011/21
f 1752/2012/21 1740/2005/21 1746/2004/21
f 1683/1937/21 1686/1936/21 1754/2013/21
f 1686/1936/21 1681/1940/21 1739/1999/21
f 1753/2014/21 1754/2013/21 1752/2012/21
f 1754/2013/21 1739/1999/21 1740/2005/21
f 1753/2015/471 1755/2017/471 1695/1952/464
f 1751/2016/472 1756/2018/472 1755/2017/471
f 1755/2017/471 1757/2019/471 1697/1960/464
f 1756/2018/472 1758/2025/472 1757/2019/471
f 1747/2020/473 1759/2023/473 1760/2021/474
f 1759/2023/473 1761/2031/473 1762/2024/474
f 1748/2022/474 1760/2021/474 1756/2018/472
f 1760/2021/474 1762/2024/474 1758/2025/472
f 1764/2026/474 1765/2030/474 1766/2027/473
f 1767/2029/472 1768/2032/472 1765/2030/474
f 1765/2030/474 1762/2024/474 1761/2031/473
f 1768/2032/472 1758/2025/472 1762/2024/474
f 1699/1957/464 1702/1956/464 1770/2033/471
f 1702/1956/464 1697/1960/464 1757/2019/471
f 1769/2034/471 1770/2033/471 1768/2032/472
f 1770/2033/471 1757/2019/471 1758/2025/472
f 1699/2035/11 1769/2037/11 1771/2036/11
f 1769/2037/11 1767/2046/11 1772/2038/11
f 1711/1970/11 1771/2036/11 1773/2039/11
f 1771/2036/11 1772/2038/11 1774/2040/11
f 1764/2041/11 1763/2107/11 1775/2042/11
f 1776/2043/11 1775/2042/11 1777/2044/11
f 1767/2046/11 1764/2041/11 1776/2043/11
f 1772/2038/11 1776/2043/11 1778/2045/11
f 1779/2047/11 1780/2050/11 1781/2048/11
f 1780/2050/11 1783/2054/11 1784/2051/11
f 1782/2049/11 1781/2048/11 1778/2045/11
f 1781/2048/11 1784/2051/11 1774/2040/11
f 1785/2052/11 1715/1975/11 1718/1977/11
f 1786/2053/11 1718/1977/11 1713/1972/11
f 1783/2054/11 1785/2052/11 1786/2053/11
f 1784/2051/11 1786/2053/11 1773/2039/11
f 1785/2052/475 1787/2055/475 1727/1987/470
f 1783/2054/476 1788/2056/476 1787/2055/475
f 1787/2055/475 1789/2057/475 1729/1992/470
f 1788/2056/476 1790/2061/476 1789/2057/475
f 1779/2047/477 1791/2059/477 1792/2058/478
f 1791/2059/477 1793/2065/477 1794/2060/478
f 1780/2050/478 1792/2058/478 1788/2056/476
f 1792/2058/478 1794/2060/478 1790/2061/476
f 1742/2000/477 1741/2002/478 1795/2062/478
f 1741/2002/478 1737/1996/479 1797/2064/476
f 1795/2062/478 1794/2060/478 1793/2065/477
f 1797/2064/476 1790/2061/476 1794/2060/478
f 1678/1928/470 1732/1990/470 1798/2066/475
f 1732/1990/470 1729/1992/470 1789/2057/475
f 1735/1995/475 1798/2066/475 1797/2064/476
f 1798/2066/475 1789/2057/475 1790/2061/476
f 1799/2067/21 1800/2069/21 1743/2003/21
f 1801/2068/21 1802/2070/21 1800/2069/21
f 1800/2069/21 1803/2071/21 1745/2011/21
f 1802/2070/21 1804/2077/21 1803/2071/21
f 1806/2072/21 1807/2075/21 1808/2073/21
f 1807/2075/21 1809/2083/21 1810/2076/21
f 1805/2074/21 1808/2073/21 1802/2070/21
f 1808/2073/21 1810/2076/21 1804/2077/21
f 1812/2078/21 1813/2082/21 1814/2079/21
f 1815/2081/21 1816/2084/21 1813/2082/21
f 1813/2082/21 1810/2076/21 1809/2083/21
f 1816/2084/21 1804/2077/21 1810/2076/21
f 1747/2008/21 1750/2007/21 1818/2085/21
f 1750/2007/21 1745/2011/21 1803/2071/21
f 1817/2086/21 1818/2085/21 1816/2084/21
f 1818/2085/21 1803/2071/21 1804/2077/21
f 1817/2087/480 1819/2089/480 1759/2023/473
f 1815/2088/481 1820/2090/481 1819/2089/480
f 1819/2089/480 1821/2091/480 1761/2031/473
f 1820/2090/481 1822/2097/481 1821/2091/480
f 1811/2092/16 1823/2095/16 1824/2093/482
f 1823/2095/16 1825/2103/16 1826/2096/482
f 1812/2094/482 1824/2093/482 1820/2090/481
f 1824/2093/482 1826/2096/482 1822/2097/481
f 1828/2098/482 1829/2102/482 1830/2099/16
f 1831/2101/481 1832/2104/481 1829/2102/482
f 1829/2102/482 1826/2096/482 1825/2103/16
f 1832/2104/481 1822/2097/481 1826/2096/482
f 1763/2028/473 1766/2027/473 1834/2105/480
f 1766/2027/473 1761/2031/473 1821/2091/480
f 1833/2106/480 1834/2105/480 1832/2104/481
f 1834/2105/480 1821/2091/480 1822/2097/481
f 1763/2107/11 1833/2109/11 1835/2108/11
f 1833/2109/11 1831/2118/11 1836/2110/11
f 1775/2042/11 1835/2108/11 1837/2111/11
f 1835/2108/11 1836/2110/11 1838/2112/11
f 1828/2113/11 1827/2179/11 1839/2114/11
f 1840/2115/11 1839/2114/11 1841/2116/11
f 1831/2118/11 1828/2113/11 1840/2115/11
f 1836/2110/11 1840/2115/11 1842/2117/11
f 1843/2119/11 1844/2122/11 1845/2120/11
f 1844/2122/11 1847/2126/11 1848/2123/11
f 1846/2121/11 1845/2120/11 1842/2117/11
f 1845/2120/11 1848/2123/11 1838/2112/11
f 1849/2124/11 1779/2047/11 1782/2049/11
f 1850/2125/11 1782/2049/11 1777/2044/11
f 1847/2126/11 1849/2124/11 1850/2125/11
f 1848/2123/11 1850/2125/11 1837/2111/11
f 1849/2124/483 1851/2127/483 1791/2059/477
f 1847/2126/484 1852/2128/484 1851/2127/483
f 1851/2127/483 1853/2129/483 1793/2065/477
f 1852/2128/484 1854/2133/484 1853/2129/483
f 1843/2119/140 1855/2131/140 1856/2130/485
f 1855/2131/140 1857/2136/140 1858/2132/485
f 1844/2122/485 1856/2130/485 1852/2128/484
f 1856/2130/485 1858/2132/485 1854/2133/484
f 1805/2074/485 1859/2135/485 1860/2134/140
f 1801/2068/484 1861/2137/484 1859/2135/485
f 1859/2135/485 1858/2132/485 1857/2136/140
f 1861/2137/484 1854/2133/484 1858/2132/485
f 1742/2000/477 1796/2063/477 1862/2138/483
f 1796/2063/477 1793/2065/477 1853/2129/483
f 1799/2067/483 1862/2138/483 1861/2137/484
f 1862/2138/483 1853/2129/483 1854/2133/484
f 1489/2139/486 1863/2143/487 1486/2140/487
f 1492/2142/486 1864/2145/487 1863/2143/487
f 1863/2143/487 1865/2146/487 1470/2144/487
f 1864/2145/487 1866/2152/487 1865/2146/487
f 1505/2147/489 1509/2150/487 1867/2148/487
f 1509/2150/487 1512/2155/487 1868/2151/487
f 1506/2149/486 1867/2148/487 1864/2145/487
f 1867/2148/487 1868/2151/487 1866/2152/487
f 1529/1764/489 1869/2154/490 1526/2153/490
f 1532/1766/489 1870/2156/490 1869/2154/490
f 1869/2154/490 1868/2151/487 1512/2155/487
f 1870/2156/490 1866/2152/487 1868/2151/487
f 1463/1691/489 1466/2158/490 1871/2157/490
f 1466/2158/490 1470/2144/487 1865/2146/487
f 1541/1779/489 1871/2157/490 1870/2156/490
f 1871/2157/490 1865/2146/487 1866/2152/487
f 1830/2099/7 1872/2160/7 1839/2159/7
f 1825/2103/7 1873/2162/7 1872/2160/7
f 1872/2160/7 1874/2163/7 1841/2161/7
f 1873/2162/7 1875/2167/7 1874/2163/7
f 1811/2092/7 1814/2165/7 1876/2164/7
f 1814/2165/7 1809/2170/7 1877/2166/7
f 1823/2095/7 1876/2164/7 1873/2162/7
f 1876/2164/7 1877/2166/7 1875/2167/7
f 1860/2134/7 1878/2169/7 1807/2168/7
f 1857/2136/7 1879/2171/7 1878/2169/7
f 1878/2169/7 1877/2166/7 1809/2170/7
f 1879/2171/7 1875/2167/7 1877/2166/7
f 1843/2119/7 1846/2173/7 1880/2172/7
f 1846/2173/7 1841/2161/7 1874/2163/7
f 1855/2131/7 1880/2172/7 1879/2171/7
f 1880/2172/7 1874/2163/7 1875/2167/7
