# Blender 4.5.0
# www.blender.org
mtllib StoneSphere.mtl
o Stone
v 0.293805 -0.056510 0.911202
v 0.054157 -0.603413 0.742958
v -0.677265 0.473016 0.551777
v -0.320600 -0.809323 0.458714
v -0.124562 -0.879899 0.417698
v 0.117405 0.929769 0.277283
v 0.940453 0.261894 0.169784
v 0.853344 0.443881 -0.011662
v 0.080726 0.882253 -0.428108
v -0.555175 -0.641439 -0.527125
v -0.477290 0.218968 -0.863695
v 0.287167 -0.020823 0.912346
v 0.247906 -0.057341 0.943221
v 0.268046 -0.098029 0.929592
v 0.317303 -0.085432 0.895876
v 0.326477 -0.030725 0.885190
v -0.040907 -0.568165 0.759617
v -0.004511 -0.623237 0.724248
v 0.076847 -0.659539 0.702371
v -0.022450 -0.512340 0.800498
v -0.091281 -0.497672 0.804614
v 0.098405 -0.583664 0.759173
v 0.036118 -0.515270 0.803089
v 0.171528 -0.700109 0.648855
v 0.170391 -0.659608 0.684454
v 0.184411 -0.625799 0.713290
v -0.656501 0.488405 0.562350
v -0.666638 0.506942 0.526544
v -0.692869 0.478053 0.524645
v -0.688158 0.447646 0.566847
v -0.661358 0.456978 0.591146
v -0.715754 0.443920 0.533527
v 0.223360 0.773938 0.569401
v 0.239653 0.783142 0.548404
v 0.201665 0.803893 0.530289
v 0.197253 0.779885 0.570358
v -0.337206 -0.796705 0.465291
v -0.351535 -0.802931 0.443187
v -0.323938 -0.816701 0.441880
v -0.301067 -0.810249 0.467330
v -0.313243 -0.792261 0.482692
v -0.298247 -0.823785 0.448463
v -0.117535 -0.873445 0.438741
v -0.141685 -0.868728 0.441232
v -0.142978 -0.878125 0.410600
v -0.129104 -0.889999 0.374420
v -0.107613 -0.890383 0.392807
v -0.088932 -0.887888 0.414428
v 0.096953 0.912886 0.339024
v 0.144239 0.903437 0.351668
v 0.169276 0.910868 0.314794
v 0.035446 0.935774 0.271712
v 0.028512 0.919234 0.331271
v 0.207427 0.915048 0.260790
v 0.173772 0.938418 0.218551
v 0.939571 0.286308 0.162826
v 0.931759 0.291570 0.191013
v 0.937539 0.249385 0.190147
v 0.949067 0.224057 0.148324
v 0.949486 0.250177 0.128843
v 0.945280 0.196088 0.170346
v 0.849452 0.460923 0.001834
v 0.858765 0.446231 0.018771
v 0.861197 0.427328 -0.005231
v 0.858904 0.416840 -0.036140
v 0.849116 0.442280 -0.035037
v 0.840543 0.469337 -0.025052
v 0.093049 0.898178 -0.391283
v 0.128209 0.883043 -0.408438
v 0.104103 0.867379 -0.451407
v 0.059158 0.866670 -0.463174
v 0.041639 0.892900 -0.413952
v -0.568585 -0.646025 -0.498366
v -0.595359 -0.617386 -0.523511
v -0.570539 -0.618776 -0.553810
v -0.539131 -0.619818 -0.588116
v -0.530654 -0.647051 -0.549150
v -0.536663 -0.667582 -0.501099
v -0.500438 0.244083 -0.839298
v -0.476510 0.285927 -0.841698
v -0.452255 0.246975 -0.868854
v -0.437635 0.211062 -0.887642
v -0.476948 0.189583 -0.871449
v -0.515477 0.206198 -0.841998
v -0.523173 0.170956 -0.843406
v -0.560703 0.190309 -0.812090
v -0.547170 0.233185 -0.809522
v -0.527051 0.278401 -0.807451
v -0.476784 0.162835 -0.873931
v -0.428371 0.178233 -0.894428
v -0.422568 0.143359 -0.899418
v -0.476713 0.131250 -0.877037
v -0.526698 0.135835 -0.844786
v -0.528974 0.098860 -0.847255
v -0.574508 0.106689 -0.814784
v -0.568499 0.148797 -0.813013
v -0.476891 0.098360 -0.880358
v -0.419808 0.107359 -0.903631
v -0.417744 0.071204 -0.907647
v -0.476962 0.063393 -0.884123
v -0.530046 0.061314 -0.850526
v -0.530229 0.021856 -0.854673
v -0.579966 0.020409 -0.820836
v -0.578666 0.064350 -0.817471
v -0.476189 0.026280 -0.888062
v -0.415683 0.033774 -0.912031
v -0.413125 -0.005735 -0.915687
v -0.472396 -0.013928 -0.890087
v -0.527460 -0.020189 -0.858728
v -0.519728 -0.064360 -0.859273
v -0.570373 -0.073011 -0.828813
v -0.576784 -0.025857 -0.824786
v -0.464976 -0.055762 -0.887258
v -0.408264 -0.047412 -0.914185
v -0.400850 -0.091358 -0.910339
v -0.455721 -0.100470 -0.884005
v -0.508980 -0.110464 -0.857374
v -0.559857 -0.120857 -0.828980
v -0.445815 -0.147668 -0.880802
v -0.497841 -0.158079 -0.854136
v -0.547584 -0.168845 -0.825202
v -0.536863 -0.217485 -0.820217
v -0.584871 -0.227561 -0.790507
v -0.595929 -0.178717 -0.795535
v -0.607349 -0.130041 -0.798786
v -0.487634 -0.206873 -0.849151
v -0.436613 -0.196332 -0.876568
v -0.427775 -0.245711 -0.870183
v -0.478425 -0.256320 -0.842733
v -0.527486 -0.267124 -0.814149
v -0.574532 -0.276649 -0.783528
v -0.467677 -0.305341 -0.831410
v -0.516823 -0.316255 -0.803678
v -0.564250 -0.325131 -0.772979
v -0.556105 -0.372971 -0.761691
v -0.600242 -0.378708 -0.726325
v -0.608424 -0.331338 -0.737575
v -0.618771 -0.283851 -0.748695
v -0.506421 -0.364201 -0.789389
v -0.455470 -0.352544 -0.813817
v -0.444212 -0.398177 -0.792934
v -0.496180 -0.409500 -0.769342
v -0.545685 -0.418214 -0.742226
v -0.535109 -0.461121 -0.720212
v -0.577591 -0.465109 -0.685841
v -0.588685 -0.422417 -0.706880
v -0.486635 -0.453254 -0.748034
v -0.434642 -0.442740 -0.771898
v -0.426171 -0.486727 -0.750313
v -0.477132 -0.495483 -0.725220
v -0.524904 -0.503024 -0.697100
v -0.566811 -0.507048 -0.663788
v -0.468147 -0.537490 -0.702361
v -0.515372 -0.544610 -0.674302
v -0.556101 -0.547484 -0.640324
v -0.546835 -0.585596 -0.615539
v -0.582027 -0.586129 -0.581448
v -0.592459 -0.548989 -0.605308
v -0.604647 -0.509857 -0.628300
v -0.507294 -0.584668 -0.650639
v -0.460029 -0.579012 -0.680056
v -0.457638 -0.620730 -0.652216
v -0.501162 -0.620318 -0.623711
v -0.461161 -0.656787 -0.602267
v -0.497456 -0.651330 -0.579219
v -0.470603 -0.685108 -0.545098
v -0.504416 -0.677839 -0.523481
v -0.485433 -0.707146 -0.492451
v -0.519533 -0.692389 -0.478405
v -0.552586 -0.671654 -0.469970
v -0.536426 -0.700292 -0.440107
v -0.571277 -0.674163 -0.436172
v -0.607543 -0.646037 -0.443227
v -0.587022 -0.645218 -0.474171
v -0.640645 -0.618274 -0.459534
v -0.618123 -0.617039 -0.493029
v -0.669872 -0.590658 -0.480496
v -0.642618 -0.588929 -0.516186
v -0.613661 -0.587140 -0.549252
v -0.659213 -0.552802 -0.536034
v -0.626595 -0.550635 -0.570837
v -0.674274 -0.515060 -0.555884
v -0.640049 -0.512433 -0.592313
v -0.689968 -0.476292 -0.576126
v -0.654442 -0.472835 -0.613565
v -0.617355 -0.469132 -0.650159
v -0.668765 -0.431673 -0.634323
v -0.629877 -0.427107 -0.671035
v -0.681974 -0.388415 -0.652275
v -0.642383 -0.383910 -0.690162
v -0.691212 -0.341954 -0.663757
v -0.650873 -0.336895 -0.701363
v -0.701227 -0.294394 -0.674392
v -0.660923 -0.289615 -0.712006
v -0.711468 -0.245359 -0.682733
v -0.672060 -0.241081 -0.720780
v -0.630369 -0.235603 -0.757546
v -0.683979 -0.191611 -0.727986
v -0.641824 -0.186375 -0.763526
v -0.692551 -0.140377 -0.730465
v -0.651428 -0.136271 -0.765617
v -0.697011 -0.087284 -0.729240
v -0.657033 -0.084666 -0.762392
v -0.615301 -0.079997 -0.795935
v -0.660658 -0.031411 -0.758888
v -0.620196 -0.029531 -0.791250
v -0.661591 0.023330 -0.756411
v -0.622744 0.021149 -0.788204
v -0.655305 0.077159 -0.751491
v -0.619195 0.070164 -0.783942
v -0.646704 0.129574 -0.748598
v -0.612263 0.117724 -0.781303
v -0.637019 0.181435 -0.747143
v -0.603719 0.164934 -0.780080
v -0.625483 0.234311 -0.746101
v -0.593597 0.212712 -0.779249
v -0.609445 0.286181 -0.743678
v -0.577105 0.260905 -0.776800
v -0.591324 0.338600 -0.742986
v -0.556925 0.309861 -0.775634
v -0.570125 0.388022 -0.741135
v -0.535983 0.356424 -0.777108
v -0.504145 0.321995 -0.810692
v -0.509594 0.396721 -0.772641
v -0.478171 0.361385 -0.811170
v -0.449294 0.324082 -0.844825
v -0.448577 0.395293 -0.807078
v -0.419206 0.357437 -0.844005
v -0.392543 0.316460 -0.873181
v -0.423045 0.282836 -0.869873
v -0.369061 0.272763 -0.895254
v -0.403238 0.243125 -0.892864
v -0.350662 0.229954 -0.914189
v -0.387894 0.203370 -0.905530
v -0.333575 0.186762 -0.924657
v -0.375942 0.163959 -0.912799
v -0.319296 0.144596 -0.933041
v -0.366746 0.124336 -0.919433
v -0.308120 0.102579 -0.940549
v -0.360671 0.085217 -0.925012
v -0.299919 0.059265 -0.947209
v -0.355795 0.044658 -0.930328
v -0.294556 0.015028 -0.952825
v -0.352557 0.003524 -0.935060
v -0.289974 -0.029740 -0.954908
v -0.348766 -0.038919 -0.935900
v -0.284892 -0.075387 -0.952663
v -0.343321 -0.082844 -0.933020
v -0.279874 -0.123153 -0.949896
v -0.336647 -0.129506 -0.929790
v -0.392082 -0.138040 -0.906552
v -0.329609 -0.179023 -0.925695
v -0.383760 -0.186795 -0.902151
v -0.322261 -0.229379 -0.918107
v -0.375441 -0.236318 -0.895136
v -0.312205 -0.278660 -0.901669
v -0.364786 -0.285052 -0.880721
v -0.416986 -0.294440 -0.857742
v -0.352410 -0.331971 -0.859293
v -0.404139 -0.340940 -0.837539
v -0.341362 -0.379548 -0.836855
v -0.392445 -0.387093 -0.815967
v -0.332898 -0.427708 -0.813282
v -0.382933 -0.433283 -0.793840
v -0.326770 -0.475853 -0.788975
v -0.375134 -0.479259 -0.771306
v -0.323198 -0.525619 -0.763040
v -0.369312 -0.526035 -0.747799
v -0.418477 -0.530542 -0.728297
v -0.368611 -0.576977 -0.720152
v -0.412870 -0.575085 -0.704319
v -0.376140 -0.630178 -0.686309
v -0.415842 -0.625012 -0.671616
v -0.384967 -0.670591 -0.636315
v -0.424141 -0.663370 -0.620617
v -0.396427 -0.701568 -0.579943
v -0.434900 -0.692871 -0.563149
v -0.410392 -0.727614 -0.524346
v -0.449017 -0.717962 -0.508373
v -0.426747 -0.750582 -0.472133
v -0.465208 -0.737675 -0.460010
v -0.501748 -0.721588 -0.449058
v -0.481995 -0.751016 -0.413549
v -0.519563 -0.731339 -0.406444
v -0.555106 -0.705927 -0.400845
v -0.541382 -0.741523 -0.365000
v -0.577792 -0.713435 -0.362080
v -0.611540 -0.680638 -0.361076
v -0.590829 -0.676643 -0.400231
v -0.647311 -0.649229 -0.368508
v -0.627662 -0.647752 -0.407553
v -0.682606 -0.619797 -0.381347
v -0.662178 -0.619390 -0.422279
v -0.714550 -0.588983 -0.396788
v -0.693322 -0.590012 -0.440184
v -0.741350 -0.554824 -0.413003
v -0.717701 -0.555751 -0.457779
v -0.690673 -0.555556 -0.499645
v -0.736414 -0.517598 -0.474636
v -0.707680 -0.517848 -0.517799
v -0.752919 -0.478192 -0.491852
v -0.724267 -0.479337 -0.536848
v -0.770103 -0.438517 -0.509684
v -0.741158 -0.439730 -0.555894
v -0.705669 -0.436043 -0.595967
v -0.755366 -0.396462 -0.572082
v -0.718728 -0.392481 -0.612239
v -0.764367 -0.349422 -0.582950
v -0.728727 -0.346097 -0.624101
v -0.773052 -0.301302 -0.592844
v -0.738683 -0.298386 -0.634841
v -0.784848 -0.252577 -0.603190
v -0.749000 -0.249103 -0.643409
v -0.795577 -0.201432 -0.611152
v -0.760270 -0.198514 -0.651276
v -0.723220 -0.195356 -0.690395
v -0.765914 -0.145271 -0.653940
v -0.730534 -0.143135 -0.693160
v -0.768209 -0.089584 -0.656875
v -0.734825 -0.089204 -0.694719
v -0.765913 -0.029195 -0.658142
v -0.733881 -0.030379 -0.693838
v -0.698219 -0.031362 -0.726900
v -0.730195 0.030090 -0.691652
v -0.696845 0.026639 -0.724537
v -0.721516 0.090121 -0.686166
v -0.688737 0.084261 -0.719302
v -0.712506 0.149304 -0.682288
v -0.679491 0.140373 -0.716141
v -0.702835 0.207608 -0.679369
v -0.669665 0.195876 -0.713963
v -0.692156 0.266424 -0.677369
v -0.658510 0.252077 -0.712169
v -0.679705 0.325701 -0.676740
v -0.644210 0.307729 -0.710794
v -0.663873 0.384732 -0.674065
v -0.628798 0.363836 -0.711286
v -0.637277 0.437408 -0.659859
v -0.605318 0.415969 -0.703163
v -0.609053 0.489332 -0.644811
v -0.577475 0.463032 -0.690907
v -0.542986 0.430593 -0.732834
v -0.548811 0.505537 -0.681792
v -0.514930 0.469550 -0.726069
v -0.480737 0.432468 -0.767381
v -0.486484 0.503658 -0.722812
v -0.451767 0.465071 -0.763833
v -0.417816 0.426802 -0.802982
v -0.421430 0.495275 -0.762104
v -0.386790 0.456129 -0.799817
v -0.354208 0.416767 -0.835978
v -0.387119 0.387979 -0.840041
v -0.326164 0.375150 -0.870960
v -0.359649 0.347301 -0.873436
v -0.301471 0.330055 -0.901082
v -0.335352 0.301839 -0.898433
v -0.277096 0.283563 -0.921014
v -0.314587 0.257431 -0.920173
v -0.255183 0.239375 -0.941723
v -0.294177 0.212797 -0.935114
v -0.234167 0.193498 -0.956156
v -0.275343 0.168127 -0.945349
v -0.215707 0.145597 -0.967248
v -0.260795 0.123006 -0.954125
v -0.200878 0.096269 -0.975643
v -0.249422 0.076698 -0.962068
v -0.189877 0.045701 -0.984286
v -0.240182 0.028964 -0.969378
v -0.180638 -0.005257 -0.990044
v -0.233753 -0.018876 -0.972943
v -0.173322 -0.056246 -0.988964
v -0.228091 -0.066905 -0.971259
v -0.168725 -0.109241 -0.986427
v -0.223466 -0.116844 -0.968750
v -0.165067 -0.165070 -0.979837
v -0.218946 -0.169200 -0.964345
v -0.274530 -0.173551 -0.945935
v -0.213811 -0.223225 -0.955476
v -0.268229 -0.225222 -0.937830
v -0.206616 -0.275984 -0.937909
v -0.259422 -0.275777 -0.920523
v -0.197434 -0.327518 -0.912523
v -0.249174 -0.325740 -0.896476
v -0.300866 -0.327001 -0.878891
v -0.240316 -0.376586 -0.871418
v -0.290934 -0.376458 -0.855019
v -0.233729 -0.426722 -0.846248
v -0.283074 -0.425309 -0.830904
v -0.230486 -0.477380 -0.819729
v -0.278686 -0.475079 -0.805169
v -0.231299 -0.530216 -0.790665
v -0.278106 -0.527444 -0.776787
v -0.236212 -0.585117 -0.758999
v -0.280868 -0.581998 -0.746369
v -0.325135 -0.579530 -0.733303
v -0.289375 -0.637959 -0.712571
v -0.333342 -0.634506 -0.700085
v -0.299012 -0.682324 -0.663039
v -0.343004 -0.677439 -0.650940
v -0.312518 -0.719925 -0.609348
v -0.355705 -0.711397 -0.595903
v -0.327220 -0.746994 -0.551748
v -0.369830 -0.737511 -0.539077
v -0.343240 -0.770991 -0.496782
v -0.385949 -0.761271 -0.484950
v -0.360149 -0.793871 -0.444072
v -0.402555 -0.782171 -0.433419
v -0.443370 -0.767901 -0.422697
v -0.419110 -0.798407 -0.382645
v -0.460802 -0.780858 -0.374455
v -0.501423 -0.762425 -0.368280
v -0.479191 -0.791968 -0.326859
v -0.521329 -0.771365 -0.323068
v -0.563111 -0.748968 -0.321497
v -0.539477 -0.776756 -0.276659
v -0.581223 -0.751335 -0.275128
v -0.621805 -0.723987 -0.275960
v -0.602075 -0.720899 -0.321218
v -0.654973 -0.687720 -0.276858
v -0.634140 -0.685609 -0.320728
v -0.688643 -0.653252 -0.282814
v -0.668288 -0.652247 -0.327548
v -0.722291 -0.620415 -0.292525
v -0.702790 -0.620650 -0.338193
v -0.754353 -0.587098 -0.304680
v -0.735166 -0.588615 -0.351887
v -0.784941 -0.553003 -0.318323
v -0.764414 -0.554674 -0.366887
v -0.807373 -0.512746 -0.331703
v -0.785280 -0.514696 -0.380820
v -0.761733 -0.516082 -0.428495
v -0.803364 -0.473286 -0.395343
v -0.779402 -0.475969 -0.444385
v -0.820062 -0.431398 -0.410412
v -0.796090 -0.435415 -0.460916
v -0.836625 -0.389464 -0.426160
v -0.813135 -0.394577 -0.477771
v -0.787052 -0.397755 -0.526886
v -0.825166 -0.349983 -0.491254
v -0.796199 -0.350797 -0.538342
v -0.833818 -0.301983 -0.501646
v -0.804433 -0.302420 -0.547971
v -0.848271 -0.254983 -0.514980
v -0.818537 -0.255310 -0.560660
v -0.851251 -0.202734 -0.520897
v -0.825765 -0.202992 -0.567662
v -0.847209 -0.146561 -0.522974
v -0.823321 -0.146789 -0.568522
v -0.797687 -0.146326 -0.612939
v -0.818284 -0.088529 -0.570570
v -0.794295 -0.088950 -0.614750
v -0.814308 -0.028626 -0.573304
v -0.790428 -0.028706 -0.616680
v -0.811530 0.033138 -0.574551
v -0.787887 0.033463 -0.617260
v -0.761725 0.032659 -0.656904
v -0.784207 0.096815 -0.614764
v -0.753784 0.094490 -0.651689
v -0.777204 0.160073 -0.609720
v -0.744983 0.155772 -0.646608
v -0.768086 0.223495 -0.605169
v -0.735792 0.216652 -0.642747
v -0.758314 0.287447 -0.602915
v -0.725515 0.278023 -0.640851
v -0.748096 0.351765 -0.601226
v -0.714636 0.339916 -0.640294
v -0.723602 0.411401 -0.587879
v -0.694668 0.399322 -0.631544
v -0.695367 0.470089 -0.571053
v -0.666746 0.454969 -0.615247
v -0.666977 0.529325 -0.553389
v -0.638801 0.511302 -0.599081
v -0.636130 0.587341 -0.535774
v -0.608649 0.564961 -0.585231
v -0.579514 0.537572 -0.633841
v -0.575685 0.605829 -0.580583
v -0.549496 0.574597 -0.630123
v -0.519009 0.540437 -0.677665
v -0.513887 0.606129 -0.631163
v -0.485609 0.570849 -0.677217
v -0.455315 0.534431 -0.722453
v -0.448087 0.598026 -0.678383
v -0.419836 0.562177 -0.722802
v -0.388273 0.524165 -0.762413
v -0.381090 0.588080 -0.723625
v -0.352276 0.552705 -0.764600
v -0.318624 0.511594 -0.796688
v -0.354016 0.484289 -0.797350
v -0.286567 0.470586 -0.829875
v -0.321295 0.444020 -0.832672
v -0.257158 0.428978 -0.864131
v -0.291994 0.402210 -0.867680
v -0.230103 0.385481 -0.896157
v -0.266202 0.358559 -0.900133
v -0.202926 0.339230 -0.920463
v -0.239770 0.311455 -0.921067
v -0.175657 0.290635 -0.939629
v -0.215226 0.265490 -0.942588
v -0.150985 0.241099 -0.957960
v -0.192867 0.218500 -0.961934
v -0.128486 0.190257 -0.975681
v -0.172780 0.168765 -0.977588
v -0.108968 0.136331 -0.985828
v -0.154939 0.116744 -0.985491
v -0.093228 0.080786 -0.995819
v -0.141156 0.063867 -0.996031
v -0.080305 0.023386 -1.007900
v -0.130091 0.009614 -1.005142
v -0.070023 -0.035111 -1.018389
v -0.121530 -0.045550 -1.006637
v -0.065376 -0.096581 -1.011923
v -0.116618 -0.102848 -1.001737
v -0.061167 -0.157248 -0.998346
v -0.113124 -0.161488 -0.991382
v -0.056390 -0.217475 -0.985662
v -0.108556 -0.221010 -0.980532
v -0.160576 -0.222375 -0.969912
v -0.102296 -0.280085 -0.966598
v -0.154525 -0.278420 -0.953539
v -0.093793 -0.335023 -0.942946
v -0.145834 -0.331352 -0.927590
v -0.084561 -0.388603 -0.916242
v -0.137010 -0.383859 -0.901568
v -0.189096 -0.379347 -0.886741
v -0.130802 -0.435882 -0.875190
v -0.183101 -0.430384 -0.860890
v -0.129816 -0.488700 -0.846672
v -0.181115 -0.481970 -0.833451
v -0.134840 -0.542866 -0.815614
v -0.183507 -0.535008 -0.803572
v -0.144309 -0.597601 -0.781992
v -0.190653 -0.590017 -0.771119
v -0.154506 -0.650671 -0.741176
v -0.200417 -0.646849 -0.734610
v -0.245122 -0.641935 -0.724297
v -0.209476 -0.691992 -0.682987
v -0.254287 -0.686715 -0.673485
v -0.222632 -0.732747 -0.628618
v -0.267803 -0.726447 -0.619951
v -0.237984 -0.764876 -0.571011
v -0.282911 -0.755791 -0.562301
v -0.254170 -0.790914 -0.514029
v -0.299069 -0.780815 -0.506551
v -0.271608 -0.815185 -0.459966
v -0.316394 -0.804802 -0.453382
v -0.288475 -0.837973 -0.407657
v -0.333770 -0.827536 -0.401798
v -0.377026 -0.813811 -0.392507
v -0.350210 -0.846637 -0.350780
v -0.393781 -0.829518 -0.341575
v -0.436775 -0.811235 -0.332982
v -0.409990 -0.842399 -0.291946
v -0.454556 -0.822386 -0.284850
v -0.497602 -0.800582 -0.279706
v -0.470339 -0.829668 -0.236793
v -0.514267 -0.806079 -0.231876
v -0.556466 -0.780522 -0.228947
v -0.527849 -0.809706 -0.183722
v -0.570385 -0.783022 -0.180694
v -0.612304 -0.755184 -0.179315
v -0.598200 -0.753218 -0.227625
v -0.653225 -0.725118 -0.179808
v -0.639096 -0.724717 -0.228627
v -0.687946 -0.688580 -0.181612
v -0.673095 -0.688164 -0.230264
v -0.721331 -0.650764 -0.185376
v -0.706284 -0.652013 -0.235197
v -0.753324 -0.615721 -0.193094
v -0.738931 -0.617730 -0.243883
v -0.784945 -0.580926 -0.203267
v -0.770505 -0.583479 -0.254949
v -0.816117 -0.546067 -0.215413
v -0.801849 -0.548970 -0.267676
v -0.842639 -0.507237 -0.228689
v -0.826856 -0.509709 -0.281029
v -0.864583 -0.465000 -0.242628
v -0.847425 -0.467343 -0.294930
v -0.826345 -0.470489 -0.345593
v -0.866364 -0.423657 -0.309176
v -0.843671 -0.427515 -0.359878
v -0.883594 -0.379248 -0.323958
v -0.860297 -0.384129 -0.374872
v -0.899449 -0.334108 -0.338578
v -0.875130 -0.339770 -0.389961
v -0.850792 -0.345783 -0.440986
v -0.888856 -0.293981 -0.404366
v -0.860498 -0.298715 -0.453221
v -0.904384 -0.248364 -0.419000
v -0.875558 -0.252096 -0.467487
v -0.903145 -0.195883 -0.425803
v -0.876462 -0.200603 -0.473386
v -0.897414 -0.140466 -0.431049
v -0.872030 -0.144361 -0.477184
v -0.892694 -0.083499 -0.435727
v -0.867416 -0.086550 -0.481356
v -0.842653 -0.087961 -0.526156
v -0.863365 -0.027178 -0.484825
v -0.838585 -0.028388 -0.529507
v -0.860175 0.034038 -0.486721
v -0.835609 0.032986 -0.530990
v -0.857819 0.097996 -0.487028
v -0.833776 0.097145 -0.530449
v -0.810049 0.097302 -0.573457
v -0.832527 0.164046 -0.528603
v -0.807108 0.162780 -0.570698
v -0.828443 0.232327 -0.526449
v -0.799933 0.228717 -0.567011
v -0.817927 0.300537 -0.521082
v -0.789978 0.294957 -0.563516
v -0.804179 0.367943 -0.513512
v -0.778378 0.360986 -0.559195
v -0.778182 0.430659 -0.498275
v -0.751448 0.421784 -0.543681
v -0.750847 0.492513 -0.480125
v -0.723144 0.482535 -0.526586
v -0.720736 0.552830 -0.459163
v -0.693679 0.543129 -0.507749
v -0.686668 0.610878 -0.436226
v -0.662445 0.602996 -0.486006
v -0.640122 0.658632 -0.417571
v -0.621735 0.652104 -0.473006
v -0.599593 0.632814 -0.527745
v -0.579253 0.687662 -0.475347
v -0.560592 0.665019 -0.530793
v -0.538682 0.637388 -0.582575
v -0.515373 0.691761 -0.533553
v -0.495593 0.665045 -0.584658
v -0.473931 0.633955 -0.633273
v -0.450605 0.689040 -0.586242
v -0.432134 0.659230 -0.636137
v -0.408069 0.623139 -0.680177
v -0.388937 0.682188 -0.638537
v -0.366451 0.647473 -0.682198
v -0.340066 0.612721 -0.723760
v -0.323087 0.670730 -0.683319
v -0.297644 0.636814 -0.723185
v -0.270774 0.602376 -0.762221
v -0.312723 0.578520 -0.764742
v -0.241056 0.563886 -0.795916
v -0.281195 0.538457 -0.797234
v -0.210983 0.523344 -0.826339
v -0.249835 0.497132 -0.828115
v -0.182701 0.482931 -0.859074
v -0.220979 0.455965 -0.861412
v -0.156255 0.441267 -0.891445
v -0.193880 0.413511 -0.893428
v -0.128281 0.393025 -0.912810
v -0.166217 0.366470 -0.917340
v -0.099727 0.341980 -0.931271
v -0.137571 0.316352 -0.935795
v -0.070824 0.289327 -0.948973
v -0.109938 0.264942 -0.953505
v -0.043738 0.234641 -0.965638
v -0.084844 0.212134 -0.970781
v -0.020142 0.176029 -0.977516
v -0.064140 0.155721 -0.982152
v -0.001459 0.114419 -0.987374
v -0.047093 0.097242 -0.991900
v 0.014228 0.051095 -0.998048
v -0.032493 0.037115 -1.003031
v 0.026763 -0.013947 -1.011148
v -0.020992 -0.024853 -1.016508
v 0.035779 -0.080403 -1.016019
v -0.014265 -0.089244 -1.015733
v 0.042404 -0.144739 -1.004293
v -0.009037 -0.151755 -1.002762
v 0.049611 -0.207584 -0.989608
v -0.003172 -0.212955 -0.988547
v 0.057662 -0.269033 -0.975190
v 0.004038 -0.273261 -0.974179
v -0.049502 -0.277360 -0.971888
v 0.011848 -0.332857 -0.956327
v -0.040989 -0.336049 -0.954189
v 0.018854 -0.390768 -0.930682
v -0.033092 -0.391985 -0.928503
v 0.022570 -0.451218 -0.906383
v -0.029042 -0.449381 -0.901750
v -0.079413 -0.442603 -0.888719
v -0.029862 -0.504828 -0.868472
v -0.079564 -0.497269 -0.858728
v -0.035849 -0.559360 -0.831486
v -0.085519 -0.552755 -0.826113
v -0.045480 -0.612403 -0.791668
v -0.096022 -0.607192 -0.790248
v -0.056881 -0.661538 -0.746946
v -0.106822 -0.656902 -0.746069
v -0.069367 -0.706618 -0.696338
v -0.117898 -0.702489 -0.694657
v -0.164295 -0.697004 -0.689912
v -0.131803 -0.746100 -0.641117
v -0.177543 -0.739268 -0.635726
v -0.147755 -0.783174 -0.584051
v -0.193173 -0.773970 -0.578174
v -0.163751 -0.810898 -0.524788
v -0.209175 -0.801245 -0.519920
v -0.179507 -0.834164 -0.467426
v -0.225912 -0.825127 -0.464156
v -0.194453 -0.855503 -0.412731
v -0.242069 -0.846685 -0.410576
v -0.207803 -0.875559 -0.361858
v -0.256201 -0.866611 -0.359941
v -0.303842 -0.858094 -0.356944
v -0.269508 -0.884192 -0.310802
v -0.317497 -0.874042 -0.306563
v -0.364507 -0.860514 -0.299877
v -0.329476 -0.885221 -0.256253
v -0.377188 -0.868923 -0.249686
v -0.424394 -0.850741 -0.242918
v -0.389553 -0.875461 -0.200745
v -0.437423 -0.856321 -0.194520
v -0.483559 -0.834254 -0.188535
v -0.448867 -0.860911 -0.145490
v -0.494356 -0.837875 -0.139335
v -0.537686 -0.812090 -0.134580
v -0.502558 -0.842449 -0.088898
v -0.545389 -0.816210 -0.083901
v -0.586545 -0.787719 -0.080716
v -0.579854 -0.784945 -0.131480
v -0.626073 -0.755753 -0.078685
v -0.621450 -0.756311 -0.129600
v -0.666372 -0.724177 -0.078060
v -0.662555 -0.725588 -0.129559
v -0.704697 -0.689871 -0.078924
v -0.698948 -0.689139 -0.130693
v -0.740497 -0.653516 -0.080850
v -0.732949 -0.651419 -0.133557
v -0.774728 -0.617689 -0.085280
v -0.765769 -0.615415 -0.139830
v -0.806562 -0.582182 -0.092610
v -0.797021 -0.580332 -0.149215
v -0.837523 -0.546592 -0.102454
v -0.827909 -0.545197 -0.160584
v -0.864278 -0.507772 -0.114172
v -0.854839 -0.506547 -0.173180
v -0.886737 -0.465525 -0.127210
v -0.877373 -0.464648 -0.186565
v -0.909387 -0.422802 -0.141220
v -0.900434 -0.421760 -0.200745
v -0.885753 -0.421341 -0.256775
v -0.921632 -0.377465 -0.215105
v -0.904231 -0.376412 -0.270987
v -0.940822 -0.331713 -0.230234
v -0.921322 -0.330956 -0.285593
v -0.957860 -0.283379 -0.246004
v -0.938688 -0.284383 -0.300452
v -0.915557 -0.288207 -0.353046
v -0.949463 -0.233543 -0.314074
v -0.928822 -0.240405 -0.367133
v -0.955580 -0.180445 -0.326534
v -0.929549 -0.188132 -0.377129
v -0.951692 -0.127434 -0.334289
v -0.923729 -0.134440 -0.383523
v -0.945373 -0.073250 -0.340708
v -0.918689 -0.078657 -0.388766
v -0.939732 -0.016215 -0.346193
v -0.913770 -0.021080 -0.393906
v -0.888385 -0.024720 -0.439702
v -0.909805 0.039315 -0.397245
v -0.884839 0.036194 -0.442262
v -0.906459 0.102183 -0.399254
v -0.881954 0.099719 -0.443589
v -0.904126 0.168933 -0.399703
v -0.879963 0.167124 -0.443094
v -0.856273 0.165514 -0.485804
v -0.878249 0.237687 -0.441171
v -0.854184 0.235199 -0.484324
v -0.865285 0.308239 -0.431604
v -0.842450 0.304637 -0.476788
v -0.849058 0.377833 -0.419059
v -0.826441 0.372854 -0.466506
v -0.826645 0.444104 -0.401788
v -0.803442 0.437855 -0.450969
v -0.802001 0.508838 -0.382019
v -0.777635 0.500949 -0.431933
v -0.765657 0.565842 -0.357073
v -0.745110 0.559621 -0.408299
v -0.719238 0.618528 -0.332907
v -0.705132 0.614427 -0.384293
v -0.667066 0.666793 -0.315103
v -0.655131 0.661696 -0.365329
v -0.614566 0.709776 -0.306649
v -0.604308 0.702782 -0.358762
v -0.591517 0.696600 -0.416111
v -0.555235 0.734545 -0.359911
v -0.545155 0.725811 -0.419655
v -0.532972 0.714362 -0.479317
v -0.500446 0.753045 -0.422469
v -0.485876 0.737143 -0.480209
v -0.468216 0.714151 -0.534079
v -0.439100 0.758762 -0.480792
v -0.421816 0.734861 -0.534648
v -0.405308 0.710296 -0.587721
v -0.375497 0.753816 -0.535255
v -0.359538 0.728660 -0.588089
v -0.343280 0.701666 -0.638719
v -0.313420 0.745340 -0.587759
v -0.296542 0.719071 -0.636770
v -0.277342 0.692018 -0.681635
v -0.249253 0.735365 -0.632515
v -0.229906 0.709530 -0.676266
v -0.207542 0.678471 -0.715407
v -0.253470 0.659454 -0.720740
v -0.182726 0.644951 -0.752039
v -0.227348 0.624537 -0.757744
v -0.154831 0.607791 -0.783639
v -0.198614 0.586417 -0.790337
v -0.125928 0.568728 -0.813799
v -0.169291 0.547016 -0.821032
v -0.098230 0.528648 -0.845004
v -0.141475 0.507129 -0.853067
v -0.071843 0.486695 -0.878119
v -0.114958 0.466127 -0.885898
v -0.045940 0.440444 -0.906587
v -0.088296 0.418064 -0.909297
v -0.019544 0.388631 -0.925385
v -0.060819 0.366444 -0.927698
v 0.008412 0.334264 -0.940157
v -0.031777 0.312898 -0.944299
v 0.036581 0.277295 -0.954757
v -0.003715 0.256614 -0.960116
v 0.062037 0.215178 -0.968273
v 0.021308 0.196186 -0.972748
v 0.084961 0.148560 -0.978029
v 0.042679 0.131832 -0.982673
v 0.103381 0.078892 -0.987077
v 0.059242 0.064977 -0.992967
v 0.119279 0.009757 -0.997706
v 0.073376 -0.002384 -1.005084
v 0.133117 -0.058822 -1.006654
v 0.084868 -0.069932 -1.012563
v 0.142048 -0.125630 -0.993630
v 0.092732 -0.135662 -1.000132
v 0.151284 -0.191073 -0.978598
v 0.100929 -0.199986 -0.984997
v 0.162606 -0.255294 -0.963815
v 0.110758 -0.263056 -0.971127
v 0.172626 -0.316312 -0.942029
v 0.119061 -0.323524 -0.949420
v 0.065307 -0.328729 -0.954330
v 0.125191 -0.382093 -0.924367
v 0.071378 -0.387116 -0.928851
v 0.129243 -0.442964 -0.901729
v 0.075145 -0.448316 -0.905856
v 0.126632 -0.495098 -0.862335
v 0.072913 -0.500969 -0.866095
v 0.021084 -0.504585 -0.868103
v 0.067118 -0.554207 -0.825961
v 0.014923 -0.557868 -0.827832
v 0.059141 -0.608248 -0.787449
v 0.005933 -0.612015 -0.789129
v 0.048155 -0.657191 -0.743358
v -0.005246 -0.662214 -0.746091
v 0.033955 -0.703017 -0.694606
v -0.018826 -0.707657 -0.696345
v 0.018454 -0.746927 -0.642764
v -0.033847 -0.751673 -0.643898
v -0.083803 -0.751534 -0.644046
v -0.049924 -0.787210 -0.586433
v -0.099739 -0.789906 -0.587523
v -0.065950 -0.815726 -0.527918
v -0.116198 -0.817610 -0.528173
v -0.080605 -0.841518 -0.471468
v -0.131401 -0.841434 -0.470603
v -0.094006 -0.866199 -0.417714
v -0.145433 -0.863658 -0.415935
v -0.106602 -0.889851 -0.366669
v -0.158240 -0.884427 -0.364351
v -0.118682 -0.911854 -0.316989
v -0.170410 -0.903950 -0.314353
v -0.220559 -0.894209 -0.312492
v -0.182321 -0.919869 -0.264614
v -0.232710 -0.908945 -0.263403
v -0.281311 -0.897573 -0.261177
v -0.245150 -0.922061 -0.213885
v -0.293612 -0.909675 -0.211480
v -0.341656 -0.894157 -0.206875
v -0.307402 -0.920134 -0.162300
v -0.354352 -0.900960 -0.157881
v -0.401484 -0.880689 -0.151974
v -0.364446 -0.902960 -0.107461
v -0.410584 -0.883382 -0.101873
v -0.457094 -0.864253 -0.095291
v -0.414311 -0.879002 -0.049779
v -0.460591 -0.862426 -0.043214
v -0.506426 -0.844128 -0.036750
v -0.460376 -0.853424 0.009249
v -0.505975 -0.836369 0.015355
v -0.550350 -0.815466 0.019516
v -0.549520 -0.819136 -0.032054
v -0.592724 -0.788105 0.021897
v -0.591345 -0.790265 -0.028981
v -0.633945 -0.756571 0.023902
v -0.632072 -0.758586 -0.027162
v -0.672353 -0.721555 0.025754
v -0.670450 -0.724264 -0.026341
v -0.709812 -0.685799 0.027295
v -0.709234 -0.690437 -0.026180
v -0.747487 -0.651383 0.028287
v -0.746570 -0.655781 -0.026818
v -0.784823 -0.618607 0.027619
v -0.781463 -0.620380 -0.029180
v -0.820319 -0.584269 0.023246
v -0.813608 -0.584233 -0.034746
v -0.849786 -0.545715 0.015860
v -0.844445 -0.547822 -0.043125
v -0.877381 -0.506099 0.005619
v -0.872164 -0.508737 -0.054242
v -0.902874 -0.464861 -0.006881
v -0.895383 -0.466911 -0.066927
v -0.927955 -0.423710 -0.020661
v -0.917571 -0.424418 -0.080711
v -0.948529 -0.378997 -0.035778
v -0.940755 -0.380683 -0.095462
v -0.933106 -0.379376 -0.156107
v -0.962825 -0.334791 -0.111139
v -0.956243 -0.334602 -0.171882
v -0.980718 -0.284695 -0.127542
v -0.972383 -0.284700 -0.187607
v -0.987237 -0.230304 -0.143696
v -0.978617 -0.230883 -0.202678
v -0.966027 -0.230860 -0.259644
v -0.989744 -0.175955 -0.217888
v -0.976028 -0.176342 -0.273233
v -0.999956 -0.121944 -0.229752
v -0.979365 -0.122700 -0.284057
v -0.988214 -0.065913 -0.236010
v -0.971807 -0.068004 -0.290358
v -0.977036 -0.007591 -0.243958
v -0.963284 -0.011180 -0.296679
v -0.974459 0.054193 -0.252709
v -0.960658 0.049356 -0.303502
v -0.935666 0.043873 -0.350723
v -0.955463 0.112948 -0.308055
v -0.932207 0.106689 -0.353871
v -0.946639 0.178975 -0.309262
v -0.926943 0.172685 -0.355756
v -0.927773 0.245738 -0.302823
v -0.912406 0.241014 -0.349142
v -0.898495 0.239109 -0.395823
v -0.901972 0.313734 -0.338749
v -0.885386 0.310964 -0.385303
v -0.890562 0.386659 -0.324070
v -0.870618 0.382291 -0.371606
v -0.862942 0.453158 -0.300649
v -0.846302 0.448938 -0.351318
v -0.834013 0.518453 -0.277717
v -0.820520 0.514323 -0.329888
v -0.787512 0.573757 -0.254087
v -0.778595 0.569850 -0.304971
v -0.735784 0.628552 -0.233558
v -0.728930 0.623210 -0.282385
v -0.681661 0.680976 -0.216961
v -0.675343 0.673662 -0.265463
v -0.628188 0.727618 -0.204931
v -0.621504 0.717770 -0.255576
v -0.575566 0.765764 -0.197032
v -0.569740 0.753970 -0.250583
v -0.563346 0.743767 -0.304502
v -0.521162 0.786441 -0.249195
v -0.516177 0.774081 -0.305213
v -0.509760 0.763059 -0.362889
v -0.470626 0.802387 -0.307704
v -0.464620 0.790120 -0.365868
v -0.455111 0.778597 -0.424742
v -0.417617 0.812989 -0.368225
v -0.408203 0.800266 -0.426475
v -0.392352 0.778476 -0.481784
v -0.360653 0.818270 -0.427960
v -0.345888 0.796226 -0.483106
v -0.329508 0.770883 -0.535987
v -0.299601 0.811715 -0.483662
v -0.283692 0.786314 -0.535651
v -0.267219 0.760980 -0.585698
v -0.237952 0.801161 -0.534136
v -0.221458 0.776479 -0.581856
v -0.203213 0.751365 -0.626952
v -0.175773 0.790976 -0.577478
v -0.157923 0.767139 -0.620436
v -0.137741 0.740336 -0.659901
v -0.183229 0.724899 -0.668751
v -0.115512 0.710378 -0.695904
v -0.161212 0.695025 -0.706989
v -0.092039 0.680809 -0.732118
v -0.137248 0.664101 -0.743861
v -0.066743 0.647793 -0.766240
v -0.110657 0.628805 -0.776415
v -0.039539 0.608149 -0.796065
v -0.082414 0.589131 -0.805926
v -0.011855 0.565996 -0.826270
v -0.054640 0.547965 -0.836604
v 0.015003 0.522479 -0.858327
v -0.028006 0.505186 -0.869134
v 0.041884 0.477564 -0.890951
v -0.001885 0.460233 -0.900834
v 0.069266 0.426200 -0.914444
v 0.024513 0.408249 -0.921385
v 0.096708 0.372408 -0.933597
v 0.051691 0.353839 -0.936863
v 0.122026 0.313579 -0.944298
v 0.078479 0.296208 -0.950290
v 0.145130 0.248900 -0.954323
v 0.103364 0.232894 -0.963739
v 0.167520 0.179385 -0.963345
v 0.126370 0.164283 -0.973173
v 0.189673 0.107506 -0.971521
v 0.146899 0.093058 -0.980482
v 0.209407 0.035535 -0.978640
v 0.164538 0.022473 -0.988885
v 0.227884 -0.034947 -0.988146
v 0.180758 -0.046589 -0.999045
v 0.239551 -0.104531 -0.976928
v 0.190997 -0.115082 -0.986389
v 0.251358 -0.171284 -0.963253
v 0.201285 -0.181399 -0.971507
v 0.263919 -0.234004 -0.941561
v 0.213651 -0.245365 -0.953958
v 0.277384 -0.295139 -0.918914
v 0.225652 -0.306758 -0.932016
v 0.287804 -0.354372 -0.892933
v 0.234279 -0.365718 -0.906148
v 0.179708 -0.374817 -0.916149
v 0.239941 -0.425358 -0.883615
v 0.184259 -0.434921 -0.893638
v 0.237763 -0.479133 -0.847973
v 0.181670 -0.487548 -0.856086
v 0.233455 -0.531637 -0.810091
v 0.176908 -0.540400 -0.817717
v 0.121394 -0.548036 -0.822962
v 0.170375 -0.593333 -0.779992
v 0.114172 -0.601308 -0.784689
v 0.158895 -0.640413 -0.734834
v 0.103120 -0.649067 -0.739929
v 0.144020 -0.688340 -0.689301
v 0.088550 -0.695792 -0.692630
v 0.126866 -0.732776 -0.639065
v 0.072368 -0.739936 -0.641624
v 0.109159 -0.768315 -0.581602
v 0.055815 -0.775342 -0.584261
v 0.002359 -0.781857 -0.585221
v 0.039904 -0.806261 -0.526230
v -0.013356 -0.811905 -0.527506
v 0.025206 -0.834783 -0.469972
v -0.027815 -0.838720 -0.471306
v 0.011982 -0.861265 -0.415780
v -0.041127 -0.864025 -0.417363
v -0.000482 -0.886564 -0.363874
v -0.053644 -0.888512 -0.365976
v -0.012680 -0.910651 -0.313767
v -0.065604 -0.912618 -0.316438
v -0.025128 -0.934205 -0.264048
v -0.077650 -0.935773 -0.267503
v -0.130447 -0.929776 -0.266844
v -0.091547 -0.954127 -0.217102
v -0.143798 -0.945365 -0.216865
v -0.195325 -0.933950 -0.215339
v -0.158629 -0.958747 -0.167044
v -0.209614 -0.947302 -0.165825
v -0.259025 -0.934343 -0.164399
v -0.223181 -0.952608 -0.114316
v -0.271083 -0.938027 -0.113639
v -0.318130 -0.921821 -0.111524
v -0.277139 -0.927299 -0.062021
v -0.322749 -0.911842 -0.059818
v -0.368421 -0.895741 -0.055538
v -0.324960 -0.901784 -0.006872
v -0.369624 -0.886305 -0.002928
v -0.414847 -0.870103 0.002669
v -0.370610 -0.877013 0.048573
v -0.415257 -0.860925 0.054008
v -0.460353 -0.844088 0.060525
v -0.505678 -0.825886 0.066162
v -0.415779 -0.852102 0.103227
v -0.460468 -0.834957 0.109392
v -0.505255 -0.815855 0.115134
v -0.459413 -0.826203 0.156219
v -0.503477 -0.806381 0.162011
v -0.547570 -0.784290 0.166573
v -0.549152 -0.794002 0.119254
v -0.549882 -0.805008 0.070123
v -0.592450 -0.769235 0.121895
v -0.592878 -0.780017 0.072637
v -0.634288 -0.739863 0.124730
v -0.634428 -0.749906 0.074562
v -0.677761 -0.710475 0.129340
v -0.675428 -0.717536 0.077463
v -0.720427 -0.680308 0.134351
v -0.713746 -0.682559 0.080461
v -0.758690 -0.644319 0.138750
v -0.750046 -0.646081 0.083084
v -0.791071 -0.603098 0.139876
v -0.786798 -0.610349 0.084201
v -0.822028 -0.562604 0.137129
v -0.823912 -0.577275 0.081488
v -0.853633 -0.523099 0.131340
v -0.853099 -0.538358 0.074219
v -0.880957 -0.483412 0.122134
v -0.881061 -0.498155 0.063939
v -0.902968 -0.440624 0.108879
v -0.907593 -0.457574 0.051969
v -0.927140 -0.398241 0.094429
v -0.933105 -0.416146 0.038494
v -0.950841 -0.354007 0.077968
v -0.952599 -0.369797 0.022613
v -0.967255 -0.304699 0.059794
v -0.967987 -0.320873 0.005098
v -0.965579 -0.330507 -0.051069
v -0.983100 -0.268806 -0.014352
v -0.985684 -0.280002 -0.068668
v -0.993022 -0.214152 -0.032896
v -0.995586 -0.225689 -0.086781
v -1.003694 -0.158694 -0.049076
v -1.006983 -0.170770 -0.102737
v -0.998370 -0.175827 -0.160115
v -1.016091 -0.120097 -0.117737
v -1.009402 -0.124471 -0.172748
v -1.001321 -0.064111 -0.130892
v -0.994619 -0.067054 -0.181039
v -0.994288 -0.001100 -0.143110
v -0.985969 -0.005268 -0.191799
v -0.989712 0.063971 -0.152778
v -0.982591 0.058891 -0.201936
v -0.985673 0.129196 -0.158688
v -0.977755 0.124050 -0.208414
v -0.967958 0.118717 -0.258148
v -0.968908 0.189456 -0.209646
v -0.958727 0.184576 -0.259762
v -0.951162 0.254115 -0.204317
v -0.940528 0.250278 -0.253956
v -0.944676 0.323011 -0.192975
v -0.932255 0.320840 -0.242795
v -0.918021 0.317390 -0.291282
v -0.916682 0.392180 -0.224532
v -0.906188 0.390362 -0.274897
v -0.883721 0.457619 -0.199945
v -0.875165 0.456410 -0.250204
v -0.852100 0.526080 -0.177233
v -0.843808 0.523051 -0.226829
v -0.803759 0.584125 -0.156566
v -0.795522 0.579436 -0.205145
v -0.749965 0.638762 -0.137446
v -0.743294 0.634778 -0.185599
v -0.694981 0.691888 -0.120291
v -0.688620 0.687644 -0.168557
v -0.639107 0.739816 -0.104566
v -0.633659 0.734895 -0.154321
v -0.582703 0.777039 -0.091770
v -0.578267 0.772566 -0.143774
v -0.529269 0.810160 -0.082552
v -0.526050 0.806730 -0.137833
v -0.525273 0.799749 -0.193503
v -0.474718 0.834476 -0.134248
v -0.477603 0.830578 -0.192920
v -0.474724 0.815677 -0.250344
v -0.428519 0.854140 -0.192490
v -0.427024 0.839419 -0.251484
v -0.423956 0.826425 -0.310040
v -0.379412 0.859194 -0.252352
v -0.376451 0.845871 -0.311626
v -0.369742 0.831446 -0.369782
v -0.329263 0.863476 -0.312838
v -0.322619 0.848358 -0.371071
v -0.313590 0.833964 -0.429082
v -0.276023 0.864654 -0.372213
v -0.267383 0.849423 -0.430135
v -0.253598 0.826269 -0.483738
v -0.221192 0.864373 -0.431951
v -0.207088 0.839616 -0.484047
v -0.191737 0.814792 -0.532293
v -0.160186 0.851301 -0.485204
v -0.144727 0.827108 -0.531333
v -0.128739 0.804195 -0.573541
v -0.097232 0.837983 -0.531184
v -0.080609 0.815436 -0.569985
v -0.063673 0.792900 -0.606542
v -0.111617 0.781410 -0.613500
v -0.045111 0.767741 -0.641212
v -0.092131 0.754907 -0.650244
v -0.024402 0.738618 -0.672730
v -0.070383 0.724797 -0.683736
v -0.002131 0.708992 -0.705242
v -0.047199 0.695434 -0.718775
v 0.021482 0.677508 -0.738648
v -0.023093 0.663952 -0.753217
v 0.046097 0.640596 -0.769431
v 0.002836 0.625639 -0.783953
v 0.071334 0.599447 -0.797984
v 0.029615 0.583596 -0.813653
v 0.097664 0.557618 -0.830401
v 0.056615 0.540118 -0.845647
v 0.124376 0.514336 -0.863592
v 0.083737 0.495175 -0.878250
v 0.153652 0.465575 -0.888837
v 0.112373 0.444278 -0.902973
v 0.182236 0.409383 -0.900199
v 0.140887 0.390293 -0.919966
v 0.205200 0.345415 -0.907375
v 0.164628 0.329404 -0.927109
v 0.226059 0.277622 -0.916453
v 0.185586 0.263107 -0.935680
v 0.246810 0.207345 -0.926239
v 0.206972 0.193300 -0.945009
v 0.269085 0.135169 -0.935937
v 0.229664 0.121319 -0.954534
v 0.292673 0.061441 -0.945701
v 0.252136 0.048547 -0.963843
v 0.315967 -0.011101 -0.955411
v 0.273214 -0.022792 -0.973606
v 0.333109 -0.081156 -0.947625
v 0.286869 -0.093363 -0.963325
v 0.348747 -0.146497 -0.932857
v 0.300993 -0.160005 -0.950283
v 0.363439 -0.207140 -0.909578
v 0.314075 -0.221283 -0.926710
v 0.378559 -0.266853 -0.885857
v 0.328313 -0.281585 -0.903108
v 0.390316 -0.326900 -0.860331
v 0.339461 -0.341310 -0.877242
v 0.400671 -0.388100 -0.834742
v 0.348831 -0.402514 -0.853322
v 0.295160 -0.414670 -0.869430
v 0.351131 -0.460376 -0.822013
v 0.294769 -0.470427 -0.836986
v 0.346421 -0.514789 -0.785205
v 0.290064 -0.522606 -0.799170
v 0.335510 -0.561278 -0.738933
v 0.282191 -0.571489 -0.756972
v 0.227255 -0.583571 -0.771565
v 0.269734 -0.621150 -0.713446
v 0.215089 -0.631028 -0.726330
v 0.254569 -0.675169 -0.672226
v 0.199879 -0.681849 -0.683106
v 0.234621 -0.720764 -0.622400
v 0.181409 -0.726865 -0.633918
v 0.212492 -0.756578 -0.565578
v 0.161695 -0.762194 -0.576039
v 0.192738 -0.789043 -0.506547
v 0.143463 -0.793263 -0.516149
v 0.092356 -0.799258 -0.522510
v 0.128347 -0.822742 -0.458168
v 0.077295 -0.828467 -0.465499
v 0.115940 -0.850350 -0.403178
v 0.064266 -0.855919 -0.411046
v 0.104103 -0.876947 -0.351044
v 0.052093 -0.882356 -0.359054
v 0.091767 -0.902407 -0.301396
v 0.039860 -0.907397 -0.308980
v 0.077969 -0.927205 -0.252111
v 0.026835 -0.931058 -0.259046
v 0.062560 -0.946966 -0.199735
v 0.012261 -0.950231 -0.206708
v -0.039180 -0.953861 -0.212911
v -0.004608 -0.966355 -0.153953
v -0.055178 -0.969280 -0.161422
v -0.106841 -0.966944 -0.165906
v -0.073073 -0.976996 -0.109117
v -0.122836 -0.970351 -0.113040
v -0.173031 -0.962352 -0.114602
v -0.136455 -0.962283 -0.060096
v -0.184160 -0.953449 -0.061952
v -0.231413 -0.942165 -0.062502
v -0.192352 -0.944549 -0.008518
v -0.237080 -0.931293 -0.009381
v -0.280858 -0.916675 -0.008889
v -0.239888 -0.920935 0.043798
v -0.283098 -0.906705 0.043745
v -0.326543 -0.892200 0.045171
v -0.285374 -0.897265 0.094159
v -0.328198 -0.883094 0.095003
v -0.371674 -0.868103 0.098064
v -0.329908 -0.874407 0.142556
v -0.372513 -0.859702 0.145361
v -0.415731 -0.843895 0.150297
v -0.372461 -0.851786 0.191042
v -0.414385 -0.836390 0.195754
v -0.456813 -0.818182 0.201202
v -0.411705 -0.829858 0.239524
v -0.453199 -0.811650 0.244584
v -0.496345 -0.791258 0.250271
v -0.500301 -0.797942 0.206783
v -0.540618 -0.767847 0.255866
v -0.544542 -0.775884 0.212110
v -0.583884 -0.740876 0.261062
v -0.588772 -0.751979 0.216951
v -0.591504 -0.760542 0.170168
v -0.632242 -0.724416 0.222293
v -0.634723 -0.733419 0.174463
v -0.675151 -0.693444 0.229430
v -0.678507 -0.704316 0.180540
v -0.717072 -0.659145 0.237399
v -0.721621 -0.672012 0.187131
v -0.750806 -0.616640 0.242172
v -0.756319 -0.631716 0.191292
v -0.784220 -0.573962 0.245639
v -0.789451 -0.589500 0.193415
v -0.818501 -0.532218 0.247237
v -0.823389 -0.548996 0.192882
v -0.847785 -0.488626 0.244173
v -0.855552 -0.508526 0.188784
v -0.869132 -0.442593 0.234747
v -0.874920 -0.463166 0.178432
v -0.895501 -0.400954 0.223480
v -0.896885 -0.420081 0.165798
v -0.919121 -0.357714 0.207867
v -0.925424 -0.380241 0.151586
v -0.937650 -0.310473 0.188977
v -0.947914 -0.335070 0.134591
v -0.955430 -0.261696 0.168959
v -0.963138 -0.285089 0.114586
v -0.972096 -0.211463 0.147681
v -0.975544 -0.233711 0.093373
v -0.979045 -0.252371 0.039569
v -0.986161 -0.180049 0.073333
v -0.989543 -0.198009 0.020461
v -0.996230 -0.125804 0.056562
v -0.999954 -0.143506 0.003804
v -1.004630 -0.071336 0.040739
v -1.009821 -0.089649 -0.012406
v -1.013345 -0.105904 -0.064728
v -1.009582 -0.036415 -0.029442
v -1.006574 -0.052597 -0.081073
v -1.006007 0.020132 -0.043918
v -1.001205 0.008197 -0.093877
v -0.999554 0.080111 -0.052566
v -0.995611 0.071004 -0.103692
v -0.995401 0.141676 -0.056358
v -0.991433 0.135065 -0.108447
v -0.983590 0.203082 -0.053296
v -0.981298 0.198664 -0.106878
v -0.976091 0.193966 -0.158617
v -0.964351 0.260431 -0.099470
v -0.958350 0.257279 -0.152294
v -0.949977 0.323773 -0.088009
v -0.948969 0.323528 -0.140857
v -0.927041 0.387883 -0.072308
v -0.924262 0.388317 -0.123559
v -0.922402 0.390719 -0.173964
v -0.897397 0.455326 -0.102388
v -0.890708 0.457055 -0.150813
v -0.863376 0.521284 -0.080448
v -0.858220 0.525298 -0.128456
v -0.811307 0.577718 -0.059745
v -0.808231 0.582951 -0.107694
v -0.754245 0.630754 -0.041448
v -0.751878 0.635839 -0.089335
v -0.698739 0.682501 -0.023284
v -0.696563 0.688335 -0.071714
v -0.643446 0.730026 -0.003769
v -0.641592 0.736838 -0.053817
v -0.589076 0.772270 0.014645
v -0.586439 0.776625 -0.038146
v -0.534672 0.806735 0.027400
v -0.532366 0.809209 -0.027113
v -0.477943 0.830861 0.036826
v -0.476444 0.831733 -0.018728
v -0.474604 0.833940 -0.075744
v -0.422222 0.852658 -0.010790
v -0.422118 0.853946 -0.070278
v -0.424044 0.855016 -0.131405
v -0.372093 0.872287 -0.065286
v -0.375522 0.873269 -0.128760
v -0.380424 0.873526 -0.192038
v -0.328171 0.889379 -0.126719
v -0.333406 0.890775 -0.191446
v -0.332317 0.876566 -0.252885
v -0.287170 0.905437 -0.191445
v -0.285730 0.891662 -0.253227
v -0.282599 0.879931 -0.313565
v -0.239277 0.904954 -0.253323
v -0.236337 0.895444 -0.314461
v -0.230083 0.880601 -0.374058
v -0.189994 0.908138 -0.315635
v -0.184746 0.894236 -0.376676
v -0.174805 0.877380 -0.434880
v -0.138867 0.900244 -0.379295
v -0.128215 0.885261 -0.437860
v -0.113347 0.860993 -0.487419
v -0.080512 0.884472 -0.439863
v -0.065195 0.861288 -0.487489
v -0.048477 0.840429 -0.528183
v -0.016662 0.858307 -0.489240
v 0.000548 0.839536 -0.525062
v 0.018773 0.822208 -0.557796
v -0.031294 0.820726 -0.564460
v 0.037573 0.804739 -0.589815
v -0.014054 0.800596 -0.599011
v 0.057350 0.784196 -0.620913
v 0.004250 0.777755 -0.632004
v 0.077710 0.756285 -0.648239
v 0.024400 0.749120 -0.661363
v 0.098723 0.727085 -0.676292
v 0.045783 0.719501 -0.691436
v 0.120448 0.696540 -0.705857
v 0.068545 0.688155 -0.723024
v 0.142644 0.663676 -0.735976
v 0.091983 0.652913 -0.753170
v 0.164989 0.624747 -0.762069
v 0.115837 0.612956 -0.780176
v 0.189241 0.584874 -0.791321
v 0.141493 0.572937 -0.811670
v 0.214570 0.545905 -0.823831
v 0.167679 0.532636 -0.845088
v 0.240634 0.501852 -0.854011
v 0.194945 0.486736 -0.873015
v 0.261802 0.442133 -0.861806
v 0.221245 0.427716 -0.880894
v 0.284259 0.374279 -0.870111
v 0.244280 0.360827 -0.888632
v 0.306104 0.304137 -0.879386
v 0.266002 0.291746 -0.897700
v 0.327348 0.233172 -0.889109
v 0.286899 0.220834 -0.907545
v 0.348794 0.161226 -0.899043
v 0.308685 0.148608 -0.917443
v 0.371945 0.087234 -0.909092
v 0.332434 0.074369 -0.927317
v 0.399013 0.015620 -0.917074
v 0.357717 0.001486 -0.936596
v 0.421939 -0.051282 -0.908850
v 0.378299 -0.067114 -0.929911
v 0.439174 -0.113888 -0.887350
v 0.394772 -0.130589 -0.911494
v 0.457967 -0.174429 -0.866664
v 0.411872 -0.191232 -0.890157
v 0.475173 -0.234900 -0.844987
v 0.427847 -0.251258 -0.867242
v 0.485573 -0.294162 -0.815824
v 0.439073 -0.310845 -0.839957
v 0.494170 -0.355140 -0.787068
v 0.449293 -0.371951 -0.813005
v 0.496186 -0.416379 -0.751654
v 0.450334 -0.430500 -0.775575
v 0.401847 -0.445500 -0.799346
v 0.447524 -0.489381 -0.736981
v 0.399332 -0.502225 -0.762551
v 0.437289 -0.544443 -0.693771
v 0.387417 -0.552475 -0.717611
v 0.419626 -0.594243 -0.645444
v 0.371909 -0.602492 -0.671946
v 0.322503 -0.611749 -0.695470
v 0.353737 -0.655238 -0.627713
v 0.307632 -0.667209 -0.654147
v 0.331913 -0.703942 -0.580413
v 0.285229 -0.713988 -0.605236
v 0.308802 -0.745851 -0.529752
v 0.260779 -0.751261 -0.550827
v 0.290667 -0.781960 -0.475101
v 0.241531 -0.785899 -0.492901
v 0.280200 -0.813413 -0.418454
v 0.228910 -0.816031 -0.434845
v 0.178368 -0.818720 -0.447995
v 0.219654 -0.843625 -0.379019
v 0.167426 -0.846424 -0.392404
v 0.210211 -0.869922 -0.326211
v 0.156419 -0.872820 -0.340145
v 0.198425 -0.894743 -0.277591
v 0.143926 -0.897871 -0.291305
v 0.183734 -0.918685 -0.232072
v 0.129377 -0.922776 -0.243249
v 0.166474 -0.940456 -0.183848
v 0.113238 -0.943825 -0.192278
v 0.147927 -0.955575 -0.130824
v 0.096081 -0.959306 -0.138125
v 0.045772 -0.962798 -0.145734
v 0.077851 -0.973875 -0.084273
v 0.027290 -0.976845 -0.093409
v -0.023259 -0.978525 -0.102080
v 0.009018 -0.982791 -0.041334
v -0.040236 -0.979063 -0.049420
v -0.088632 -0.971267 -0.055860
v -0.052803 -0.972535 0.003543
v -0.099589 -0.963352 -0.002739
v -0.146211 -0.954555 -0.006574
v -0.107984 -0.956672 0.051533
v -0.152596 -0.946933 0.047405
v -0.196723 -0.934784 0.044991
v -0.158259 -0.937413 0.100765
v -0.200408 -0.924493 0.097320
v -0.242695 -0.911088 0.095036
v -0.205841 -0.914072 0.147326
v -0.246743 -0.901434 0.143754
v -0.288069 -0.888239 0.142059
v -0.251748 -0.891786 0.190827
v -0.290985 -0.879330 0.188432
v -0.331269 -0.866021 0.188452
v -0.293732 -0.870630 0.233269
v -0.331818 -0.858145 0.232728
v -0.371236 -0.844644 0.235206
v -0.331774 -0.850575 0.275836
v -0.368788 -0.837083 0.277644
v -0.407309 -0.821394 0.281067
v -0.365703 -0.828984 0.318129
v -0.403048 -0.812842 0.320469
v -0.443287 -0.794198 0.323604
v -0.447901 -0.803184 0.285311
v -0.485833 -0.772727 0.328366
v -0.491205 -0.783020 0.290648
v -0.527740 -0.746458 0.334523
v -0.534966 -0.758193 0.296483
v -0.569095 -0.717295 0.342427
v -0.577464 -0.728726 0.302493
v -0.609055 -0.686894 0.352716
v -0.618899 -0.698043 0.310330
v -0.626402 -0.711094 0.267083
v -0.660448 -0.666489 0.320914
v -0.668801 -0.679551 0.275700
v -0.700562 -0.631888 0.332509
v -0.710521 -0.645355 0.285747
v -0.732123 -0.588239 0.339686
v -0.743824 -0.602623 0.291921
v -0.764110 -0.544368 0.345401
v -0.776876 -0.559195 0.296762
v -0.796777 -0.500054 0.349809
v -0.809871 -0.515977 0.299503
v -0.821552 -0.451236 0.347888
v -0.835540 -0.468706 0.296839
v -0.846610 -0.403720 0.341981
v -0.860575 -0.422832 0.290041
v -0.868817 -0.356216 0.330017
v -0.885240 -0.378304 0.278295
v -0.890638 -0.307900 0.313449
v -0.905683 -0.331627 0.261418
v -0.913363 -0.259061 0.295460
v -0.925882 -0.283730 0.242425
v -0.936192 -0.210580 0.277399
v -0.946515 -0.235278 0.222921
v -0.958505 -0.161535 0.258518
v -0.967292 -0.186784 0.203004
v -0.970315 -0.111486 0.239129
v -0.978339 -0.135644 0.182903
v -0.982941 -0.159032 0.127547
v -0.987319 -0.083318 0.166300
v -0.992423 -0.105513 0.110529
v -0.995446 -0.030628 0.152415
v -1.000170 -0.051585 0.095553
v -0.999858 0.021284 0.139628
v -1.003777 0.001084 0.081387
v -1.007336 -0.018367 0.024762
v -1.000104 0.052512 0.068100
v -1.005637 0.034491 0.010454
v -1.000327 0.106001 0.059864
v -1.001235 0.091510 0.001967
v -0.995152 0.161312 0.056601
v -0.997191 0.149990 -0.001868
v -0.976654 0.216819 0.060108
v -0.982185 0.208672 0.001761
v -0.955607 0.273067 0.067946
v -0.962872 0.267564 0.010552
v -0.966813 0.263499 -0.045106
v -0.943677 0.328424 0.021375
v -0.948267 0.325419 -0.033826
v -0.925380 0.391356 0.035410
v -0.928504 0.389491 -0.019310
v -0.904179 0.448444 0.049814
v -0.907917 0.450934 -0.003181
v -0.904124 0.453408 -0.053532
v -0.866377 0.502703 0.014539
v -0.866812 0.513489 -0.032667
v -0.811508 0.556945 0.033605
v -0.812664 0.568366 -0.012673
v -0.755027 0.612296 0.052219
v -0.756122 0.623116 0.005893
v -0.700436 0.664265 0.071489
v -0.701040 0.675018 0.024635
v -0.647299 0.713921 0.092212
v -0.645882 0.722474 0.044824
v -0.595035 0.762741 0.112892
v -0.592410 0.767353 0.065065
v -0.538736 0.803675 0.128965
v -0.537107 0.805396 0.079539
v -0.478286 0.832753 0.142104
v -0.478934 0.832580 0.090526
v -0.416500 0.850991 0.155255
v -0.420019 0.851497 0.102115
v -0.421839 0.851752 0.046414
v -0.362217 0.868225 0.111902
v -0.366777 0.869092 0.055322
v -0.369782 0.870585 -0.003876
v -0.312717 0.885318 0.060271
v -0.318693 0.886216 0.000652
v -0.323420 0.887711 -0.061799
v -0.268197 0.901687 0.001362
v -0.275462 0.902400 -0.061066
v -0.281813 0.903642 -0.125882
v -0.227653 0.917268 -0.063172
v -0.236020 0.917890 -0.126705
v -0.241720 0.919717 -0.191905
v -0.189952 0.932663 -0.129644
v -0.196730 0.933989 -0.192957
v -0.192784 0.916842 -0.253749
v -0.150672 0.948666 -0.196565
v -0.147807 0.931124 -0.257343
v -0.144340 0.916347 -0.318707
v -0.104164 0.943409 -0.263620
v -0.099944 0.922257 -0.323418
v -0.092869 0.901922 -0.382700
v -0.056695 0.926040 -0.329084
v -0.048517 0.903648 -0.387642
v -0.033910 0.881208 -0.444225
v -0.006144 0.901749 -0.395914
v 0.010898 0.875483 -0.452115
v 0.030992 0.854230 -0.491996
v 0.081463 0.850641 -0.490315
v 0.106250 0.837774 -0.510088
v 0.050365 0.838132 -0.521295
v 0.129501 0.825080 -0.529237
v 0.071520 0.822838 -0.548285
v 0.152230 0.809087 -0.554094
v 0.093296 0.806841 -0.575999
v 0.173507 0.790946 -0.581241
v 0.114883 0.787996 -0.604685
v 0.193908 0.765836 -0.607271
v 0.135345 0.761569 -0.630539
v 0.213945 0.737685 -0.633387
v 0.155973 0.732897 -0.657230
v 0.234472 0.707920 -0.661527
v 0.177096 0.702975 -0.685685
v 0.255326 0.677007 -0.691691
v 0.198597 0.671849 -0.715947
v 0.275622 0.641107 -0.719903
v 0.219329 0.634244 -0.742660
v 0.294996 0.599806 -0.744814
v 0.240876 0.593574 -0.769104
v 0.316961 0.558356 -0.774619
v 0.265028 0.553799 -0.800072
v 0.341773 0.515087 -0.808406
v 0.289911 0.511563 -0.832544
v 0.356071 0.454730 -0.822815
v 0.307108 0.450896 -0.842548
v 0.371466 0.389049 -0.833578
v 0.325962 0.383537 -0.852024
v 0.391462 0.321426 -0.842777
v 0.347405 0.313917 -0.861301
v 0.412749 0.252484 -0.851983
v 0.369100 0.243711 -0.870655
v 0.433633 0.181998 -0.862213
v 0.390142 0.172459 -0.880580
v 0.455429 0.110927 -0.870574
v 0.412974 0.099862 -0.890811
v 0.480510 0.042571 -0.870874
v 0.440575 0.029945 -0.897041
v 0.505175 -0.021873 -0.858598
v 0.464859 -0.036672 -0.886747
v 0.526718 -0.082548 -0.836119
v 0.483416 -0.098099 -0.862844
v 0.546863 -0.142403 -0.814265
v 0.502984 -0.158269 -0.841351
v 0.563269 -0.202448 -0.790060
v 0.520624 -0.218502 -0.819141
v 0.574707 -0.263511 -0.761478
v 0.531314 -0.278600 -0.790039
v 0.579810 -0.325498 -0.729410
v 0.537740 -0.339889 -0.759339
v 0.583064 -0.390529 -0.697435
v 0.540467 -0.403221 -0.725925
v 0.575662 -0.450397 -0.652937
v 0.534582 -0.462526 -0.682003
v 0.492459 -0.476057 -0.710213
v 0.525305 -0.521862 -0.636608
v 0.483424 -0.533875 -0.666400
v 0.505654 -0.574235 -0.586498
v 0.463306 -0.584512 -0.616518
v 0.483863 -0.624249 -0.536492
v 0.441314 -0.634511 -0.567113
v 0.398280 -0.644767 -0.597924
v 0.421240 -0.683455 -0.519225
v 0.376810 -0.693859 -0.550769
v 0.404099 -0.727549 -0.471909
v 0.356305 -0.737472 -0.502570
v 0.389169 -0.762543 -0.421473
v 0.339614 -0.772642 -0.450350
v 0.380545 -0.794044 -0.367344
v 0.330471 -0.804511 -0.395157
v 0.376014 -0.823890 -0.311182
v 0.325331 -0.834098 -0.339593
v 0.273088 -0.841595 -0.362695
v 0.319808 -0.862977 -0.285585
v 0.266056 -0.868100 -0.309011
v 0.309701 -0.891942 -0.233299
v 0.255745 -0.893793 -0.258938
v 0.293562 -0.916506 -0.181736
v 0.240858 -0.918121 -0.212429
v 0.270267 -0.933933 -0.132209
v 0.221371 -0.938378 -0.166792
v 0.242883 -0.950643 -0.081914
v 0.197828 -0.953755 -0.115864
v 0.212357 -0.963341 -0.028711
v 0.172409 -0.966657 -0.060274
v 0.127865 -0.969841 -0.075421
v 0.145049 -0.975670 -0.001682
v 0.105095 -0.979046 -0.018147
v 0.058206 -0.981679 -0.030659
v 0.079779 -0.981710 0.041306
v 0.038230 -0.982876 0.025811
v -0.006465 -0.980106 0.012911
v 0.017803 -0.979066 0.084265
v -0.021985 -0.973700 0.070111
v -0.064058 -0.965314 0.058768
v -0.038777 -0.964972 0.128791
v -0.077116 -0.957991 0.116435
v -0.116910 -0.948798 0.106952
v -0.091366 -0.946387 0.172879
v -0.127630 -0.936878 0.161364
v -0.165663 -0.926018 0.152896
v -0.140103 -0.923964 0.212882
v -0.175444 -0.914387 0.202469
v -0.213246 -0.903479 0.195490
v -0.186107 -0.902937 0.249508
v -0.220740 -0.893120 0.241624
v -0.256769 -0.882255 0.236440
v -0.228406 -0.882844 0.285948
v -0.261642 -0.872938 0.280344
v -0.296193 -0.862212 0.276849
v -0.265922 -0.863685 0.322561
v -0.297970 -0.854034 0.318905
v -0.331080 -0.842858 0.317438
v -0.298689 -0.845538 0.358519
v -0.330037 -0.834769 0.356100
v -0.363476 -0.821089 0.355536
v -0.328722 -0.827536 0.390397
v -0.361440 -0.814109 0.389280
v -0.397807 -0.797924 0.390767
v -0.400405 -0.805252 0.356908
v -0.436349 -0.777795 0.394584
v -0.440320 -0.786810 0.360043
v -0.473332 -0.753797 0.401285
v -0.481530 -0.764598 0.365466
v -0.508503 -0.726528 0.410992
v -0.520437 -0.736787 0.372961
v -0.543647 -0.698269 0.422972
v -0.558791 -0.707532 0.382651
v -0.577995 -0.669536 0.437059
v -0.595904 -0.677775 0.395142
v -0.613342 -0.638946 0.452272
v -0.633526 -0.646766 0.409178
v -0.648785 -0.655374 0.365271
v -0.666177 -0.607980 0.420505
v -0.685255 -0.618905 0.377183
v -0.695724 -0.563921 0.429175
v -0.715491 -0.574883 0.385177
v -0.727017 -0.519045 0.437106
v -0.747069 -0.530446 0.392077
v -0.758107 -0.472970 0.442983
v -0.779075 -0.485466 0.397377
v -0.784504 -0.423469 0.443375
v -0.804612 -0.436132 0.396676
v -0.807202 -0.371882 0.438738
v -0.827799 -0.386293 0.390815
v -0.831441 -0.320825 0.429809
v -0.850954 -0.336722 0.380292
v -0.856505 -0.272398 0.415792
v -0.875125 -0.288148 0.364841
v -0.880904 -0.222912 0.399618
v -0.898869 -0.239682 0.348159
v -0.902267 -0.171599 0.381936
v -0.921044 -0.189223 0.330348
v -0.921941 -0.120666 0.366247
v -0.941924 -0.138525 0.312342
v -0.939293 -0.071046 0.353260
v -0.957937 -0.088951 0.296183
v -0.948640 -0.021966 0.341604
v -0.968612 -0.039970 0.282619
v -0.979314 -0.060993 0.223288
v -0.975279 0.009541 0.271394
v -0.987359 -0.009644 0.210925
v -0.975017 0.058712 0.261372
v -0.990726 0.041889 0.199119
v -0.968546 0.106620 0.252341
v -0.983549 0.090649 0.188166
v -0.993518 0.071855 0.126977
v -0.978888 0.138857 0.181831
v -0.994790 0.122706 0.119774
v -0.970809 0.187777 0.181848
v -0.987570 0.175162 0.118149
v -0.951619 0.236227 0.183920
v -0.966338 0.226368 0.120698
v -0.936344 0.287624 0.189588
v -0.947157 0.280131 0.127905
v -0.921817 0.340544 0.196073
v -0.932049 0.335793 0.136202
v -0.938708 0.331800 0.077347
v -0.910961 0.390606 0.145107
v -0.919618 0.390883 0.089754
v -0.884652 0.442582 0.154669
v -0.895577 0.445122 0.101957
v -0.841442 0.487989 0.162906
v -0.851738 0.491098 0.112718
v -0.860835 0.495241 0.063086
v -0.800946 0.542425 0.127341
v -0.807161 0.548850 0.080351
v -0.748164 0.594253 0.143590
v -0.752548 0.602412 0.097940
v -0.694799 0.645410 0.162285
v -0.698382 0.654013 0.117369
v -0.641475 0.695990 0.182386
v -0.645314 0.704365 0.137908
v -0.589189 0.746614 0.202804
v -0.592633 0.754240 0.158545
v -0.535257 0.792471 0.221706
v -0.536826 0.797580 0.175693
v -0.474109 0.821934 0.238122
v -0.476030 0.827905 0.191058
v -0.411332 0.846400 0.254807
v -0.413593 0.849725 0.206408
v -0.346264 0.860661 0.266547
v -0.350620 0.866241 0.217932
v -0.356145 0.868032 0.166814
v -0.288477 0.882167 0.223988
v -0.296523 0.885338 0.172404
v -0.305277 0.885159 0.117560
v -0.236904 0.902812 0.173442
v -0.248278 0.902459 0.118642
v -0.259004 0.901828 0.060616
v -0.191166 0.919877 0.114197
v -0.205560 0.918465 0.056233
v -0.217800 0.917429 -0.002324
v -0.151753 0.935914 0.045834
v -0.166575 0.933820 -0.011080
v -0.178904 0.932768 -0.069057
v -0.111995 0.951790 -0.027465
v -0.126345 0.950023 -0.081197
v -0.140940 0.949158 -0.136795
v -0.071226 0.968777 -0.101397
v -0.088339 0.965959 -0.152501
v -0.101755 0.960240 -0.205892
v -0.031411 0.969369 -0.178659
v -0.045544 0.960185 -0.225436
v -0.056644 0.947017 -0.272194
v 0.011811 0.950548 -0.251969
v -0.000092 0.941491 -0.295080
v -0.008772 0.924662 -0.340740
v 0.054566 0.929953 -0.323852
v 0.044848 0.914375 -0.366096
v 0.104730 0.914589 -0.348287
v 0.066629 0.937834 -0.279363
v 0.116702 0.924238 -0.303672
v 0.161234 0.910413 -0.324140
v 0.145954 0.897943 -0.367171
v 0.202377 0.895174 -0.342606
v 0.182946 0.881782 -0.384290
v 0.159638 0.869089 -0.424082
v 0.129361 0.856899 -0.464801
v 0.218026 0.865194 -0.402247
v 0.190679 0.854281 -0.440905
v 0.156859 0.844713 -0.479340
v 0.222307 0.837310 -0.461734
v 0.182184 0.830519 -0.498100
v 0.250040 0.819363 -0.486936
v 0.206348 0.813539 -0.523152
v 0.276667 0.800350 -0.515930
v 0.229030 0.794872 -0.551704
v 0.301601 0.779560 -0.546379
v 0.250350 0.771561 -0.579116
v 0.323670 0.750713 -0.574203
v 0.270712 0.743285 -0.605601
v 0.343932 0.717603 -0.601587
v 0.290746 0.712770 -0.633303
v 0.363649 0.683713 -0.630867
v 0.310806 0.680819 -0.662832
v 0.383457 0.647467 -0.661534
v 0.330866 0.645555 -0.692617
v 0.401077 0.604652 -0.689281
v 0.348862 0.603521 -0.717962
v 0.417910 0.558958 -0.717559
v 0.368284 0.559909 -0.747143
v 0.436107 0.510674 -0.747539
v 0.390283 0.514353 -0.780433
v 0.451238 0.455622 -0.771754
v 0.404865 0.456341 -0.800675
v 0.468301 0.397951 -0.791841
v 0.420362 0.393593 -0.814735
v 0.482139 0.333162 -0.799379
v 0.437834 0.327827 -0.823041
v 0.502277 0.267060 -0.811410
v 0.458369 0.260261 -0.833669
v 0.517780 0.196740 -0.813795
v 0.477593 0.190111 -0.841865
v 0.534158 0.127987 -0.810694
v 0.496027 0.119887 -0.844088
v 0.555049 0.064408 -0.801870
v 0.516630 0.053227 -0.837936
v 0.580346 0.004957 -0.788182
v 0.541632 -0.008379 -0.824470
v 0.607608 -0.053381 -0.771665
v 0.567760 -0.067275 -0.805590
v 0.631135 -0.112648 -0.753328
v 0.589722 -0.127021 -0.785207
v 0.646029 -0.172492 -0.728615
v 0.604693 -0.187056 -0.759791
v 0.655254 -0.233753 -0.698888
v 0.615648 -0.248436 -0.730686
v 0.658169 -0.297605 -0.664469
v 0.620155 -0.311756 -0.698266
v 0.661339 -0.364926 -0.632405
v 0.624264 -0.377800 -0.667082
v 0.655382 -0.428296 -0.590447
v 0.616344 -0.439342 -0.622765
v 0.642118 -0.486280 -0.541430
v 0.604334 -0.498501 -0.574405
v 0.565634 -0.510241 -0.606224
v 0.587967 -0.554354 -0.525596
v 0.547280 -0.564562 -0.556389
v 0.568841 -0.602909 -0.475637
v 0.526159 -0.613909 -0.506108
v 0.553478 -0.646556 -0.425904
v 0.508816 -0.659956 -0.456785
v 0.464949 -0.671995 -0.487685
v 0.496031 -0.700607 -0.407576
v 0.450189 -0.714440 -0.439445
v 0.484434 -0.735079 -0.356658
v 0.437222 -0.749348 -0.389276
v 0.476290 -0.768031 -0.303372
v 0.429514 -0.781751 -0.336131
v 0.469731 -0.801508 -0.247150
v 0.424777 -0.813637 -0.280056
v 0.459856 -0.837736 -0.190608
v 0.416706 -0.847143 -0.223875
v 0.369782 -0.854329 -0.255659
v 0.403508 -0.879629 -0.167199
v 0.358392 -0.885012 -0.200638
v 0.381717 -0.902676 -0.108956
v 0.340110 -0.910062 -0.145337
v 0.351381 -0.919288 -0.053654
v 0.313239 -0.928319 -0.092094
v 0.316440 -0.930173 -0.000654
v 0.281962 -0.944482 -0.040250
v 0.280624 -0.935055 0.051286
v 0.248007 -0.953555 0.012233
v 0.247364 -0.936421 0.104260
v 0.214787 -0.955477 0.065524
v 0.180365 -0.970504 0.027530
v 0.183109 -0.950382 0.119712
v 0.149592 -0.964746 0.085662
v 0.116465 -0.975023 0.059447
v 0.122180 -0.955456 0.145509
v 0.089311 -0.965747 0.120404
v 0.055371 -0.974672 0.100774
v 0.064570 -0.955574 0.181623
v 0.031640 -0.962941 0.161398
v -0.002610 -0.967856 0.144067
v 0.008928 -0.947929 0.220982
v -0.023389 -0.951104 0.202690
v -0.056628 -0.952022 0.186884
v -0.043916 -0.934077 0.258634
v -0.075157 -0.935792 0.241913
v -0.106962 -0.932031 0.226357
v -0.093559 -0.919088 0.292143
v -0.123311 -0.916896 0.275572
v -0.153965 -0.911069 0.261171
v -0.139131 -0.901721 0.319383
v -0.167648 -0.897920 0.305614
v -0.197147 -0.891392 0.294322
v -0.179546 -0.884676 0.346556
v -0.206805 -0.879305 0.336475
v -0.235480 -0.872207 0.328436
v -0.212781 -0.868089 0.377160
v -0.239957 -0.861805 0.369104
v -0.268597 -0.854307 0.362878
v -0.241884 -0.853147 0.406973
v -0.269740 -0.845984 0.399376
v -0.298618 -0.837811 0.393790
v -0.269823 -0.838691 0.431855
v -0.298044 -0.830999 0.424214
v -0.326611 -0.821412 0.419484
v -0.358176 -0.808097 0.418648
v -0.379740 -0.783569 0.449111
v -0.392471 -0.790088 0.420831
v -0.407008 -0.761786 0.458973
v -0.426217 -0.768035 0.427095
v -0.434723 -0.738129 0.471401
v -0.457657 -0.743462 0.436997
v -0.463904 -0.712273 0.485662
v -0.489127 -0.717386 0.449021
v -0.493967 -0.685316 0.500583
v -0.521027 -0.690144 0.462585
v -0.526303 -0.655810 0.517359
v -0.554018 -0.661269 0.477616
v -0.558498 -0.624790 0.533792
v -0.587819 -0.630652 0.493249
v -0.586907 -0.585944 0.544971
v -0.617078 -0.591679 0.504183
v -0.643592 -0.599052 0.462866
v -0.646167 -0.548888 0.513716
v -0.672688 -0.555391 0.471826
v -0.676662 -0.503917 0.523421
v -0.703675 -0.510244 0.480587
v -0.705477 -0.457098 0.530636
v -0.733700 -0.463504 0.486971
v -0.732478 -0.408250 0.533949
v -0.760581 -0.414088 0.488732
v -0.757070 -0.356398 0.533093
v -0.784100 -0.362556 0.485700
v -0.782088 -0.304137 0.527285
v -0.808912 -0.310812 0.478929
v -0.808938 -0.252248 0.517730
v -0.834958 -0.260706 0.467268
v -0.831628 -0.199943 0.502197
v -0.859194 -0.210343 0.451773
v -0.853910 -0.148910 0.487625
v -0.880273 -0.158901 0.435219
v -0.875105 -0.099732 0.476418
v -0.899723 -0.108707 0.421700
v -0.887696 -0.050420 0.466730
v -0.914924 -0.058161 0.409865
v -0.893711 -0.001372 0.458870
v -0.922262 -0.009466 0.400430
v -0.892615 0.046232 0.451570
v -0.921622 0.037622 0.391644
v -0.950149 0.025417 0.331021
v -0.920087 0.083359 0.385281
v -0.948637 0.072029 0.322700
v -0.918153 0.128309 0.380850
v -0.946114 0.117990 0.317074
v -0.911560 0.172670 0.376908
v -0.938355 0.163152 0.313511
v -0.958725 0.152021 0.247231
v -0.926453 0.208524 0.311878
v -0.948276 0.198393 0.246270
v -0.913645 0.254877 0.312122
v -0.934002 0.245600 0.248346
v -0.900962 0.303412 0.313266
v -0.921921 0.295899 0.252465
v -0.885762 0.351780 0.313758
v -0.907272 0.346457 0.256177
v -0.869536 0.399126 0.313866
v -0.886308 0.394134 0.258153
v -0.899554 0.391327 0.201480
v -0.857587 0.440705 0.259832
v -0.872145 0.440844 0.207417
v -0.815991 0.485770 0.261678
v -0.829611 0.486136 0.212485
v -0.770667 0.532828 0.268797
v -0.782472 0.534407 0.222044
v -0.792686 0.537609 0.174701
v -0.732771 0.583741 0.234801
v -0.741480 0.588112 0.189125
v -0.681690 0.633083 0.250815
v -0.689005 0.638679 0.206467
v -0.630594 0.681617 0.269757
v -0.636315 0.688707 0.226027
v -0.580342 0.728605 0.290114
v -0.584598 0.737804 0.246587
v -0.525082 0.766098 0.309671
v -0.530447 0.780277 0.266221
v -0.464296 0.792609 0.327305
v -0.469198 0.807736 0.283100
v -0.403105 0.818385 0.344764
v -0.407752 0.834197 0.300721
v -0.338906 0.836523 0.357262
v -0.342907 0.851950 0.312954
v -0.275322 0.849048 0.365711
v -0.278535 0.864901 0.320730
v -0.282450 0.874785 0.273230
v -0.216277 0.875596 0.324666
v -0.220354 0.888903 0.276489
v -0.226910 0.898233 0.226068
v -0.158607 0.902684 0.277428
v -0.165838 0.914756 0.225113
v -0.177352 0.920105 0.170002
v -0.104788 0.931315 0.219035
v -0.117992 0.937673 0.160819
v -0.134591 0.938496 0.103095
v -0.057797 0.951867 0.145117
v -0.077800 0.955292 0.084998
v -0.096584 0.954044 0.027319
v -0.020485 0.969984 0.062411
v -0.039995 0.971961 0.004206
v -0.055769 0.970748 -0.049980
v 0.016982 0.983207 -0.021042
v 0.000759 0.981428 -0.077413
v -0.015252 0.976473 -0.129425
v 0.055219 0.974202 -0.105438
v 0.039968 0.966893 -0.157388
v 0.025401 0.958536 -0.205981
v 0.093491 0.953880 -0.183740
v 0.079774 0.945329 -0.232654
v 0.143237 0.940132 -0.207370
v 0.129472 0.931844 -0.256491
v 0.189453 0.926530 -0.228955
v 0.175054 0.918680 -0.277827
v 0.233612 0.912472 -0.249999
v 0.218434 0.905070 -0.297758
v 0.276955 0.897920 -0.272088
v 0.260382 0.890248 -0.318351
v 0.241272 0.878119 -0.361428
v 0.300700 0.872054 -0.341394
v 0.278546 0.859042 -0.383188
v 0.252685 0.847124 -0.423372
v 0.314890 0.838258 -0.408439
v 0.285126 0.827683 -0.448663
v 0.347706 0.815105 -0.437386
v 0.315541 0.807371 -0.477492
v 0.378968 0.790676 -0.469307
v 0.344493 0.786776 -0.509148
v 0.408220 0.762428 -0.501391
v 0.370006 0.757232 -0.538724
v 0.432677 0.726722 -0.531132
v 0.391843 0.722054 -0.566780
v 0.455556 0.688080 -0.561900
v 0.413125 0.685582 -0.596996
v 0.475271 0.645625 -0.592101
v 0.432533 0.646633 -0.627783
v 0.492662 0.599835 -0.620406
v 0.449569 0.602710 -0.656848
v 0.508222 0.551922 -0.646965
v 0.464437 0.555078 -0.683717
v 0.522256 0.502248 -0.672260
v 0.479702 0.505755 -0.710921
v 0.535302 0.449664 -0.694715
v 0.494053 0.452220 -0.734403
v 0.550143 0.395485 -0.715298
v 0.510356 0.397498 -0.755508
v 0.560938 0.335907 -0.728549
v 0.521651 0.334647 -0.764565
v 0.580162 0.276415 -0.745426
v 0.541986 0.271525 -0.778849
v 0.593051 0.211291 -0.746913
v 0.555524 0.203557 -0.780182
v 0.609971 0.148302 -0.741854
v 0.572293 0.137704 -0.775866
v 0.631749 0.089287 -0.731577
v 0.593960 0.076526 -0.766084
v 0.656871 0.032197 -0.717377
v 0.619210 0.017957 -0.752214
v 0.683562 -0.024171 -0.700304
v 0.646378 -0.039653 -0.735936
v 0.706350 -0.081633 -0.681205
v 0.670501 -0.098030 -0.718385
v 0.722031 -0.141202 -0.658808
v 0.686665 -0.157978 -0.696109
v 0.727160 -0.203897 -0.630201
v 0.693551 -0.219602 -0.666223
v 0.729256 -0.269719 -0.598444
v 0.694095 -0.283913 -0.631230
v 0.727816 -0.336358 -0.561763
v 0.695423 -0.351140 -0.596592
v 0.728117 -0.403066 -0.523369
v 0.692374 -0.416166 -0.556701
v 0.716228 -0.459570 -0.475814
v 0.679577 -0.473313 -0.508232
v 0.710388 -0.515994 -0.431234
v 0.668275 -0.529062 -0.461238
v 0.627990 -0.542297 -0.493691
v 0.656103 -0.577362 -0.413499
v 0.612141 -0.590635 -0.444923
v 0.642015 -0.617676 -0.363137
v 0.597928 -0.632151 -0.394964
v 0.629107 -0.655542 -0.311453
v 0.585951 -0.670602 -0.344065
v 0.541763 -0.685962 -0.376006
v 0.574758 -0.706577 -0.291980
v 0.530389 -0.721018 -0.324513
v 0.565436 -0.741860 -0.237528
v 0.521556 -0.754821 -0.270756
v 0.554637 -0.779865 -0.180716
v 0.512930 -0.789924 -0.214324
v 0.540844 -0.818416 -0.122625
v 0.501124 -0.827724 -0.157135
v 0.518825 -0.846992 -0.061279
v 0.483674 -0.860612 -0.098500
v 0.445577 -0.872572 -0.133800
v 0.453778 -0.876414 -0.038847
v 0.419649 -0.891663 -0.073746
v 0.418692 -0.887372 0.018508
v 0.385478 -0.902860 -0.017131
v 0.382540 -0.896665 0.073979
v 0.348908 -0.911208 0.036688
v 0.347976 -0.903490 0.129312
v 0.314047 -0.917300 0.090010
v 0.313891 -0.905955 0.184802
v 0.280740 -0.918758 0.144016
v 0.281099 -0.902276 0.240325
v 0.248759 -0.915515 0.198479
v 0.216792 -0.933059 0.158689
v 0.218349 -0.910148 0.253516
v 0.187094 -0.926670 0.213577
v 0.155051 -0.942640 0.176873
v 0.157538 -0.916912 0.268777
v 0.127250 -0.931884 0.234185
v 0.096275 -0.945270 0.205205
v 0.099008 -0.919007 0.291562
v 0.069882 -0.931212 0.263978
v 0.040325 -0.942312 0.241576
v 0.042988 -0.916458 0.323062
v 0.015638 -0.923304 0.298492
v -0.013496 -0.930178 0.277446
v -0.011079 -0.908577 0.353550
v -0.036795 -0.914723 0.331035
v -0.064575 -0.918426 0.310565
v -0.062725 -0.902169 0.378124
v -0.086241 -0.903922 0.355540
v -0.111784 -0.903470 0.335968
v -0.153254 -0.888129 0.359092
v -0.163410 -0.876554 0.397774
v -0.187101 -0.873081 0.386637
v -0.165163 -0.866774 0.435393
v -0.189208 -0.863531 0.425993
v -0.214911 -0.858999 0.416167
v -0.186313 -0.850253 0.459086
v -0.213619 -0.848416 0.451140
v -0.242040 -0.844991 0.441329
v -0.212577 -0.829812 0.478664
v -0.241714 -0.829297 0.468916
v -0.270624 -0.827731 0.459112
v -0.246546 -0.810865 0.491295
v -0.275465 -0.810554 0.478698
v -0.257872 -0.791028 0.513124
v -0.286751 -0.791308 0.497871
v -0.272634 -0.770212 0.534187
v -0.302864 -0.771481 0.516203
v -0.331037 -0.773999 0.497040
v -0.322189 -0.750781 0.534700
v -0.352768 -0.754166 0.513032
v -0.381872 -0.758566 0.488508
v -0.358295 -0.778923 0.475151
v -0.377151 -0.732519 0.530594
v -0.407640 -0.735824 0.503345
v -0.403792 -0.708650 0.549491
v -0.435345 -0.710391 0.519454
v -0.432197 -0.682507 0.569619
v -0.464271 -0.683261 0.536551
v -0.461493 -0.653281 0.590396
v -0.494946 -0.653731 0.554994
v -0.490011 -0.617859 0.608618
v -0.525457 -0.621025 0.572734
v -0.517404 -0.577641 0.623482
v -0.553394 -0.581463 0.585137
v -0.546060 -0.536940 0.636344
v -0.582116 -0.540364 0.596082
v -0.615749 -0.544019 0.555017
v -0.610813 -0.496917 0.606833
v -0.645293 -0.499863 0.565565
v -0.635775 -0.448376 0.613803
v -0.672505 -0.452477 0.573383
v -0.661834 -0.398151 0.617706
v -0.699305 -0.403385 0.577477
v -0.689099 -0.346905 0.618772
v -0.725283 -0.351762 0.577606
v -0.716754 -0.294209 0.616642
v -0.751866 -0.298719 0.573325
v -0.742044 -0.240493 0.609593
v -0.780796 -0.246572 0.567287
v -0.761919 -0.186461 0.596342
v -0.802606 -0.192751 0.553155
v -0.781126 -0.134788 0.583571
v -0.822922 -0.141301 0.538851
v -0.797613 -0.085745 0.573264
v -0.841443 -0.091986 0.527668
v -0.809803 -0.039106 0.567187
v -0.854026 -0.044217 0.520234
v -0.818298 0.007678 0.564085
v -0.861331 0.004372 0.514812
v -0.821807 0.054538 0.561407
v -0.861308 0.051641 0.509410
v -0.822276 0.101405 0.558739
v -0.859557 0.098472 0.505133
v -0.890905 0.092519 0.446562
v -0.855457 0.143900 0.500255
v -0.888166 0.137663 0.442397
v -0.850750 0.188405 0.495802
v -0.881966 0.181762 0.437915
v -0.842762 0.232922 0.489977
v -0.874842 0.226767 0.434486
v -0.901613 0.217805 0.374479
v -0.863411 0.271749 0.429927
v -0.889537 0.263833 0.372635
v -0.851041 0.317784 0.425590
v -0.877234 0.311104 0.371325
v -0.837822 0.364647 0.421871
v -0.862879 0.359140 0.369766
v -0.825688 0.411257 0.419781
v -0.849766 0.406719 0.368750
v -0.799514 0.452800 0.413390
v -0.821684 0.448528 0.363130
v -0.840735 0.443172 0.311525
v -0.784324 0.489937 0.360207
v -0.800654 0.487204 0.311011
v -0.743245 0.533468 0.363066
v -0.757275 0.532688 0.316191
v -0.699544 0.577108 0.372610
v -0.711414 0.578679 0.326116
v -0.722633 0.580683 0.280452
v -0.664644 0.623908 0.340727
v -0.673409 0.628136 0.296088
v -0.618573 0.668028 0.359236
v -0.624692 0.674901 0.313879
v -0.572329 0.709924 0.379014
v -0.576655 0.719693 0.334191
v -0.515561 0.737632 0.395956
v -0.520300 0.752247 0.352835
v -0.456086 0.761464 0.413195
v -0.459821 0.777310 0.370669
v -0.395434 0.785091 0.430802
v -0.398585 0.802093 0.388120
v -0.332768 0.800394 0.445307
v -0.335086 0.819110 0.401109
v -0.272382 0.809611 0.456735
v -0.273641 0.829948 0.410398
v -0.217216 0.818699 0.465396
v -0.215033 0.840220 0.417930
v -0.214684 0.859812 0.371378
v -0.160300 0.850620 0.423251
v -0.156157 0.870494 0.375351
v -0.155286 0.887172 0.326926
v -0.099204 0.880764 0.378321
v -0.095474 0.898693 0.327941
v -0.096982 0.916388 0.275102
v -0.035060 0.910544 0.328814
v -0.034012 0.929454 0.271446
v -0.042418 0.944486 0.207887
v 0.022922 0.953637 0.193897
v 0.001886 0.964305 0.124526
v 0.087803 0.957719 0.179013
v 0.060639 0.973200 0.101977
v 0.036659 0.980342 0.037985
v 0.115195 0.977141 0.075126
v 0.091115 0.978356 0.011359
v 0.071442 0.976884 -0.048435
v 0.141079 0.967440 -0.016220
v 0.122546 0.967009 -0.075567
v 0.107760 0.963308 -0.132249
v 0.171718 0.956899 -0.101299
v 0.157470 0.950155 -0.155981
v 0.219797 0.945586 -0.125318
v 0.204555 0.935914 -0.178102
v 0.265797 0.929950 -0.148906
v 0.249430 0.920429 -0.200150
v 0.310006 0.911488 -0.173759
v 0.293102 0.904115 -0.223706
v 0.353584 0.893004 -0.202260
v 0.336661 0.887263 -0.250008
v 0.319624 0.881923 -0.297114
v 0.379677 0.867598 -0.280509
v 0.361176 0.862365 -0.325734
v 0.339199 0.850980 -0.367881
v 0.399927 0.835622 -0.356341
v 0.375923 0.825912 -0.397319
v 0.435339 0.805489 -0.389263
v 0.408737 0.797836 -0.429672
v 0.468723 0.774774 -0.422860
v 0.440138 0.768436 -0.462844
v 0.497467 0.738754 -0.454382
v 0.467092 0.732421 -0.493854
v 0.522293 0.698201 -0.485109
v 0.491217 0.692466 -0.524789
v 0.543591 0.652405 -0.514291
v 0.511453 0.647266 -0.554008
v 0.562667 0.603992 -0.541318
v 0.529850 0.600138 -0.581433
v 0.581827 0.555523 -0.567562
v 0.547922 0.552351 -0.607914
v 0.594511 0.501853 -0.588314
v 0.560741 0.500473 -0.630400
v 0.608167 0.448621 -0.610620
v 0.573373 0.448012 -0.652698
v 0.623111 0.394951 -0.631882
v 0.587725 0.394182 -0.673869
v 0.638256 0.340536 -0.650660
v 0.600689 0.337675 -0.690735
v 0.657237 0.287280 -0.669858
v 0.619504 0.281351 -0.709414
v 0.671104 0.229292 -0.675863
v 0.631735 0.219771 -0.712527
v 0.687922 0.173361 -0.671929
v 0.648512 0.159931 -0.707388
v 0.708670 0.119667 -0.662105
v 0.669300 0.103380 -0.697469
v 0.730673 0.066124 -0.647623
v 0.693805 0.048427 -0.682964
v 0.752153 0.011900 -0.628586
v 0.718809 -0.006538 -0.664899
v 0.770372 -0.044837 -0.607056
v 0.739338 -0.063560 -0.643663
v 0.782541 -0.105288 -0.583283
v 0.752555 -0.123775 -0.620330
v 0.788314 -0.169694 -0.557386
v 0.758218 -0.187084 -0.593384
v 0.790634 -0.237574 -0.528755
v 0.762470 -0.254082 -0.564720
v 0.788239 -0.305154 -0.493683
v 0.758405 -0.320666 -0.527461
v 0.783903 -0.367113 -0.451923
v 0.758594 -0.386214 -0.488820
v 0.774165 -0.420581 -0.404048
v 0.746510 -0.440909 -0.440783
v 0.771556 -0.472177 -0.358126
v 0.746372 -0.496534 -0.398022
v 0.765022 -0.518649 -0.310402
v 0.736028 -0.542864 -0.348201
v 0.699351 -0.563298 -0.382281
v 0.720147 -0.582372 -0.295797
v 0.684776 -0.602767 -0.330743
v 0.705521 -0.621915 -0.241861
v 0.671146 -0.640943 -0.277960
v 0.692233 -0.662094 -0.185622
v 0.659890 -0.680190 -0.223496
v 0.618048 -0.692374 -0.258194
v 0.645206 -0.719081 -0.166442
v 0.607378 -0.730252 -0.202734
v 0.627337 -0.754702 -0.104601
v 0.594268 -0.769721 -0.144079
v 0.604408 -0.785079 -0.040519
v 0.575766 -0.804845 -0.082637
v 0.574800 -0.806314 0.022492
v 0.547733 -0.827085 -0.020547
v 0.544604 -0.828984 0.078696
v 0.516608 -0.846675 0.038353
v 0.487426 -0.863289 -0.001225
v 0.481896 -0.861133 0.093813
v 0.451221 -0.874301 0.055939
v 0.446598 -0.872115 0.150307
v 0.415828 -0.883463 0.112913
v 0.410760 -0.881007 0.206490
v 0.382635 -0.891265 0.170969
v 0.375186 -0.879436 0.263076
v 0.347443 -0.894325 0.227262
v 0.340701 -0.869329 0.318935
v 0.312520 -0.888204 0.282209
v 0.303717 -0.857981 0.374110
v 0.277630 -0.879731 0.336832
v 0.248804 -0.895589 0.295110
v 0.239559 -0.867729 0.389479
v 0.214567 -0.887055 0.348803
v 0.186977 -0.901986 0.307711
v 0.176468 -0.875819 0.402014
v 0.153030 -0.892768 0.362354
v 0.126869 -0.906339 0.324925
v 0.115018 -0.879780 0.419516
v 0.093205 -0.895315 0.383834
v 0.068935 -0.907069 0.351298
v 0.055663 -0.880269 0.442627
v 0.035352 -0.894613 0.409958
v 0.012851 -0.903978 0.380368
v -0.002987 -0.872447 0.458197
v -0.021057 -0.887140 0.430032
v -0.041196 -0.896371 0.402935
v -0.057104 -0.865742 0.463794
v -0.072242 -0.879025 0.437793
v -0.093825 -0.850914 0.483071
v -0.105471 -0.864204 0.457945
v -0.127256 -0.842326 0.492240
v -0.135066 -0.856704 0.465175
v -0.156561 -0.837046 0.494231
v -0.160809 -0.853153 0.464538
v -0.183892 -0.832149 0.488333
v -0.156040 -0.819875 0.525074
v -0.187639 -0.814584 0.517107
v -0.217682 -0.811883 0.504556
v -0.194391 -0.793701 0.543922
v -0.227527 -0.791555 0.528671
v -0.204451 -0.770745 0.569751
v -0.240028 -0.769808 0.552063
v -0.217091 -0.747001 0.594195
v -0.255171 -0.747125 0.575269
v -0.289821 -0.748375 0.555276
v -0.272893 -0.723457 0.597998
v -0.309849 -0.725523 0.576387
v -0.344334 -0.728534 0.554133
v -0.332789 -0.701148 0.598327
v -0.369046 -0.704448 0.574808
v -0.357454 -0.674618 0.621864
v -0.396015 -0.678497 0.597337
v -0.383090 -0.644131 0.646144
v -0.424061 -0.649820 0.620887
v -0.407588 -0.604977 0.664152
v -0.450439 -0.612217 0.639155
v -0.433829 -0.564581 0.684328
v -0.477316 -0.571883 0.656536
v -0.463483 -0.525446 0.706132
v -0.506582 -0.531827 0.673217
v -0.493415 -0.483205 0.722714
v -0.536335 -0.489194 0.687195
v -0.574405 -0.493830 0.647548
v -0.556597 -0.438521 0.688978
v -0.596572 -0.443877 0.651784
v -0.581820 -0.386910 0.693287
v -0.622054 -0.392558 0.656088
v -0.608937 -0.335781 0.697213
v -0.649929 -0.341673 0.658650
v -0.637849 -0.284902 0.699457
v -0.678953 -0.290512 0.659240
v -0.660522 -0.231723 0.693474
v -0.701699 -0.236174 0.651555
v -0.678089 -0.178253 0.682747
v -0.720130 -0.182097 0.639513
v -0.694313 -0.127320 0.672967
v -0.737691 -0.130778 0.628422
v -0.708405 -0.078798 0.665062
v -0.752762 -0.081909 0.619530
v -0.719494 -0.031779 0.659968
v -0.764398 -0.035047 0.613901
v -0.727204 0.014807 0.656946
v -0.772603 0.011177 0.611174
v -0.731111 0.061427 0.654104
v -0.777279 0.057753 0.609043
v -0.733342 0.107817 0.651912
v -0.779863 0.104296 0.607658
v -0.732359 0.153763 0.647607
v -0.777773 0.150429 0.603151
v -0.818077 0.147225 0.553488
v -0.773775 0.195661 0.597040
v -0.814487 0.192643 0.548906
v -0.768720 0.239930 0.589672
v -0.807444 0.236788 0.541793
v -0.761963 0.283437 0.580229
v -0.798303 0.280415 0.533133
v -0.831835 0.276935 0.482762
v -0.789202 0.324257 0.525184
v -0.820874 0.321614 0.476238
v -0.779972 0.367437 0.517681
v -0.809644 0.366733 0.470596
v -0.765366 0.408062 0.507867
v -0.795713 0.410754 0.465261
v -0.742769 0.444858 0.495933
v -0.770426 0.448842 0.456075
v -0.715507 0.481830 0.489506
v -0.740573 0.487070 0.449735
v -0.766349 0.492310 0.408103
v -0.705152 0.526323 0.451048
v -0.727850 0.533370 0.409656
v -0.666791 0.563501 0.460079
v -0.686447 0.573978 0.418495
v -0.627503 0.598393 0.475048
v -0.644087 0.612862 0.432928
v -0.655507 0.619703 0.387081
v -0.602287 0.648982 0.450643
v -0.612016 0.660542 0.405276
v -0.558739 0.682525 0.469549
v -0.566333 0.698869 0.424519
v -0.505957 0.705815 0.484078
v -0.510725 0.722427 0.440071
v -0.450679 0.727967 0.499245
v -0.453156 0.745010 0.456066
v -0.393314 0.748485 0.515917
v -0.393995 0.767276 0.473843
v -0.333282 0.757968 0.534238
v -0.332296 0.780711 0.489937
v -0.275617 0.760884 0.549810
v -0.272867 0.788077 0.503871
v -0.223340 0.765857 0.560728
v -0.220127 0.795648 0.514025
v -0.173798 0.773147 0.567641
v -0.170022 0.804325 0.520762
v -0.165256 0.828257 0.471514
v -0.121244 0.813873 0.525061
v -0.114382 0.838524 0.475864
v -0.106608 0.861218 0.427317
v -0.064041 0.849138 0.478903
v -0.053636 0.871359 0.429976
v -0.043008 0.891070 0.380408
v -0.000903 0.881419 0.432135
v 0.013769 0.901180 0.382242
v 0.050531 0.884772 0.432216
v 0.073021 0.901591 0.382556
v 0.094545 0.880712 0.430474
v 0.119770 0.894635 0.388215
v 0.134364 0.874122 0.433064
v 0.158146 0.886629 0.399167
v 0.183567 0.892797 0.366927
v 0.200226 0.874417 0.415470
v 0.225114 0.876477 0.384829
v 0.251759 0.874531 0.350703
v 0.210978 0.895073 0.331453
v 0.282436 0.871278 0.312397
v 0.244825 0.893211 0.287063
v 0.316530 0.867264 0.272676
v 0.282647 0.888528 0.242932
v 0.249613 0.910348 0.209999
v 0.220180 0.933722 0.166594
v 0.321553 0.883159 0.201248
v 0.292101 0.904115 0.165632
v 0.264024 0.926033 0.123476
v 0.237439 0.947562 0.072174
v 0.192305 0.956748 0.107621
v 0.333753 0.897371 0.125192
v 0.307562 0.918743 0.084421
v 0.282768 0.939955 0.038365
v 0.256624 0.945909 -0.014329
v 0.210772 0.955669 0.015234
v 0.350754 0.910186 0.047509
v 0.327581 0.930015 0.004207
v 0.302871 0.934726 -0.044524
v 0.282542 0.935332 -0.096189
v 0.235658 0.946926 -0.069931
v 0.372344 0.918132 -0.030736
v 0.349019 0.922649 -0.076319
v 0.328806 0.920843 -0.124721
v 0.393939 0.906338 -0.110925
v 0.372994 0.902265 -0.156452
v 0.436607 0.882802 -0.147894
v 0.416261 0.878864 -0.190470
v 0.397519 0.872642 -0.234502
v 0.457915 0.850211 -0.225454
v 0.439027 0.845371 -0.268752
v 0.419853 0.840601 -0.313038
v 0.478715 0.815796 -0.304347
v 0.458070 0.810840 -0.347089
v 0.516460 0.783843 -0.339400
v 0.493839 0.779488 -0.381091
v 0.549365 0.747162 -0.371909
v 0.524732 0.743807 -0.413255
v 0.576678 0.706546 -0.403294
v 0.550729 0.703415 -0.444331
v 0.600412 0.662550 -0.434234
v 0.573447 0.658616 -0.474762
v 0.621255 0.614732 -0.462441
v 0.593136 0.609737 -0.501871
v 0.640391 0.564134 -0.487312
v 0.612729 0.560224 -0.527539
v 0.657029 0.510904 -0.509726
v 0.626955 0.506379 -0.548580
v 0.669898 0.455154 -0.529034
v 0.640418 0.451653 -0.569390
v 0.685377 0.400785 -0.547384
v 0.655540 0.397301 -0.589687
v 0.702252 0.347614 -0.563706
v 0.671968 0.343663 -0.608148
v 0.721788 0.296057 -0.579291
v 0.691432 0.292071 -0.626437
v 0.745034 0.249678 -0.591144
v 0.709338 0.239878 -0.635613
v 0.761885 0.199722 -0.589906
v 0.726301 0.187402 -0.633202
v 0.781972 0.149669 -0.582743
v 0.746978 0.135759 -0.625115
v 0.802956 0.098528 -0.570895
v 0.767417 0.083181 -0.610746
v 0.818768 0.046051 -0.552206
v 0.785136 0.029568 -0.591299
v 0.832162 -0.009937 -0.531902
v 0.801016 -0.026442 -0.570232
v 0.840281 -0.071030 -0.509691
v 0.811621 -0.087312 -0.547123
v 0.844855 -0.137086 -0.485832
v 0.818064 -0.152852 -0.522377
v 0.838372 -0.202825 -0.454553
v 0.816435 -0.220503 -0.492291
v 0.837407 -0.267488 -0.419939
v 0.816556 -0.288608 -0.459097
v 0.830784 -0.324536 -0.376686
v 0.809393 -0.347117 -0.414271
v 0.821290 -0.373156 -0.327343
v 0.800894 -0.399311 -0.365814
v 0.816108 -0.420615 -0.277907
v 0.793983 -0.447089 -0.317376
v 0.814019 -0.467970 -0.230561
v 0.791389 -0.494137 -0.270721
v 0.801804 -0.511955 -0.181776
v 0.775587 -0.535587 -0.220567
v 0.748329 -0.558607 -0.258491
v 0.757428 -0.575266 -0.166529
v 0.731339 -0.598290 -0.203929
v 0.739702 -0.613030 -0.109094
v 0.715180 -0.637362 -0.146608
v 0.718796 -0.646868 -0.050161
v 0.695017 -0.672524 -0.087390
v 0.672161 -0.697738 -0.126520
v 0.675136 -0.706575 -0.026332
v 0.651399 -0.731389 -0.064154
v 0.656230 -0.738890 0.037585
v 0.630368 -0.762897 0.000306
v 0.630993 -0.763320 0.101849
v 0.603143 -0.786618 0.063208
v 0.593909 -0.774303 0.158221
v 0.571342 -0.806231 0.120196
v 0.550391 -0.783302 0.205398
v 0.530471 -0.820145 0.167230
v 0.509776 -0.847432 0.129790
v 0.487905 -0.829268 0.212885
v 0.469511 -0.858922 0.180900
v 0.452463 -0.828761 0.264754
v 0.431207 -0.860123 0.235177
v 0.422091 -0.822909 0.320658
v 0.398058 -0.853398 0.291418
v 0.390722 -0.816600 0.379979
v 0.366594 -0.846451 0.350215
v 0.352177 -0.806593 0.439891
v 0.328382 -0.833258 0.407439
v 0.302646 -0.790943 0.499145
v 0.283363 -0.816507 0.463198
v 0.262053 -0.842580 0.426983
v 0.231841 -0.800152 0.520124
v 0.215581 -0.826162 0.480168
v 0.197161 -0.852132 0.441185
v 0.162329 -0.807560 0.536942
v 0.149778 -0.833533 0.496693
v 0.133901 -0.858216 0.457134
v 0.093841 -0.809361 0.553536
v 0.085006 -0.835981 0.514447
v 0.071946 -0.859507 0.477131
v 0.029136 -0.807127 0.559378
v 0.022022 -0.832091 0.523198
v 0.011743 -0.853961 0.489418
v -0.028694 -0.809727 0.556380
v -0.034634 -0.831857 0.523952
v -0.044502 -0.849860 0.492404
v -0.078881 -0.817309 0.543129
v -0.085033 -0.835548 0.511418
v -0.120185 -0.807057 0.553790
v -0.122188 -0.826249 0.522090
v -0.158896 -0.798929 0.554974
v -0.121360 -0.781666 0.582129
v -0.164278 -0.774164 0.581820
v -0.125596 -0.753445 0.609761
v -0.172664 -0.747411 0.607670
v -0.133766 -0.724424 0.637136
v -0.184852 -0.720407 0.631812
v -0.231561 -0.721436 0.617241
v -0.200417 -0.691736 0.654670
v -0.249126 -0.693772 0.639362
v -0.293319 -0.698220 0.620647
v -0.269748 -0.664210 0.661543
v -0.315633 -0.669950 0.643171
v -0.292881 -0.631905 0.685251
v -0.339236 -0.637492 0.666321
v -0.317835 -0.595384 0.710081
v -0.363325 -0.599119 0.687415
v -0.343732 -0.554371 0.735049
v -0.389235 -0.558540 0.710436
v -0.372152 -0.513213 0.762819
v -0.419187 -0.519855 0.736356
v -0.401304 -0.466924 0.782828
v -0.448555 -0.475922 0.754535
v -0.428705 -0.417624 0.794731
v -0.473087 -0.424914 0.760709
v -0.515437 -0.432039 0.725222
v -0.497755 -0.373379 0.766636
v -0.540568 -0.380607 0.730344
v -0.524156 -0.322398 0.772291
v -0.567191 -0.329569 0.735424
v -0.553379 -0.271045 0.777278
v -0.595921 -0.278535 0.739029
v -0.578817 -0.218711 0.777319
v -0.619627 -0.226102 0.735609
v -0.594944 -0.165512 0.768825
v -0.636248 -0.172926 0.725825
v -0.608576 -0.114945 0.761277
v -0.651226 -0.122407 0.717284
v -0.620304 -0.067316 0.755426
v -0.664238 -0.074509 0.710380
v -0.630081 -0.021461 0.751192
v -0.674915 -0.027944 0.705513
v -0.636237 0.024090 0.746964
v -0.681871 0.018713 0.701926
v -0.637478 0.069669 0.740899
v -0.684690 0.065106 0.698029
v -0.637640 0.115814 0.735039
v -0.685960 0.111457 0.694593
v -0.636484 0.161910 0.727613
v -0.685428 0.157529 0.689718
v -0.631730 0.206332 0.713362
v -0.680812 0.202066 0.678626
v -0.727714 0.198319 0.639021
v -0.677689 0.245975 0.667930
v -0.723316 0.242219 0.629566
v -0.674886 0.290175 0.656094
v -0.718508 0.285711 0.619282
v -0.672642 0.334671 0.643570
v -0.714052 0.329527 0.609076
v -0.755293 0.327122 0.571494
v -0.710286 0.372908 0.598697
v -0.748535 0.369748 0.562349
v -0.702981 0.413518 0.584921
v -0.735280 0.408837 0.548505
v -0.671772 0.379123 0.631082
v -0.669682 0.421413 0.615329
v -0.633366 0.388307 0.658255
v -0.631782 0.430050 0.634850
v -0.629367 0.467868 0.606972
v -0.592372 0.440399 0.648657
v -0.592431 0.479637 0.618933
v -0.595724 0.518881 0.587700
v -0.630438 0.504305 0.574905
v -0.603335 0.553444 0.554217
v -0.636964 0.531754 0.538707
v -0.613555 0.579729 0.516123
v -0.649210 0.550282 0.500086
v -0.684050 0.517653 0.490098
v -0.562769 0.570890 0.567680
v -0.574060 0.604815 0.533138
v -0.588077 0.630229 0.493493
v -0.529976 0.624606 0.545996
v -0.545179 0.657584 0.510504
v -0.482951 0.643260 0.557676
v -0.496134 0.679305 0.523263
v -0.435193 0.661024 0.571004
v -0.444116 0.700871 0.536331
v -0.387477 0.674932 0.587372
v -0.391380 0.718000 0.553740
v -0.337732 0.684906 0.608240
v -0.337207 0.726281 0.575698
v -0.284514 0.692969 0.630954
v -0.281548 0.729211 0.594545
v -0.233365 0.701525 0.648694
v -0.228631 0.734354 0.606584
v -0.182801 0.708755 0.658914
v -0.178561 0.740348 0.614244
v -0.131999 0.716852 0.662863
v -0.130520 0.748456 0.618684
v -0.126386 0.781824 0.571842
v -0.082711 0.759267 0.619442
v -0.079168 0.792063 0.573652
v -0.073087 0.824232 0.527695
v -0.031660 0.803604 0.574489
v -0.025091 0.834729 0.529551
v -0.014499 0.859567 0.481441
v 0.022124 0.840045 0.527968
v 0.033652 0.863375 0.480941
v 0.066595 0.836277 0.520893
v 0.077840 0.859104 0.476359
v 0.107367 0.832772 0.513670
v 0.116868 0.854918 0.472047
v 0.144773 0.829428 0.507193
v 0.156748 0.847735 0.472454
v 0.176119 0.863071 0.442579
v 0.197616 0.835747 0.480180
v 0.219371 0.847217 0.456728
v 0.244240 0.855393 0.433241
v 0.263194 0.825130 0.475167
v 0.288677 0.830245 0.453021
v 0.312713 0.830548 0.425987
v 0.267991 0.854797 0.404293
v 0.336799 0.828919 0.395441
v 0.293150 0.852133 0.372230
v 0.362486 0.826376 0.362171
v 0.320939 0.849384 0.337238
v 0.391042 0.823178 0.327981
v 0.352385 0.845710 0.300497
v 0.422076 0.819105 0.293715
v 0.385849 0.841282 0.263893
v 0.352268 0.862516 0.233682
v 0.420302 0.836284 0.228016
v 0.389583 0.856894 0.195750
v 0.360986 0.877026 0.161898
v 0.427712 0.850520 0.158678
v 0.400996 0.870146 0.124042
v 0.375357 0.889909 0.087404
v 0.440454 0.860971 0.085825
v 0.416459 0.880016 0.049661
v 0.393611 0.899586 0.010854
v 0.457107 0.867309 0.010040
v 0.435714 0.884836 -0.027605
v 0.415567 0.900896 -0.067621
v 0.477236 0.866749 -0.068559
v 0.457208 0.878780 -0.107078
v 0.518188 0.844535 -0.110601
v 0.497923 0.851262 -0.147680
v 0.477511 0.852723 -0.185533
v 0.536288 0.816756 -0.186145
v 0.517485 0.820091 -0.223668
v 0.498329 0.819661 -0.262919
v 0.556244 0.786926 -0.260330
v 0.536764 0.786666 -0.298953
v 0.589467 0.746792 -0.291870
v 0.570134 0.747586 -0.330968
v 0.619871 0.705097 -0.321730
v 0.599091 0.706372 -0.361954
v 0.646218 0.662718 -0.352835
v 0.624124 0.663241 -0.393201
v 0.672899 0.621254 -0.384476
v 0.647716 0.618656 -0.423335
v 0.690200 0.570359 -0.408464
v 0.666003 0.567553 -0.447636
v 0.707785 0.517583 -0.430498
v 0.683845 0.514660 -0.470096
v 0.722107 0.462637 -0.447946
v 0.697054 0.458802 -0.488337
v 0.738545 0.410222 -0.463075
v 0.712910 0.405088 -0.505119
v 0.755724 0.359156 -0.475326
v 0.730052 0.352695 -0.519504
v 0.774643 0.310240 -0.484692
v 0.749188 0.301803 -0.531936
v 0.803148 0.268407 -0.495898
v 0.776391 0.258619 -0.543929
v 0.827715 0.222924 -0.498521
v 0.796236 0.210907 -0.544080
v 0.847228 0.175391 -0.491774
v 0.816031 0.162352 -0.537616
v 0.863856 0.125871 -0.478946
v 0.835719 0.112707 -0.526067
v 0.875875 0.072981 -0.462296
v 0.849036 0.060527 -0.508061
v 0.884812 0.015562 -0.444156
v 0.860068 0.003819 -0.488980
v 0.884148 -0.044005 -0.422665
v 0.864529 -0.056986 -0.467939
v 0.877199 -0.104248 -0.398176
v 0.863978 -0.120853 -0.443830
v 0.869291 -0.163696 -0.369911
v 0.855746 -0.183807 -0.413847
v 0.863634 -0.220060 -0.336965
v 0.850856 -0.243841 -0.378716
v 0.859991 -0.271894 -0.298058
v 0.846973 -0.298974 -0.337958
v 0.858152 -0.320384 -0.253206
v 0.843869 -0.348272 -0.290959
v 0.857679 -0.368048 -0.204545
v 0.842846 -0.396252 -0.241771
v 0.856074 -0.415498 -0.153942
v 0.837969 -0.443413 -0.192218
v 0.849098 -0.460446 -0.104101
v 0.826479 -0.487154 -0.142976
v 0.837190 -0.502550 -0.053619
v 0.811003 -0.527818 -0.091602
v 0.784166 -0.552137 -0.129320
v 0.789626 -0.561009 -0.035778
v 0.765010 -0.588094 -0.072713
v 0.766280 -0.590534 0.022281
v 0.742955 -0.619350 -0.013940
v 0.745913 -0.620444 0.080682
v 0.721942 -0.650636 0.044868
v 0.698478 -0.679527 0.009564
v 0.702917 -0.678989 0.106191
v 0.678757 -0.710114 0.072146
v 0.679384 -0.697431 0.168768
v 0.655470 -0.731581 0.136471
v 0.638572 -0.701049 0.224680
v 0.616396 -0.736766 0.192571
v 0.597948 -0.705549 0.276027
v 0.574713 -0.743441 0.241242
v 0.561064 -0.708859 0.324574
v 0.536843 -0.748670 0.287579
v 0.511424 -0.789773 0.250122
v 0.503200 -0.749667 0.335576
v 0.477757 -0.790109 0.299202
v 0.470026 -0.748401 0.387209
v 0.446613 -0.786424 0.352526
v 0.434399 -0.747088 0.443231
v 0.413586 -0.782157 0.410222
v 0.391418 -0.745129 0.505738
v 0.373890 -0.777944 0.472702
v 0.331773 -0.725854 0.564324
v 0.318678 -0.760374 0.532663
v 0.260662 -0.697060 0.623363
v 0.252959 -0.734946 0.591501
v 0.244296 -0.771208 0.558212
v 0.172826 -0.740344 0.613463
v 0.170166 -0.777136 0.577345
v 0.090321 -0.701701 0.664680
v 0.096380 -0.740559 0.627140
v 0.097618 -0.776690 0.589726
v 0.024841 -0.706523 0.664981
v 0.029889 -0.744232 0.630065
v 0.031581 -0.777753 0.595178
v -0.030627 -0.719579 0.652631
v -0.027103 -0.753048 0.621563
v -0.026363 -0.782878 0.588888
v -0.081007 -0.735379 0.633679
v -0.077110 -0.765468 0.603910
v -0.076448 -0.793391 0.573691
v -0.088784 -0.702937 0.660832
v -0.146520 -0.693823 0.662282
v -0.101728 -0.668141 0.684543
v -0.163114 -0.660595 0.685085
v -0.219741 -0.660632 0.677396
v -0.184836 -0.624744 0.708626
v -0.242452 -0.627261 0.700717
v -0.211847 -0.584744 0.734098
v -0.267595 -0.589313 0.725446
v -0.241045 -0.539498 0.761795
v -0.294043 -0.546099 0.750708
v -0.269015 -0.491825 0.791075
v -0.321617 -0.501473 0.778557
v -0.298145 -0.443335 0.820019
v -0.350542 -0.455345 0.804152
v -0.330206 -0.395645 0.845546
v -0.380935 -0.408421 0.824243
v -0.360938 -0.345090 0.862901
v -0.408288 -0.356432 0.834967
v -0.453482 -0.365490 0.801969
v -0.435395 -0.303031 0.840768
v -0.480281 -0.313643 0.807871
v -0.462955 -0.250605 0.843719
v -0.510130 -0.262538 0.813829
v -0.486372 -0.198401 0.843782
v -0.536321 -0.209822 0.816832
v -0.503325 -0.146510 0.842427
v -0.553368 -0.156635 0.810690
v -0.514852 -0.095645 0.840261
v -0.565074 -0.105615 0.804478
v -0.520190 -0.047258 0.832657
v -0.573691 -0.057768 0.798121
v -0.527883 -0.001331 0.830398
v -0.581872 -0.012391 0.794453
v -0.536880 0.043337 0.830140
v -0.588230 0.032347 0.790797
v -0.538853 0.087804 0.819845
v -0.588696 0.076891 0.781692
v -0.539591 0.133002 0.807714
v -0.588479 0.122441 0.772704
v -0.540276 0.180348 0.793510
v -0.587379 0.169250 0.761994
v -0.538631 0.225752 0.772016
v -0.584074 0.214585 0.744647
v -0.543328 0.274178 0.757207
v -0.586914 0.261600 0.732456
v -0.631977 0.251767 0.702764
v -0.591514 0.310045 0.720140
v -0.632633 0.298110 0.690130
v -0.593171 0.356542 0.701996
v -0.632710 0.343540 0.675395
v -0.593575 0.399982 0.677801
v -0.551053 0.370115 0.719707
v -0.551169 0.412832 0.691841
v -0.551035 0.453074 0.661718
v -0.507557 0.425651 0.706535
v -0.507524 0.466201 0.676045
v -0.509113 0.506394 0.644971
v -0.552042 0.492685 0.631428
v -0.512386 0.546868 0.612891
v -0.555320 0.532374 0.599984
v -0.518659 0.586732 0.579811
v -0.468098 0.561632 0.626449
v -0.473975 0.603029 0.592388
v -0.423311 0.575432 0.640873
v -0.428815 0.617884 0.606385
v -0.377900 0.587304 0.656971
v -0.382582 0.630854 0.622304
v -0.330111 0.598162 0.675431
v -0.334095 0.640969 0.641732
v -0.280634 0.608834 0.695534
v -0.283638 0.650734 0.663116
v -0.230174 0.621317 0.715344
v -0.233514 0.662190 0.683531
v -0.180503 0.636953 0.732409
v -0.184025 0.675514 0.698928
v -0.129073 0.648144 0.739742
v -0.131690 0.685271 0.704258
v -0.077288 0.651509 0.734747
v -0.080403 0.690672 0.701852
v -0.082703 0.726400 0.663276
v -0.031551 0.696234 0.695293
v -0.035260 0.735700 0.659737
v -0.035422 0.770731 0.618570
v 0.011873 0.742956 0.654307
v 0.011610 0.780872 0.616588
v 0.014939 0.812778 0.573515
v 0.057046 0.784880 0.610044
v 0.059839 0.812273 0.565448
v 0.098381 0.784097 0.601762
v 0.101054 0.809904 0.555850
v 0.135587 0.781811 0.591953
v 0.137598 0.808095 0.545860
v 0.168913 0.780400 0.580581
v 0.171066 0.807057 0.535790
v 0.181123 0.823661 0.504947
v 0.216995 0.812680 0.511005
v 0.238602 0.818909 0.493651
v 0.260218 0.786137 0.533691
v 0.282600 0.788699 0.516497
v 0.306515 0.792167 0.496683
v 0.344303 0.756024 0.520991
v 0.370041 0.760415 0.497596
v 0.331578 0.796633 0.474091
v 0.318979 0.752547 0.542535
v 0.348393 0.716036 0.569399
v 0.375880 0.719262 0.547236
v 0.293916 0.749789 0.562920
v 0.320029 0.713746 0.590734
v 0.344995 0.677354 0.619394
v 0.375447 0.678938 0.597559
v 0.267730 0.747563 0.582778
v 0.290315 0.712309 0.611510
v 0.312879 0.676694 0.640519
v 0.335714 0.640333 0.669894
v 0.369622 0.640185 0.648335
v 0.258413 0.712204 0.631520
v 0.278712 0.676952 0.660996
v 0.299556 0.641781 0.690721
v 0.319073 0.602699 0.717483
v 0.356042 0.599806 0.694963
v 0.242032 0.678606 0.680437
v 0.260700 0.643674 0.710132
v 0.277266 0.604600 0.736341
v 0.290514 0.562815 0.756640
v 0.333872 0.558941 0.737296
v 0.216518 0.641026 0.722883
v 0.230608 0.603589 0.749303
v 0.242971 0.564388 0.771437
v 0.254291 0.526778 0.795066
v 0.303472 0.523762 0.779956
v 0.181529 0.599697 0.758108
v 0.192200 0.563020 0.783169
v 0.202384 0.526187 0.807157
v 0.212474 0.490120 0.831167
v 0.265235 0.489501 0.819145
v 0.140625 0.558238 0.792626
v 0.149573 0.521650 0.817542
v 0.158744 0.485758 0.841489
v 0.166831 0.446520 0.858014
v 0.220591 0.449903 0.847794
v 0.096485 0.514344 0.828210
v 0.104545 0.477894 0.852896
v 0.112170 0.438655 0.870312
v 0.119914 0.398162 0.885835
v 0.174204 0.405619 0.872034
v 0.050197 0.468626 0.864575
v 0.057679 0.429016 0.884054
v 0.065547 0.387988 0.900310
v 0.073971 0.346700 0.916782
v 0.127844 0.357865 0.902607
v 0.003720 0.419437 0.896734
v 0.011822 0.377602 0.914364
v 0.020502 0.333633 0.927359
v 0.029685 0.289066 0.935837
v 0.081658 0.303748 0.926443
v -0.041312 0.368133 0.926075
v -0.031660 0.321958 0.935906
v -0.021627 0.275382 0.942965
v -0.010915 0.228642 0.949880
v 0.039694 0.243918 0.946794
v -0.084548 0.310424 0.936806
v -0.073752 0.262997 0.945205
v -0.063134 0.215369 0.950794
v -0.053565 0.167548 0.955784
v -0.001839 0.180948 0.955572
v -0.127082 0.251149 0.945915
v -0.117027 0.202930 0.950998
v -0.107227 0.154549 0.955292
v -0.097163 0.105864 0.957752
v -0.044556 0.118902 0.958866
v -0.171927 0.190910 0.950354
v -0.162131 0.141279 0.954591
v -0.151559 0.091898 0.956729
v -0.139067 0.043140 0.958864
v -0.085764 0.056759 0.959982
v -0.217273 0.128887 0.951795
v -0.206931 0.077833 0.955053
v -0.194056 0.027837 0.956215
v -0.179284 -0.021372 0.958223
v -0.125282 -0.006859 0.961700
v -0.260895 0.064281 0.949300
v -0.248061 0.012641 0.948676
v -0.233704 -0.037569 0.948860
v -0.218082 -0.087160 0.945168
v -0.163723 -0.072672 0.955343
v -0.301488 -0.001435 0.936664
v -0.288836 -0.052291 0.934366
v -0.275074 -0.101281 0.931388
v -0.259679 -0.150494 0.928374
v -0.201849 -0.138379 0.941104
v -0.345563 -0.064941 0.916726
v -0.333393 -0.113691 0.913637
v -0.318488 -0.162143 0.911466
v -0.300843 -0.212444 0.910190
v -0.242611 -0.202105 0.925982
v -0.391957 -0.124753 0.892909
v -0.376865 -0.173482 0.890942
v -0.357906 -0.223823 0.890851
v -0.336383 -0.278339 0.891726
v -0.280890 -0.267025 0.909893
v -0.432701 -0.185598 0.867772
v -0.412148 -0.236839 0.868335
v -0.387889 -0.290958 0.868946
v -0.310720 -0.333745 0.885484
v -0.278300 -0.383641 0.862659
v -0.225217 -0.375249 0.875814
v -0.257117 -0.323677 0.904436
v -0.171297 -0.370696 0.885174
v -0.201423 -0.315917 0.918799
v -0.223391 -0.257693 0.924418
v -0.144907 -0.311637 0.927954
v -0.165963 -0.250168 0.935373
v -0.184767 -0.192191 0.937858
v -0.110200 -0.243605 0.943914
v -0.129268 -0.183329 0.947578
v -0.147094 -0.126510 0.951288
v -0.076903 -0.174067 0.953435
v -0.095217 -0.115861 0.959873
v -0.111293 -0.060220 0.962680
v -0.044420 -0.104251 0.963993
v -0.060136 -0.047886 0.965156
v -0.073309 0.005786 0.962552
v -0.011202 -0.033547 0.965831
v -0.023223 0.019192 0.963437
v -0.034527 0.069542 0.961067
v 0.025817 0.035538 0.964484
v 0.015474 0.084167 0.962005
v 0.006392 0.132540 0.959465
v 0.065403 0.101984 0.961792
v 0.056520 0.148873 0.958522
v 0.048301 0.196543 0.954409
v 0.106307 0.167353 0.956623
v 0.098171 0.213840 0.951143
v 0.090040 0.259847 0.940132
v 0.147310 0.227197 0.938651
v 0.140074 0.271279 0.925023
v 0.134066 0.314918 0.913120
v 0.190127 0.276874 0.908397
v 0.185982 0.321059 0.899186
v 0.180980 0.364736 0.887442
v 0.236617 0.321048 0.884146
v 0.232588 0.365222 0.873765
v 0.227238 0.408031 0.860529
v 0.282370 0.359874 0.855606
v 0.278667 0.404175 0.846754
v 0.273156 0.447341 0.835442
v 0.328146 0.395858 0.826336
v 0.323276 0.440367 0.816444
v 0.315335 0.483916 0.801736
v 0.366891 0.430710 0.788871
v 0.358210 0.474060 0.775175
v 0.347106 0.516712 0.757493
v 0.399045 0.466305 0.748069
v 0.387246 0.510195 0.732649
v 0.372344 0.554397 0.714000
v 0.424951 0.506797 0.707300
v 0.408173 0.551999 0.690150
v 0.390678 0.598219 0.671892
v 0.442098 0.551473 0.665455
v 0.423610 0.598226 0.648639
v 0.401567 0.641132 0.625901
v 0.455525 0.599741 0.624691
v 0.432264 0.642950 0.602818
v 0.404728 0.681437 0.574897
v 0.461861 0.645841 0.578778
v 0.432934 0.684890 0.551353
v 0.402745 0.723404 0.524004
v 0.460392 0.689091 0.526718
v 0.429100 0.728074 0.499147
v 0.395459 0.766018 0.472723
v 0.454975 0.732750 0.472884
v 0.420948 0.771726 0.446145
v 0.381119 0.803557 0.420383
v 0.356614 0.801177 0.448837
v 0.446685 0.775313 0.418363
v 0.405716 0.802570 0.388951
v 0.472497 0.775051 0.388528
v 0.431889 0.799767 0.356698
v 0.499282 0.772491 0.357493
v 0.460255 0.796024 0.324704
v 0.527362 0.769449 0.324218
v 0.490153 0.792029 0.291805
v 0.453788 0.814696 0.259838
v 0.520375 0.787741 0.257710
v 0.486599 0.809558 0.225349
v 0.456015 0.830414 0.192192
v 0.519676 0.802048 0.188903
v 0.491423 0.822361 0.155152
v 0.465252 0.841920 0.120809
v 0.526774 0.813156 0.116442
v 0.502530 0.831708 0.081455
v 0.479468 0.849631 0.045975
v 0.539968 0.820083 0.040639
v 0.518716 0.836517 0.004466
v 0.497800 0.852115 -0.031931
v 0.557754 0.819699 -0.037189
v 0.538155 0.833408 -0.073968
v 0.593627 0.794096 -0.076412
v 0.574206 0.803559 -0.113025
v 0.555333 0.811248 -0.149517
v 0.610635 0.771173 -0.147893
v 0.593556 0.778675 -0.185223
v 0.575190 0.784076 -0.222589
v 0.625812 0.739970 -0.215724
v 0.608211 0.744486 -0.253707
v 0.657119 0.700351 -0.244837
v 0.639079 0.703326 -0.282902
v 0.685384 0.659122 -0.274388
v 0.666530 0.661415 -0.313336
v 0.716189 0.622050 -0.305476
v 0.695883 0.622615 -0.345540
v 0.735266 0.573906 -0.330865
v 0.713819 0.572910 -0.370010
v 0.751023 0.523193 -0.351984
v 0.730441 0.520478 -0.391585
v 0.766167 0.471650 -0.366996
v 0.745144 0.467026 -0.407575
v 0.782333 0.421435 -0.378220
v 0.761517 0.415631 -0.420685
v 0.799314 0.372772 -0.386639
v 0.778540 0.365900 -0.430774
v 0.816985 0.325892 -0.392163
v 0.796713 0.317875 -0.438333
v 0.836947 0.281119 -0.395852
v 0.822300 0.274966 -0.446034
v 0.856860 0.237302 -0.395129
v 0.847342 0.232067 -0.447511
v 0.875623 0.192738 -0.389124
v 0.867172 0.186177 -0.442182
v 0.895332 0.146218 -0.379678
v 0.884770 0.137674 -0.430906
v 0.908693 0.095348 -0.366176
v 0.894868 0.084491 -0.414566
v 0.913005 0.041248 -0.348711
v 0.900400 0.027981 -0.396349
v 0.909801 -0.013489 -0.328035
v 0.897305 -0.029460 -0.375083
v 0.902454 -0.067885 -0.304725
v 0.889550 -0.086602 -0.351161
v 0.896128 -0.120866 -0.278267
v 0.882705 -0.142535 -0.324020
v 0.891410 -0.170905 -0.247074
v 0.877399 -0.195525 -0.292598
v 0.887899 -0.218366 -0.212639
v 0.873949 -0.244777 -0.255743
v 0.885639 -0.264756 -0.172942
v 0.871783 -0.292333 -0.214059
v 0.884397 -0.310867 -0.128304
v 0.870778 -0.339343 -0.167218
v 0.884003 -0.356692 -0.079765
v 0.870968 -0.386549 -0.117108
v 0.883776 -0.401309 -0.029222
v 0.869958 -0.432447 -0.066569
v 0.870602 -0.439005 0.023703
v 0.858059 -0.472719 -0.013793
v 0.846670 -0.467843 0.078532
v 0.833175 -0.502735 0.040830
v 0.814103 -0.534007 0.002049
v 0.809012 -0.529195 0.098106
v 0.789965 -0.561734 0.059817
v 0.786249 -0.552849 0.156590
v 0.769538 -0.588906 0.118361
v 0.762902 -0.572137 0.216421
v 0.749388 -0.611490 0.179113
v 0.727571 -0.646066 0.141438
v 0.719680 -0.626400 0.239000
v 0.700645 -0.662339 0.202783
v 0.679341 -0.630510 0.293596
v 0.659458 -0.665776 0.258012
v 0.640018 -0.632819 0.347256
v 0.619776 -0.668848 0.311029
v 0.602240 -0.634962 0.399861
v 0.582816 -0.671149 0.361689
v 0.564293 -0.638091 0.451002
v 0.546946 -0.673087 0.411471
v 0.526339 -0.710515 0.373143
v 0.509959 -0.675426 0.462381
v 0.491353 -0.711293 0.423781
v 0.469493 -0.678663 0.516991
v 0.453245 -0.712152 0.478904
v 0.419408 -0.674613 0.572730
v 0.406152 -0.709778 0.539666
v 0.358742 -0.655029 0.626728
v 0.344896 -0.690258 0.596317
v 0.288254 -0.625208 0.681361
v 0.272009 -0.660830 0.654037
v 0.209370 -0.592206 0.737126
v 0.306112 -0.586239 0.700404
v 0.238727 -0.556553 0.755213
v 0.176533 -0.521843 0.794053
v 0.138399 -0.556489 0.778976
v 0.123642 -0.477041 0.828547
v 0.082276 -0.503663 0.814934
v 0.075681 -0.414811 0.868814
v 0.030092 -0.431856 0.861543
v -0.020260 -0.437226 0.853450
v -0.008875 -0.364411 0.904260
v -0.061330 -0.368833 0.897853
v -0.116473 -0.369474 0.892085
v -0.077192 -0.435172 0.849706
v -0.135350 -0.431418 0.846275
v -0.191610 -0.431168 0.840805
v -0.155166 -0.489232 0.804343
v -0.115744 -0.547553 0.767812
v -0.245311 -0.434764 0.832524
v -0.214207 -0.487605 0.799777
v -0.181800 -0.538989 0.767882
v -0.149348 -0.587727 0.737182
v -0.079948 -0.600427 0.733870
v -0.054632 -0.645651 0.704074
v 0.015719 -0.666116 0.694945
v -0.121366 -0.631329 0.708926
v -0.039325 -0.682938 0.679404
v -0.088888 -0.308007 0.934423
v -0.035382 -0.301182 0.939222
v -0.057376 -0.236025 0.948350
v 0.014943 -0.288258 0.935634
v -0.007623 -0.225362 0.949122
v -0.026924 -0.162884 0.954529
v 0.040288 -0.208022 0.946592
v 0.020465 -0.148605 0.954933
v 0.003314 -0.089934 0.965660
v 0.064566 -0.130325 0.958759
v 0.048298 -0.072254 0.969272
v 0.036183 -0.016116 0.967246
v 0.092947 -0.050770 0.970745
v 0.082757 0.004089 0.967707
v 0.074287 0.054828 0.964792
v 0.129024 0.025001 0.967493
v 0.122469 0.074273 0.964173
v 0.114636 0.120693 0.960485
v 0.169687 0.090796 0.962288
v 0.162360 0.137326 0.957081
v 0.154589 0.182559 0.950190
v 0.208935 0.146476 0.944245
v 0.203299 0.190608 0.936360
v 0.196737 0.233994 0.922546
v 0.248491 0.189998 0.911200
v 0.245272 0.233687 0.903936
v 0.240452 0.276681 0.892408
v 0.290180 0.227229 0.876153
v 0.288011 0.271046 0.869953
v 0.285366 0.315398 0.863069
v 0.332119 0.262250 0.841164
v 0.330972 0.306607 0.836254
v 0.329863 0.351206 0.831524
v 0.373955 0.297563 0.806726
v 0.373294 0.342206 0.801897
v 0.371896 0.386716 0.797267
v 0.414877 0.334671 0.773018
v 0.413761 0.379381 0.768399
v 0.408932 0.423487 0.760881
v 0.453903 0.373119 0.739823
v 0.448843 0.417996 0.732643
v 0.438135 0.462016 0.720808
v 0.483406 0.412548 0.701186
v 0.474064 0.458770 0.692792
v 0.460206 0.505359 0.680958
v 0.507919 0.456120 0.664803
v 0.492864 0.504657 0.654319
v 0.474494 0.552280 0.640056
v 0.524405 0.505462 0.628933
v 0.505240 0.554166 0.614847
v 0.486086 0.602428 0.600218
v 0.534819 0.557260 0.589589
v 0.515611 0.606125 0.575206
v 0.490375 0.649755 0.553831
v 0.543858 0.610079 0.549213
v 0.517848 0.654445 0.527547
v 0.486848 0.693445 0.500916
v 0.542403 0.657529 0.497906
v 0.511890 0.697270 0.473118
v 0.480627 0.737165 0.446192
v 0.536995 0.701379 0.443498
v 0.506793 0.740670 0.417867
v 0.562348 0.705212 0.412280
v 0.534049 0.743102 0.387654
v 0.587881 0.706242 0.378280
v 0.561544 0.743125 0.353992
v 0.611783 0.703720 0.341068
v 0.588349 0.739986 0.317088
v 0.555806 0.765926 0.288745
v 0.614542 0.734053 0.278036
v 0.583650 0.759645 0.250335
v 0.550658 0.780962 0.220653
v 0.611952 0.751688 0.210809
v 0.581576 0.773070 0.181683
v 0.553069 0.793504 0.150561
v 0.612588 0.763591 0.141320
v 0.586298 0.783822 0.110108
v 0.562076 0.802700 0.076338
v 0.618687 0.770586 0.069317
v 0.597184 0.788376 0.035107
v 0.577301 0.804619 -0.000721
v 0.631159 0.768197 -0.003704
v 0.612860 0.782711 -0.039789
v 0.660036 0.738984 -0.038071
v 0.644656 0.752658 -0.074281
v 0.627896 0.762988 -0.110977
v 0.672712 0.717208 -0.104946
v 0.657462 0.725842 -0.141361
v 0.641748 0.733182 -0.178091
v 0.687500 0.688577 -0.170577
v 0.673014 0.694891 -0.207241
v 0.715259 0.649118 -0.198511
v 0.701521 0.654542 -0.236077
v 0.743109 0.611071 -0.225177
v 0.731181 0.616812 -0.265496
v 0.757178 0.565740 -0.246728
v 0.746977 0.570118 -0.289063
v 0.771377 0.519835 -0.265319
v 0.761807 0.521685 -0.308912
v 0.786668 0.473429 -0.280011
v 0.777947 0.472943 -0.323479
v 0.803017 0.426890 -0.290021
v 0.794832 0.424669 -0.334023
v 0.819980 0.380944 -0.296096
v 0.812069 0.377366 -0.341064
v 0.837266 0.335717 -0.298962
v 0.829382 0.331271 -0.345107
v 0.854657 0.291621 -0.298873
v 0.847014 0.286383 -0.346499
v 0.872210 0.248947 -0.295371
v 0.864924 0.242659 -0.344064
v 0.890499 0.206148 -0.288533
v 0.883382 0.198968 -0.337662
v 0.909570 0.162417 -0.279022
v 0.903201 0.153782 -0.328727
v 0.927465 0.117083 -0.266872
v 0.920097 0.106059 -0.316528
v 0.931419 0.068625 -0.250254
v 0.923090 0.054692 -0.299664
v 0.933114 0.019190 -0.231416
v 0.921927 0.002723 -0.280071
v 0.928958 -0.029821 -0.209544
v 0.915689 -0.048949 -0.257422
v 0.923721 -0.077158 -0.184191
v 0.909864 -0.099110 -0.231374
v 0.919688 -0.122092 -0.155090
v 0.905434 -0.146583 -0.201469
v 0.916514 -0.165721 -0.123037
v 0.902146 -0.192086 -0.167981
v 0.914210 -0.209182 -0.087608
v 0.899688 -0.237207 -0.130772
v 0.912162 -0.252548 -0.047385
v 0.898112 -0.282360 -0.089006
v 0.912285 -0.295587 -0.003567
v 0.897518 -0.326688 -0.042480
v 0.910503 -0.336456 0.044894
v 0.896923 -0.369148 0.007656
v 0.895423 -0.370428 0.097929
v 0.882641 -0.404620 0.060807
v 0.873772 -0.397678 0.152783
v 0.860264 -0.432592 0.115900
v 0.852063 -0.420825 0.209120
v 0.837445 -0.457116 0.172343
v 0.823311 -0.493277 0.135606
v 0.814475 -0.477628 0.230281
v 0.800362 -0.515248 0.194081
v 0.788597 -0.493860 0.289481
v 0.775815 -0.532689 0.253610
v 0.758489 -0.506187 0.348120
v 0.745617 -0.545600 0.312144
v 0.733360 -0.586056 0.275395
v 0.708795 -0.552274 0.367143
v 0.696056 -0.592849 0.330555
v 0.670073 -0.556088 0.420924
v 0.657415 -0.596367 0.384786
v 0.630304 -0.558845 0.473945
v 0.618016 -0.599311 0.438029
v 0.585932 -0.558028 0.521659
v 0.575426 -0.601184 0.487690
v 0.538607 -0.555650 0.563197
v 0.528643 -0.601553 0.531818
v 0.524593 -0.641765 0.502212
v 0.479918 -0.598424 0.573570
v 0.480793 -0.646258 0.551650
v 0.431794 -0.584988 0.616195
v 0.428720 -0.636077 0.599135
v 0.381428 -0.565791 0.664361
v 0.369811 -0.614108 0.647229
v 0.327775 -0.544368 0.718330
v 0.401659 -0.519719 0.689877
v 0.352267 -0.500235 0.737061
v 0.299304 -0.474474 0.780553
v 0.269212 -0.517124 0.768868
v 0.247180 -0.441742 0.813434
v 0.212918 -0.483086 0.805076
v 0.201644 -0.403288 0.845516
v 0.163296 -0.441610 0.837795
v 0.162668 -0.354921 0.877215
v 0.119600 -0.386998 0.871293
v 0.132845 -0.300449 0.906491
v 0.086436 -0.327026 0.901035
v 0.039714 -0.349950 0.904224
v 0.061772 -0.268470 0.928566
v 0.107642 -0.243516 0.927253
v 0.084870 -0.186817 0.943019
v 0.150672 -0.213520 0.927587
v 0.127573 -0.161126 0.946273
v 0.107838 -0.107544 0.964002
v 0.169858 -0.131263 0.950063
v 0.151234 -0.080722 0.965333
v 0.137347 -0.027469 0.970548
v 0.191926 -0.052027 0.964322
v 0.180899 -0.004189 0.968956
v 0.175236 0.043704 0.966392
v 0.224649 0.018100 0.950748
v 0.218207 0.058594 0.950248
v 0.212690 0.101620 0.948339
v 0.261304 0.067376 0.918231
v 0.254984 0.105158 0.917520
v 0.250995 0.146110 0.915334
v 0.300468 0.102144 0.884879
v 0.295043 0.141423 0.883484
v 0.291969 0.183434 0.880331
v 0.338979 0.133876 0.852856
v 0.335598 0.175316 0.849722
v 0.333358 0.218317 0.845736
v 0.377555 0.166649 0.820879
v 0.375646 0.209593 0.816481
v 0.374577 0.253575 0.811579
v 0.416436 0.201276 0.788480
v 0.415708 0.245559 0.783154
v 0.415303 0.289868 0.777953
v 0.455593 0.238190 0.755744
v 0.455307 0.283103 0.750063
v 0.454916 0.328108 0.744778
v 0.493044 0.276916 0.721506
v 0.490799 0.322361 0.714072
v 0.487813 0.367558 0.707581
v 0.530251 0.318967 0.689935
v 0.526689 0.364212 0.682743
v 0.519373 0.408236 0.673785
v 0.568066 0.361643 0.660662
v 0.558291 0.406566 0.651109
v 0.541898 0.455599 0.640601
v 0.591240 0.406435 0.624328
v 0.572357 0.456555 0.614406
v 0.554090 0.507296 0.603317
v 0.600842 0.459368 0.588185
v 0.582473 0.510526 0.577406
v 0.563339 0.561000 0.563926
v 0.606604 0.513037 0.547730
v 0.586309 0.562407 0.533079
v 0.566401 0.611365 0.516980
v 0.605631 0.562811 0.499515
v 0.586004 0.611668 0.483225
v 0.564902 0.659773 0.466114
v 0.604919 0.612436 0.448965
v 0.585167 0.661014 0.432170
v 0.624170 0.613126 0.414711
v 0.605831 0.661208 0.396991
v 0.644029 0.612380 0.380853
v 0.627300 0.659317 0.361059
v 0.664595 0.609888 0.347621
v 0.649846 0.655473 0.326045
v 0.636036 0.698541 0.303545
v 0.672812 0.649549 0.292019
v 0.659532 0.690179 0.266882
v 0.639585 0.725154 0.239234
v 0.681985 0.679009 0.230954
v 0.662781 0.711970 0.201144
v 0.639236 0.740493 0.171305
v 0.683672 0.695207 0.164314
v 0.663328 0.724060 0.132710
v 0.641612 0.749763 0.101519
v 0.686336 0.704290 0.097281
v 0.668050 0.729777 0.064243
v 0.649605 0.750970 0.030824
v 0.692716 0.704438 0.031539
v 0.675991 0.723017 -0.002971
v 0.716766 0.677302 0.002133
v 0.701323 0.692703 -0.033094
v 0.687123 0.705885 -0.068579
v 0.726827 0.661559 -0.060478
v 0.714065 0.672455 -0.096829
v 0.700972 0.681349 -0.133765
v 0.738838 0.637100 -0.122673
v 0.726876 0.643110 -0.160406
v 0.762758 0.601933 -0.146461
v 0.752718 0.606475 -0.185260
v 0.775764 0.560197 -0.166023
v 0.766572 0.562786 -0.205663
v 0.788903 0.517876 -0.183118
v 0.780424 0.518543 -0.223365
v 0.802834 0.475207 -0.197132
v 0.795149 0.474109 -0.236938
v 0.817875 0.431995 -0.206852
v 0.810714 0.429332 -0.247179
v 0.833768 0.388885 -0.212273
v 0.827099 0.384773 -0.253124
v 0.850220 0.346602 -0.213482
v 0.844052 0.340828 -0.255218
v 0.867020 0.305475 -0.210835
v 0.861287 0.298094 -0.253516
v 0.884018 0.265646 -0.204708
v 0.878673 0.256516 -0.248796
v 0.901625 0.225345 -0.196432
v 0.896599 0.214962 -0.241307
v 0.919607 0.185107 -0.185716
v 0.915143 0.172994 -0.231193
v 0.937496 0.144208 -0.172563
v 0.933075 0.129931 -0.218735
v 0.946953 0.101010 -0.155888
v 0.939195 0.083861 -0.202014
v 0.951754 0.056827 -0.136570
v 0.942647 0.036821 -0.183183
v 0.954505 0.013923 -0.115205
v 0.942145 -0.009221 -0.161775
v 0.951808 -0.028106 -0.091262
v 0.937954 -0.053718 -0.136861
v 0.948506 -0.068662 -0.064247
v 0.934178 -0.096392 -0.108897
v 0.945567 -0.108976 -0.034180
v 0.931224 -0.138238 -0.077761
v 0.942006 -0.149210 -0.001311
v 0.928975 -0.180229 -0.043634
v 0.933423 -0.188630 0.035415
v 0.924410 -0.221488 -0.006245
v 0.934371 -0.228876 0.075275
v 0.925980 -0.263500 0.035456
v 0.928456 -0.266752 0.120974
v 0.921776 -0.302743 0.083266
v 0.913669 -0.298302 0.171180
v 0.909120 -0.336378 0.135881
v 0.892658 -0.322523 0.223871
v 0.888843 -0.362697 0.190010
v 0.870162 -0.341394 0.277460
v 0.866471 -0.384164 0.245389
v 0.844828 -0.356183 0.330023
v 0.840792 -0.401239 0.300282
v 0.828394 -0.440057 0.265971
v 0.812465 -0.414214 0.355080
v 0.801470 -0.455112 0.323622
v 0.781973 -0.422832 0.409359
v 0.772099 -0.466707 0.381321
v 0.748476 -0.426676 0.461515
v 0.737834 -0.472617 0.436310
v 0.722290 -0.512480 0.403166
v 0.702733 -0.475571 0.488887
v 0.685253 -0.516147 0.456436
v 0.664993 -0.475319 0.538429
v 0.646907 -0.517789 0.508218
v 0.623047 -0.469187 0.582204
v 0.603156 -0.513388 0.553625
v 0.580246 -0.460560 0.623274
v 0.557252 -0.507363 0.595288
v 0.538412 -0.449562 0.662879
v 0.513364 -0.498375 0.635302
v 0.491412 -0.548939 0.603776
v 0.470634 -0.486155 0.675157
v 0.447360 -0.536883 0.645397
v 0.427038 -0.470324 0.714771
v 0.496862 -0.435997 0.701735
v 0.454329 -0.421102 0.738817
v 0.408834 -0.405202 0.775862
v 0.380372 -0.452687 0.755691
v 0.362345 -0.382271 0.809432
v 0.330685 -0.429213 0.793440
v 0.318200 -0.352554 0.838153
v 0.282200 -0.397815 0.823483
v 0.279861 -0.318957 0.866427
v 0.240937 -0.361939 0.855133
v 0.246338 -0.277623 0.890632
v 0.205700 -0.317938 0.884593
v 0.217041 -0.229702 0.910781
v 0.176335 -0.267083 0.909379
v 0.191970 -0.179890 0.930974
v 0.256356 -0.189635 0.914145
v 0.232941 -0.143864 0.936726
v 0.209694 -0.098802 0.952940
v 0.233640 -0.019618 0.948669
v 0.277458 0.004868 0.915099
v 0.268995 0.033908 0.917276
v 0.323295 0.001881 0.882729
v 0.315884 0.032513 0.883660
v 0.307586 0.065937 0.884864
v 0.354380 0.019186 0.857994
v 0.349295 0.056239 0.856323
v 0.343756 0.094295 0.854869
v 0.387292 0.042690 0.831171
v 0.383772 0.083645 0.827865
v 0.380364 0.124717 0.824594
v 0.421731 0.071578 0.802573
v 0.419623 0.114686 0.798043
v 0.417787 0.157764 0.793423
v 0.457620 0.104441 0.772462
v 0.456700 0.148908 0.766975
v 0.455988 0.193414 0.761397
v 0.494763 0.140432 0.741108
v 0.494580 0.185975 0.734970
v 0.494234 0.231443 0.728684
v 0.532509 0.179058 0.709040
v 0.532408 0.225753 0.702815
v 0.531886 0.272461 0.696522
v 0.569850 0.220554 0.677136
v 0.569609 0.268486 0.671149
v 0.569266 0.316162 0.665693
v 0.606323 0.265030 0.645835
v 0.606739 0.313162 0.639706
v 0.605069 0.358693 0.634012
v 0.643840 0.310136 0.613479
v 0.639556 0.357639 0.605981
v 0.621149 0.408534 0.597434
v 0.667306 0.358608 0.576408
v 0.646169 0.411298 0.568353
v 0.625821 0.462266 0.559294
v 0.668749 0.414260 0.538625
v 0.647203 0.464573 0.528200
v 0.626143 0.514049 0.515027
v 0.665716 0.466166 0.495881
v 0.644408 0.515099 0.481828
v 0.624470 0.563668 0.465806
v 0.662541 0.516137 0.449069
v 0.643207 0.564390 0.432376
v 0.680722 0.516461 0.417033
v 0.662059 0.564257 0.399649
v 0.699166 0.515841 0.385549
v 0.681318 0.562825 0.367593
v 0.717468 0.514376 0.355219
v 0.700804 0.560053 0.336555
v 0.685558 0.605716 0.315429
v 0.721030 0.555776 0.305850
v 0.707197 0.599564 0.283926
v 0.696084 0.641709 0.258940
v 0.729008 0.591683 0.253135
v 0.718750 0.631682 0.226813
v 0.702935 0.665368 0.196248
v 0.739795 0.619748 0.195549
v 0.723142 0.649664 0.163448
v 0.704713 0.677264 0.130362
v 0.743392 0.632213 0.132714
v 0.726539 0.658094 0.099540
v 0.709792 0.682430 0.065819
v 0.748792 0.637879 0.071147
v 0.733030 0.659283 0.036983
v 0.768323 0.613657 0.044029
v 0.754103 0.632407 0.010380
v 0.740164 0.648303 -0.024613
v 0.775790 0.606374 -0.014554
v 0.763726 0.619821 -0.049558
v 0.751024 0.629605 -0.085746
v 0.783856 0.588532 -0.072198
v 0.772820 0.596080 -0.108713
v 0.794446 0.551862 -0.091170
v 0.784832 0.556744 -0.127826
v 0.805600 0.514608 -0.107934
v 0.797207 0.516792 -0.144644
v 0.817756 0.476412 -0.121961
v 0.810342 0.476167 -0.158590
v 0.831033 0.437465 -0.132031
v 0.824631 0.434794 -0.168411
v 0.845474 0.398306 -0.136910
v 0.839867 0.393474 -0.173577
v 0.860496 0.360493 -0.136434
v 0.855711 0.353158 -0.173913
v 0.875841 0.324010 -0.131864
v 0.871891 0.314061 -0.170328
v 0.891592 0.288138 -0.124179
v 0.888325 0.276208 -0.163133
v 0.908050 0.251812 -0.113964
v 0.905483 0.237575 -0.153897
v 0.925091 0.215110 -0.101496
v 0.922979 0.199168 -0.142325
v 0.942419 0.178828 -0.087107
v 0.940692 0.160441 -0.128612
v 0.958451 0.142356 -0.070552
v 0.954004 0.120517 -0.112252
v 0.965359 0.104626 -0.050286
v 0.959254 0.079415 -0.092263
v 0.963416 0.067875 -0.027168
v 0.960099 0.039709 -0.069979
v 0.960292 0.031780 -0.003099
v 0.957295 0.000925 -0.046170
v 0.956780 -0.004665 0.022113
v 0.953991 -0.037741 -0.020471
v 0.952804 -0.041539 0.049463
v 0.950209 -0.076236 0.008371
v 0.948595 -0.079212 0.079932
v 0.946135 -0.115119 0.040207
v 0.943807 -0.117484 0.113632
v 0.939644 -0.153883 0.075305
v 0.938731 -0.155657 0.151079
v 0.937593 -0.192884 0.114137
v 0.930409 -0.189233 0.192945
v 0.931978 -0.228504 0.158034
v 0.916987 -0.216210 0.237758
v 0.917543 -0.258355 0.205759
v 0.899424 -0.235781 0.285459
v 0.897041 -0.280909 0.256038
v 0.879781 -0.248150 0.333839
v 0.874485 -0.296424 0.307145
v 0.856772 -0.256234 0.380875
v 0.849900 -0.307458 0.356700
v 0.830746 -0.260470 0.425736
v 0.822530 -0.314861 0.404354
v 0.816669 -0.366680 0.381149
v 0.794495 -0.318797 0.452134
v 0.786833 -0.372371 0.431857
v 0.766105 -0.318292 0.499956
v 0.756666 -0.374338 0.482442
v 0.734158 -0.314162 0.545314
v 0.724867 -0.372472 0.530880
v 0.713703 -0.426446 0.511143
v 0.688541 -0.366861 0.573446
v 0.675544 -0.422721 0.556199
v 0.651101 -0.359901 0.613941
v 0.637270 -0.416764 0.599307
v 0.613639 -0.351261 0.653246
v 0.599799 -0.409165 0.642121
v 0.576189 -0.340929 0.691596
v 0.562203 -0.399507 0.683556
v 0.538617 -0.329154 0.728812
v 0.523881 -0.386715 0.723915
v 0.496741 -0.314866 0.762890
v 0.480617 -0.371755 0.760890
v 0.456181 -0.298072 0.795149
v 0.435280 -0.354862 0.792641
v 0.416561 -0.275069 0.821609
v 0.391112 -0.331120 0.820045
v 0.379769 -0.247888 0.846074
v 0.351211 -0.302770 0.847099
v 0.346936 -0.217097 0.868546
v 0.315353 -0.270242 0.870675
v 0.317745 -0.181764 0.889266
v 0.283570 -0.232223 0.891003
v 0.292172 -0.141583 0.909750
v 0.342372 -0.124834 0.878771
v 0.370847 -0.159501 0.859742
v 0.386253 -0.100240 0.850063
v 0.356600 -0.065899 0.868000
v 0.391306 -0.045235 0.840947
v 0.358041 -0.018919 0.860930
v 0.390324 0.000619 0.835072
v 0.424253 -0.071169 0.821042
v 0.425102 -0.019320 0.813270
v 0.423799 0.027572 0.807404
v 0.459446 -0.038407 0.791630
v 0.459296 0.012302 0.784465
v 0.458566 0.059236 0.778182
v 0.494567 -0.002203 0.761562
v 0.494840 0.047290 0.754203
v 0.494850 0.094463 0.747430
v 0.530990 0.036020 0.730279
v 0.531771 0.084995 0.722653
v 0.532264 0.132435 0.715614
v 0.568650 0.076078 0.697940
v 0.569564 0.124932 0.690328
v 0.569973 0.172767 0.683437
v 0.607005 0.117910 0.665039
v 0.607366 0.167018 0.657959
v 0.606813 0.216043 0.651777
v 0.644089 0.162259 0.632900
v 0.643207 0.212439 0.626770
v 0.642671 0.262356 0.620821
v 0.678805 0.210249 0.602221
v 0.678425 0.260226 0.595341
v 0.677355 0.308264 0.585918
v 0.711316 0.259038 0.568536
v 0.706374 0.308725 0.557184
v 0.691446 0.361567 0.547015
v 0.731881 0.311568 0.529072
v 0.712420 0.364997 0.518327
v 0.688350 0.416601 0.507862
v 0.729811 0.367195 0.488080
v 0.705510 0.418205 0.476556
v 0.683207 0.467551 0.463812
v 0.722049 0.419755 0.446096
v 0.700578 0.468573 0.432459
v 0.738375 0.421065 0.416272
v 0.717847 0.468939 0.401989
v 0.754604 0.422128 0.386906
v 0.735361 0.468599 0.371854
v 0.770505 0.422972 0.358340
v 0.752589 0.467765 0.342732
v 0.736164 0.511891 0.325278
v 0.770472 0.466073 0.313318
v 0.755466 0.508221 0.295530
v 0.741639 0.550116 0.275756
v 0.775415 0.503333 0.265938
v 0.762810 0.543527 0.245858
v 0.750787 0.583030 0.222810
v 0.784136 0.536014 0.216735
v 0.771873 0.572419 0.192862
v 0.758926 0.603993 0.164411
v 0.791665 0.558806 0.163604
v 0.775890 0.585673 0.134527
v 0.762836 0.612921 0.103853
v 0.794641 0.568135 0.106371
v 0.780748 0.591376 0.076209
v 0.813789 0.551858 0.080882
v 0.800012 0.570876 0.050729
v 0.787853 0.589779 0.019051
v 0.817739 0.550190 0.028403
v 0.805581 0.565086 -0.003247
v 0.794576 0.578221 -0.036944
v 0.814796 0.535515 -0.022928
v 0.804406 0.544791 -0.056134
v 0.823579 0.504413 -0.040259
v 0.814368 0.510567 -0.073083
v 0.832913 0.473115 -0.054664
v 0.825288 0.475462 -0.087141
v 0.843421 0.440613 -0.065747
v 0.837302 0.439367 -0.097848
v 0.855104 0.409276 -0.068981
v 0.850613 0.403227 -0.102412
v 0.867550 0.379138 -0.066255
v 0.864519 0.368828 -0.100791
v 0.880591 0.349234 -0.060254
v 0.878782 0.335542 -0.095342
v 0.894482 0.318227 -0.052274
v 0.893724 0.301768 -0.087563
v 0.908896 0.287179 -0.041948
v 0.909216 0.268115 -0.076958
v 0.924391 0.254681 -0.029280
v 0.925645 0.233469 -0.063741
v 0.940102 0.223065 -0.013645
v 0.942225 0.199430 -0.048340
v 0.955772 0.192519 0.003808
v 0.958523 0.166062 -0.030960
v 0.969055 0.162888 0.024064
v 0.968924 0.131679 -0.010892
v 0.969172 0.132206 0.047219
v 0.966905 0.098474 0.012149
v 0.963549 0.101030 0.071324
v 0.963401 0.064675 0.036826
v 0.956246 0.068032 0.096751
v 0.959295 0.030305 0.061928
v 0.948725 0.034115 0.122408
v 0.954759 -0.005031 0.088520
v 0.940473 -0.001334 0.150023
v 0.949121 -0.041452 0.117627
v 0.932383 -0.038272 0.181050
v 0.941863 -0.078951 0.149528
v 0.923013 -0.075838 0.216527
v 0.932679 -0.115811 0.185270
v 0.911579 -0.103219 0.254978
v 0.921015 -0.147646 0.225051
v 0.898553 -0.116773 0.293438
v 0.907387 -0.169542 0.266824
v 0.883754 -0.125459 0.332186
v 0.891268 -0.183058 0.310042
v 0.867623 -0.132698 0.372501
v 0.873845 -0.191962 0.354100
v 0.849427 -0.138065 0.413604
v 0.853714 -0.197930 0.397926
v 0.828618 -0.141500 0.454906
v 0.830690 -0.201431 0.440955
v 0.805502 -0.142561 0.495873
v 0.805095 -0.202562 0.483325
v 0.803670 -0.262174 0.470134
v 0.776036 -0.200493 0.524506
v 0.773636 -0.260146 0.513596
v 0.743322 -0.194670 0.564143
v 0.739446 -0.254573 0.554695
v 0.709896 -0.186525 0.602455
v 0.703900 -0.246990 0.593893
v 0.697918 -0.307285 0.585932
v 0.668637 -0.238447 0.631033
v 0.660848 -0.299396 0.624104
v 0.633530 -0.228854 0.666481
v 0.624049 -0.290385 0.660789
v 0.597954 -0.218281 0.700152
v 0.587989 -0.279966 0.696967
v 0.559616 -0.206600 0.730615
v 0.551440 -0.268273 0.731694
v 0.520974 -0.193231 0.758133
v 0.511695 -0.254409 0.762373
v 0.484351 -0.176148 0.783559
v 0.473014 -0.237598 0.790469
v 0.449680 -0.154953 0.807643
v 0.436309 -0.215627 0.815766
v 0.417028 -0.129978 0.829886
v 0.402360 -0.189717 0.838882
v 0.457539 -0.094775 0.800374
v 0.491833 -0.114966 0.778238
v 0.493846 -0.055879 0.769682
v 0.527140 -0.131638 0.754733
v 0.528862 -0.071641 0.747111
v 0.529864 -0.015591 0.738492
v 0.564884 -0.085318 0.723475
v 0.565684 -0.028034 0.714980
v 0.567276 0.025378 0.706242
v 0.602083 -0.039468 0.690840
v 0.603645 0.015310 0.682095
v 0.605708 0.067567 0.673181
v 0.640375 0.005630 0.657306
v 0.642638 0.059260 0.648444
v 0.644191 0.111384 0.639995
v 0.679141 0.051630 0.623118
v 0.680663 0.105674 0.615182
v 0.680092 0.158606 0.608107
v 0.715881 0.101504 0.590342
v 0.714920 0.156400 0.583639
v 0.713382 0.208771 0.577469
v 0.748682 0.155225 0.559025
v 0.745538 0.208557 0.551317
v 0.741171 0.259823 0.540840
v 0.775406 0.209789 0.525083
v 0.767854 0.262597 0.513760
v 0.753041 0.314732 0.500285
v 0.790551 0.265784 0.485632
v 0.769984 0.317320 0.470513
v 0.745532 0.369184 0.458156
v 0.784800 0.320196 0.441092
v 0.760793 0.371536 0.429073
v 0.798782 0.323888 0.412831
v 0.775696 0.374062 0.400472
v 0.812159 0.328355 0.384870
v 0.790247 0.376837 0.372248
v 0.824727 0.333798 0.357309
v 0.804549 0.379848 0.344216
v 0.786745 0.423452 0.329434
v 0.819081 0.382815 0.315751
v 0.803184 0.423422 0.300560
v 0.788926 0.463383 0.283952
v 0.819861 0.422762 0.272302
v 0.807492 0.459840 0.255463
v 0.795752 0.497327 0.236851
v 0.827171 0.455020 0.226358
v 0.816662 0.490358 0.207859
v 0.805817 0.527171 0.188040
v 0.837242 0.482784 0.180148
v 0.827112 0.516928 0.160298
v 0.811450 0.544387 0.135144
v 0.845211 0.506065 0.134762
v 0.828922 0.530829 0.108981
v 0.858886 0.493009 0.110910
v 0.843664 0.516029 0.086408
v 0.831076 0.533791 0.058112
v 0.849940 0.492990 0.064856
v 0.837885 0.509545 0.037839
v 0.825953 0.523694 0.008377
v 0.843758 0.484282 0.018553
v 0.833220 0.496005 -0.009811
v 0.854608 0.469015 0.041779
v 0.865597 0.450492 0.059687
v 0.868672 0.427653 0.031250
v 0.862486 0.472794 0.086233
v 0.875444 0.448070 0.102882
v 0.877384 0.427810 0.073897
v 0.872297 0.465539 0.130243
v 0.881602 0.435553 0.145420
v 0.885840 0.421308 0.116425
v 0.856242 0.474948 0.155150
v 0.865621 0.443094 0.172045
v 0.873480 0.413389 0.187066
v 0.885115 0.405947 0.158612
v 0.846879 0.449217 0.198096
v 0.856010 0.417826 0.214801
v 0.865115 0.387605 0.230164
v 0.880647 0.385705 0.201364
v 0.837639 0.420966 0.243557
v 0.848872 0.387343 0.259124
v 0.861960 0.352518 0.272942
v 0.875452 0.357136 0.244045
v 0.833492 0.385539 0.287800
v 0.849214 0.346471 0.301467
v 0.867738 0.304469 0.313115
v 0.877570 0.315398 0.284663
v 0.836884 0.339944 0.329738
v 0.858044 0.294061 0.340834
v 0.881331 0.245710 0.348711
v 0.889830 0.259184 0.320220
v 0.847580 0.284819 0.368746
v 0.871276 0.234307 0.378241
v 0.879241 0.178691 0.376920
v 0.891660 0.191388 0.347097
v 0.835906 0.277568 0.397004
v 0.859022 0.224677 0.408144
v 0.862850 0.168879 0.406924
v 0.862563 0.110291 0.403331
v 0.877885 0.119651 0.370826
v 0.842950 0.218516 0.437521
v 0.843524 0.162026 0.437685
v 0.843685 0.103847 0.436071
v 0.843598 0.044136 0.435096
v 0.861103 0.050129 0.399866
v 0.824269 0.157716 0.469129
v 0.823386 0.099886 0.469538
v 0.823109 0.040436 0.470080
v 0.823984 -0.019950 0.469135
v 0.844460 -0.016642 0.432528
v 0.802709 0.098011 0.503843
v 0.801714 0.038844 0.505540
v 0.801808 -0.021224 0.505863
v 0.804097 -0.081746 0.503384
v 0.826637 -0.080654 0.464811
v 0.779461 0.039307 0.540890
v 0.778557 -0.020229 0.542402
v 0.779664 -0.080034 0.541890
v 0.779017 -0.140510 0.535935
v 0.748326 -0.016680 0.574151
v 0.749263 -0.075094 0.576808
v 0.748424 -0.134848 0.574018
v 0.713859 -0.067821 0.608225
v 0.714813 -0.126291 0.609990
v 0.676529 -0.059089 0.637898
v 0.678409 -0.117033 0.642247
v 0.676098 -0.177578 0.638374
v 0.640911 -0.107629 0.671758
v 0.640965 -0.168036 0.672144
v 0.602549 -0.097221 0.698454
v 0.603093 -0.157384 0.702305
v 0.564224 -0.145459 0.729366
v 0.639212 -0.049697 0.665497
v 0.677180 -0.003386 0.631022
v 0.713337 -0.011125 0.603103
v 0.714617 0.045491 0.596977
v 0.749059 0.041469 0.570434
v 0.749764 0.099098 0.565337
v 0.780720 0.097961 0.538079
v 0.780167 0.155057 0.533599
v 0.803915 0.155675 0.501822
v 0.802132 0.212103 0.497766
v 0.824302 0.214873 0.467719
v 0.807935 0.268203 0.455322
v 0.822915 0.272013 0.425107
v 0.846794 -0.077463 0.425939
v 0.863491 -0.072030 0.386408
v 0.860964 -0.011016 0.394928
v 0.878836 -0.064780 0.348189
v 0.875662 -0.003013 0.357949
v 0.875766 0.058791 0.364989
v 0.888959 0.006835 0.322588
v 0.889107 0.069864 0.331724
v 0.890451 0.131815 0.339323
v 0.900959 0.083178 0.300611
v 0.901603 0.146470 0.309975
v 0.901933 0.206840 0.318491
v 0.911780 0.163366 0.282537
v 0.910846 0.224209 0.291634
v 0.897061 0.274631 0.292484
v 0.917017 0.243649 0.265766
v 0.903483 0.290563 0.264748
v 0.888052 0.325464 0.255940
v 0.911148 0.303805 0.237394
v 0.899520 0.332801 0.227688
v 0.888983 0.359230 0.215014
v 0.910157 0.335481 0.200005
v 0.899603 0.356691 0.185961
v 0.890641 0.379524 0.171631
v 0.911199 0.350848 0.155092
v 0.900275 0.371153 0.141379
v 0.891226 0.394492 0.128657
v 0.911248 0.357751 0.106854
v 0.899538 0.379447 0.095702
v 0.889036 0.403359 0.085088
v 0.902645 0.356434 0.059878
v 0.890991 0.380929 0.050147
v 0.879466 0.405375 0.040896
v 0.880817 0.384240 0.007465
v 0.870148 0.407649 0.000534
v 0.892696 0.358391 0.015492
v 0.893970 0.337412 -0.018123
v 0.881222 0.365466 -0.026193
v 0.905260 0.331575 0.024922
v 0.907458 0.308523 -0.008183
v 0.918041 0.305351 0.036459
v 0.921688 0.278740 0.003534
v 0.930828 0.279991 0.049637
v 0.936049 0.250203 0.018376
v 0.943550 0.256405 0.065784
v 0.950311 0.222740 0.036039
v 0.955158 0.234490 0.083806
v 0.962790 0.197215 0.055198
v 0.959082 0.209194 0.103467
v 0.964885 0.169374 0.076648
v 0.955439 0.180483 0.124748
v 0.959169 0.139704 0.099659
v 0.948169 0.150219 0.148258
v 0.951226 0.108131 0.124536
v 0.939377 0.119288 0.173101
v 0.943020 0.075634 0.150363
v 0.930248 0.088242 0.199589
v 0.934294 0.041595 0.177315
v 0.920288 0.057986 0.229022
v 0.925165 0.004346 0.207429
v 0.910512 0.034208 0.258862
v 0.915193 -0.027417 0.241654
v 0.900498 0.018418 0.289391
v 0.904701 -0.045085 0.276317
v 0.892992 -0.055740 0.311014
v 0.910980 0.099177 0.271771
v 0.919812 0.118675 0.245467
v 0.920955 0.182735 0.256986
v 0.929254 0.143830 0.218250
v 0.928974 0.203661 0.233371
v 0.921413 0.263424 0.240977
v 0.934769 0.225746 0.211480
v 0.926261 0.281708 0.217027
v 0.919966 0.312491 0.211238
v 0.928133 0.314368 0.183673
v 0.920541 0.333053 0.169776
v 0.939117 0.303720 0.147317
v 0.931996 0.320160 0.132444
v 0.922073 0.338033 0.119166
v 0.925608 0.310862 0.083314
v 0.914359 0.332889 0.070784
v 0.936326 0.290654 0.097095
v 0.945569 0.271774 0.111840
v 0.937948 0.169181 0.193549
v 0.869400 0.392108 -0.032525
v -0.449303 -0.135686 0.869264
v -0.403470 -0.075907 0.895918
v -0.460802 -0.085798 0.870761
v -0.411336 -0.026187 0.895302
v -0.466172 -0.036926 0.866010
v -0.420543 0.023247 0.895000
v -0.474524 0.010473 0.865568
v -0.430027 0.071397 0.892799
v -0.485122 0.057061 0.866685
v -0.436176 0.117864 0.880050
v -0.489577 0.102376 0.855052
v -0.442726 0.163770 0.865381
v -0.492157 0.148035 0.840313
v -0.449253 0.210531 0.847274
v -0.495600 0.194455 0.823243
v -0.450447 0.253883 0.819770
v -0.493684 0.237643 0.795764
v -0.457426 0.302376 0.800438
v -0.500152 0.287571 0.778818
v -0.461544 0.350198 0.778102
v -0.505622 0.336555 0.759766
v -0.548745 0.323008 0.741784
v -0.507913 0.383369 0.735986
v -0.463344 0.396012 0.752867
v -0.462766 0.437934 0.722388
v -0.417429 0.408121 0.769786
v -0.417115 0.450004 0.738696
v -0.417833 0.491456 0.706937
v -0.463050 0.478997 0.691204
v -0.419808 0.533120 0.674412
v -0.464721 0.520133 0.659350
v -0.371611 0.503606 0.723454
v -0.374148 0.545012 0.690704
v -0.323903 0.515746 0.741074
v -0.326525 0.556593 0.708610
v -0.274308 0.528325 0.759752
v -0.276973 0.568512 0.727835
v -0.223593 0.541692 0.778646
v -0.226206 0.581560 0.747270
v -0.173580 0.556613 0.795775
v -0.176249 0.596714 0.764496
v -0.122125 0.567527 0.802957
v -0.125723 0.608432 0.772024
v -0.070169 0.572352 0.797415
v -0.073800 0.611828 0.766144
v -0.018446 0.576784 0.790282
v -0.022564 0.615965 0.759183
v -0.027044 0.655626 0.727658
v 0.026082 0.620674 0.752049
v 0.020556 0.660628 0.720310
v 0.015277 0.701658 0.687821
v 0.066329 0.664801 0.713833
v 0.060371 0.705661 0.681423
v 0.056992 0.747297 0.648328
v 0.103804 0.708432 0.676299
v 0.099365 0.749640 0.643009
v 0.146304 0.711220 0.671362
v 0.138994 0.750424 0.636995
v 0.186946 0.714376 0.664051
v 0.175502 0.749657 0.627417
v 0.224136 0.713741 0.649752
v 0.208810 0.748041 0.614886
v 0.239355 0.747524 0.600326
v 0.201463 0.677385 0.694179
v 0.157065 0.672386 0.701630
v 0.169574 0.635787 0.730353
v 0.111734 0.668397 0.707886
v 0.121453 0.630664 0.737555
v 0.131358 0.594403 0.765927
v 0.073521 0.625533 0.744906
v 0.081163 0.587975 0.774533
v 0.088841 0.551248 0.802402
v 0.031632 0.581887 0.782816
v 0.037207 0.544018 0.811893
v 0.043175 0.506149 0.838900
v -0.014479 0.537855 0.820219
v -0.009506 0.498552 0.847442
v -0.003484 0.458928 0.873102
v -0.062127 0.489655 0.852530
v -0.056404 0.448019 0.876339
v -0.049831 0.409382 0.904269
v -0.109958 0.437042 0.877172
v -0.103549 0.397706 0.904350
v -0.095008 0.356188 0.927624
v -0.158261 0.387986 0.903071
v -0.149682 0.345406 0.926472
v -0.138228 0.298825 0.936156
v -0.204803 0.334048 0.919419
v -0.192857 0.287532 0.931827
v -0.182136 0.240354 0.945120
v -0.247218 0.275687 0.920336
v -0.236656 0.229792 0.937578
v -0.226443 0.179791 0.945099
v -0.289795 0.216112 0.922527
v -0.279074 0.167897 0.933807
v -0.270627 0.116839 0.943619
v -0.331112 0.152391 0.917574
v -0.322567 0.102854 0.929445
v -0.313372 0.050898 0.937117
v -0.375299 0.086995 0.913408
v -0.366302 0.036739 0.919035
v -0.356112 -0.014451 0.918995
v -0.383064 0.134825 0.900278
v -0.341084 0.198611 0.903361
v -0.391960 0.180727 0.884940
v -0.351289 0.243236 0.885508
v -0.400772 0.226325 0.866769
v -0.358698 0.286788 0.862178
v -0.405972 0.270302 0.841876
v -0.364942 0.331512 0.839117
v -0.412266 0.316679 0.819880
v -0.369343 0.377092 0.815597
v -0.416098 0.363369 0.796603
v -0.370366 0.420537 0.787005
v -0.321036 0.391356 0.834674
v -0.321979 0.433489 0.804619
v -0.322451 0.474797 0.772997
v -0.370468 0.462205 0.755527
v -0.272228 0.447059 0.822660
v -0.272976 0.487866 0.791222
v -0.221447 0.460436 0.840147
v -0.222597 0.501477 0.810133
v -0.168862 0.471115 0.850950
v -0.171966 0.515250 0.826122
v -0.115112 0.479979 0.853903
v -0.119338 0.525092 0.830744
v -0.066640 0.531870 0.826966
v -0.164618 0.428723 0.876547
v -0.219089 0.420167 0.870421
v -0.213846 0.378142 0.897389
v -0.270633 0.406120 0.853417
v -0.265372 0.363080 0.879142
v -0.257714 0.320058 0.902006
v -0.316166 0.346926 0.858728
v -0.309194 0.303684 0.882217
v -0.300425 0.260715 0.904492
v 0.188607 0.957184 -0.043325
v 0.164926 0.966401 0.045167
v 0.143377 0.964157 0.144467
vn 0.5727 0.0371 0.8189
vn 0.4615 -0.0056 0.8871
vn 0.4796 -0.0758 0.8742
vn 0.5835 0.0883 0.8073
vn 0.5745 0.0918 0.8133
vn 0.0047 -0.6040 0.7970
vn -0.0534 -0.5900 0.8056
vn 0.0644 -0.6093 0.7903
vn -0.0704 -0.5727 0.8167
vn -0.0696 -0.5726 0.8169
vn -0.0584 -0.5738 0.8169
vn 0.1584 -0.6515 0.7420
vn 0.0170 -0.6196 0.7847
vn -0.6617 0.5685 0.4888
vn -0.6596 0.5686 0.4916
vn -0.6620 0.5705 0.4861
vn -0.5948 0.5594 0.5773
vn -0.6332 0.5708 0.5227
vn -0.6609 0.5691 0.4892
vn -0.6565 0.5604 0.5049
vn 0.2477 0.8069 0.5362
vn 0.1976 0.8321 0.5183
vn 0.2120 0.8237 0.5258
vn -0.3365 -0.7894 0.5134
vn -0.4241 -0.8197 0.3850
vn -0.3594 -0.8622 0.3569
vn -0.3069 -0.7410 0.5972
vn -0.3677 -0.7569 0.5403
vn -0.3012 -0.8655 0.4002
vn -0.2928 -0.7725 0.5635
vn -0.1841 -0.9374 0.2956
vn -0.1668 -0.9078 0.3849
vn -0.2053 -0.9410 0.2690
vn -0.1822 -0.9479 0.2614
vn -0.1224 -0.9317 0.3421
vn -0.1390 -0.9086 0.3938
vn 0.0775 0.9526 0.2942
vn 0.2126 0.9396 0.2682
vn 0.1044 0.9565 0.2724
vn -0.0289 0.9652 0.2600
vn 0.3148 0.9177 0.2423
vn 0.2473 0.9370 0.2467
vn 0.9725 0.0976 0.2114
vn 0.9536 0.1747 0.2452
vn 0.9700 0.0794 0.2298
vn 0.9821 0.1369 0.1294
vn 0.9725 0.1502 0.1778
vn 0.9761 0.0606 0.2086
vn 0.9136 0.3595 -0.1901
vn 0.9136 0.3593 -0.1904
vn 0.9135 0.3596 -0.1901
vn 0.9136 0.3599 -0.1893
vn 0.9136 0.3597 -0.1895
vn 0.9136 0.3595 -0.1899
vn 0.9135 0.3594 -0.1905
vn 0.1094 0.8925 -0.4375
vn 0.1786 0.8941 -0.4107
vn 0.1310 0.8888 -0.4392
vn 0.0716 0.8883 -0.4536
vn 0.0509 0.9011 -0.4307
vn -0.5084 -0.7730 -0.3794
vn -0.5190 -0.7482 -0.4132
vn -0.5345 -0.7134 -0.4533
vn -0.4997 -0.7634 -0.4093
vn -0.5260 -0.7553 -0.3909
vn -0.5161 -0.7723 -0.3704
vn -0.5561 0.2587 -0.7899
vn -0.4468 0.2701 -0.8529
vn -0.5132 0.2449 -0.8226
vn -0.3956 0.1889 -0.8988
vn -0.4981 0.1598 -0.8523
vn -0.5716 0.2031 -0.7950
vn -0.6090 0.1728 -0.7742
vn -0.5833 0.2467 -0.7739
vn -0.5688 0.1264 -0.8127
vn -0.3602 0.0939 -0.9281
vn -0.4763 0.0885 -0.8748
vn -0.3539 0.0831 -0.9316
vn -0.4677 0.0841 -0.8799
vn -0.5588 0.0963 -0.8237
vn -0.6023 0.1131 -0.7902
vn -0.6132 0.1215 -0.7805
vn -0.5510 0.0947 -0.8291
vn -0.3488 0.0874 -0.9331
vn -0.4624 0.0888 -0.8822
vn -0.3446 0.0892 -0.9345
vn -0.4587 0.0886 -0.8842
vn -0.5469 0.0891 -0.8325
vn -0.5883 0.0596 -0.8064
vn -0.5920 0.0998 -0.7997
vn -0.5432 0.0568 -0.8377
vn -0.3454 0.0727 -0.9356
vn -0.4538 0.0576 -0.8892
vn -0.3542 -0.0086 -0.9351
vn -0.4413 -0.0389 -0.8965
vn -0.5207 -0.0227 -0.8535
vn -0.5439 -0.0615 -0.8369
vn -0.5792 0.0040 -0.8152
vn -0.4772 -0.1045 -0.8726
vn -0.3656 -0.1042 -0.9249
vn -0.4234 -0.1262 -0.8971
vn -0.3772 -0.1367 -0.9160
vn -0.4157 -0.1489 -0.8972
vn -0.4471 -0.1500 -0.8818
vn -0.4971 -0.1411 -0.8562
vn -0.4164 -0.1561 -0.8957
vn -0.4442 -0.1721 -0.8792
vn -0.4762 -0.1974 -0.8569
vn -0.5207 -0.1897 -0.8324
vn -0.4760 -0.1859 -0.8595
vn -0.4484 -0.1869 -0.8741
vn -0.4171 -0.1767 -0.8915
vn -0.3948 -0.2507 -0.8839
vn -0.4315 -0.2433 -0.8687
vn -0.4676 -0.2434 -0.8498
vn -0.5188 -0.2189 -0.8264
vn -0.3780 -0.3465 -0.8585
vn -0.4313 -0.3125 -0.8464
vn -0.5249 -0.2609 -0.8102
vn -0.4865 -0.3721 -0.7905
vn -0.5863 -0.2898 -0.7565
vn -0.5197 -0.2926 -0.8027
vn -0.5834 -0.2822 -0.7615
vn -0.3703 -0.3944 -0.8410
vn -0.3145 -0.4274 -0.8476
vn -0.2839 -0.4578 -0.8425
vn -0.3297 -0.4598 -0.8246
vn -0.4440 -0.4972 -0.7455
vn -0.5384 -0.4703 -0.6993
vn -0.4502 -0.4657 -0.7618
vn -0.5674 -0.3693 -0.7360
vn -0.3304 -0.4861 -0.8090
vn -0.2841 -0.4681 -0.8368
vn -0.2985 -0.4751 -0.8278
vn -0.3456 -0.4977 -0.7955
vn -0.4454 -0.5103 -0.7356
vn -0.5356 -0.4963 -0.6832
vn -0.3671 -0.4972 -0.7862
vn -0.4600 -0.5164 -0.7223
vn -0.5385 -0.5143 -0.6675
vn -0.5589 -0.5662 -0.6058
vn -0.5766 -0.5427 -0.6108
vn -0.5494 -0.5297 -0.6463
vn -0.5712 -0.5275 -0.6289
vn -0.4788 -0.5446 -0.6886
vn -0.3909 -0.5158 -0.7623
vn -0.4007 -0.6404 -0.6553
vn -0.4651 -0.6662 -0.5830
vn -0.3989 -0.7645 -0.5064
vn -0.4511 -0.7649 -0.4599
vn -0.5269 -0.6849 -0.5033
vn -0.4264 -0.7850 -0.4494
vn -0.4844 -0.7673 -0.4203
vn -0.4652 -0.7702 -0.4364
vn -0.5262 -0.7473 -0.4058
vn -0.5451 -0.7469 -0.3808
vn -0.5609 -0.7301 -0.3903
vn -0.5566 -0.7459 -0.3659
vn -0.5166 -0.7748 -0.3643
vn -0.5190 -0.7818 -0.3456
vn -0.5010 -0.7758 -0.3836
vn -0.5767 -0.7065 -0.4103
vn -0.5551 -0.6777 -0.4823
vn -0.5640 -0.6372 -0.5252
vn -0.6000 -0.5656 -0.5658
vn -0.5878 -0.5514 -0.5920
vn -0.5714 -0.5978 -0.5623
vn -0.6001 -0.5458 -0.5848
vn -0.5849 -0.5400 -0.6052
vn -0.5994 -0.5372 -0.5934
vn -0.5808 -0.5260 -0.6213
vn -0.5630 -0.5078 -0.6520
vn -0.5929 -0.4841 -0.6436
vn -0.5623 -0.4795 -0.6737
vn -0.6347 -0.3779 -0.6740
vn -0.5953 -0.3765 -0.7098
vn -0.6576 -0.2977 -0.6920
vn -0.6179 -0.2928 -0.7297
vn -0.6615 -0.2789 -0.6962
vn -0.6226 -0.2849 -0.7288
vn -0.6691 -0.2626 -0.6952
vn -0.6322 -0.2635 -0.7286
vn -0.5815 -0.2487 -0.7746
vn -0.6473 -0.1994 -0.7357
vn -0.5883 -0.1934 -0.7851
vn -0.6130 -0.0944 -0.7844
vn -0.5564 -0.1157 -0.8228
vn -0.6613 -0.0940 -0.7442
vn -0.6310 -0.0104 -0.7757
vn -0.5985 -0.0253 -0.8008
vn -0.6166 0.0133 -0.7872
vn -0.6392 0.0192 -0.7688
vn -0.6231 0.0660 -0.7793
vn -0.6477 0.0837 -0.7573
vn -0.6334 0.1218 -0.7642
vn -0.6547 0.1433 -0.7422
vn -0.6450 0.1344 -0.7522
vn -0.6627 0.1453 -0.7346
vn -0.6502 0.1423 -0.7463
vn -0.6635 0.1501 -0.7330
vn -0.6295 0.1937 -0.7525
vn -0.6403 0.1881 -0.7447
vn -0.5903 0.2458 -0.7688
vn -0.6007 0.2140 -0.7703
vn -0.5729 0.2482 -0.7811
vn -0.5686 0.2635 -0.7793
vn -0.5658 0.2454 -0.7872
vn -0.5271 0.3199 -0.7873
vn -0.5373 0.2949 -0.7902
vn -0.4646 0.3923 -0.7939
vn -0.4366 0.3385 -0.8335
vn -0.5089 0.2863 -0.8118
vn -0.3809 0.4103 -0.8286
vn -0.3561 0.3343 -0.8726
vn -0.3985 0.2984 -0.8672
vn -0.3313 0.2699 -0.9041
vn -0.3495 0.2359 -0.9067
vn -0.3156 0.1833 -0.9310
vn -0.3093 0.1365 -0.9411
vn -0.3070 0.1017 -0.9463
vn -0.3084 0.0873 -0.9473
vn -0.3094 0.0856 -0.9471
vn -0.3093 0.0869 -0.9470
vn -0.3089 0.0870 -0.9471
vn -0.3089 0.0878 -0.9470
vn -0.3087 0.0853 -0.9473
vn -0.3084 0.0845 -0.9475
vn -0.3052 0.0480 -0.9511
vn -0.3092 0.0306 -0.9505
vn -0.3002 -0.0350 -0.9532
vn -0.3143 -0.0622 -0.9473
vn -0.3035 -0.0859 -0.9490
vn -0.3271 -0.1095 -0.9386
vn -0.3121 -0.1007 -0.9447
vn -0.3424 -0.1206 -0.9318
vn -0.3854 -0.1417 -0.9118
vn -0.3476 -0.1576 -0.9243
vn -0.3859 -0.1678 -0.9071
vn -0.3289 -0.2706 -0.9048
vn -0.3597 -0.2622 -0.8955
vn -0.2937 -0.4067 -0.8651
vn -0.3085 -0.3957 -0.8650
vn -0.3381 -0.3755 -0.8629
vn -0.2782 -0.4593 -0.8436
vn -0.2903 -0.4506 -0.8442
vn -0.2758 -0.4616 -0.8431
vn -0.2772 -0.4608 -0.8431
vn -0.2763 -0.4610 -0.8433
vn -0.2758 -0.4607 -0.8436
vn -0.2763 -0.4603 -0.8437
vn -0.2775 -0.4616 -0.8426
vn -0.2763 -0.4586 -0.8446
vn -0.2846 -0.4628 -0.8395
vn -0.3195 -0.4769 -0.8188
vn -0.3031 -0.4715 -0.8282
vn -0.3444 -0.4879 -0.8021
vn -0.3253 -0.5985 -0.7321
vn -0.3649 -0.6145 -0.6994
vn -0.3443 -0.7455 -0.5707
vn -0.3724 -0.7558 -0.5386
vn -0.3697 -0.7908 -0.4879
vn -0.3905 -0.7910 -0.4710
vn -0.3802 -0.7990 -0.4658
vn -0.4142 -0.7862 -0.4587
vn -0.3903 -0.8078 -0.4418
vn -0.4375 -0.7915 -0.4268
vn -0.5039 -0.7606 -0.4092
vn -0.4500 -0.7987 -0.3994
vn -0.5194 -0.7465 -0.4159
vn -0.5804 -0.7005 -0.4153
vn -0.5103 -0.7504 -0.4200
vn -0.5921 -0.6692 -0.4490
vn -0.5732 -0.7290 -0.3743
vn -0.5989 -0.6898 -0.4068
vn -0.5365 -0.7792 -0.3242
vn -0.5626 -0.7572 -0.3319
vn -0.5423 -0.7837 -0.3028
vn -0.5097 -0.7879 -0.3457
vn -0.6295 -0.7162 -0.3014
vn -0.6140 -0.7159 -0.3324
vn -0.7119 -0.6089 -0.3500
vn -0.6966 -0.5991 -0.3947
vn -0.6453 -0.5854 -0.4909
vn -0.7345 -0.5263 -0.4283
vn -0.6627 -0.5406 -0.5183
vn -0.7477 -0.5089 -0.4267
vn -0.6694 -0.5324 -0.5181
vn -0.7563 -0.4933 -0.4298
vn -0.6846 -0.4916 -0.5382
vn -0.6202 -0.4852 -0.6164
vn -0.7201 -0.3749 -0.5838
vn -0.6659 -0.3729 -0.6461
vn -0.7484 -0.2784 -0.6020
vn -0.6959 -0.2948 -0.6548
vn -0.7453 -0.2886 -0.6010
vn -0.7025 -0.2789 -0.6547
vn -0.7406 -0.2756 -0.6129
vn -0.7016 -0.2655 -0.6612
vn -0.7812 -0.1432 -0.6076
vn -0.7258 -0.1812 -0.6636
vn -0.6893 -0.1977 -0.6970
vn -0.7657 -0.0740 -0.6389
vn -0.7099 -0.0990 -0.6973
vn -0.7949 -0.0103 -0.6066
vn -0.7144 -0.0233 -0.6993
vn -0.6627 -0.0143 -0.7488
vn -0.8004 0.0410 -0.5981
vn -0.7138 0.0402 -0.6992
vn -0.6670 0.0308 -0.7445
vn -0.6748 0.1020 -0.7310
vn -0.7091 0.1113 -0.6963
vn -0.6763 0.1544 -0.7202
vn -0.7017 0.1570 -0.6950
vn -0.6795 0.1499 -0.7182
vn -0.7017 0.1527 -0.6959
vn -0.6773 0.1521 -0.7198
vn -0.6999 0.1506 -0.6982
vn -0.6578 0.1703 -0.7337
vn -0.6873 0.1517 -0.7103
vn -0.6287 0.1848 -0.7554
vn -0.6727 0.1932 -0.7143
vn -0.5870 0.2784 -0.7602
vn -0.6385 0.3449 -0.6881
vn -0.5353 0.4238 -0.7307
vn -0.5100 0.3614 -0.7806
vn -0.5922 0.4762 -0.6500
vn -0.5109 0.4841 -0.7104
vn -0.4608 0.4531 -0.7631
vn -0.4545 0.4658 -0.7593
vn -0.4260 0.4616 -0.7781
vn -0.4585 0.4267 -0.7796
vn -0.4095 0.4573 -0.7894
vn -0.3745 0.4714 -0.7985
vn -0.4045 0.4602 -0.7904
vn -0.3520 0.4630 -0.8134
vn -0.3236 0.4746 -0.8185
vn -0.3450 0.4609 -0.8176
vn -0.3068 0.4370 -0.8455
vn -0.3218 0.3891 -0.8632
vn -0.2719 0.3475 -0.8974
vn -0.3098 0.3087 -0.8993
vn -0.2427 0.2851 -0.9273
vn -0.2925 0.2366 -0.9265
vn -0.2518 0.2324 -0.9395
vn -0.2905 0.1525 -0.9447
vn -0.2748 0.1533 -0.9492
vn -0.3055 0.0978 -0.9472
vn -0.2864 0.0992 -0.9530
vn -0.3092 0.0851 -0.9472
vn -0.2831 0.0889 -0.9549
vn -0.3075 0.0853 -0.9477
vn -0.2905 0.0815 -0.9534
vn -0.3063 0.0594 -0.9501
vn -0.2957 0.0034 -0.9553
vn -0.2998 -0.0199 -0.9538
vn -0.2929 -0.0675 -0.9537
vn -0.2968 -0.0731 -0.9521
vn -0.2735 -0.1088 -0.9557
vn -0.2954 -0.0951 -0.9506
vn -0.2412 -0.1607 -0.9571
vn -0.2842 -0.1473 -0.9474
vn -0.3127 -0.1472 -0.9384
vn -0.2772 -0.2580 -0.9255
vn -0.3019 -0.2686 -0.9147
vn -0.2847 -0.4072 -0.8678
vn -0.2774 -0.3979 -0.8745
vn -0.2763 -0.4628 -0.8423
vn -0.2763 -0.4617 -0.8429
vn -0.2752 -0.4616 -0.8434
vn -0.2759 -0.4617 -0.8431
vn -0.2758 -0.4605 -0.8437
vn -0.2765 -0.4602 -0.8437
vn -0.2767 -0.4604 -0.8435
vn -0.2756 -0.4609 -0.8436
vn -0.2758 -0.4593 -0.8444
vn -0.2691 -0.4685 -0.8415
vn -0.2730 -0.4633 -0.8431
vn -0.2812 -0.4635 -0.8403
vn -0.2597 -0.5914 -0.7634
vn -0.2868 -0.5906 -0.7543
vn -0.2524 -0.7341 -0.6304
vn -0.3004 -0.7373 -0.6050
vn -0.2746 -0.8008 -0.5322
vn -0.3309 -0.7946 -0.5090
vn -0.2932 -0.8360 -0.4638
vn -0.3415 -0.8179 -0.4630
vn -0.3066 -0.8343 -0.4583
vn -0.3463 -0.8216 -0.4527
vn -0.3313 -0.8315 -0.4459
vn -0.3694 -0.8286 -0.4207
vn -0.4107 -0.8184 -0.4019
vn -0.4020 -0.8312 -0.3842
vn -0.4253 -0.8253 -0.3715
vn -0.4477 -0.8093 -0.3803
vn -0.4415 -0.8299 -0.3411
vn -0.4597 -0.8279 -0.3213
vn -0.5117 -0.7923 -0.3323
vn -0.4947 -0.8278 -0.2647
vn -0.5272 -0.8130 -0.2471
vn -0.6131 -0.6913 -0.3824
vn -0.6267 -0.7268 -0.2811
vn -0.6407 -0.6666 -0.3809
vn -0.6798 -0.6691 -0.3004
vn -0.6014 -0.7303 -0.3241
vn -0.6516 -0.7106 -0.2654
vn -0.6049 -0.7450 -0.2813
vn -0.5717 -0.7669 -0.2915
vn -0.6515 -0.7229 -0.2303
vn -0.6429 -0.7148 -0.2753
vn -0.7403 -0.6238 -0.2508
vn -0.7219 -0.6156 -0.3160
vn -0.8033 -0.5122 -0.3039
vn -0.7867 -0.5074 -0.3517
vn -0.7667 -0.5155 -0.3827
vn -0.8079 -0.4694 -0.3563
vn -0.7861 -0.4861 -0.3818
vn -0.8187 -0.4566 -0.3481
vn -0.7965 -0.4788 -0.3692
vn -0.8355 -0.4212 -0.3528
vn -0.8227 -0.4118 -0.3919
vn -0.7866 -0.3922 -0.4769
vn -0.8416 -0.3035 -0.4468
vn -0.8056 -0.2764 -0.5241
vn -0.8218 -0.3207 -0.4709
vn -0.7864 -0.3050 -0.5372
vn -0.8385 -0.2503 -0.4840
vn -0.7936 -0.2714 -0.5445
vn -0.8742 -0.0381 -0.4840
vn -0.8445 -0.0852 -0.5287
vn -0.8792 0.0422 -0.4746
vn -0.8699 0.0314 -0.4922
vn -0.8288 -0.0159 -0.5594
vn -0.8757 0.0427 -0.4809
vn -0.8574 0.0244 -0.5140
vn -0.8753 0.0335 -0.4824
vn -0.8636 0.0368 -0.5029
vn -0.8714 0.0346 -0.4893
vn -0.8464 0.0601 -0.5291
vn -0.7453 0.1433 -0.6512
vn -0.7785 0.0963 -0.6202
vn -0.8072 0.1015 -0.5815
vn -0.7287 0.1523 -0.6677
vn -0.7673 0.1338 -0.6271
vn -0.7249 0.1479 -0.6728
vn -0.7482 0.1427 -0.6480
vn -0.7196 0.1404 -0.6801
vn -0.7481 0.1435 -0.6478
vn -0.7044 0.2316 -0.6710
vn -0.7288 0.2770 -0.6262
vn -0.6664 0.4060 -0.6254
vn -0.6809 0.4441 -0.5824
vn -0.6336 0.4898 -0.5989
vn -0.6639 0.4869 -0.5676
vn -0.6203 0.4980 -0.6060
vn -0.5777 0.4992 -0.6458
vn -0.6537 0.5044 -0.5641
vn -0.5970 0.5253 -0.6063
vn -0.5571 0.5090 -0.6561
vn -0.5235 0.5345 -0.6635
vn -0.4858 0.5049 -0.7135
vn -0.5028 0.4900 -0.7120
vn -0.4524 0.5372 -0.7119
vn -0.4278 0.4931 -0.7576
vn -0.4484 0.4708 -0.7598
vn -0.4150 0.5701 -0.7090
vn -0.4058 0.5271 -0.7467
vn -0.3889 0.4562 -0.8004
vn -0.3742 0.4600 -0.8052
vn -0.3821 0.5631 -0.7327
vn -0.3527 0.4836 -0.8011
vn -0.3330 0.4460 -0.8308
vn -0.2988 0.4600 -0.8361
vn -0.3085 0.4716 -0.8261
vn -0.2832 0.4678 -0.8372
vn -0.2899 0.4650 -0.8365
vn -0.2339 0.4038 -0.8844
vn -0.2415 0.3820 -0.8921
vn -0.1709 0.3240 -0.9305
vn -0.2024 0.3135 -0.9278
vn -0.1209 0.3043 -0.9449
vn -0.1843 0.2942 -0.9378
vn -0.0810 0.2985 -0.9510
vn -0.1723 0.2483 -0.9532
vn -0.0449 0.2309 -0.9719
vn -0.1643 0.1664 -0.9723
vn -0.0249 0.1718 -0.9848
vn -0.1600 0.1273 -0.9789
vn -0.0257 0.1784 -0.9836
vn -0.1759 0.1334 -0.9753
vn -0.0464 0.1599 -0.9860
vn -0.2034 0.0702 -0.9766
vn -0.0845 0.0267 -0.9961
vn -0.2324 -0.0409 -0.9718
vn -0.0983 -0.1467 -0.9843
vn -0.2138 -0.1394 -0.9669
vn -0.0845 -0.2094 -0.9742
vn -0.1674 -0.1864 -0.9681
vn -0.0642 -0.2213 -0.9731
vn -0.1479 -0.2233 -0.9635
vn -0.2335 -0.2394 -0.9424
vn -0.2541 -0.3734 -0.8922
vn -0.1740 -0.3269 -0.9289
vn -0.2733 -0.4568 -0.8465
vn -0.2778 -0.4629 -0.8417
vn -0.2232 -0.4284 -0.8756
vn -0.2794 -0.4619 -0.8418
vn -0.2784 -0.4616 -0.8423
vn -0.2782 -0.4597 -0.8434
vn -0.2765 -0.4600 -0.8438
vn -0.2797 -0.4597 -0.8429
vn -0.2779 -0.4601 -0.8433
vn -0.2733 -0.4677 -0.8406
vn -0.2771 -0.4618 -0.8426
vn -0.2398 -0.5217 -0.8188
vn -0.2582 -0.4861 -0.8349
vn -0.1888 -0.6475 -0.7384
vn -0.2214 -0.6182 -0.7542
vn -0.2500 -0.5979 -0.7616
vn -0.2028 -0.7361 -0.6457
vn -0.2301 -0.7329 -0.6402
vn -0.2210 -0.7904 -0.5714
vn -0.2389 -0.7982 -0.5530
vn -0.2451 -0.8361 -0.4908
vn -0.2610 -0.8404 -0.4750
vn -0.2556 -0.8503 -0.4600
vn -0.2773 -0.8426 -0.4616
vn -0.2449 -0.8574 -0.4526
vn -0.2886 -0.8393 -0.4608
vn -0.2306 -0.8730 -0.4297
vn -0.3096 -0.8460 -0.4341
vn -0.3721 -0.8317 -0.4122
vn -0.3340 -0.8626 -0.3799
vn -0.4049 -0.8356 -0.3713
vn -0.4265 -0.8308 -0.3576
vn -0.4128 -0.8574 -0.3075
vn -0.4431 -0.8415 -0.3093
vn -0.4701 -0.8325 -0.2933
vn -0.4561 -0.8567 -0.2407
vn -0.4960 -0.8361 -0.2344
vn -0.5242 -0.8221 -0.2224
vn -0.5142 -0.8391 -0.1774
vn -0.5415 -0.8238 -0.1678
vn -0.5471 -0.8106 -0.2086
vn -0.5667 -0.8086 -0.1586
vn -0.6350 -0.7391 -0.2248
vn -0.6456 -0.7449 -0.1685
vn -0.7016 -0.6715 -0.2384
vn -0.7137 -0.6752 -0.1860
vn -0.6906 -0.6909 -0.2139
vn -0.7131 -0.6771 -0.1816
vn -0.6875 -0.7023 -0.1848
vn -0.7083 -0.6882 -0.1571
vn -0.6966 -0.6969 -0.1708
vn -0.6725 -0.7077 -0.2167
vn -0.7497 -0.6406 -0.1663
vn -0.7479 -0.6346 -0.1948
vn -0.8137 -0.5473 -0.1958
vn -0.8105 -0.5317 -0.2458
vn -0.8398 -0.4938 -0.2256
vn -0.8314 -0.4771 -0.2848
vn -0.8205 -0.4659 -0.3311
vn -0.8376 -0.4499 -0.3100
vn -0.8274 -0.4466 -0.3405
vn -0.8448 -0.4228 -0.3280
vn -0.8377 -0.4221 -0.3466
vn -0.8464 -0.4059 -0.3447
vn -0.8455 -0.3827 -0.3725
vn -0.8523 -0.3435 -0.3945
vn -0.8365 -0.3756 -0.3989
vn -0.8330 -0.3481 -0.4301
vn -0.8666 -0.2292 -0.4432
vn -0.8516 -0.2367 -0.4678
vn -0.8781 -0.0111 -0.4784
vn -0.8745 -0.0158 -0.4847
vn -0.8730 0.0369 -0.4864
vn -0.8754 0.0384 -0.4819
vn -0.8734 0.0321 -0.4860
vn -0.8742 0.0341 -0.4844
vn -0.8762 0.0389 -0.4804
vn -0.8737 0.0310 -0.4856
vn -0.8741 0.0321 -0.4846
vn -0.8736 0.0301 -0.4857
vn -0.8742 0.0297 -0.4846
vn -0.8720 0.0331 -0.4884
vn -0.8215 0.0932 -0.5625
vn -0.8550 0.0554 -0.5157
vn -0.8587 0.0551 -0.5094
vn -0.7912 0.1335 -0.5968
vn -0.8376 0.1226 -0.5323
vn -0.7900 0.1660 -0.5902
vn -0.8325 0.1989 -0.5171
vn -0.7660 0.3126 -0.5617
vn -0.8073 0.3285 -0.4903
vn -0.7091 0.4580 -0.5361
vn -0.7482 0.4478 -0.4896
vn -0.6914 0.4885 -0.5323
vn -0.7166 0.4965 -0.4899
vn -0.6813 0.5219 -0.5134
vn -0.7030 0.5560 -0.4434
vn -0.6550 0.5985 -0.4613
vn -0.6283 0.5540 -0.5462
vn -0.6697 0.6513 -0.3567
vn -0.6150 0.6809 -0.3976
vn -0.5886 0.6149 -0.5248
vn -0.5494 0.7517 -0.3648
vn -0.5184 0.6832 -0.5143
vn -0.5603 0.5692 -0.6017
vn -0.4986 0.6303 -0.5951
vn -0.4290 0.7510 -0.5019
vn -0.4329 0.6943 -0.5749
vn -0.4742 0.5768 -0.6651
vn -0.4287 0.6205 -0.6567
vn -0.3945 0.7417 -0.5424
vn -0.3992 0.6571 -0.6394
vn -0.3869 0.5922 -0.7068
vn -0.3584 0.7037 -0.6134
vn -0.3545 0.6205 -0.6995
vn -0.3462 0.5928 -0.7271
vn -0.3101 0.6664 -0.6781
vn -0.2981 0.6167 -0.7286
vn -0.3115 0.5291 -0.7893
vn -0.2573 0.5695 -0.7807
vn -0.2800 0.4521 -0.8469
vn -0.3129 0.4337 -0.8450
vn -0.2216 0.5035 -0.8351
vn -0.2836 0.4567 -0.8432
vn -0.2401 0.4992 -0.8326
vn -0.2860 0.4654 -0.8376
vn -0.1930 0.4255 -0.8841
vn -0.2333 0.4052 -0.8840
vn -0.1181 0.3228 -0.9391
vn -0.1431 0.3221 -0.9358
vn -0.0815 0.2861 -0.9547
vn -0.0922 0.2927 -0.9517
vn -0.0543 0.2764 -0.9595
vn -0.0651 0.2892 -0.9551
vn -0.0127 0.2397 -0.9708
vn -0.0216 0.2433 -0.9697
vn 0.0233 0.1862 -0.9822
vn 0.0147 0.1847 -0.9827
vn 0.0381 0.1726 -0.9843
vn 0.0276 0.1816 -0.9830
vn 0.0503 0.1914 -0.9802
vn 0.0346 0.1993 -0.9793
vn 0.0592 0.1383 -0.9886
vn 0.0268 0.0973 -0.9949
vn 0.0613 -0.0561 -0.9965
vn -0.0005 -0.1075 -0.9942
vn 0.0605 -0.2005 -0.9778
vn -0.0206 -0.2129 -0.9768
vn 0.0575 -0.2192 -0.9740
vn -0.0176 -0.2269 -0.9738
vn -0.0037 -0.2641 -0.9645
vn -0.0678 -0.2790 -0.9579
vn -0.0990 -0.3795 -0.9199
vn 0.0135 -0.3518 -0.9360
vn -0.1399 -0.4281 -0.8928
vn -0.2577 -0.4535 -0.8532
vn 0.0063 -0.3926 -0.9197
vn -0.1566 -0.4708 -0.8682
vn -0.2692 -0.4596 -0.8463
vn -0.2544 -0.4778 -0.8408
vn -0.2784 -0.4604 -0.8429
vn -0.0553 -0.5651 -0.8232
vn -0.2144 -0.5037 -0.8369
vn -0.0302 -0.6212 -0.7831
vn -0.1671 -0.5766 -0.7998
vn -0.0375 -0.7011 -0.7120
vn -0.1320 -0.6797 -0.7215
vn -0.0504 -0.7476 -0.6622
vn -0.1296 -0.7388 -0.6613
vn -0.1735 -0.7364 -0.6540
vn -0.1568 -0.7780 -0.6084
vn -0.2001 -0.7816 -0.5908
vn -0.1852 -0.8373 -0.5145
vn -0.2300 -0.8319 -0.5050
vn -0.1918 -0.8778 -0.4388
vn -0.2358 -0.8603 -0.4520
vn -0.1845 -0.8919 -0.4128
vn -0.2164 -0.8764 -0.4302
vn -0.1817 -0.8962 -0.4046
vn -0.1939 -0.8898 -0.4132
vn -0.1843 -0.8997 -0.3956
vn -0.1920 -0.9010 -0.3890
vn -0.2359 -0.8933 -0.3825
vn -0.2137 -0.9170 -0.3368
vn -0.2651 -0.9121 -0.3127
vn -0.3497 -0.8872 -0.3008
vn -0.3055 -0.9159 -0.2604
vn -0.3631 -0.9006 -0.2388
vn -0.4096 -0.8808 -0.2375
vn -0.3829 -0.8997 -0.2097
vn -0.4166 -0.8877 -0.1960
vn -0.4707 -0.8620 -0.1881
vn -0.4240 -0.8920 -0.1569
vn -0.4841 -0.8606 -0.1579
vn -0.5308 -0.8345 -0.1478
vn -0.4765 -0.8734 -0.1010
vn -0.5424 -0.8323 -0.1141
vn -0.5642 -0.8165 -0.1224
vn -0.5874 -0.8025 -0.1049
vn -0.5890 -0.8028 -0.0928
vn -0.6176 -0.7827 -0.0772
vn -0.6496 -0.7547 -0.0917
vn -0.6490 -0.7586 -0.0587
vn -0.7108 -0.6929 -0.1212
vn -0.6900 -0.7194 -0.0793
vn -0.7185 -0.6802 -0.1451
vn -0.7182 -0.6839 -0.1282
vn -0.7148 -0.6828 -0.1512
vn -0.7059 -0.6882 -0.1674
vn -0.7293 -0.6724 -0.1267
vn -0.7180 -0.6802 -0.1474
vn -0.7653 -0.6315 -0.1247
vn -0.7555 -0.6381 -0.1483
vn -0.8260 -0.5481 -0.1316
vn -0.8199 -0.5501 -0.1585
vn -0.8550 -0.5004 -0.1360
vn -0.8483 -0.5019 -0.1688
vn -0.8562 -0.4977 -0.1387
vn -0.8520 -0.4880 -0.1896
vn -0.8461 -0.4670 -0.2571
vn -0.8555 -0.4646 -0.2286
vn -0.8519 -0.4358 -0.2904
vn -0.8662 -0.4250 -0.2627
vn -0.8540 -0.4166 -0.3115
vn -0.9128 -0.3080 -0.2684
vn -0.8825 -0.3467 -0.3178
vn -0.8574 -0.3733 -0.3543
vn -0.9149 -0.2284 -0.3328
vn -0.8936 -0.2257 -0.3880
vn -0.9111 -0.1019 -0.3995
vn -0.8921 -0.0376 -0.4503
vn -0.8843 0.0109 -0.4667
vn -0.8736 0.0320 -0.4856
vn -0.8777 0.0482 -0.4767
vn -0.8723 0.0342 -0.4877
vn -0.8835 0.0336 -0.4673
vn -0.8738 0.0309 -0.4852
vn -0.8733 0.0308 -0.4862
vn -0.8730 0.0287 -0.4868
vn -0.8733 0.0300 -0.4862
vn -0.8736 0.0296 -0.4857
vn -0.8737 0.0294 -0.4856
vn -0.8734 0.0317 -0.4859
vn -0.8780 0.0394 -0.4770
vn -0.8705 0.0365 -0.4909
vn -0.8615 0.1200 -0.4935
vn -0.8810 0.1331 -0.4539
vn -0.8523 0.2285 -0.4706
vn -0.8692 0.2420 -0.4313
vn -0.8302 0.3314 -0.4483
vn -0.8444 0.3339 -0.4190
vn -0.7841 0.4265 -0.4508
vn -0.8149 0.4165 -0.4029
vn -0.7380 0.5091 -0.4429
vn -0.7671 0.5261 -0.3673
vn -0.7016 0.6059 -0.3751
vn -0.6995 0.6509 -0.2951
vn -0.6608 0.6954 -0.2824
vn -0.6522 0.7211 -0.2336
vn -0.6104 0.7585 -0.2284
vn -0.6189 0.7368 -0.2721
vn -0.6122 0.7616 -0.2127
vn -0.5658 0.7959 -0.2153
vn -0.5645 0.7914 -0.2345
vn -0.5304 0.8205 -0.2131
vn -0.5101 0.8251 -0.2430
vn -0.4632 0.8050 -0.3708
vn -0.4812 0.8304 -0.2808
vn -0.4156 0.8156 -0.4025
vn -0.3809 0.7861 -0.4868
vn -0.3814 0.8159 -0.4344
vn -0.3550 0.8021 -0.4802
vn -0.3563 0.7789 -0.5161
vn -0.3250 0.8135 -0.4824
vn -0.3115 0.8039 -0.5067
vn -0.3080 0.7527 -0.5818
vn -0.2732 0.8156 -0.5101
vn -0.2594 0.7883 -0.5579
vn -0.2479 0.7215 -0.6466
vn -0.2202 0.8038 -0.5527
vn -0.1878 0.7584 -0.6241
vn -0.2321 0.6531 -0.7208
vn -0.1681 0.6965 -0.6976
vn -0.2004 0.5986 -0.7756
vn -0.1566 0.6298 -0.7608
vn -0.1647 0.5451 -0.8220
vn -0.1349 0.5646 -0.8143
vn -0.1590 0.5356 -0.8294
vn -0.2272 0.4927 -0.8400
vn -0.1211 0.5508 -0.8258
vn -0.1624 0.5454 -0.8223
vn -0.1121 0.5643 -0.8179
vn -0.1383 0.4739 -0.8697
vn -0.0836 0.3952 -0.9148
vn -0.1056 0.3447 -0.9328
vn -0.0584 0.2825 -0.9575
vn -0.0800 0.2764 -0.9577
vn -0.0310 0.2463 -0.9687
vn -0.0430 0.2608 -0.9644
vn -0.0018 0.2277 -0.9737
vn -0.0046 0.2357 -0.9718
vn 0.0283 0.1864 -0.9821
vn 0.0262 0.1874 -0.9819
vn 0.0591 0.1530 -0.9865
vn 0.0468 0.1635 -0.9854
vn 0.0905 0.1599 -0.9830
vn 0.0668 0.1774 -0.9819
vn 0.1116 0.1619 -0.9805
vn 0.0840 0.1565 -0.9841
vn 0.1471 -0.0055 -0.9891
vn 0.1134 -0.0241 -0.9933
vn 0.1717 -0.1803 -0.9685
vn 0.1376 -0.1881 -0.9725
vn 0.1759 -0.1977 -0.9644
vn 0.1375 -0.2032 -0.9694
vn 0.1391 -0.2568 -0.9564
vn 0.0639 -0.2651 -0.9621
vn 0.1921 -0.2494 -0.9491
vn 0.1462 -0.3467 -0.9265
vn 0.0810 -0.3511 -0.9328
vn 0.0825 -0.3702 -0.9253
vn 0.1514 -0.4713 -0.8689
vn 0.0830 -0.4794 -0.8737
vn -0.0014 -0.4791 -0.8778
vn 0.1467 -0.5970 -0.7887
vn 0.0917 -0.6011 -0.7939
vn 0.0320 -0.5842 -0.8110
vn 0.0927 -0.5964 -0.7973
vn 0.0606 -0.5938 -0.8023
vn -0.1163 -0.5344 -0.8372
vn 0.1007 -0.6342 -0.7665
vn 0.0588 -0.6298 -0.7745
vn 0.1130 -0.7089 -0.6962
vn 0.0495 -0.7063 -0.7061
vn 0.1090 -0.7561 -0.6453
vn 0.0417 -0.7563 -0.6529
vn 0.1046 -0.8198 -0.5630
vn 0.0508 -0.8123 -0.5810
vn -0.0571 -0.7929 -0.6067
vn 0.0644 -0.8791 -0.4722
vn -0.0558 -0.8643 -0.4999
vn 0.0512 -0.9087 -0.4143
vn -0.0633 -0.9046 -0.4215
vn 0.0212 -0.9139 -0.4053
vn -0.0877 -0.9102 -0.4049
vn -0.0102 -0.9110 -0.4123
vn -0.1170 -0.9061 -0.4066
vn -0.0450 -0.9082 -0.4161
vn -0.1461 -0.9028 -0.4046
vn -0.0898 -0.9145 -0.3945
vn -0.1740 -0.9115 -0.3727
vn -0.1976 -0.9132 -0.3565
vn -0.1991 -0.9221 -0.3319
vn -0.2184 -0.9239 -0.3141
vn -0.2479 -0.9240 -0.2911
vn -0.2413 -0.9228 -0.3003
vn -0.2888 -0.9169 -0.2754
vn -0.3495 -0.9056 -0.2401
vn -0.3284 -0.9244 -0.1937
vn -0.3839 -0.9068 -0.1741
vn -0.3961 -0.9044 -0.1586
vn -0.3743 -0.9273 -0.0069
vn -0.3789 -0.9248 -0.0334
vn -0.4030 -0.9128 -0.0659
vn -0.3374 -0.9353 0.1065
vn -0.3548 -0.9316 0.0791
vn -0.4314 -0.9015 0.0353
vn -0.3278 -0.9304 0.1637
vn -0.3836 -0.9105 0.1544
vn -0.5265 -0.8501 -0.0104
vn -0.4823 -0.8678 0.1194
vn -0.5903 -0.8063 -0.0367
vn -0.5675 -0.8196 0.0792
vn -0.6370 -0.7698 -0.0419
vn -0.6292 -0.7757 0.0484
vn -0.6617 -0.7494 -0.0247
vn -0.6678 -0.7438 0.0267
vn -0.6767 -0.7361 -0.0146
vn -0.6805 -0.7322 0.0269
vn -0.6926 -0.7206 -0.0339
vn -0.7084 -0.6968 -0.1123
vn -0.6832 -0.7293 0.0364
vn -0.7118 -0.6992 -0.0668
vn -0.7449 -0.6672 -0.0072
vn -0.7403 -0.6668 -0.0860
vn -0.8023 -0.5967 -0.0165
vn -0.7812 -0.6187 -0.0838
vn -0.8337 -0.5517 -0.0211
vn -0.8301 -0.5504 -0.0892
vn -0.8504 -0.5242 -0.0446
vn -0.8537 -0.5089 -0.1107
vn -0.8733 -0.4828 -0.0646
vn -0.8594 -0.4964 -0.1228
vn -0.9156 -0.3991 -0.0492
vn -0.8794 -0.4645 -0.1046
vn -0.8613 -0.4847 -0.1525
vn -0.9149 -0.3957 -0.0802
vn -0.8901 -0.4225 -0.1708
vn -0.9594 -0.2650 -0.0964
vn -0.9454 -0.2708 -0.1816
vn -0.9715 -0.2011 -0.1255
vn -0.9614 -0.2064 -0.1819
vn -0.9389 -0.2234 -0.2619
vn -0.9539 -0.2214 -0.2025
vn -0.9346 -0.1747 -0.3100
vn -0.9730 -0.0189 -0.2301
vn -0.9247 -0.0162 -0.3804
vn -0.9639 0.1524 -0.2184
vn -0.9187 0.0938 -0.3836
vn -0.9746 0.0749 -0.2113
vn -0.9312 0.0527 -0.3607
vn -0.9755 0.0417 -0.2160
vn -0.9327 0.0291 -0.3595
vn -0.8834 0.0470 -0.4662
vn -0.8812 0.0233 -0.4721
vn -0.9323 0.0785 -0.3532
vn -0.8990 0.1370 -0.4160
vn -0.8904 0.0745 -0.4491
vn -0.9248 0.1884 -0.3305
vn -0.9165 0.1982 -0.3475
vn -0.9082 0.1606 -0.3864
vn -0.8986 0.2305 -0.3734
vn -0.9208 0.2069 -0.3306
vn -0.8618 0.3371 -0.3790
vn -0.8804 0.3421 -0.3285
vn -0.8346 0.4309 -0.3433
vn -0.8438 0.4571 -0.2810
vn -0.7871 0.5484 -0.2825
vn -0.7888 0.5703 -0.2294
vn -0.7032 0.6772 -0.2168
vn -0.6964 0.6911 -0.1934
vn -0.6605 0.7260 -0.1914
vn -0.6644 0.7234 -0.1878
vn -0.6214 0.7575 -0.2004
vn -0.6306 0.7515 -0.1939
vn -0.5731 0.7909 -0.2147
vn -0.5680 0.7951 -0.2125
vn -0.5799 0.7907 -0.1961
vn -0.5385 0.8119 -0.2254
vn -0.5345 0.8172 -0.2155
vn -0.5261 0.8210 -0.2217
vn -0.5176 0.8267 -0.2205
vn -0.4839 0.8449 -0.2280
vn -0.4718 0.8498 -0.2351
vn -0.4349 0.8421 -0.3191
vn -0.3966 0.8834 -0.2498
vn -0.3732 0.8638 -0.3386
vn -0.3434 0.8239 -0.4509
vn -0.3263 0.8804 -0.3443
vn -0.3062 0.8361 -0.4551
vn -0.2913 0.8222 -0.4890
vn -0.2797 0.8437 -0.4582
vn -0.2623 0.8284 -0.4950
vn -0.2441 0.8201 -0.5175
vn -0.2396 0.8316 -0.5010
vn -0.2240 0.8222 -0.5232
vn -0.1973 0.8033 -0.5619
vn -0.2017 0.8259 -0.5266
vn -0.1724 0.8013 -0.5729
vn -0.1510 0.7659 -0.6250
vn -0.1202 0.7603 -0.6384
vn -0.1201 0.7286 -0.6744
vn -0.0813 0.7408 -0.6668
vn -0.1129 0.6756 -0.7286
vn -0.0678 0.7171 -0.6937
vn -0.0980 0.5961 -0.7969
vn -0.0479 0.6413 -0.7658
vn -0.0817 0.5607 -0.8240
vn -0.0302 0.5821 -0.8125
vn -0.0699 0.5711 -0.8179
vn -0.0242 0.5801 -0.8142
vn -0.0599 0.5613 -0.8255
vn -0.1010 0.5239 -0.8458
vn -0.0194 0.5826 -0.8126
vn -0.0360 0.4575 -0.8885
vn 0.0113 0.5041 -0.8635
vn -0.0188 0.3214 -0.9468
vn 0.0449 0.3809 -0.9235
vn -0.0109 0.2482 -0.9687
vn 0.0906 0.2812 -0.9554
vn 0.0267 0.2172 -0.9758
vn 0.2276 0.2161 -0.9495
vn 0.0777 0.1916 -0.9784
vn 0.2500 0.1958 -0.9482
vn 0.1140 0.1578 -0.9809
vn 0.2409 0.1789 -0.9539
vn 0.1340 0.1509 -0.9794
vn 0.2241 0.1809 -0.9576
vn 0.1474 0.1641 -0.9754
vn 0.2474 0.0408 -0.9681
vn 0.1836 0.0143 -0.9829
vn 0.2613 -0.1312 -0.9563
vn 0.2023 -0.1630 -0.9657
vn 0.2662 -0.2041 -0.9421
vn 0.2082 -0.2029 -0.9568
vn 0.2421 -0.2530 -0.9367
vn 0.2989 -0.2621 -0.9176
vn 0.2634 -0.3187 -0.9105
vn 0.2053 -0.3355 -0.9194
vn 0.3214 -0.3007 -0.8979
vn 0.2609 -0.3379 -0.9043
vn 0.2048 -0.3502 -0.9140
vn 0.1480 -0.3584 -0.9218
vn 0.2531 -0.4319 -0.8657
vn 0.2052 -0.4559 -0.8661
vn 0.2331 -0.5604 -0.7948
vn 0.1923 -0.5822 -0.7900
vn 0.2328 -0.5964 -0.7682
vn 0.1810 -0.5906 -0.7864
vn 0.1365 -0.5939 -0.7929
vn 0.1867 -0.6471 -0.7392
vn 0.1414 -0.6427 -0.7530
vn 0.1822 -0.7017 -0.6888
vn 0.1474 -0.7090 -0.6897
vn 0.1578 -0.7341 -0.6605
vn 0.1363 -0.7477 -0.6498
vn 0.1424 -0.8159 -0.5603
vn 0.1277 -0.8180 -0.5609
vn 0.1450 -0.8775 -0.4571
vn 0.1279 -0.8765 -0.4640
vn 0.1022 -0.8784 -0.4668
vn 0.1233 -0.8958 -0.4271
vn 0.0872 -0.9010 -0.4250
vn 0.1116 -0.9018 -0.4176
vn 0.0662 -0.9075 -0.4147
vn 0.0952 -0.9032 -0.4185
vn 0.0503 -0.9074 -0.4173
vn 0.0821 -0.9032 -0.4212
vn 0.0386 -0.9061 -0.4213
vn 0.0758 -0.9060 -0.4165
vn 0.0139 -0.9102 -0.4138
vn 0.0724 -0.9251 -0.3728
vn -0.0250 -0.9260 -0.3766
vn -0.1416 -0.9233 -0.3570
vn -0.0598 -0.9480 -0.3125
vn -0.1763 -0.9307 -0.3206
vn -0.2188 -0.9239 -0.3140
vn -0.1821 -0.9598 -0.2138
vn -0.2340 -0.9450 -0.2286
vn -0.2720 -0.9378 -0.2157
vn -0.2487 -0.9686 0.0012
vn -0.3001 -0.9539 0.0090
vn -0.3389 -0.9407 0.0129
vn -0.3065 -0.9385 0.1589
vn -0.3194 -0.9353 0.1523
vn -0.3326 -0.9339 0.1312
vn -0.3099 -0.9366 0.1636
vn -0.3142 -0.9355 0.1616
vn -0.3175 -0.9344 0.1616
vn -0.3135 -0.9356 0.1624
vn -0.3204 -0.9328 0.1651
vn -0.3348 -0.9261 0.1741
vn -0.3268 -0.9304 0.1657
vn -0.3499 -0.9199 0.1769
vn -0.3783 -0.9068 0.1862
vn -0.3917 -0.9002 0.1900
vn -0.3660 -0.9129 0.1809
vn -0.4015 -0.8955 0.1921
vn -0.4469 -0.8738 0.1914
vn -0.4526 -0.8726 0.1839
vn -0.5377 -0.8279 0.1596
vn -0.5145 -0.8406 0.1694
vn -0.5953 -0.7950 0.1166
vn -0.5584 -0.8193 0.1305
vn -0.6340 -0.7717 0.0509
vn -0.5827 -0.8083 0.0848
vn -0.6758 -0.7370 -0.0092
vn -0.6565 -0.7527 0.0497
vn -0.7047 -0.7094 -0.0077
vn -0.7350 -0.6757 0.0569
vn -0.7100 -0.7021 0.0535
vn -0.6918 -0.7217 0.0219
vn -0.7583 -0.6438 0.1025
vn -0.7546 -0.6495 0.0932
vn -0.7705 -0.6217 0.1409
vn -0.8133 -0.5750 0.0890
vn -0.8241 -0.5458 0.1516
vn -0.8457 -0.5271 0.0842
vn -0.8734 -0.4401 0.2085
vn -0.8645 -0.4933 0.0961
vn -0.8848 -0.4232 0.1952
vn -0.8933 -0.4393 0.0948
vn -0.9338 -0.3259 0.1476
vn -0.9365 -0.3443 0.0657
vn -0.9664 -0.2267 0.1212
vn -0.9586 -0.2771 0.0659
vn -0.9380 -0.3466 -0.0088
vn -0.9751 -0.2028 0.0900
vn -0.9680 -0.2508 0.0004
vn -0.9829 -0.1554 0.0984
vn -0.9827 -0.1849 -0.0129
vn -0.9825 -0.1557 0.1019
vn -0.9806 -0.1956 -0.0134
vn -0.9638 -0.2310 -0.1332
vn -0.9983 0.0077 -0.0579
vn -0.9905 -0.0041 -0.1373
vn -0.9820 0.1412 -0.1251
vn -0.9754 0.1682 -0.1426
vn -0.9869 0.0655 -0.1478
vn -0.9851 0.0730 -0.1560
vn -0.9883 0.0496 -0.1443
vn -0.9852 0.0447 -0.1654
vn -0.9852 0.0986 -0.1403
vn -0.9795 0.0970 -0.1764
vn -0.9501 0.2046 -0.2354
vn -0.9693 0.0981 -0.2254
vn -0.9608 0.2055 -0.1860
vn -0.9444 0.2156 -0.2484
vn -0.9249 0.2220 -0.3087
vn -0.9616 0.2075 -0.1798
vn -0.9493 0.2121 -0.2319
vn -0.9352 0.1984 -0.2933
vn -0.8992 0.3555 -0.2548
vn -0.9102 0.3752 -0.1757
vn -0.8572 0.4710 -0.2082
vn -0.8731 0.4669 -0.1401
vn -0.7948 0.5758 -0.1917
vn -0.8133 0.5669 -0.1309
vn -0.6963 0.6939 -0.1837
vn -0.7127 0.6933 -0.1068
vn -0.6672 0.7233 -0.1779
vn -0.6858 0.7236 -0.0785
vn -0.6380 0.7510 -0.1704
vn -0.6622 0.7467 -0.0631
vn -0.5812 0.7990 -0.1543
vn -0.5983 0.7986 -0.0655
vn -0.5376 0.8336 -0.1265
vn -0.5433 0.8185 -0.1866
vn -0.5366 0.8414 -0.0644
vn -0.5026 0.8605 -0.0834
vn -0.5281 0.8325 -0.1672
vn -0.4687 0.8720 -0.1408
vn -0.4810 0.8455 -0.2320
vn -0.5286 0.8169 -0.2306
vn -0.4057 0.8852 -0.2274
vn -0.4083 0.8822 -0.2346
vn -0.3558 0.9030 -0.2407
vn -0.3439 0.9019 -0.2613
vn -0.3302 0.9124 -0.2419
vn -0.3250 0.9060 -0.2711
vn -0.3050 0.8850 -0.3517
vn -0.3183 0.9064 -0.2776
vn -0.2973 0.8816 -0.3665
vn -0.2623 0.8433 -0.4691
vn -0.2786 0.8792 -0.3864
vn -0.2409 0.8401 -0.4859
vn -0.2172 0.8339 -0.5073
vn -0.2098 0.8425 -0.4961
vn -0.1948 0.8338 -0.5166
vn -0.1713 0.8272 -0.5351
vn -0.1008 0.8582 -0.5033
vn -0.0933 0.8436 -0.5287
vn -0.1361 0.8029 -0.5804
vn -0.0786 0.8160 -0.5727
vn -0.0897 0.7536 -0.6512
vn -0.0508 0.7586 -0.6495
vn -0.0562 0.7353 -0.6754
vn -0.0215 0.7286 -0.6846
vn -0.0357 0.7337 -0.6786
vn 0.0040 0.7343 -0.6789
vn -0.0036 0.6777 -0.7353
vn 0.0413 0.6985 -0.7144
vn 0.0244 0.6103 -0.7918
vn 0.0782 0.6341 -0.7693
vn 0.0257 0.5976 -0.8014
vn 0.0589 0.6318 -0.7729
vn 0.0139 0.6007 -0.7994
vn 0.0648 0.5682 -0.8203
vn 0.0378 0.5332 -0.8452
vn 0.1609 0.4126 -0.8966
vn 0.1137 0.4124 -0.9039
vn 0.2906 0.2712 -0.9176
vn 0.2265 0.2976 -0.9274
vn 0.3457 0.2287 -0.9101
vn 0.3114 0.2339 -0.9210
vn 0.3481 0.2288 -0.9091
vn 0.3382 0.2303 -0.9125
vn 0.1673 0.2263 -0.9596
vn 0.3475 0.2291 -0.9093
vn 0.3428 0.2259 -0.9118
vn 0.3459 0.2293 -0.9098
vn 0.3306 0.2167 -0.9186
vn 0.3412 0.2296 -0.9115
vn 0.3080 0.2116 -0.9275
vn 0.3596 0.1080 -0.9268
vn 0.3200 0.0753 -0.9444
vn 0.3844 -0.0679 -0.9207
vn 0.3315 -0.0943 -0.9387
vn 0.3395 -0.1922 -0.9207
vn 0.4046 -0.1744 -0.8977
vn 0.3575 -0.2604 -0.8969
vn 0.4081 -0.2368 -0.8817
vn 0.3647 -0.2860 -0.8861
vn 0.4039 -0.2714 -0.8736
vn 0.3654 -0.3034 -0.8800
vn 0.3214 -0.3195 -0.8914
vn 0.4150 -0.2930 -0.8613
vn 0.3748 -0.3746 -0.8481
vn 0.3096 -0.3987 -0.8633
vn 0.3786 -0.4965 -0.7811
vn 0.2824 -0.5308 -0.7991
vn 0.3639 -0.6130 -0.7013
vn 0.2808 -0.6138 -0.7379
vn 0.3626 -0.6733 -0.6444
vn 0.3105 -0.6633 -0.6809
vn 0.2546 -0.6520 -0.7142
vn 0.3119 -0.6560 -0.6873
vn 0.2424 -0.6818 -0.6902
vn 0.2809 -0.7012 -0.6553
vn 0.2027 -0.7169 -0.6670
vn 0.2428 -0.8126 -0.5299
vn 0.1778 -0.8159 -0.5502
vn 0.2055 -0.8718 -0.4446
vn 0.1667 -0.8784 -0.4478
vn 0.1747 -0.8892 -0.4229
vn 0.1596 -0.8942 -0.4182
vn 0.1509 -0.8943 -0.4212
vn 0.1578 -0.8960 -0.4150
vn 0.1505 -0.8972 -0.4153
vn 0.1580 -0.8951 -0.4169
vn 0.1441 -0.8976 -0.4165
vn 0.1568 -0.8946 -0.4184
vn 0.1338 -0.8984 -0.4182
vn 0.1500 -0.8980 -0.4137
vn 0.1207 -0.9033 -0.4117
vn 0.1302 -0.9206 -0.3683
vn 0.1088 -0.9247 -0.3648
vn 0.1091 -0.9512 -0.2885
vn 0.1012 -0.9516 -0.2902
vn 0.0591 -0.9527 -0.2981
vn 0.0814 -0.9707 -0.2262
vn 0.0147 -0.9780 -0.2081
vn -0.0950 -0.9754 -0.1989
vn -0.0753 -0.9959 -0.0511
vn -0.1432 -0.9896 -0.0111
vn -0.1863 -0.9825 0.0032
vn -0.1824 -0.9775 0.1060
vn -0.2109 -0.9689 0.1294
vn -0.2673 -0.9519 0.1499
vn -0.2488 -0.9587 0.1377
vn -0.2925 -0.9433 0.1572
vn -0.3085 -0.9369 0.1643
vn -0.3046 -0.9385 0.1623
vn -0.3082 -0.9373 0.1631
vn -0.3089 -0.9372 0.1622
vn -0.3075 -0.9378 0.1610
vn -0.3094 -0.9373 0.1606
vn -0.3154 -0.9351 0.1613
vn -0.3104 -0.9369 0.1609
vn -0.3173 -0.9345 0.1616
vn -0.3359 -0.9270 0.1671
vn -0.3182 -0.9341 0.1616
vn -0.3455 -0.9238 0.1649
vn -0.3809 -0.9079 0.1751
vn -0.3522 -0.9167 0.1889
vn -0.3846 -0.9012 0.1997
vn -0.4101 -0.8929 0.1859
vn -0.4148 -0.8852 0.2108
vn -0.4434 -0.8736 0.2005
vn -0.4415 -0.8771 0.1891
vn -0.4603 -0.8546 0.2403
vn -0.4849 -0.8458 0.2226
vn -0.4933 -0.8529 0.1710
vn -0.5339 -0.8314 0.1537
vn -0.5199 -0.8185 0.2444
vn -0.5595 -0.8135 0.1588
vn -0.5511 -0.7926 0.2607
vn -0.6528 -0.7352 0.1825
vn -0.6563 -0.7058 0.2666
vn -0.7418 -0.6377 0.2074
vn -0.7431 -0.6142 0.2657
vn -0.7600 -0.6136 0.2142
vn -0.7456 -0.6083 0.2722
vn -0.7737 -0.5995 0.2050
vn -0.7743 -0.5629 0.2890
vn -0.8457 -0.4934 0.2034
vn -0.8487 -0.4436 0.2881
vn -0.8887 -0.4064 0.2124
vn -0.8711 -0.4584 0.1762
vn -0.8770 -0.3996 0.2668
vn -0.8706 -0.4393 0.2217
vn -0.8978 -0.3305 0.2909
vn -0.8850 -0.4106 0.2196
vn -0.9247 -0.2501 0.2871
vn -0.9330 -0.2931 0.2087
vn -0.9428 -0.2286 0.2426
vn -0.9615 -0.2099 0.1776
vn -0.9665 -0.1898 0.1727
vn -0.9759 -0.1697 0.1373
vn -0.9785 -0.1707 0.1159
vn -0.9819 -0.1485 0.1175
vn -0.9821 -0.1498 0.1141
vn -0.9826 -0.1448 0.1167
vn -0.9838 -0.1339 0.1193
vn -0.9958 -0.0545 0.0739
vn -0.9994 -0.0153 0.0306
vn -0.9992 0.0406 -0.0067
vn -0.9928 0.0905 -0.0780
vn -0.9909 0.0661 -0.1176
vn -0.9962 0.0685 -0.0546
vn -0.9917 0.0633 -0.1123
vn -0.9951 0.0734 -0.0659
vn -0.9887 0.1103 -0.1018
vn -0.9896 0.1307 -0.0597
vn -0.9708 0.2198 -0.0956
vn -0.9673 0.2114 -0.1398
vn -0.9683 0.2215 -0.1153
vn -0.9656 0.2509 -0.0683
vn -0.9638 0.2578 -0.0676
vn -0.9620 0.2330 -0.1424
vn -0.9594 0.2802 -0.0322
vn -0.9263 0.3725 -0.0563
vn -0.9182 0.3839 -0.0973
vn -0.8880 0.4510 -0.0891
vn -0.8958 0.4395 -0.0661
vn -0.8222 0.5653 -0.0657
vn -0.8136 0.5814 -0.0093
vn -0.7207 0.6932 -0.0111
vn -0.7191 0.6926 0.0567
vn -0.6933 0.7202 0.0240
vn -0.6950 0.7157 0.0682
vn -0.6794 0.7326 0.0405
vn -0.6810 0.7288 0.0710
vn -0.6277 0.7776 0.0363
vn -0.6465 0.7599 0.0674
vn -0.5571 0.8303 0.0152
vn -0.5847 0.8101 0.0416
vn -0.4565 0.8897 0.0078
vn -0.4678 0.8830 -0.0375
vn -0.4703 0.8824 0.0120
vn -0.3722 0.9281 0.0145
vn -0.3879 0.9217 0.0031
vn -0.3537 0.9350 0.0251
vn -0.3713 0.9284 0.0150
vn -0.4297 0.9026 -0.0262
vn -0.3402 0.9398 0.0332
vn -0.3540 0.9302 -0.0975
vn -0.3946 0.9117 -0.1148
vn -0.3198 0.9434 -0.0885
vn -0.3238 0.9211 -0.2163
vn -0.3567 0.9075 -0.2220
vn -0.2975 0.9320 -0.2071
vn -0.3131 0.9211 -0.2314
vn -0.2754 0.9396 -0.2032
vn -0.2866 0.9344 -0.2116
vn -0.2984 0.9131 -0.2779
vn -0.2366 0.9483 -0.2117
vn -0.2213 0.9363 -0.2726
vn -0.2204 0.8927 -0.3930
vn -0.1140 0.9539 -0.2776
vn -0.0946 0.9222 -0.3750
vn -0.1000 0.8732 -0.4769
vn -0.0051 0.9281 -0.3722
vn 0.0140 0.8944 -0.4470
vn 0.0116 0.8847 -0.4660
vn 0.0425 0.8950 -0.4440
vn 0.0493 0.8920 -0.4493
vn -0.0000 0.8709 -0.4914
vn 0.0510 0.8874 -0.4581
vn -0.0092 0.8420 -0.5394
vn 0.0530 0.8661 -0.4971
vn 0.0088 0.7751 -0.6318
vn 0.0772 0.7953 -0.6013
vn 0.0383 0.7286 -0.6838
vn 0.1049 0.7337 -0.6713
vn 0.0600 0.7326 -0.6780
vn 0.1168 0.7334 -0.6697
vn 0.0837 0.7108 -0.6984
vn 0.1236 0.7252 -0.6774
vn 0.1130 0.6486 -0.7527
vn 0.1410 0.6664 -0.7321
vn 0.1240 0.6302 -0.7664
vn 0.0826 0.6202 -0.7801
vn 0.1593 0.6282 -0.7615
vn 0.1106 0.6592 -0.7438
vn 0.1651 0.6635 -0.7298
vn 0.1148 0.6178 -0.7779
vn 0.1767 0.6578 -0.7321
vn 0.2131 0.4221 -0.8811
vn 0.3386 0.2358 -0.9109
vn 0.3201 0.2456 -0.9150
vn 0.3453 0.2264 -0.9108
vn 0.3463 0.2270 -0.9102
vn 0.3450 0.2279 -0.9105
vn 0.3458 0.2282 -0.9101
vn 0.3450 0.2283 -0.9104
vn 0.3461 0.2287 -0.9099
vn 0.3434 0.2303 -0.9105
vn 0.3455 0.2299 -0.9098
vn 0.3446 0.2309 -0.9099
vn 0.3449 0.2326 -0.9093
vn 0.3904 0.1321 -0.9111
vn 0.3761 0.1287 -0.9176
vn 0.4325 -0.0554 -0.9000
vn 0.4673 -0.0598 -0.8821
vn 0.4667 -0.1544 -0.8708
vn 0.5056 -0.1451 -0.8505
vn 0.4627 -0.1920 -0.8655
vn 0.5080 -0.1532 -0.8476
vn 0.4609 -0.2514 -0.8511
vn 0.5169 -0.2298 -0.8246
vn 0.4843 -0.2881 -0.8261
vn 0.5388 -0.2911 -0.7905
vn 0.5108 -0.3633 -0.7792
vn 0.4463 -0.3699 -0.8148
vn 0.5546 -0.3487 -0.7556
vn 0.5190 -0.4660 -0.7166
vn 0.4739 -0.4743 -0.7420
vn 0.5054 -0.5467 -0.6676
vn 0.4543 -0.5794 -0.6767
vn 0.4724 -0.6496 -0.5958
vn 0.4169 -0.6670 -0.6176
vn 0.4732 -0.6931 -0.5438
vn 0.4404 -0.6688 -0.5989
vn 0.3885 -0.6485 -0.6546
vn 0.4748 -0.6874 -0.5495
vn 0.3940 -0.6899 -0.6073
vn 0.4379 -0.7560 -0.4866
vn 0.3433 -0.7930 -0.5033
vn 0.3600 -0.8167 -0.4510
vn 0.2678 -0.8519 -0.4500
vn 0.2087 -0.8764 -0.4341
vn 0.3009 -0.8508 -0.4309
vn 0.1741 -0.8897 -0.4221
vn 0.1585 -0.8953 -0.4164
vn 0.1556 -0.8953 -0.4175
vn 0.1608 -0.8939 -0.4184
vn 0.1568 -0.8944 -0.4188
vn 0.1549 -0.8942 -0.4199
vn 0.1560 -0.8952 -0.4175
vn 0.1440 -0.9099 -0.3890
vn 0.1400 -0.9141 -0.3805
vn 0.1198 -0.9465 -0.2997
vn 0.1134 -0.9487 -0.2950
vn 0.1083 -0.9688 -0.2230
vn 0.1024 -0.9670 -0.2333
vn 0.0977 -0.9668 -0.2360
vn 0.0909 -0.9817 -0.1674
vn 0.0599 -0.9863 -0.1538
vn 0.0039 -0.9940 -0.1092
vn -0.0247 -0.9993 -0.0284
vn -0.1056 -0.9941 0.0242
vn -0.1604 -0.9842 0.0746
vn -0.1781 -0.9811 0.0757
vn -0.1977 -0.9755 0.0964
vn -0.2107 -0.9709 0.1138
vn -0.2219 -0.9701 0.0987
vn -0.2458 -0.9611 0.1257
vn -0.2821 -0.9474 0.1512
vn -0.2825 -0.9478 0.1478
vn -0.2996 -0.9405 0.1600
vn -0.3062 -0.9381 0.1617
vn -0.3031 -0.9392 0.1613
vn -0.3053 -0.9387 0.1601
vn -0.3075 -0.9379 0.1604
vn -0.3061 -0.9383 0.1610
vn -0.3082 -0.9375 0.1617
vn -0.3109 -0.9365 0.1621
vn -0.3089 -0.9369 0.1633
vn -0.3126 -0.9354 0.1654
vn -0.3228 -0.9302 0.1745
vn -0.3221 -0.9302 0.1758
vn -0.3403 -0.9193 0.1979
vn -0.3639 -0.9039 0.2247
vn -0.3628 -0.9082 0.2089
vn -0.3800 -0.8975 0.2240
vn -0.3847 -0.8899 0.2450
vn -0.4005 -0.8843 0.2402
vn -0.4191 -0.8672 0.2691
vn -0.4459 -0.8527 0.2721
vn -0.4741 -0.8283 0.2985
vn -0.4942 -0.8123 0.3096
vn -0.5095 -0.7988 0.3200
vn -0.4982 -0.8199 0.2821
vn -0.5140 -0.7931 0.3268
vn -0.5184 -0.7900 0.3274
vn -0.5171 -0.7979 0.3097
vn -0.5406 -0.7794 0.3167
vn -0.5406 -0.7697 0.3397
vn -0.6504 -0.6911 0.3152
vn -0.6437 -0.6712 0.3675
vn -0.7346 -0.6010 0.3148
vn -0.7164 -0.5807 0.3867
vn -0.7364 -0.5924 0.3268
vn -0.7174 -0.5724 0.3971
vn -0.7839 -0.5203 0.3388
vn -0.7742 -0.4932 0.3967
vn -0.8405 -0.4202 0.3420
vn -0.8297 -0.3963 0.3932
vn -0.8558 -0.3868 0.3436
vn -0.8684 -0.2951 0.3984
vn -0.8733 -0.3345 0.3543
vn -0.8710 -0.4101 0.2704
vn -0.8854 -0.2741 0.3754
vn -0.8965 -0.2687 0.3522
vn -0.8946 -0.2778 0.3502
vn -0.9096 -0.2562 0.3271
vn -0.9016 -0.2738 0.3349
vn -0.9200 -0.2675 0.2866
vn -0.9325 -0.2082 0.2951
vn -0.9527 -0.2086 0.2211
vn -0.9768 -0.1320 0.1689
vn -0.9810 -0.1430 0.1310
vn -0.9844 -0.1236 0.1254
vn -0.9809 -0.1148 0.1570
vn -0.9913 -0.0782 0.1059
vn -0.9926 -0.0699 0.0994
vn -0.9873 -0.0772 0.1386
vn -0.9972 0.0227 0.0718
vn -0.9983 0.0199 0.0555
vn -0.9979 0.0618 0.0191
vn -0.9965 0.0541 0.0637
vn -0.9976 0.0686 -0.0067
vn -0.9965 0.0615 0.0567
vn -0.9866 0.1626 -0.0130
vn -0.9772 0.2077 0.0433
vn -0.9602 0.2787 0.0179
vn -0.9703 0.2389 -0.0370
vn -0.9453 0.3200 0.0634
vn -0.9550 0.2912 0.0563
vn -0.9612 0.2758 -0.0008
vn -0.9588 0.2833 0.0210
vn -0.9582 0.2778 0.0691
vn -0.9500 0.3116 0.0170
vn -0.9378 0.3446 -0.0420
vn -0.9489 0.3038 0.0856
vn -0.8823 0.4678 0.0521
vn -0.8941 0.4470 -0.0279
vn -0.7929 0.6057 0.0672
vn -0.7634 0.6316 0.1356
vn -0.7211 0.6797 0.1342
vn -0.7211 0.6692 0.1794
vn -0.7063 0.6950 0.1345
vn -0.7135 0.6773 0.1794
vn -0.6906 0.7133 0.1194
vn -0.7051 0.6888 0.1684
vn -0.6689 0.7381 0.0884
vn -0.6975 0.7027 0.1404
vn -0.6149 0.7874 0.0451
vn -0.6503 0.7523 0.1056
vn -0.4951 0.8688 0.0104
vn -0.5271 0.8463 0.0776
vn -0.3648 0.9311 -0.0005
vn -0.3679 0.9299 -0.0002
vn -0.3785 0.9240 0.0547
vn -0.2994 0.9540 0.0151
vn -0.3227 0.9464 0.0140
vn -0.2976 0.9541 0.0337
vn -0.3115 0.9496 0.0353
vn -0.3421 0.9394 0.0226
vn -0.2947 0.9546 0.0430
vn -0.2999 0.9530 0.0433
vn -0.3251 0.9450 0.0351
vn -0.2944 0.9546 0.0461
vn -0.2961 0.9539 0.0484
vn -0.3097 0.9499 0.0432
vn -0.2987 0.9530 0.0504
vn -0.2907 0.9521 -0.0952
vn -0.2968 0.9510 -0.0864
vn -0.3011 0.9473 -0.1096
vn -0.2720 0.9368 -0.2201
vn -0.2949 0.9470 -0.1270
vn -0.2682 0.9282 -0.2578
vn -0.1874 0.9477 -0.2584
vn -0.1868 0.9382 -0.2914
vn -0.1422 0.9365 -0.3206
vn -0.0632 0.9469 -0.3154
vn -0.0821 0.9323 -0.3523
vn -0.0416 0.9305 -0.3639
vn 0.0151 0.9148 -0.4036
vn -0.0016 0.9157 -0.4019
vn 0.0358 0.8999 -0.4346
vn 0.0626 0.8911 -0.4495
vn 0.1003 0.8880 -0.4487
vn 0.0772 0.8916 -0.4461
vn 0.1197 0.8893 -0.4413
vn 0.0901 0.8909 -0.4451
vn 0.1361 0.8895 -0.4363
vn 0.1064 0.8786 -0.4656
vn 0.1516 0.8825 -0.4453
vn 0.1412 0.8148 -0.5623
vn 0.1837 0.8335 -0.5211
vn 0.1688 0.7467 -0.6434
vn 0.2122 0.7654 -0.6076
vn 0.1735 0.7389 -0.6510
vn 0.2194 0.7435 -0.6318
vn 0.1737 0.7406 -0.6491
vn 0.2248 0.7464 -0.6263
vn 0.1869 0.6929 -0.6964
vn 0.2416 0.7156 -0.6554
vn 0.2103 0.6290 -0.7485
vn 0.2716 0.6390 -0.7196
vn 0.2256 0.6473 -0.7281
vn 0.2905 0.6263 -0.7234
vn 0.2366 0.6737 -0.7001
vn 0.3031 0.6677 -0.6799
vn 0.3071 0.4769 -0.8236
vn 0.2649 0.4472 -0.8543
vn 0.3630 0.5078 -0.7812
vn 0.3497 0.2432 -0.9047
vn 0.3749 0.2779 -0.8844
vn 0.3442 0.2268 -0.9111
vn 0.3485 0.2332 -0.9078
vn 0.3444 0.2274 -0.9109
vn 0.3432 0.2266 -0.9115
vn 0.3433 0.2285 -0.9110
vn 0.3440 0.2287 -0.9107
vn 0.3441 0.2296 -0.9105
vn 0.3731 0.2172 -0.9020
vn 0.3690 0.2233 -0.9022
vn 0.4545 0.1967 -0.8687
vn 0.4446 0.1314 -0.8860
vn 0.5563 0.1337 -0.8201
vn 0.5198 -0.0485 -0.8529
vn 0.6080 0.0101 -0.7939
vn 0.5386 -0.1322 -0.8321
vn 0.5925 -0.0791 -0.8017
vn 0.5438 -0.1364 -0.8281
vn 0.5830 -0.1247 -0.8029
vn 0.5641 -0.2102 -0.7985
vn 0.6051 -0.1987 -0.7709
vn 0.5802 -0.2897 -0.7612
vn 0.6217 -0.2776 -0.7325
vn 0.5870 -0.3350 -0.7370
vn 0.6227 -0.3178 -0.7150
vn 0.5822 -0.4412 -0.6829
vn 0.5526 -0.4540 -0.6989
vn 0.6097 -0.4253 -0.6689
vn 0.5799 -0.5342 -0.6151
vn 0.5513 -0.5325 -0.6422
vn 0.5341 -0.6290 -0.5649
vn 0.5652 -0.6152 -0.5495
vn 0.5112 -0.6981 -0.5013
vn 0.5282 -0.6924 -0.4915
vn 0.5167 -0.7013 -0.4912
vn 0.5000 -0.6965 -0.5146
vn 0.4854 -0.7261 -0.4870
vn 0.5133 -0.7097 -0.4825
vn 0.4325 -0.7819 -0.4489
vn 0.4824 -0.7559 -0.4427
vn 0.3895 -0.8213 -0.4169
vn 0.4460 -0.7969 -0.4075
vn 0.3686 -0.8347 -0.4091
vn 0.2636 -0.8687 -0.4194
vn 0.4272 -0.8089 -0.4040
vn 0.3480 -0.8440 -0.4081
vn 0.2348 -0.8787 -0.4158
vn 0.2120 -0.8833 -0.4181
vn 0.1572 -0.8941 -0.4193
vn 0.3265 -0.8530 -0.4072
vn 0.1959 -0.8910 -0.4095
vn 0.3009 -0.8778 -0.3727
vn 0.1875 -0.9151 -0.3571
vn 0.2716 -0.9193 -0.2849
vn 0.1740 -0.9481 -0.2660
vn 0.2542 -0.9463 -0.1995
vn 0.1554 -0.9692 -0.1909
vn 0.2340 -0.9635 -0.1300
vn 0.1420 -0.9821 -0.1236
vn 0.1084 -0.9815 -0.1580
vn 0.1300 -0.9915 -0.0021
vn 0.0929 -0.9944 -0.0506
vn 0.0459 -0.9973 -0.0571
vn 0.0778 -0.9940 0.0768
vn -0.0148 -0.9992 0.0369
vn -0.1142 -0.9924 0.0461
vn -0.1674 -0.9826 0.0807
vn -0.2077 -0.9748 0.0817
vn -0.2321 -0.9660 0.1136
vn -0.2608 -0.9571 0.1261
vn -0.2914 -0.9439 0.1555
vn -0.2998 -0.9404 0.1603
vn -0.2960 -0.9404 0.1678
vn -0.3016 -0.9397 0.1613
vn -0.3029 -0.9394 0.1607
vn -0.2988 -0.9395 0.1673
vn -0.3044 -0.9384 0.1635
vn -0.3071 -0.9376 0.1632
vn -0.3025 -0.9369 0.1753
vn -0.3058 -0.9368 0.1698
vn -0.3097 -0.9358 0.1682
vn -0.3013 -0.9350 0.1869
vn -0.3124 -0.9319 0.1843
vn -0.3385 -0.9211 0.1922
vn -0.3162 -0.9272 0.2007
vn -0.3509 -0.9139 0.2039
vn -0.3761 -0.9023 0.2108
vn -0.3572 -0.9096 0.2123
vn -0.3872 -0.8936 0.2268
vn -0.3916 -0.8927 0.2229
vn -0.4120 -0.8713 0.2666
vn -0.4207 -0.8718 0.2512
vn -0.4414 -0.8357 0.3269
vn -0.4714 -0.8317 0.2933
vn -0.4723 -0.7965 0.3775
vn -0.5072 -0.7972 0.3274
vn -0.4888 -0.7770 0.3967
vn -0.5106 -0.7878 0.3444
vn -0.4882 -0.7761 0.3991
vn -0.5125 -0.7839 0.3505
vn -0.5190 -0.7883 0.3305
vn -0.4895 -0.7727 0.4042
vn -0.5717 -0.7232 0.3875
vn -0.5565 -0.7499 0.3578
vn -0.6497 -0.6403 0.4098
vn -0.6587 -0.6084 0.4427
vn -0.7007 -0.5648 0.4359
vn -0.6876 -0.5577 0.4649
vn -0.7019 -0.5584 0.4422
vn -0.6930 -0.5467 0.4700
vn -0.7552 -0.4818 0.4444
vn -0.7378 -0.4756 0.4791
vn -0.8156 -0.3766 0.4392
vn -0.8281 -0.3232 0.4581
vn -0.8390 -0.3246 0.4367
vn -0.8460 -0.3503 0.4020
vn -0.8406 -0.3159 0.4400
vn -0.8555 -0.3002 0.4219
vn -0.8556 -0.3003 0.4216
vn -0.8702 -0.2929 0.3961
vn -0.8737 -0.2603 0.4110
vn -0.8829 -0.2755 0.3802
vn -0.8849 -0.2276 0.4065
vn -0.8907 -0.2475 0.3813
vn -0.8928 -0.2060 0.4006
vn -0.9086 -0.2046 0.3641
vn -0.9117 -0.1375 0.3872
vn -0.9375 -0.1429 0.3172
vn -0.9248 -0.0228 0.3798
vn -0.9543 -0.0784 0.2884
vn -0.9732 -0.1083 0.2029
vn -0.9632 -0.1314 0.2346
vn -0.9800 -0.0546 0.1914
vn -0.9566 0.0041 0.2914
vn -0.9827 0.0786 0.1678
vn -0.9938 0.0450 0.1017
vn -0.9543 0.1057 0.2795
vn -0.9739 0.1437 0.1758
vn -0.9902 0.0830 0.1122
vn -0.9858 0.0815 0.1471
vn -0.9636 0.1424 0.2264
vn -0.9599 0.2474 0.1315
vn -0.9407 0.2539 0.2248
vn -0.9356 0.3313 0.1221
vn -0.9345 0.3009 0.1899
vn -0.9521 0.2799 0.1235
vn -0.9517 0.2946 0.0869
vn -0.9514 0.2542 0.1740
vn -0.9476 0.2922 0.1288
vn -0.9553 0.2794 0.0962
vn -0.9346 0.3317 0.1287
vn -0.9128 0.3749 0.1618
vn -0.8379 0.5181 0.1718
vn -0.8610 0.4918 0.1298
vn -0.8185 0.5419 0.1907
vn -0.7291 0.6587 0.1857
vn -0.7393 0.6514 0.1707
vn -0.7207 0.6679 0.1856
vn -0.7205 0.6669 0.1900
vn -0.7148 0.6741 0.1860
vn -0.7150 0.6725 0.1913
vn -0.7118 0.6778 0.1843
vn -0.7131 0.6745 0.1913
vn -0.7121 0.6788 0.1790
vn -0.7150 0.6726 0.1910
vn -0.6762 0.7190 0.1604
vn -0.6886 0.6993 0.1916
vn -0.5520 0.8229 0.1345
vn -0.5663 0.7992 0.2016
vn -0.4045 0.9083 0.1063
vn -0.4349 0.8769 0.2046
vn -0.3024 0.9494 0.0847
vn -0.2929 0.9552 0.0428
vn -0.3326 0.9250 0.1837
vn -0.2598 0.9607 0.0979
vn -0.2763 0.9597 0.0510
vn -0.2772 0.9581 0.0714
vn -0.2882 0.9566 0.0418
vn -0.2864 0.9575 0.0340
vn -0.2876 0.9565 0.0487
vn -0.2929 0.9551 0.0438
vn -0.2918 0.9556 0.0417
vn -0.2963 0.9540 0.0459
vn -0.2960 0.9541 0.0450
vn -0.2941 0.9547 0.0443
vn -0.2989 0.9532 0.0451
vn -0.3004 0.9525 0.0508
vn -0.2966 0.9538 0.0475
vn -0.2981 0.9533 0.0489
vn -0.3010 0.9521 0.0535
vn -0.2932 0.9552 0.0397
vn -0.3031 0.9515 0.0527
vn -0.2240 0.9745 0.0090
vn -0.1932 0.9806 -0.0335
vn -0.1848 0.9686 -0.1665
vn -0.0096 0.9897 -0.1430
vn -0.0207 0.9775 -0.2100
vn -0.0655 0.9523 -0.2982
vn 0.0848 0.9726 -0.2164
vn 0.0227 0.9570 -0.2893
vn -0.0199 0.9306 -0.3654
vn 0.0981 0.9508 -0.2937
vn 0.0549 0.9215 -0.3846
vn 0.1647 0.9310 -0.3257
vn 0.1353 0.9046 -0.4042
vn 0.1786 0.9550 -0.2370
vn 0.1987 0.9385 -0.2825
vn 0.1968 0.9100 -0.3648
vn 0.2085 0.9199 -0.3322
vn 0.2057 0.8971 -0.3911
vn 0.1942 0.8931 -0.4058
vn 0.2139 0.8907 -0.4011
vn 0.2077 0.8915 -0.4026
vn 0.1728 0.8906 -0.4206
vn 0.1539 0.8913 -0.4265
vn 0.1854 0.8902 -0.4162
vn 0.2145 0.8909 -0.4002
vn 0.1916 0.8875 -0.4191
vn 0.2167 0.8814 -0.4197
vn 0.2056 0.8576 -0.4714
vn 0.2316 0.7916 -0.5655
vn 0.2529 0.8246 -0.5061
vn 0.2550 0.7434 -0.6184
vn 0.3067 0.7460 -0.5911
vn 0.2743 0.7367 -0.6181
vn 0.3557 0.7137 -0.6034
vn 0.2967 0.7221 -0.6249
vn 0.3323 0.6515 -0.6820
vn 0.3961 0.6554 -0.6431
vn 0.3571 0.6099 -0.7074
vn 0.4338 0.5943 -0.6772
vn 0.3823 0.6372 -0.6692
vn 0.4728 0.5872 -0.6570
vn 0.4430 0.5259 -0.7260
vn 0.5321 0.5175 -0.6701
vn 0.4368 0.3493 -0.8290
vn 0.5434 0.4177 -0.7282
vn 0.3928 0.2604 -0.8820
vn 0.5329 0.3061 -0.7888
vn 0.3813 0.2340 -0.8943
vn 0.5228 0.2620 -0.8112
vn 0.3988 0.2288 -0.8880
vn 0.5350 0.2381 -0.8106
vn 0.4715 0.1855 -0.8621
vn 0.5909 0.1504 -0.7926
vn 0.5685 0.1545 -0.8081
vn 0.6376 0.1239 -0.7604
vn 0.6366 0.1233 -0.7612
vn 0.6557 0.1117 -0.7468
vn 0.6541 0.0694 -0.7532
vn 0.6564 0.0947 -0.7485
vn 0.6314 -0.0054 -0.7754
vn 0.6512 0.0491 -0.7573
vn 0.6180 -0.1019 -0.7796
vn 0.6500 -0.0620 -0.7574
vn 0.6312 -0.1984 -0.7498
vn 0.6550 -0.1923 -0.7308
vn 0.6515 -0.2736 -0.7076
vn 0.6732 -0.2828 -0.6833
vn 0.6647 -0.3003 -0.6841
vn 0.6999 -0.3001 -0.6481
vn 0.6537 -0.3968 -0.6444
vn 0.7026 -0.3636 -0.6116
vn 0.6228 -0.5341 -0.5717
vn 0.5946 -0.5400 -0.5957
vn 0.6623 -0.5107 -0.5482
vn 0.6050 -0.5959 -0.5281
vn 0.5808 -0.6063 -0.5431
vn 0.5428 -0.6798 -0.4932
vn 0.5693 -0.6585 -0.4922
vn 0.5238 -0.7063 -0.4762
vn 0.5206 -0.7044 -0.4826
vn 0.5364 -0.7026 -0.4675
vn 0.5278 -0.7115 -0.4639
vn 0.5263 -0.7067 -0.4729
vn 0.5140 -0.7408 -0.4325
vn 0.5209 -0.7391 -0.4270
vn 0.4930 -0.7731 -0.3991
vn 0.5091 -0.7632 -0.3978
vn 0.4789 -0.7819 -0.3991
vn 0.5055 -0.7663 -0.3965
vn 0.4631 -0.7893 -0.4031
vn 0.4111 -0.8160 -0.4063
vn 0.5018 -0.7677 -0.3986
vn 0.4365 -0.8090 -0.3936
vn 0.3938 -0.8284 -0.3983
vn 0.3652 -0.8681 -0.3361
vn 0.3870 -0.8711 -0.3025
vn 0.3242 -0.9196 -0.2221
vn 0.3515 -0.9244 -0.1482
vn 0.3053 -0.9442 -0.1238
vn 0.3551 -0.9346 -0.0221
vn 0.3054 -0.9518 -0.0292
vn 0.3530 -0.9326 0.0751
vn 0.2951 -0.9524 0.0767
vn 0.2140 -0.9760 -0.0401
vn 0.3308 -0.9325 0.1451
vn 0.2603 -0.9510 0.1670
vn 0.1875 -0.9786 0.0843
vn 0.1590 -0.9694 0.1868
vn 0.1266 -0.9825 0.1363
vn 0.1251 -0.9702 0.2077
vn 0.0723 -0.9818 0.1754
vn -0.0508 -0.9916 0.1186
vn 0.0403 -0.9728 0.2281
vn -0.0642 -0.9787 0.1948
vn -0.1742 -0.9750 0.1380
vn -0.0702 -0.9663 0.2478
vn -0.1622 -0.9658 0.2024
vn -0.2531 -0.9537 0.1624
vn -0.1604 -0.9583 0.2367
vn -0.2542 -0.9475 0.1939
vn -0.2406 -0.9454 0.2200
vn -0.2824 -0.9412 0.1856
vn -0.2651 -0.9406 0.2120
vn -0.2916 -0.9379 0.1879
vn -0.2807 -0.9366 0.2098
vn -0.2949 -0.9352 0.1962
vn -0.2870 -0.9358 0.2047
vn -0.2977 -0.9333 0.2008
vn -0.2981 -0.9317 0.2073
vn -0.3208 -0.9240 0.2083
vn -0.3179 -0.9156 0.2462
vn -0.3635 -0.9008 0.2375
vn -0.4096 -0.8704 0.2732
vn -0.4388 -0.7898 0.4285
vn -0.4403 -0.8315 0.3388
vn -0.4489 -0.7781 0.4394
vn -0.4578 -0.7957 0.3966
vn -0.4608 -0.7721 0.4376
vn -0.4688 -0.7743 0.4251
vn -0.4685 -0.7691 0.4348
vn -0.4732 -0.7687 0.4303
vn -0.4722 -0.7669 0.4346
vn -0.4727 -0.7681 0.4320
vn -0.4806 -0.7541 0.4476
vn -0.4760 -0.7615 0.4399
vn -0.5442 -0.6716 0.5027
vn -0.5482 -0.6821 0.4839
vn -0.5623 -0.6977 0.4439
vn -0.6082 -0.5768 0.5453
vn -0.6282 -0.5779 0.5209
vn -0.6493 -0.5856 0.4853
vn -0.6487 -0.5542 0.5216
vn -0.6705 -0.5546 0.4929
vn -0.6664 -0.5266 0.5278
vn -0.6823 -0.5366 0.4965
vn -0.6985 -0.4636 0.5451
vn -0.7211 -0.4711 0.5080
vn -0.7385 -0.3896 0.5503
vn -0.7741 -0.3814 0.5052
vn -0.7731 -0.3375 0.5371
vn -0.8080 -0.3310 0.4874
vn -0.7979 -0.3726 0.4738
vn -0.7923 -0.3268 0.5152
vn -0.8215 -0.3236 0.4695
vn -0.8194 -0.2789 0.5008
vn -0.8393 -0.2908 0.4594
vn -0.8396 -0.2140 0.4993
vn -0.8577 -0.2391 0.4553
vn -0.8396 -0.2142 0.4992
vn -0.8683 -0.2239 0.4426
vn -0.8494 -0.1793 0.4963
vn -0.8812 -0.2017 0.4276
vn -0.8683 -0.0908 0.4877
vn -0.8979 -0.1120 0.4258
vn -0.8835 0.0181 0.4681
vn -0.9067 0.0134 0.4216
vn -0.8899 0.0817 0.4487
vn -0.9065 0.0854 0.4134
vn -0.9207 0.1029 0.3764
vn -0.9211 0.0647 0.3840
vn -0.9078 0.0883 0.4099
vn -0.9269 0.1532 0.3425
vn -0.9511 0.1748 0.2548
vn -0.9081 0.1307 0.3978
vn -0.9263 0.2145 0.3096
vn -0.9450 0.2026 0.2569
vn -0.9331 0.2478 0.2607
vn -0.9226 0.2460 0.2971
vn -0.9338 0.2580 0.2478
vn -0.9221 0.2428 0.3012
vn -0.9384 0.2424 0.2462
vn -0.9164 0.2510 0.3117
vn -0.9201 0.3105 0.2388
vn -0.9356 0.3094 0.1701
vn -0.9067 0.2926 0.3037
vn -0.8724 0.4356 0.2219
vn -0.8905 0.4147 0.1870
vn -0.8014 0.5629 0.2024
vn -0.7839 0.5840 0.2107
vn -0.7231 0.6609 0.2009
vn -0.7256 0.6604 0.1935
vn -0.7217 0.6612 0.2048
vn -0.7181 0.6660 0.2020
vn -0.7191 0.6665 0.1965
vn -0.7147 0.6709 0.1979
vn -0.7142 0.6702 0.2021
vn -0.7128 0.6725 0.1990
vn -0.7129 0.6714 0.2021
vn -0.7145 0.6698 0.2020
vn -0.7131 0.6714 0.2015
vn -0.6818 0.6950 0.2285
vn -0.6592 0.7152 0.2321
vn -0.5587 0.7793 0.2840
vn -0.5302 0.7943 0.2966
vn -0.4506 0.8362 0.3128
vn -0.4493 0.8278 0.3358
vn -0.3682 0.8791 0.3026
vn -0.3796 0.8564 0.3500
vn -0.2588 0.9242 0.2810
vn -0.2481 0.9531 0.1732
vn -0.2686 0.8940 0.3585
vn -0.2104 0.9367 0.2799
vn -0.2282 0.9529 0.1997
vn -0.2199 0.9458 0.2390
vn -0.2513 0.9530 0.1691
vn -0.2558 0.9573 0.1348
vn -0.2410 0.9504 0.1965
vn -0.2700 0.9567 0.1085
vn -0.2748 0.9572 0.0910
vn -0.2370 0.9637 0.1231
vn -0.2736 0.9591 0.0728
vn -0.2892 0.9554 0.0590
vn -0.2321 0.9680 0.0950
vn -0.2952 0.9542 0.0484
vn -0.2784 0.9586 0.0599
vn -0.1687 0.9792 0.1124
vn -0.2151 0.9745 0.0636
vn -0.2357 0.9714 0.0294
vn -0.0419 0.9991 0.0101
vn -0.0446 0.9978 -0.0493
vn -0.0319 0.9945 -0.0998
vn 0.1102 0.9861 -0.1240
vn 0.1061 0.9779 -0.1803
vn 0.1081 0.9741 -0.1985
vn 0.1432 0.9675 -0.2086
vn 0.1483 0.9674 -0.2051
vn 0.1685 0.9609 -0.2198
vn 0.1741 0.9623 -0.2091
vn 0.1410 0.9670 -0.2124
vn 0.1920 0.9563 -0.2204
vn 0.1946 0.9550 -0.2238
vn 0.2128 0.9524 -0.2181
vn 0.2087 0.9446 -0.2534
vn 0.2288 0.9468 -0.2262
vn 0.2188 0.9295 -0.2969
vn 0.2147 0.9030 -0.3722
vn 0.2258 0.9110 -0.3451
vn 0.2196 0.8917 -0.3957
vn 0.2189 0.8893 -0.4016
vn 0.2360 0.8835 -0.4047
vn 0.2277 0.8895 -0.3962
vn 0.2687 0.8782 -0.3958
vn 0.2407 0.8896 -0.3883
vn 0.2152 0.8917 -0.3982
vn 0.3238 0.8532 -0.4089
vn 0.2967 0.8486 -0.4380
vn 0.3960 0.7831 -0.4795
vn 0.3685 0.7613 -0.5335
vn 0.4383 0.7190 -0.5394
vn 0.3941 0.7147 -0.5779
vn 0.4751 0.6761 -0.5633
vn 0.4165 0.6965 -0.5843
vn 0.3342 0.7214 -0.6065
vn 0.5334 0.6141 -0.5817
vn 0.4671 0.6411 -0.6089
vn 0.5720 0.5584 -0.6009
vn 0.5146 0.5739 -0.6371
vn 0.5994 0.5099 -0.6169
vn 0.5499 0.5391 -0.6379
vn 0.6358 0.4576 -0.6216
vn 0.5931 0.4897 -0.6391
vn 0.6594 0.4264 -0.6191
vn 0.6215 0.4364 -0.6506
vn 0.6722 0.3523 -0.6512
vn 0.6443 0.3328 -0.6886
vn 0.6288 0.2958 -0.7191
vn 0.6409 0.3369 -0.6897
vn 0.6203 0.2529 -0.7425
vn 0.6285 0.2723 -0.7286
vn 0.6420 0.1322 -0.7552
vn 0.6448 0.1316 -0.7529
vn 0.6505 0.1134 -0.7510
vn 0.6467 0.1108 -0.7547
vn 0.6530 0.1074 -0.7497
vn 0.6501 0.1031 -0.7528
vn 0.6566 0.1001 -0.7475
vn 0.6599 0.0939 -0.7455
vn 0.6688 0.0712 -0.7400
vn 0.6884 0.0646 -0.7224
vn 0.6909 -0.0200 -0.7226
vn 0.7337 -0.0063 -0.6794
vn 0.7099 -0.1618 -0.6855
vn 0.7704 -0.1276 -0.6247
vn 0.7155 -0.2738 -0.6428
vn 0.7668 -0.2329 -0.5982
vn 0.7234 -0.3074 -0.6182
vn 0.7511 -0.2972 -0.5896
vn 0.7265 -0.3452 -0.5942
vn 0.7512 -0.3330 -0.5698
vn 0.6901 -0.4801 -0.5415
vn 0.7384 -0.4413 -0.5100
vn 0.6413 -0.5668 -0.5172
vn 0.6286 -0.5835 -0.5142
vn 0.7046 -0.5131 -0.4901
vn 0.6016 -0.6092 -0.5167
vn 0.5949 -0.6317 -0.4970
vn 0.5520 -0.6937 -0.4626
vn 0.5595 -0.6885 -0.4614
vn 0.5422 -0.7210 -0.4315
vn 0.5348 -0.7156 -0.4494
vn 0.5494 -0.7268 -0.4122
vn 0.5456 -0.7333 -0.4057
vn 0.5330 -0.7359 -0.4176
vn 0.5225 -0.7555 -0.3951
vn 0.5394 -0.7445 -0.3935
vn 0.5155 -0.7598 -0.3961
vn 0.5311 -0.7497 -0.3949
vn 0.5112 -0.7618 -0.3980
vn 0.5339 -0.7578 -0.3750
vn 0.5075 -0.7893 -0.3456
vn 0.4893 -0.7868 -0.3763
vn 0.5406 -0.7971 -0.2691
vn 0.4591 -0.8706 -0.1769
vn 0.4378 -0.8665 -0.2397
vn 0.3817 -0.9226 -0.0561
vn 0.3824 -0.9239 -0.0091
vn 0.3676 -0.9287 0.0486
vn 0.3439 -0.9376 0.0508
vn 0.3470 -0.9327 0.0982
vn 0.3145 -0.9470 0.0649
vn 0.3021 -0.9448 0.1267
vn 0.2679 -0.9597 0.0848
vn 0.2456 -0.9557 0.1620
vn 0.2876 -0.9381 0.1931
vn 0.2001 -0.9699 0.1387
vn 0.2067 -0.9579 0.1994
vn 0.2390 -0.9458 0.2200
vn 0.2122 -0.9520 0.2206
vn 0.1955 -0.9505 0.2415
vn 0.1803 -0.9540 0.2394
vn 0.1551 -0.9618 0.2257
vn 0.1531 -0.9524 0.2637
vn 0.1407 -0.9564 0.2560
vn 0.1058 -0.9649 0.2403
vn 0.1065 -0.9542 0.2795
vn 0.0532 -0.9584 0.2806
vn -0.0110 -0.9627 0.2705
vn 0.0078 -0.9613 0.2753
vn -0.0251 -0.9601 0.2787
vn -0.0772 -0.9613 0.2644
vn -0.0351 -0.9667 0.2537
vn -0.1074 -0.9618 0.2518
vn -0.1771 -0.9526 0.2473
vn -0.1607 -0.9570 0.2415
vn -0.2004 -0.9490 0.2434
vn -0.2300 -0.9440 0.2366
vn -0.2113 -0.9486 0.2356
vn -0.2273 -0.9456 0.2326
vn -0.2544 -0.9408 0.2240
vn -0.2210 -0.9460 0.2371
vn -0.2466 -0.9437 0.2203
vn -0.2704 -0.9392 0.2115
vn -0.2360 -0.9252 0.2973
vn -0.2490 -0.9351 0.2521
vn -0.2757 -0.9361 0.2184
vn -0.2346 -0.8791 0.4148
vn -0.2596 -0.8977 0.3559
vn -0.2468 -0.8171 0.5209
vn -0.2757 -0.8367 0.4733
vn -0.2885 -0.9125 0.2901
vn -0.2797 -0.7631 0.5827
vn -0.2903 -0.7738 0.5630
vn -0.2950 -0.7611 0.5776
vn -0.2971 -0.7734 0.5600
vn -0.3020 -0.7714 0.5602
vn -0.3141 -0.7624 0.5658
vn -0.2994 -0.7771 0.5536
vn -0.3204 -0.7763 0.5429
vn -0.3737 -0.7643 0.5256
vn -0.3875 -0.7757 0.4981
vn -0.3366 -0.7793 0.5285
vn -0.4123 -0.7768 0.4760
vn -0.3589 -0.7804 0.5121
vn -0.4365 -0.7747 0.4574
vn -0.3879 -0.7739 0.5006
vn -0.4561 -0.7702 0.4458
vn -0.4349 -0.7217 0.5385
vn -0.4798 -0.7425 0.4674
vn -0.4861 -0.6292 0.6064
vn -0.5343 -0.6553 0.5340
vn -0.5203 -0.5826 0.6245
vn -0.5818 -0.5785 0.5716
vn -0.5545 -0.5656 0.6105
vn -0.6025 -0.5580 0.5707
vn -0.6261 -0.5553 0.5475
vn -0.6335 -0.4834 0.6041
vn -0.6477 -0.5105 0.5656
vn -0.6437 -0.4015 0.6515
vn -0.6686 -0.4412 0.5987
vn -0.6434 -0.3725 0.6688
vn -0.6890 -0.3839 0.6147
vn -0.6684 -0.3486 0.6571
vn -0.7192 -0.3388 0.6065
vn -0.6964 -0.2975 0.6531
vn -0.7424 -0.3184 0.5895
vn -0.7145 -0.1743 0.6775
vn -0.7698 -0.2381 0.5922
vn -0.7159 -0.0959 0.6916
vn -0.7826 -0.1534 0.6034
vn -0.7142 -0.0953 0.6934
vn -0.7741 -0.1515 0.6147
vn -0.7130 -0.0951 0.6946
vn -0.7723 -0.1288 0.6220
vn -0.7186 -0.0823 0.6906
vn -0.7874 -0.0798 0.6113
vn -0.7378 -0.0370 0.6739
vn -0.8146 -0.0021 0.5800
vn -0.7644 0.0146 0.6446
vn -0.8378 0.0585 0.5428
vn -0.7851 0.0792 0.6143
vn -0.8475 0.0963 0.5219
vn -0.8909 0.0909 0.4450
vn -0.8875 0.1307 0.4419
vn -0.8470 0.1337 0.5145
vn -0.8842 0.1785 0.4317
vn -0.9060 0.1935 0.3764
vn -0.8443 0.1749 0.5065
vn -0.8768 0.2306 0.4220
vn -0.9048 0.2358 0.3547
vn -0.9016 0.2509 0.3524
vn -0.8663 0.2653 0.4232
vn -0.8949 0.2634 0.3602
vn -0.8608 0.2697 0.4317
vn -0.8930 0.2732 0.3577
vn -0.8559 0.2692 0.4416
vn -0.8544 0.4140 0.3141
vn -0.8645 0.4305 0.2594
vn -0.8042 0.4105 0.4299
vn -0.7568 0.6058 0.2457
vn -0.7699 0.6012 0.2140
vn -0.7211 0.6624 0.2032
vn -0.7183 0.6592 0.2224
vn -0.7173 0.6662 0.2040
vn -0.7178 0.6656 0.2042
vn -0.7141 0.6642 0.2211
vn -0.7137 0.6701 0.2041
vn -0.7138 0.6700 0.2040
vn -0.7138 0.6704 0.2024
vn -0.7150 0.6690 0.2032
vn -0.7129 0.6718 0.2013
vn -0.7087 0.6730 0.2115
vn -0.6317 0.7383 0.2364
vn -0.6014 0.7566 0.2567
vn -0.4963 0.8142 0.3014
vn -0.4632 0.8283 0.3152
vn -0.4399 0.8301 0.3426
vn -0.4305 0.8328 0.3480
vn -0.3741 0.8534 0.3630
vn -0.3651 0.8553 0.3676
vn -0.2645 0.8858 0.3813
vn -0.2561 0.8849 0.3890
vn -0.2113 0.8963 0.3899
vn -0.2089 0.9095 0.3593
vn -0.2097 0.8924 0.3996
vn -0.2048 0.8992 0.3866
vn -0.1946 0.9160 0.3508
vn -0.2037 0.9038 0.3762
vn -0.1921 0.9211 0.3386
vn -0.1955 0.9349 0.2963
vn -0.1911 0.9314 0.3097
vn -0.1880 0.9251 0.3300
vn -0.1852 0.9309 0.3148
vn -0.2099 0.9387 0.2734
vn -0.1886 0.9392 0.2869
vn -0.1592 0.9390 0.3049
vn -0.1382 0.9520 0.2732
vn -0.2050 0.9563 0.2086
vn -0.0564 0.9761 0.2098
vn -0.1406 0.9685 0.2055
vn -0.1776 0.9742 0.1395
vn -0.0327 0.9890 0.1442
vn -0.1134 0.9810 0.1573
vn -0.0429 0.9966 0.0698
vn 0.1097 0.9917 0.0665
vn 0.1074 0.9941 -0.0176
vn 0.1189 0.9911 -0.0601
vn 0.1778 0.9823 -0.0581
vn 0.1625 0.9826 -0.0895
vn 0.1463 0.9758 -0.1625
vn 0.1722 0.9784 -0.1144
vn 0.1650 0.9667 -0.1958
vn 0.1941 0.9683 -0.1572
vn 0.1885 0.9566 -0.2223
vn 0.2219 0.9536 -0.2033
vn 0.2199 0.9484 -0.2286
vn 0.2309 0.9447 -0.2330
vn 0.2401 0.9466 -0.2150
vn 0.2498 0.9377 -0.2417
vn 0.2639 0.9416 -0.2093
vn 0.2472 0.9345 -0.2562
vn 0.3333 0.9124 -0.2377
vn 0.2998 0.9048 -0.3025
vn 0.2502 0.8881 -0.3857
vn 0.3613 0.8679 -0.3409
vn 0.2968 0.8656 -0.4034
vn 0.3875 0.8477 -0.3623
vn 0.3398 0.8488 -0.4051
vn 0.4374 0.8041 -0.4026
vn 0.4068 0.7970 -0.4465
vn 0.5050 0.7314 -0.4582
vn 0.4711 0.7253 -0.5020
vn 0.5572 0.6580 -0.5065
vn 0.5245 0.6605 -0.5373
vn 0.5984 0.5884 -0.5439
vn 0.5788 0.5920 -0.5608
vn 0.6195 0.5513 -0.5588
vn 0.6043 0.5544 -0.5723
vn 0.6607 0.4783 -0.5785
vn 0.6396 0.4906 -0.5918
vn 0.6945 0.4111 -0.5904
vn 0.6789 0.4272 -0.5971
vn 0.6977 0.4166 -0.5828
vn 0.6877 0.4195 -0.5925
vn 0.6980 0.4050 -0.5906
vn 0.6852 0.3812 -0.6206
vn 0.6754 0.4191 -0.6068
vn 0.6501 0.3842 -0.6556
vn 0.6723 0.3499 -0.6524
vn 0.6422 0.3038 -0.7037
vn 0.6750 0.1992 -0.7104
vn 0.6522 0.1503 -0.7430
vn 0.6454 0.1139 -0.7553
vn 0.6600 0.1363 -0.7388
vn 0.6498 0.0973 -0.7539
vn 0.6630 0.1004 -0.7419
vn 0.6712 0.0783 -0.7371
vn 0.6918 0.0576 -0.7198
vn 0.7118 0.0426 -0.7011
vn 0.7342 0.0162 -0.6787
vn 0.7600 -0.0226 -0.6495
vn 0.7730 -0.0422 -0.6330
vn 0.7927 -0.1193 -0.5979
vn 0.8057 -0.1859 -0.5623
vn 0.7942 -0.1956 -0.5753
vn 0.8116 -0.2520 -0.5271
vn 0.7842 -0.2725 -0.5575
vn 0.7880 -0.3241 -0.5235
vn 0.8155 -0.3241 -0.4796
vn 0.7983 -0.4073 -0.4436
vn 0.8250 -0.4051 -0.3940
vn 0.8011 -0.4372 -0.4088
vn 0.8441 -0.4119 -0.3434
vn 0.7939 -0.4581 -0.3997
vn 0.6682 -0.5567 -0.4936
vn 0.8602 -0.3922 -0.3261
vn 0.7519 -0.5827 -0.3083
vn 0.6272 -0.6614 -0.4113
vn 0.6192 -0.7002 -0.3554
vn 0.7332 -0.6300 -0.2560
vn 0.6269 -0.6951 -0.3520
vn 0.5537 -0.7315 -0.3978
vn 0.7511 -0.6129 -0.2453
vn 0.6370 -0.6988 -0.3255
vn 0.5511 -0.7363 -0.3925
vn 0.5597 -0.7427 -0.3675
vn 0.6645 -0.7018 -0.2570
vn 0.5923 -0.7492 -0.2963
vn 0.6874 -0.7055 -0.1724
vn 0.5980 -0.7867 -0.1533
vn 0.6513 -0.7561 -0.0649
vn 0.5629 -0.8261 -0.0244
vn 0.5015 -0.8594 -0.1002
vn 0.5921 -0.8059 0.0034
vn 0.4889 -0.8721 0.0207
vn 0.4134 -0.9105 0.0123
vn 0.3475 -0.9368 0.0400
vn 0.3924 -0.9187 0.0451
vn 0.3111 -0.9494 0.0444
vn 0.3604 -0.9284 0.0910
vn 0.2661 -0.9604 0.0822
vn 0.3591 -0.9150 0.1838
vn 0.2114 -0.9619 0.1731
vn 0.3312 -0.9021 0.2765
vn 0.1940 -0.9487 0.2498
vn 0.1628 -0.9674 0.1940
vn 0.2933 -0.8936 0.3398
vn 0.1989 -0.9280 0.3151
vn 0.1589 -0.9578 0.2394
vn 0.1777 -0.9571 0.2288
vn 0.1647 -0.9397 0.2998
vn 0.1513 -0.9551 0.2545
vn 0.1560 -0.9531 0.2592
vn 0.1502 -0.9426 0.2984
vn 0.1375 -0.9547 0.2640
vn 0.1267 -0.9547 0.2691
vn 0.1374 -0.9417 0.3071
vn 0.1082 -0.9581 0.2652
vn 0.0565 -0.9632 0.2627
vn 0.0522 -0.9361 0.3477
vn 0.0131 -0.9594 0.2817
vn -0.0033 -0.9669 0.2550
vn -0.0348 -0.9180 0.3951
vn -0.0427 -0.9443 0.3264
vn -0.0846 -0.9584 0.2726
vn -0.0832 -0.8983 0.4314
vn -0.0741 -0.8732 0.4816
vn -0.0970 -0.8727 0.4785
vn -0.0851 -0.8648 0.4949
vn -0.1222 -0.8686 0.4802
vn -0.1844 -0.8517 0.4905
vn -0.1867 -0.8642 0.4673
vn -0.2436 -0.8276 0.5057
vn -0.2284 -0.8642 0.4482
vn -0.2059 -0.9168 0.3421
vn -0.2730 -0.8137 0.5132
vn -0.2710 -0.7996 0.5360
vn -0.2399 -0.8150 0.5274
vn -0.2972 -0.7786 0.5526
vn -0.2647 -0.7779 0.5700
vn -0.2744 -0.7554 0.5950
vn -0.2978 -0.7705 0.5636
vn -0.2498 -0.7392 0.6254
vn -0.2891 -0.7639 0.5769
vn -0.2953 -0.7737 0.5605
vn -0.2716 -0.7514 0.6013
vn -0.2900 -0.7725 0.5649
vn -0.2972 -0.7781 0.5533
vn -0.2808 -0.7656 0.5788
vn -0.2987 -0.7775 0.5533
vn -0.2689 -0.7413 0.6149
vn -0.3101 -0.7665 0.5624
vn -0.2944 -0.6521 0.6987
vn -0.3569 -0.6877 0.6322
vn -0.3315 -0.5820 0.7425
vn -0.3988 -0.5947 0.6980
vn -0.3499 -0.6150 0.7067
vn -0.4207 -0.5906 0.6886
vn -0.3981 -0.6067 0.6880
vn -0.4713 -0.5829 0.6619
vn -0.5112 -0.4388 0.7390
vn -0.5699 -0.4351 0.6971
vn -0.6148 -0.4532 0.6455
vn -0.6110 -0.3268 0.7210
vn -0.6309 -0.3567 0.6890
vn -0.5990 -0.3646 0.7130
vn -0.6157 -0.3663 0.6977
vn -0.6025 -0.3736 0.7053
vn -0.6292 -0.3646 0.6864
vn -0.6430 -0.2947 0.7069
vn -0.6691 -0.2862 0.6858
vn -0.6924 -0.1528 0.7052
vn -0.7028 -0.1498 0.6954
vn -0.7087 -0.0910 0.6996
vn -0.7104 -0.0907 0.6980
vn -0.7093 -0.0919 0.6989
vn -0.7105 -0.0922 0.6977
vn -0.7093 -0.0916 0.6990
vn -0.7105 -0.0924 0.6976
vn -0.7081 -0.0800 0.7016
vn -0.7099 -0.0869 0.6989
vn -0.7034 -0.0411 0.7096
vn -0.7115 -0.0543 0.7006
vn -0.6930 -0.0038 0.7209
vn -0.7161 -0.0146 0.6979
vn -0.6851 0.0467 0.7269
vn -0.7260 0.0518 0.6857
vn -0.7285 0.1332 0.6720
vn -0.7924 0.1315 0.5957
vn -0.7917 0.1732 0.5858
vn -0.7188 0.1837 0.6705
vn -0.7875 0.2410 0.5673
vn -0.8329 0.2414 0.4981
vn -0.7111 0.2318 0.6638
vn -0.7918 0.2651 0.5502
vn -0.8244 0.2735 0.4956
vn -0.8260 0.2694 0.4951
vn -0.8013 0.2597 0.5389
vn -0.8120 0.2930 0.5047
vn -0.7833 0.3243 0.5304
vn -0.7403 0.4379 0.5100
vn -0.7126 0.4783 0.5132
vn -0.6589 0.5680 0.4932
vn -0.7117 0.5877 0.3849
vn -0.6565 0.5700 0.4940
vn -0.6520 0.5833 0.4845
vn -0.6887 0.6280 0.3623
vn -0.6927 0.6274 0.3558
vn -0.6630 0.5773 0.4765
vn -0.6958 0.6214 0.3602
vn -0.7111 0.6655 0.2269
vn -0.6736 0.5679 0.4730
vn -0.6971 0.6123 0.3729
vn -0.7110 0.6604 0.2416
vn -0.6983 0.6641 0.2670
vn -0.6748 0.6182 0.4031
vn -0.5775 0.7553 0.3098
vn -0.5588 0.6958 0.4512
vn -0.4438 0.8289 0.3406
vn -0.4459 0.7609 0.4714
vn -0.4239 0.8334 0.3546
vn -0.4270 0.7694 0.4751
vn -0.3542 0.8547 0.3795
vn -0.3628 0.7924 0.4903
vn -0.2453 0.8752 0.4169
vn -0.2541 0.8223 0.5092
vn -0.2033 0.8721 0.4451
vn -0.2017 0.8297 0.5206
vn -0.2064 0.8627 0.4617
vn -0.2094 0.8914 0.4020
vn -0.1970 0.8182 0.5402
vn -0.2077 0.8573 0.4711
vn -0.2106 0.8912 0.4018
vn -0.2076 0.8543 0.4765
vn -0.2095 0.8927 0.3989
vn -0.1991 0.9104 0.3627
vn -0.2057 0.8970 0.3912
vn -0.1929 0.9173 0.3484
vn -0.1788 0.9301 0.3209
vn -0.1212 0.9286 0.3506
vn -0.0875 0.9440 0.3182
vn 0.0286 0.9238 0.3819
vn 0.0473 0.9445 0.3250
vn -0.0488 0.9546 0.2940
vn 0.1121 0.9021 0.4168
vn 0.1087 0.9347 0.3383
vn 0.1195 0.8840 0.4519
vn 0.1381 0.9251 0.3536
vn 0.1396 0.9471 0.2890
vn 0.2091 0.9393 0.2719
vn 0.1996 0.9058 0.3737
vn 0.2950 0.9208 0.2551
vn 0.2919 0.9249 0.2437
vn 0.3506 0.9084 0.2278
vn 0.3519 0.9079 0.2280
vn 0.3682 0.9023 0.2244
vn 0.3694 0.9015 0.2254
vn 0.3679 0.9020 0.2261
vn 0.3673 0.9020 0.2269
vn 0.3686 0.9013 0.2277
vn 0.3490 0.9123 0.2141
vn 0.3555 0.9083 0.2204
vn 0.2824 0.9508 0.1275
vn 0.3682 0.9011 0.2291
vn 0.3602 0.9050 0.2264
vn 0.2837 0.9510 0.1225
vn 0.2844 0.9516 0.1164
vn 0.2040 0.9789 -0.0094
vn 0.3836 0.8984 0.2139
vn 0.3075 0.9466 0.0971
vn 0.2022 0.9791 -0.0229
vn 0.2189 0.9745 -0.0488
vn 0.1972 0.9774 -0.0763
vn 0.3541 0.9328 0.0663
vn 0.2547 0.9631 -0.0873
vn 0.2132 0.9687 -0.1269
vn 0.2240 0.9561 -0.1886
vn 0.3210 0.9367 -0.1396
vn 0.2587 0.9373 -0.2337
vn 0.3925 0.8996 -0.1915
vn 0.3355 0.9058 -0.2588
vn 0.3237 0.9118 -0.2524
vn 0.4042 0.8756 -0.2646
vn 0.3919 0.8795 -0.2702
vn 0.3975 0.8739 -0.2797
vn 0.4244 0.8577 -0.2901
vn 0.4190 0.8526 -0.3123
vn 0.4912 0.8096 -0.3215
vn 0.4665 0.8095 -0.3564
vn 0.5756 0.7352 -0.3580
vn 0.5356 0.7378 -0.4108
vn 0.6270 0.6709 -0.3959
vn 0.5853 0.6662 -0.4621
vn 0.6505 0.6126 -0.4491
vn 0.6190 0.5969 -0.5104
vn 0.6703 0.5493 -0.4990
vn 0.6414 0.5472 -0.5377
vn 0.7001 0.4786 -0.5299
vn 0.6757 0.4770 -0.5620
vn 0.7276 0.4077 -0.5516
vn 0.7030 0.4080 -0.5826
vn 0.7394 0.3839 -0.5531
vn 0.7115 0.4029 -0.5757
vn 0.7414 0.3988 -0.5397
vn 0.7187 0.4084 -0.5628
vn 0.7425 0.4176 -0.5237
vn 0.7123 0.4289 -0.5556
vn 0.7193 0.4525 -0.5270
vn 0.7045 0.4044 -0.5833
vn 0.7256 0.3624 -0.5849
vn 0.7072 0.2767 -0.6506
vn 0.7026 0.1805 -0.6884
vn 0.7417 0.2268 -0.6312
vn 0.7037 0.1325 -0.6981
vn 0.7448 0.1756 -0.6437
vn 0.7235 0.0542 -0.6882
vn 0.7686 0.0776 -0.6350
vn 0.7535 -0.0069 -0.6574
vn 0.7940 -0.0051 -0.6079
vn 0.7830 -0.0571 -0.6194
vn 0.8191 -0.0575 -0.5707
vn 0.8030 -0.1175 -0.5843
vn 0.7945 -0.1199 -0.5953
vn 0.8802 -0.1938 -0.4332
vn 0.8257 -0.1935 -0.5299
vn 0.9084 -0.2270 -0.3511
vn 0.8505 -0.2393 -0.4684
vn 0.8630 -0.2992 -0.4070
vn 0.9252 -0.2442 -0.2906
vn 0.8622 -0.3899 -0.3235
vn 0.9119 -0.3293 -0.2451
vn 0.8736 -0.3958 -0.2830
vn 0.8905 -0.3725 -0.2612
vn 0.8854 -0.3667 -0.2856
vn 0.8813 -0.3707 -0.2932
vn 0.8582 -0.4498 -0.2472
vn 0.8253 -0.5057 -0.2512
vn 0.8646 -0.4293 -0.2609
vn 0.8000 -0.5684 -0.1922
vn 0.7852 -0.5864 -0.1989
vn 0.7935 -0.5816 -0.1792
vn 0.7832 -0.5983 -0.1692
vn 0.7978 -0.5891 -0.1281
vn 0.7620 -0.6174 -0.1953
vn 0.7798 -0.6150 -0.1168
vn 0.7892 -0.6089 -0.0807
vn 0.7652 -0.6314 -0.1260
vn 0.7610 -0.6427 -0.0889
vn 0.7848 -0.6157 -0.0711
vn 0.6963 -0.7165 -0.0423
vn 0.7507 -0.6603 -0.0219
vn 0.6222 -0.7817 0.0432
vn 0.6669 -0.7335 0.1310
vn 0.5916 -0.7871 0.1743
vn 0.5499 -0.8334 0.0554
vn 0.5983 -0.7421 0.3022
vn 0.5731 -0.7601 0.3063
vn 0.5009 -0.8522 0.1507
vn 0.4840 -0.8394 0.2472
vn 0.5652 -0.7368 0.3710
vn 0.4873 -0.8106 0.3248
vn 0.5593 -0.7331 0.3869
vn 0.4808 -0.7983 0.3627
vn 0.5496 -0.7436 0.3808
vn 0.4122 -0.8241 0.3885
vn 0.5019 -0.7699 0.3942
vn 0.3112 -0.8452 0.4344
vn 0.2619 -0.8802 0.3958
vn 0.3803 -0.8042 0.4568
vn 0.2568 -0.8434 0.4719
vn 0.2366 -0.8643 0.4439
vn 0.2039 -0.9007 0.3837
vn 0.2248 -0.8485 0.4791
vn 0.2072 -0.8755 0.4366
vn 0.1755 -0.9127 0.3691
vn 0.1871 -0.8432 0.5040
vn 0.1747 -0.8808 0.4402
vn 0.1582 -0.9136 0.3745
vn 0.0964 -0.8424 0.5302
vn 0.0940 -0.8739 0.4770
vn 0.0797 -0.9053 0.4173
vn 0.0150 -0.8293 0.5586
vn -0.0021 -0.8602 0.5099
vn -0.0181 -0.8869 0.4616
vn -0.0331 -0.8392 0.5428
vn -0.0592 -0.8614 0.5045
vn -0.0739 -0.8612 0.5028
vn -0.0548 -0.8223 0.5665
vn -0.1030 -0.8557 0.5072
vn -0.1062 -0.8655 0.4896
vn -0.0989 -0.8013 0.5901
vn -0.1978 -0.8360 0.5118
vn -0.2051 -0.7833 0.5868
vn -0.0963 -0.7331 0.6732
vn -0.1905 -0.7348 0.6510
vn -0.2873 -0.7760 0.5614
vn -0.1051 -0.7062 0.7002
vn -0.1702 -0.7117 0.6816
vn -0.1089 -0.6779 0.7271
vn -0.1640 -0.6870 0.7079
vn -0.2279 -0.7148 0.6611
vn -0.1599 -0.6560 0.7376
vn -0.2084 -0.6885 0.6946
vn -0.2475 -0.7310 0.6359
vn -0.1956 -0.6680 0.7180
vn -0.2287 -0.6998 0.6767
vn -0.2054 -0.6423 0.7384
vn -0.2527 -0.6406 0.7251
vn -0.2304 -0.6136 0.7553
vn -0.3018 -0.6054 0.7365
vn -0.2279 -0.6213 0.7497
vn -0.3190 -0.6404 0.6987
vn -0.2411 -0.5900 0.7706
vn -0.3495 -0.6168 0.7053
vn -0.3345 -0.4853 0.8078
vn -0.4490 -0.4586 0.7669
vn -0.4521 -0.3969 0.7988
vn -0.5311 -0.3526 0.7705
vn -0.5762 -0.3264 0.7493
vn -0.5529 -0.3609 0.7510
vn -0.5782 -0.3637 0.7304
vn -0.5543 -0.3779 0.7416
vn -0.5815 -0.3775 0.7207
vn -0.5869 -0.3412 0.7342
vn -0.6205 -0.3181 0.7168
vn -0.6580 -0.2010 0.7257
vn -0.6824 -0.1745 0.7098
vn -0.6980 -0.0938 0.7100
vn -0.7082 -0.0924 0.7000
vn -0.6989 -0.0768 0.7111
vn -0.7082 -0.0906 0.7002
vn -0.6899 -0.0741 0.7201
vn -0.7072 -0.0897 0.7013
vn -0.6859 -0.0551 0.7256
vn -0.7064 -0.0696 0.7044
vn -0.6830 0.0230 0.7300
vn -0.6995 -0.0128 0.7145
vn -0.6614 0.0874 0.7449
vn -0.6813 0.0331 0.7312
vn -0.6299 0.1177 0.7677
vn -0.6600 0.0705 0.7479
vn -0.6365 0.1764 0.7508
vn -0.6753 0.1468 0.7228
vn -0.5790 0.2454 0.7775
vn -0.6177 0.2339 0.7508
vn -0.6574 0.2105 0.7236
vn -0.6233 0.2214 0.7500
vn -0.6465 0.2301 0.7273
vn -0.6343 0.2330 0.7371
vn -0.6468 0.2410 0.7236
vn -0.6348 0.2371 0.7355
vn -0.6531 0.2352 0.7198
vn -0.7171 0.2509 0.6503
vn -0.7289 0.2472 0.6384
vn -0.6667 0.2942 0.6848
vn -0.7274 0.3270 0.6033
vn -0.6916 0.4865 0.5339
vn -0.6679 0.4566 0.5878
vn -0.6177 0.2911 0.7306
vn -0.5920 0.4494 0.6690
vn -0.4748 0.4928 0.7292
vn -0.4802 0.5608 0.6745
vn -0.4154 0.5363 0.7348
vn -0.4147 0.5535 0.7223
vn -0.5535 0.5710 0.6063
vn -0.5450 0.5651 0.6194
vn -0.6269 0.5685 0.5327
vn -0.6254 0.5633 0.5400
vn -0.6654 0.5625 0.4908
vn -0.6639 0.5693 0.4849
vn -0.6574 0.5733 0.4891
vn -0.6699 0.5628 0.4843
vn -0.5343 0.5620 0.6314
vn -0.6178 0.5724 0.5391
vn -0.5091 0.6019 0.6153
vn -0.4425 0.5541 0.7051
vn -0.4306 0.6227 0.6533
vn -0.4084 0.5470 0.7308
vn -0.4208 0.6224 0.6600
vn -0.4094 0.5425 0.7336
vn -0.3917 0.6392 0.6618
vn -0.4073 0.5432 0.7342
vn -0.3199 0.6901 0.6491
vn -0.3878 0.5673 0.7265
vn -0.2549 0.7504 0.6098
vn -0.3505 0.6264 0.6963
vn -0.2168 0.7914 0.5715
vn -0.1979 0.8247 0.5298
vn -0.2212 0.7670 0.6022
vn -0.1919 0.8072 0.5582
vn -0.1606 0.7840 0.5996
vn -0.1849 0.8045 0.5644
vn -0.1978 0.8129 0.5478
vn -0.1755 0.7940 0.5820
vn -0.1981 0.8095 0.5527
vn -0.2074 0.8534 0.4782
vn -0.1653 0.8157 0.5543
vn -0.1513 0.8637 0.4807
vn -0.1386 0.9061 0.3997
vn 0.0179 0.8722 0.4889
vn 0.0296 0.8986 0.4378
vn 0.1461 0.8606 0.4878
vn 0.1348 0.8727 0.4693
vn 0.1601 0.8561 0.4913
vn 0.1423 0.8608 0.4886
vn 0.1640 0.8494 0.5015
vn 0.1462 0.8480 0.5095
vn 0.1373 0.8599 0.4916
vn 0.1615 0.8360 0.5245
vn 0.1781 0.8396 0.5132
vn 0.2659 0.8805 0.3924
vn 0.2555 0.8062 0.5335
vn 0.3246 0.8348 0.4446
vn 0.3490 0.9017 0.2551
vn 0.3684 0.8734 0.3185
vn 0.3681 0.9027 0.2228
vn 0.3686 0.8954 0.2497
vn 0.3682 0.9029 0.2219
vn 0.3664 0.9031 0.2241
vn 0.3670 0.9026 0.2248
vn 0.3683 0.9019 0.2256
vn 0.3654 0.9040 0.2220
vn 0.3667 0.9025 0.2261
vn 0.3668 0.9023 0.2267
vn 0.3683 0.9018 0.2259
vn 0.3679 0.9019 0.2264
vn 0.3869 0.8976 0.2113
vn 0.3855 0.8977 0.2133
vn 0.3862 0.8965 0.2170
vn 0.4175 0.8894 0.1863
vn 0.4222 0.8870 0.1869
vn 0.4252 0.8872 0.1792
vn 0.4515 0.8802 0.1462
vn 0.4638 0.8776 0.1216
vn 0.4177 0.9085 0.0133
vn 0.4805 0.8759 0.0436
vn 0.4571 0.8871 -0.0648
vn 0.5305 0.8450 -0.0682
vn 0.5025 0.8516 -0.1489
vn 0.4506 0.8641 -0.2242
vn 0.5356 0.8247 -0.1815
vn 0.4902 0.8418 -0.2260
vn 0.4460 0.8551 -0.2645
vn 0.5617 0.7885 -0.2507
vn 0.5271 0.7996 -0.2877
vn 0.6356 0.7157 -0.2896
vn 0.6139 0.7240 -0.3147
vn 0.6655 0.6770 -0.3144
vn 0.6571 0.6717 -0.3421
vn 0.6532 0.6713 -0.3503
vn 0.6608 0.6400 -0.3922
vn 0.6856 0.5885 -0.4286
vn 0.6830 0.5644 -0.4636
vn 0.7405 0.4674 -0.4829
vn 0.7228 0.4747 -0.5021
vn 0.7693 0.4061 -0.4932
vn 0.7535 0.4075 -0.5159
vn 0.7824 0.3723 -0.4992
vn 0.7647 0.3744 -0.5245
vn 0.7804 0.3823 -0.4948
vn 0.7598 0.3899 -0.5203
vn 0.7844 0.3877 -0.4841
vn 0.7614 0.4016 -0.5089
vn 0.7474 0.4804 -0.4589
vn 0.7224 0.4804 -0.4974
vn 0.7419 0.4936 -0.4538
vn 0.7209 0.4392 -0.5361
vn 0.7577 0.2759 -0.5914
vn 0.8019 0.3492 -0.4849
vn 0.7765 0.1939 -0.5995
vn 0.8371 0.2286 -0.4970
vn 0.8144 0.0965 -0.5722
vn 0.8715 0.1178 -0.4759
vn 0.8435 0.0089 -0.5370
vn 0.8984 0.0266 -0.4385
vn 0.8695 -0.0568 -0.4906
vn 0.9239 -0.0605 -0.3778
vn 0.9054 -0.1264 -0.4052
vn 0.8477 -0.1122 -0.5185
vn 0.9457 -0.1534 -0.2864
vn 0.9340 -0.1919 -0.3012
vn 0.9565 -0.1995 -0.2130
vn 0.9473 -0.2149 -0.2374
vn 0.9597 -0.2083 -0.1886
vn 0.9555 -0.2085 -0.2089
vn 0.9615 -0.2030 -0.1854
vn 0.9468 -0.2518 -0.2003
vn 0.9608 -0.2086 -0.1827
vn 0.9259 -0.2955 -0.2355
vn 0.9584 -0.2132 -0.1896
vn 0.9084 -0.3231 -0.2652
vn 0.9534 -0.2301 -0.1953
vn 0.8894 -0.3913 -0.2363
vn 0.9324 -0.3023 -0.1983
vn 0.8498 -0.4887 -0.1974
vn 0.8203 -0.5369 -0.1971
vn 0.8901 -0.4169 -0.1840
vn 0.7982 -0.5869 -0.1355
vn 0.7857 -0.5993 -0.1536
vn 0.7751 -0.6259 -0.0863
vn 0.7697 -0.6363 -0.0513
vn 0.7847 -0.6182 -0.0444
vn 0.7840 -0.6168 -0.0703
vn 0.7835 -0.6210 -0.0209
vn 0.7991 -0.6003 -0.0331
vn 0.7971 -0.6017 -0.0515
vn 0.7819 -0.6232 0.0123
vn 0.7827 -0.6212 0.0394
vn 0.6896 -0.6947 0.2044
vn 0.6823 -0.6899 0.2418
vn 0.5896 -0.7193 0.3674
vn 0.5812 -0.7175 0.3838
vn 0.5782 -0.7139 0.3951
vn 0.5786 -0.7200 0.3830
vn 0.5780 -0.7157 0.3921
vn 0.5786 -0.7151 0.3923
vn 0.5762 -0.7160 0.3941
vn 0.5764 -0.7179 0.3903
vn 0.5796 -0.7155 0.3901
vn 0.5792 -0.7179 0.3863
vn 0.5816 -0.7146 0.3886
vn 0.5568 -0.7292 0.3977
vn 0.5742 -0.7111 0.4059
vn 0.4448 -0.7543 0.4829
vn 0.4676 -0.7191 0.5140
vn 0.3338 -0.7309 0.5953
vn 0.3004 -0.7962 0.5251
vn 0.3267 -0.6995 0.6356
vn 0.2756 -0.6801 0.6793
vn 0.2622 -0.7441 0.6145
vn 0.2357 -0.8145 0.5300
vn 0.1943 -0.6864 0.7008
vn 0.1768 -0.7582 0.6276
vn 0.1739 -0.8119 0.5573
vn 0.0909 -0.6960 0.7123
vn 0.1096 -0.7474 0.6553
vn 0.1064 -0.7991 0.5917
vn 0.0264 -0.6916 0.7218
vn 0.0237 -0.7506 0.6604
vn 0.0141 -0.7994 0.6006
vn -0.0342 -0.7113 0.7021
vn -0.0263 -0.7587 0.6509
vn -0.0156 -0.7982 0.6022
vn -0.0690 -0.7233 0.6870
vn -0.0518 -0.7613 0.6463
vn -0.0763 -0.6861 0.7235
vn -0.0356 -0.6488 0.7601
vn -0.0715 -0.6236 0.7785
vn -0.1007 -0.6290 0.7709
vn -0.0659 -0.5787 0.8129
vn -0.0862 -0.5937 0.8000
vn -0.1463 -0.6337 0.7597
vn -0.0766 -0.5804 0.8107
vn -0.1307 -0.6142 0.7783
vn -0.0787 -0.5657 0.8208
vn -0.1273 -0.5835 0.8020
vn -0.0873 -0.5594 0.8243
vn -0.1202 -0.5743 0.8098
vn -0.0967 -0.5577 0.8244
vn -0.1300 -0.5587 0.8191
vn -0.1271 -0.5431 0.8300
vn -0.2002 -0.5167 0.8324
vn -0.2127 -0.4915 0.8445
vn -0.3253 -0.4462 0.8337
vn -0.3301 -0.3689 0.8689
vn -0.4314 -0.3614 0.8266
vn -0.5128 -0.3590 0.7798
vn -0.4567 -0.3032 0.8364
vn -0.5151 -0.3589 0.7784
vn -0.4314 -0.2380 0.8702
vn -0.5162 -0.3205 0.7942
vn -0.4303 -0.1559 0.8891
vn -0.5581 -0.1909 0.8075
vn -0.4731 -0.0964 0.8757
vn -0.6066 -0.0857 0.7904
vn -0.5222 -0.0165 0.8527
vn -0.6271 -0.0374 0.7781
vn -0.5385 -0.0042 0.8426
vn -0.6162 -0.0302 0.7870
vn -0.5452 -0.0729 0.8351
vn -0.6130 -0.0490 0.7886
vn -0.6346 0.0435 0.7716
vn -0.5881 0.0290 0.8083
vn -0.6322 0.1406 0.7620
vn -0.6088 0.1703 0.7748
vn -0.6071 0.1695 0.7763
vn -0.5994 0.2053 0.7737
vn -0.5801 0.2616 0.7714
vn -0.5975 0.2203 0.7710
vn -0.5756 0.3041 0.7591
vn -0.5584 0.2611 0.7874
vn -0.5381 0.2961 0.7892
vn -0.5492 0.1835 0.8153
vn -0.5930 0.1944 0.7814
vn -0.6147 0.2222 0.7568
vn -0.5480 0.2380 0.8019
vn -0.6037 0.2739 0.7487
vn -0.5200 0.3517 0.7784
vn -0.5420 0.3668 0.7561
vn -0.4609 0.4644 0.7563
vn -0.4449 0.4201 0.7909
vn -0.4168 0.5175 0.7473
vn -0.4046 0.5488 0.7315
vn -0.4134 0.5345 0.7372
vn -0.4067 0.5491 0.7301
vn -0.4047 0.5485 0.7317
vn -0.4061 0.5480 0.7313
vn -0.4116 0.5474 0.7286
vn -0.4603 0.5587 0.6899
vn -0.4083 0.5454 0.7320
vn -0.4516 0.5534 0.6999
vn -0.4049 0.5460 0.7335
vn -0.4051 0.5440 0.7349
vn -0.4057 0.5463 0.7328
vn -0.4060 0.5430 0.7351
vn -0.4043 0.5459 0.7339
vn -0.4078 0.5397 0.7365
vn -0.4055 0.5450 0.7339
vn -0.4098 0.5387 0.7362
vn -0.4108 0.5432 0.7322
vn -0.4066 0.5501 0.7294
vn -0.4171 0.5410 0.7303
vn -0.3796 0.5936 0.7096
vn -0.2946 0.7051 0.6450
vn -0.4146 0.5455 0.7284
vn -0.2810 0.6714 0.6857
vn -0.1079 0.6394 0.7612
vn -0.1289 0.7155 0.6866
vn 0.0348 0.6387 0.7687
vn -0.0235 0.6933 0.7203
vn -0.1130 0.7599 0.6402
vn 0.0198 0.6540 0.7562
vn -0.0600 0.7169 0.6946
vn -0.1416 0.7773 0.6130
vn 0.0037 0.6814 0.7319
vn -0.0340 0.7716 0.6351
vn -0.0195 0.8366 0.5475
vn 0.0822 0.7854 0.6135
vn 0.1219 0.8473 0.5169
vn 0.1396 0.8107 0.5686
vn 0.1630 0.8534 0.4951
vn 0.1737 0.8287 0.5321
vn 0.1786 0.8489 0.4974
vn 0.1977 0.8322 0.5181
vn 0.1822 0.8412 0.5092
vn 0.1693 0.8417 0.5126
vn 0.2052 0.8290 0.5202
vn 0.2212 0.8153 0.5352
vn 0.2865 0.7920 0.5391
vn 0.3113 0.7774 0.5466
vn 0.3713 0.7413 0.5592
vn 0.3634 0.7771 0.5138
vn 0.3349 0.7651 0.5500
vn 0.3675 0.7408 0.5622
vn 0.3811 0.7227 0.5766
vn 0.3576 0.7424 0.5666
vn 0.3781 0.7201 0.5818
vn 0.3796 0.7150 0.5871
vn 0.3711 0.7174 0.5896
vn 0.3711 0.7149 0.5926
vn 0.4028 0.6691 0.6245
vn 0.3586 0.7133 0.6021
vn 0.3737 0.6746 0.6366
vn 0.4149 0.5638 0.7141
vn 0.2742 0.6601 0.6993
vn 0.2963 0.5638 0.7709
vn 0.3308 0.5260 0.7835
vn 0.1640 0.5720 0.8037
vn 0.2074 0.5495 0.8093
vn 0.2328 0.5650 0.7916
vn 0.1241 0.5709 0.8116
vn 0.1436 0.5710 0.8083
vn 0.1647 0.4906 0.8557
vn 0.0953 0.5725 0.8143
vn 0.1198 0.4930 0.8617
vn 0.1547 0.3790 0.9124
vn 0.0784 0.5762 0.8136
vn 0.1079 0.5018 0.8582
vn 0.1501 0.4021 0.9032
vn 0.1854 0.3572 0.9154
vn 0.0839 0.5161 0.8524
vn 0.1330 0.4288 0.8936
vn 0.1713 0.3852 0.9068
vn 0.1532 0.3836 0.9107
vn 0.1927 0.3291 0.9244
vn 0.0734 0.4703 0.8795
vn 0.1250 0.3648 0.9226
vn 0.1539 0.3076 0.9390
vn 0.1229 0.2583 0.9582
vn 0.1436 0.2662 0.9532
vn 0.0253 0.3460 0.9379
vn 0.0508 0.2044 0.9776
vn 0.0831 0.2232 0.9712
vn 0.0333 0.1703 0.9848
vn 0.0342 0.2053 0.9781
vn -0.0304 0.1812 0.9830
vn -0.0159 0.1444 0.9894
vn 0.0052 0.1448 0.9894
vn -0.0149 0.1092 0.9939
vn -0.0113 0.0991 0.9950
vn -0.0442 0.1502 0.9877
vn -0.0261 0.0942 0.9952
vn -0.0227 0.0793 0.9966
vn -0.0272 0.0661 0.9974
vn -0.0269 0.0500 0.9984
vn -0.0728 0.0920 0.9931
vn -0.0501 0.0638 0.9967
vn -0.0285 0.0420 0.9987
vn -0.0379 0.0360 0.9986
vn -0.0301 0.0407 0.9987
vn -0.1228 0.0782 0.9893
vn -0.0888 0.0247 0.9957
vn -0.0422 0.0337 0.9985
vn -0.1122 -0.0360 0.9930
vn -0.0936 0.0015 0.9956
vn -0.1825 0.0124 0.9831
vn -0.1723 -0.0459 0.9840
vn -0.1805 -0.0846 0.9799
vn -0.1761 -0.1228 0.9767
vn -0.2505 -0.0783 0.9649
vn -0.2433 -0.1112 0.9636
vn -0.2325 -0.1297 0.9639
vn -0.2213 -0.1230 0.9674
vn -0.2849 -0.1323 0.9494
vn -0.2786 -0.1267 0.9520
vn -0.2705 -0.1123 0.9561
vn -0.3289 -0.1342 0.9348
vn -0.3282 -0.1259 0.9362
vn -0.3187 -0.1828 0.9300
vn -0.3791 -0.1629 0.9109
vn -0.3869 -0.2342 0.8919
vn -0.1522 -0.5291 0.8348
vn -0.1963 -0.3761 0.9055
vn -0.2521 -0.3763 0.8915
vn -0.2566 -0.1516 0.9546
vn -0.1166 -0.5523 0.8254
vn -0.1486 -0.3707 0.9168
vn -0.1979 -0.1343 0.9710
vn -0.1501 -0.1312 0.9799
vn -0.1675 -0.1043 0.9803
vn -0.2121 -0.1068 0.9714
vn -0.1247 -0.1074 0.9864
vn -0.1380 -0.1139 0.9839
vn -0.1727 -0.1194 0.9777
vn -0.0786 -0.1037 0.9915
vn -0.0778 -0.0427 0.9961
vn -0.1292 -0.0938 0.9872
vn -0.0344 -0.0008 0.9994
vn -0.0311 0.0379 0.9988
vn -0.0555 0.0142 0.9984
vn -0.0356 0.0167 0.9992
vn -0.0327 0.0410 0.9986
vn -0.0304 0.0410 0.9987
vn -0.0308 0.0459 0.9985
vn -0.0226 0.0492 0.9985
vn -0.0155 0.0633 0.9979
vn -0.0084 0.0648 0.9979
vn 0.0007 0.0802 0.9968
vn 0.0096 0.1317 0.9912
vn 0.0513 0.1286 0.9904
vn 0.0903 0.2007 0.9755
vn 0.1192 0.2694 0.9556
vn 0.2023 0.2824 0.9377
vn 0.2226 0.2946 0.9293
vn 0.2152 0.2707 0.9383
vn 0.2784 0.2767 0.9198
vn 0.2563 0.2482 0.9342
vn 0.2921 0.2709 0.9172
vn 0.2222 0.3170 0.9220
vn 0.2366 0.3092 0.9211
vn 0.3480 0.2472 0.9043
vn 0.3050 0.3344 0.8917
vn 0.1960 0.3582 0.9128
vn 0.4696 0.3059 0.8282
vn 0.4319 0.4454 0.7843
vn 0.2674 0.4788 0.8362
vn 0.5400 0.4028 0.7390
vn 0.4919 0.4811 0.7256
vn 0.3747 0.5350 0.7572
vn 0.5276 0.4431 0.7248
vn 0.5037 0.4800 0.7182
vn 0.4496 0.4993 0.7406
vn 0.5186 0.4691 0.7148
vn 0.4820 0.5395 0.6904
vn 0.4659 0.5543 0.6897
vn 0.4943 0.5281 0.6904
vn 0.4277 0.6522 0.6259
vn 0.4173 0.6585 0.6262
vn 0.4354 0.6499 0.6229
vn 0.3930 0.7131 0.5806
vn 0.3868 0.7143 0.5832
vn 0.4006 0.7131 0.5753
vn 0.3903 0.7266 0.5655
vn 0.3838 0.7247 0.5723
vn 0.4125 0.7165 0.5626
vn 0.4045 0.7288 0.5525
vn 0.3896 0.7574 0.5241
vn 0.3776 0.7449 0.5501
vn 0.4266 0.7313 0.5322
vn 0.4013 0.7847 0.4724
vn 0.3759 0.8596 0.3461
vn 0.3783 0.8153 0.4383
vn 0.3695 0.8891 0.2700
vn 0.4088 0.8208 0.3989
vn 0.3655 0.9011 0.2331
vn 0.4053 0.8522 0.3307
vn 0.3637 0.9044 0.2229
vn 0.3659 0.9033 0.2240
vn 0.3949 0.8736 0.2845
vn 0.3670 0.9044 0.2179
vn 0.3689 0.9025 0.2225
vn 0.3692 0.9018 0.2248
vn 0.3911 0.8976 0.2033
vn 0.3890 0.8973 0.2087
vn 0.4203 0.8891 0.1811
vn 0.4170 0.8898 0.1857
vn 0.4161 0.8900 0.1865
vn 0.4371 0.8834 0.1691
vn 0.4362 0.8847 0.1644
vn 0.4408 0.8838 0.1569
vn 0.4654 0.8750 0.1331
vn 0.4651 0.8773 0.1186
vn 0.4709 0.8772 0.0934
vn 0.5253 0.8501 0.0365
vn 0.5326 0.8464 -0.0070
vn 0.5918 0.8039 -0.0590
vn 0.5868 0.8041 -0.0956
vn 0.5698 0.8105 -0.1360
vn 0.6455 0.7505 -0.1416
vn 0.6225 0.7646 -0.1667
vn 0.5914 0.7788 -0.2090
vn 0.6796 0.7046 -0.2043
vn 0.6555 0.7109 -0.2546
vn 0.6955 0.6797 -0.2328
vn 0.6753 0.6805 -0.2842
vn 0.6815 0.6906 -0.2422
vn 0.6531 0.6924 -0.3068
vn 0.7470 0.6018 -0.2824
vn 0.6950 0.6108 -0.3793
vn 0.8375 0.4372 -0.3277
vn 0.7623 0.4651 -0.4500
vn 0.8598 0.3818 -0.3390
vn 0.7875 0.4012 -0.4678
vn 0.8613 0.3638 -0.3547
vn 0.8010 0.3694 -0.4710
vn 0.8567 0.3657 -0.3636
vn 0.8033 0.3727 -0.4645
vn 0.8570 0.3667 -0.3622
vn 0.8095 0.3742 -0.4524
vn 0.8548 0.3980 -0.3330
vn 0.7937 0.4463 -0.4134
vn 0.8665 0.4216 -0.2674
vn 0.8021 0.4850 -0.3485
vn 0.8631 0.3998 -0.3087
vn 0.8974 0.3889 -0.2087
vn 0.9017 0.3020 -0.3095
vn 0.9165 0.3492 -0.1950
vn 0.9274 0.1838 -0.3258
vn 0.9385 0.2636 -0.2229
vn 0.9463 0.0552 -0.3184
vn 0.9658 0.0934 -0.2419
vn 0.9608 -0.0625 -0.2700
vn 0.9733 -0.0622 -0.2208
vn 0.9631 -0.1669 -0.2110
vn 0.9675 -0.1641 -0.1925
vn 0.9610 -0.2058 -0.1845
vn 0.9611 -0.2060 -0.1837
vn 0.9611 -0.2067 -0.1833
vn 0.9608 -0.2065 -0.1849
vn 0.9611 -0.2057 -0.1846
vn 0.9609 -0.2058 -0.1852
vn 0.9609 -0.2060 -0.1850
vn 0.9609 -0.2057 -0.1854
vn 0.9609 -0.2051 -0.1860
vn 0.9608 -0.2057 -0.1857
vn 0.9603 -0.2067 -0.1872
vn 0.9613 -0.2035 -0.1854
vn 0.9537 -0.2333 -0.1900
vn 0.9621 -0.2053 -0.1793
vn 0.9339 -0.3284 -0.1410
vn 0.9551 -0.2803 -0.0959
vn 0.8856 -0.4644 -0.0041
vn 0.8326 -0.5461 -0.0928
vn 0.9098 -0.4109 0.0580
vn 0.8434 -0.5289 0.0945
vn 0.7908 -0.6120 0.0072
vn 0.8063 -0.5906 0.0323
vn 0.8473 -0.5195 0.1102
vn 0.8309 -0.5534 0.0581
vn 0.8020 -0.5973 -0.0106
vn 0.8557 -0.4981 0.1404
vn 0.8122 -0.5616 0.1578
vn 0.7830 -0.6167 0.0812
vn 0.6769 -0.6828 0.2748
vn 0.7071 -0.6328 0.3157
vn 0.5812 -0.7149 0.3889
vn 0.6078 -0.6882 0.3961
vn 0.5777 -0.7169 0.3903
vn 0.5901 -0.7037 0.3956
vn 0.5782 -0.7174 0.3885
vn 0.5787 -0.7162 0.3901
vn 0.5868 -0.7020 0.4036
vn 0.5777 -0.7182 0.3880
vn 0.5789 -0.7165 0.3892
vn 0.5796 -0.7163 0.3885
vn 0.5779 -0.7143 0.3947
vn 0.5616 -0.7120 0.4216
vn 0.5438 -0.6968 0.4677
vn 0.4499 -0.7104 0.5412
vn 0.4523 -0.6534 0.6070
vn 0.3094 -0.6917 0.6525
vn 0.3591 -0.6103 0.7061
vn 0.2403 -0.6738 0.6988
vn 0.2562 -0.6691 0.6976
vn 0.3023 -0.6103 0.7322
vn 0.1488 -0.6659 0.7311
vn 0.2135 -0.6128 0.7609
vn 0.3971 -0.5249 0.7529
vn 0.2903 -0.5403 0.7899
vn 0.1836 -0.5026 0.8448
vn 0.0861 -0.5789 0.8108
vn 0.1325 -0.4746 0.8702
vn 0.0094 -0.5480 0.8364
vn 0.1354 -0.4402 0.8876
vn 0.0030 -0.5329 0.8462
vn -0.0681 -0.5713 0.8179
vn 0.0345 -0.4922 0.8698
vn -0.0613 -0.5486 0.8338
vn -0.0778 -0.5732 0.8157
vn -0.0818 -0.5628 0.8225
vn -0.0836 -0.5710 0.8167
vn -0.0756 -0.5702 0.8180
vn -0.0962 -0.5635 0.8205
vn -0.0885 -0.5656 0.8199
vn -0.0782 -0.5652 0.8212
vn -0.0711 -0.5679 0.8201
vn -0.0849 -0.5612 0.8233
vn -0.0752 -0.5623 0.8235
vn -0.0678 -0.5676 0.8205
vn -0.0631 -0.5771 0.8142
vn -0.0672 -0.5718 0.8176
vn -0.0645 -0.5727 0.8172
vn 0.0128 -0.6400 0.7682
vn -0.0493 -0.5973 0.8005
vn -0.0131 -0.6029 0.7977
vn 0.0771 -0.6467 0.7588
vn -0.1019 -0.5584 0.8233
vn -0.0740 -0.3541 0.9323
vn -0.1109 -0.3659 0.9240
vn 0.0288 -0.3161 0.9483
vn -0.0206 -0.1241 0.9921
vn -0.1027 -0.1318 0.9859
vn 0.0725 -0.1301 0.9889
vn 0.0154 -0.1201 0.9926
vn -0.0541 -0.1111 0.9923
vn 0.1166 -0.1683 0.9788
vn 0.0364 -0.1543 0.9873
vn -0.0160 -0.0927 0.9956
vn -0.0140 -0.0894 0.9959
vn 0.0313 -0.1938 0.9806
vn -0.0268 -0.0730 0.9970
vn -0.0409 0.0330 0.9986
vn -0.0048 -0.0388 0.9992
vn -0.0262 0.0503 0.9984
vn -0.0185 0.0580 0.9981
vn -0.0081 0.0615 0.9981
vn -0.0002 0.0762 0.9971
vn 0.0191 0.0928 0.9955
vn 0.1473 0.1014 0.9839
vn 0.1441 0.1374 0.9800
vn 0.1641 0.2082 0.9642
vn 0.4020 0.1503 0.9032
vn 0.3541 0.2304 0.9064
vn 0.4475 0.2307 0.8640
vn 0.3062 0.3010 0.9031
vn 0.3806 0.2297 0.8958
vn 0.5077 0.1625 0.8460
vn 0.4616 0.1672 0.8712
vn 0.3386 0.2170 0.9156
vn 0.5484 0.1181 0.8278
vn 0.5205 0.1288 0.8441
vn 0.4074 0.1962 0.8919
vn 0.5763 0.1008 0.8110
vn 0.5724 0.1614 0.8039
vn 0.4929 0.1918 0.8487
vn 0.5818 0.1506 0.7993
vn 0.5736 0.2760 0.7713
vn 0.5641 0.2848 0.7750
vn 0.6215 0.2566 0.7402
vn 0.5825 0.3541 0.7317
vn 0.5542 0.3790 0.7412
vn 0.6091 0.3247 0.7236
vn 0.5707 0.4063 0.7136
vn 0.5444 0.4245 0.7235
vn 0.5725 0.3937 0.7192
vn 0.5494 0.4409 0.7098
vn 0.5360 0.4563 0.7103
vn 0.5577 0.4298 0.7101
vn 0.5157 0.5148 0.6848
vn 0.5059 0.5195 0.6886
vn 0.5290 0.5158 0.6738
vn 0.4534 0.6542 0.6054
vn 0.4424 0.6505 0.6174
vn 0.6080 0.5206 0.5994
vn 0.5115 0.6543 0.5570
vn 0.4445 0.7185 0.5350
vn 0.5959 0.6271 0.5015
vn 0.4901 0.7065 0.5105
vn 0.4516 0.7384 0.5008
vn 0.5386 0.6782 0.5000
vn 0.4660 0.7550 0.4613
vn 0.5999 0.6397 0.4806
vn 0.4802 0.7747 0.4113
vn 0.6678 0.6002 0.4402
vn 0.5180 0.7793 0.3525
vn 0.7120 0.5743 0.4039
vn 0.5661 0.7668 0.3026
vn 0.3995 0.8818 0.2507
vn 0.4326 0.8761 0.2130
vn 0.6088 0.7471 0.2669
vn 0.4761 0.8601 0.1831
vn 0.3924 0.8991 0.1942
vn 0.4270 0.8882 0.1699
vn 0.5329 0.8294 0.1678
vn 0.4632 0.8715 0.1610
vn 0.4439 0.8800 0.1690
vn 0.5334 0.8342 0.1404
vn 0.4879 0.8609 0.1442
vn 0.4713 0.8706 0.1412
vn 0.5661 0.8179 0.1025
vn 0.5349 0.8398 0.0931
vn 0.5238 0.8489 0.0711
vn 0.6366 0.7709 0.0206
vn 0.6097 0.7925 -0.0133
vn 0.7209 0.6917 -0.0422
vn 0.6943 0.7151 -0.0812
vn 0.6634 0.7380 -0.1237
vn 0.7299 0.6745 -0.1105
vn 0.7092 0.6889 -0.1496
vn 0.6965 0.6973 -0.1694
vn 0.7320 0.6635 -0.1546
vn 0.7154 0.6739 -0.1845
vn 0.7506 0.6439 -0.1482
vn 0.7203 0.6694 -0.1821
vn 0.8384 0.5204 -0.1621
vn 0.8081 0.5567 -0.1927
vn 0.9107 0.3689 -0.1860
vn 0.8980 0.3878 -0.2077
vn 0.9148 0.3588 -0.1856
vn 0.9100 0.3600 -0.2059
vn 0.9141 0.3602 -0.1862
vn 0.9076 0.3583 -0.2189
vn 0.9137 0.3612 -0.1863
vn 0.9032 0.3616 -0.2314
vn 0.9136 0.3613 -0.1865
vn 0.9019 0.3622 -0.2354
vn 0.9136 0.3610 -0.1869
vn 0.9015 0.3681 -0.2276
vn 0.9137 0.3613 -0.1859
vn 0.9043 0.3734 -0.2070
vn 0.9112 0.3662 -0.1885
vn 0.9142 0.3608 -0.1846
vn 0.9146 0.3598 -0.1843
vn 0.9143 0.3607 -0.1845
vn 0.9291 0.3138 -0.1956
vn 0.9233 0.3361 -0.1861
vn 0.9704 0.1379 -0.1981
vn 0.9691 0.1750 -0.1739
vn 0.9819 -0.0396 -0.1852
vn 0.9863 -0.0022 -0.1652
vn 0.9735 -0.1387 -0.1820
vn 0.9796 -0.0958 -0.1769
vn 0.9629 -0.1988 -0.1827
vn 0.9670 -0.1785 -0.1821
vn 0.9607 -0.2068 -0.1854
vn 0.9610 -0.2050 -0.1855
vn 0.9607 -0.2063 -0.1858
vn 0.9605 -0.2067 -0.1862
vn 0.9607 -0.2059 -0.1863
vn 0.9605 -0.2058 -0.1871
vn 0.9608 -0.2062 -0.1855
vn 0.9617 -0.2086 -0.1779
vn 0.9609 -0.2055 -0.1856
vn 0.9639 -0.1982 -0.1777
vn 0.9611 -0.2103 -0.1793
vn 0.9648 -0.2038 -0.1663
vn 0.9524 -0.2934 -0.0830
vn 0.9524 -0.2973 -0.0676
vn 0.9078 -0.4144 0.0649
vn 0.9052 -0.4205 0.0615
vn 0.8713 -0.4727 0.1319
vn 0.8690 -0.4760 0.1352
vn 0.8689 -0.4791 0.1248
vn 0.8596 -0.4877 0.1526
vn 0.8625 -0.4844 0.1462
vn 0.8536 -0.4890 0.1793
vn 0.8444 -0.4983 0.1968
vn 0.8236 -0.5098 0.2486
vn 0.8323 -0.5067 0.2248
vn 0.8154 -0.5163 0.2617
vn 0.7532 -0.5589 0.3470
vn 0.7471 -0.5688 0.3441
vn 0.6609 -0.6270 0.4124
vn 0.6844 -0.5994 0.4151
vn 0.6321 -0.6485 0.4241
vn 0.6541 -0.6151 0.4402
vn 0.6120 -0.6456 0.4568
vn 0.6069 -0.6218 0.4951
vn 0.5906 -0.6083 0.5302
vn 0.5936 -0.6744 0.4391
vn 0.5451 -0.6088 0.5764
vn 0.5830 -0.5288 0.6169
vn 0.6150 -0.6049 0.5058
vn 0.5928 -0.5248 0.6109
vn 0.5631 -0.4556 0.6895
vn 0.5224 -0.4682 0.7127
vn 0.5207 -0.4467 0.7276
vn 0.4629 -0.4728 0.7498
vn 0.4857 -0.4886 0.7248
vn 0.4282 -0.5237 0.7365
vn 0.4405 -0.5696 0.6940
vn 0.4145 -0.5368 0.7349
vn 0.3310 -0.4915 0.8055
vn 0.3324 -0.4683 0.8186
vn 0.2487 -0.4396 0.8631
vn 0.2692 -0.4217 0.8658
vn 0.2104 -0.4178 0.8838
vn 0.2331 -0.4151 0.8794
vn 0.1836 -0.3933 0.9009
vn 0.1853 -0.3947 0.8999
vn 0.1855 -0.3558 0.9160
vn 0.1755 -0.3962 0.9012
vn 0.1841 -0.2672 0.9459
vn 0.1605 -0.2754 0.9478
vn 0.1569 -0.3365 0.9285
vn 0.1457 -0.2650 0.9532
vn 0.1050 -0.2296 0.9676
vn 0.1489 -0.2694 0.9515
vn 0.1092 -0.2676 0.9573
vn 0.0530 -0.1956 0.9792
vn 0.1347 -0.2636 0.9552
vn 0.0938 -0.1632 0.9821
vn 0.0260 -0.0159 0.9995
vn 0.2351 -0.0821 0.9685
vn 0.1979 0.0177 0.9801
vn 0.1636 0.0790 0.9834
vn 0.4663 0.0747 0.8815
vn 0.4537 0.0996 0.8856
vn 0.4339 0.1138 0.8937
vn 0.5805 0.1108 0.8067
vn 0.5802 0.1099 0.8070
vn 0.5676 0.1210 0.8143
vn 0.5848 0.1063 0.8042
vn 0.5798 0.1132 0.8068
vn 0.5229 0.1666 0.8359
vn 0.5810 0.1065 0.8069
vn 0.5804 0.1079 0.8072
vn 0.5529 0.1446 0.8206
vn 0.5790 0.1060 0.8084
vn 0.5800 0.1017 0.8083
vn 0.5693 0.1150 0.8140
vn 0.5782 0.1037 0.8093
vn 0.5802 0.0985 0.8085
vn 0.5790 0.0984 0.8093
vn 0.5986 0.1121 0.7931
vn 0.6204 0.1113 0.7763
vn 0.5817 0.0980 0.8075
vn 0.5968 0.1407 0.7900
vn 0.6194 0.1700 0.7665
vn 0.6350 0.1494 0.7579
vn 0.5237 0.1961 0.8290
vn 0.5493 0.2657 0.7922
vn 0.6286 0.2422 0.7390
vn 0.5477 0.3105 0.7769
vn 0.5701 0.3495 0.7435
vn 0.5768 0.3227 0.7504
vn 0.6013 0.3676 0.7094
vn 0.5892 0.3942 0.7054
vn 0.5726 0.3939 0.7190
vn 0.6455 0.4025 0.6490
vn 0.6445 0.4359 0.6282
vn 0.5708 0.4246 0.7028
vn 0.7265 0.4281 0.5374
vn 0.7360 0.4524 0.5036
vn 0.7064 0.5054 0.4956
vn 0.7679 0.4595 0.4463
vn 0.7516 0.4793 0.4532
vn 0.6632 0.5756 0.4783
vn 0.7659 0.4649 0.4442
vn 0.7152 0.5206 0.4663
vn 0.7694 0.4604 0.4428
vn 0.7509 0.4815 0.4520
vn 0.7703 0.4600 0.4416
vn 0.7669 0.4661 0.4411
vn 0.7698 0.4602 0.4422
vn 0.7701 0.4685 0.4330
vn 0.7324 0.5672 0.3768
vn 0.7716 0.4823 0.4147
vn 0.7482 0.5734 0.3338
vn 0.6566 0.7185 0.2294
vn 0.7586 0.5918 0.2725
vn 0.7110 0.6801 0.1787
vn 0.6218 0.7702 0.1421
vn 0.7424 0.6554 0.1389
vn 0.7022 0.7020 0.1187
vn 0.6303 0.7685 0.1104
vn 0.7385 0.6664 0.1027
vn 0.7100 0.7006 0.0710
vn 0.6692 0.7420 0.0402
vn 0.7427 0.6692 0.0249
vn 0.7346 0.6784 -0.0158
vn 0.7548 0.6558 -0.0151
vn 0.7502 0.6599 -0.0426
vn 0.7449 0.6636 -0.0690
vn 0.7567 0.6503 -0.0672
vn 0.7559 0.6474 -0.0972
vn 0.7485 0.6509 -0.1267
vn 0.7720 0.6233 -0.1241
vn 0.7668 0.6278 -0.1341
vn 0.8520 0.4986 -0.1599
vn 0.8476 0.5066 -0.1581
vn 0.9119 0.3657 -0.1864
vn 0.9122 0.3659 -0.1846
vn 0.9140 0.3599 -0.1871
vn 0.9143 0.3598 -0.1860
vn 0.9141 0.3600 -0.1867
vn 0.9142 0.3601 -0.1861
vn 0.9140 0.3603 -0.1865
vn 0.9141 0.3606 -0.1855
vn 0.9139 0.3607 -0.1862
vn 0.9140 0.3612 -0.1847
vn 0.9138 0.3611 -0.1858
vn 0.9140 0.3613 -0.1845
vn 0.9137 0.3613 -0.1858
vn 0.9140 0.3610 -0.1851
vn 0.9138 0.3611 -0.1860
vn 0.9139 0.3610 -0.1855
vn 0.9143 0.3600 -0.1856
vn 0.9202 0.3444 -0.1862
vn 0.9177 0.3504 -0.1870
vn 0.9626 0.2074 -0.1745
vn 0.9513 0.2473 -0.1838
vn 0.9849 0.0398 -0.1686
vn 0.9799 0.0866 -0.1799
vn 0.9820 -0.0493 -0.1823
vn 0.9850 -0.0132 -0.1721
vn 0.9722 -0.1438 -0.1848
vn 0.9853 -0.0946 -0.1419
vn 0.9631 -0.1970 -0.1834
vn 0.9817 -0.1497 -0.1173
vn 0.9613 -0.2048 -0.1841
vn 0.9812 -0.1580 -0.1111
vn 0.9621 -0.2044 -0.1805
vn 0.9825 -0.1575 -0.0997
vn 0.9658 -0.2142 -0.1460
vn 0.9819 -0.1794 -0.0604
vn 0.9746 -0.1774 -0.1367
vn 0.9877 -0.1436 -0.0612
vn 0.9791 -0.1656 -0.1183
vn 0.9923 -0.1146 -0.0481
vn 0.9680 -0.2506 -0.0108
vn 0.9796 -0.1917 0.0607
vn 0.9318 -0.3456 0.1113
vn 0.9479 -0.2647 0.1775
vn 0.9007 -0.3937 0.1837
vn 0.9204 -0.2956 0.2558
vn 0.8832 -0.4036 0.2390
vn 0.8537 -0.4938 0.1656
vn 0.9005 -0.3030 0.3120
vn 0.8620 -0.4031 0.3074
vn 0.8378 -0.4965 0.2272
vn 0.8186 -0.4925 0.2956
vn 0.8430 -0.3877 0.3728
vn 0.7782 -0.5036 0.3753
vn 0.7523 -0.5610 0.3455
vn 0.8169 -0.3773 0.4363
vn 0.7307 -0.5197 0.4426
vn 0.6857 -0.6036 0.4068
vn 0.6490 -0.6219 0.4382
vn 0.6971 -0.5151 0.4987
vn 0.5839 -0.6308 0.5110
vn 0.6391 -0.5061 0.5792
vn 0.5104 -0.6234 0.5923
vn 0.5738 -0.5144 0.6373
vn 0.4751 -0.6108 0.6334
vn 0.5052 -0.5852 0.6343
vn 0.5292 -0.5393 0.6551
vn 0.4550 -0.6027 0.6555
vn 0.4768 -0.5753 0.6646
vn 0.4527 -0.5755 0.6810
vn 0.4355 -0.5908 0.6792
vn 0.4219 -0.5711 0.7042
vn 0.4453 -0.5690 0.6914
vn 0.4105 -0.5510 0.7265
vn 0.3874 -0.5358 0.7503
vn 0.3719 -0.5020 0.7808
vn 0.3054 -0.4772 0.8240
vn 0.3130 -0.4415 0.8409
vn 0.2549 -0.4431 0.8595
vn 0.2811 -0.4071 0.8690
vn 0.2344 -0.4239 0.8748
vn 0.2676 -0.3649 0.8917
vn 0.2045 -0.3661 0.9078
vn 0.2445 -0.3110 0.9184
vn 0.1810 -0.2995 0.9368
vn 0.2095 -0.2920 0.9332
vn 0.1638 -0.2886 0.9433
vn 0.3191 -0.2533 0.9132
vn 0.2822 -0.2383 0.9293
vn 0.2516 -0.1710 0.9526
vn 0.4639 0.0428 0.8848
vn 0.5740 0.1097 0.8114
vn 0.5795 0.1143 0.8069
vn 0.5782 0.1075 0.8088
vn 0.5809 0.1142 0.8059
vn 0.5777 0.1152 0.8081
vn 0.5783 0.1126 0.8080
vn 0.5827 0.1107 0.8051
vn 0.5761 0.1137 0.8094
vn 0.5766 0.1113 0.8094
vn 0.5792 0.1094 0.8078
vn 0.5758 0.1123 0.8098
vn 0.5763 0.1106 0.8097
vn 0.5776 0.1091 0.8090
vn 0.5757 0.1113 0.8101
vn 0.5770 0.1100 0.8093
vn 0.5768 0.1083 0.8097
vn 0.5753 0.1119 0.8102
vn 0.5770 0.1194 0.8080
vn 0.5832 0.1114 0.8047
vn 0.5678 0.1155 0.8150
vn 0.5524 0.1266 0.8239
vn 0.5824 0.1321 0.8021
vn 0.5644 0.1076 0.8184
vn 0.5504 0.1176 0.8265
vn 0.5292 0.1430 0.8364
vn 0.5825 0.1163 0.8045
vn 0.5980 0.2253 0.7692
vn 0.5399 0.2071 0.8158
vn 0.6449 0.2667 0.7162
vn 0.6460 0.3624 0.6719
vn 0.6004 0.3415 0.7231
vn 0.6980 0.3847 0.6040
vn 0.7119 0.4018 0.5759
vn 0.6467 0.3783 0.6624
vn 0.7501 0.4328 0.5000
vn 0.7633 0.4504 0.4632
vn 0.7660 0.4550 0.4542
vn 0.7696 0.4602 0.4427
vn 0.7703 0.4608 0.4407
vn 0.7698 0.4613 0.4412
vn 0.7698 0.4610 0.4415
vn 0.7696 0.4612 0.4416
vn 0.7697 0.4610 0.4416
vn 0.7694 0.4612 0.4418
vn 0.7695 0.4611 0.4418
vn 0.7693 0.4613 0.4420
vn 0.7693 0.4612 0.4420
vn 0.7705 0.4605 0.4409
vn 0.7698 0.4629 0.4395
vn 0.7733 0.4632 0.4330
vn 0.7738 0.5054 0.3819
vn 0.7762 0.4732 0.4166
vn 0.7755 0.5359 0.3337
vn 0.7586 0.6169 0.2096
vn 0.7824 0.5611 0.2701
vn 0.7586 0.6306 0.1638
vn 0.7483 0.6518 0.1231
vn 0.7758 0.6158 0.1378
vn 0.7522 0.6491 0.1130
vn 0.7458 0.6618 0.0757
vn 0.7805 0.6203 0.0781
vn 0.7629 0.6459 0.0266
vn 0.7964 0.6028 0.0495
vn 0.7765 0.6301 -0.0002
vn 0.7617 0.6469 -0.0363
vn 0.7933 0.6085 -0.0200
vn 0.7820 0.6198 -0.0655
vn 0.7754 0.6231 -0.1023
vn 0.8650 0.4817 -0.1404
vn 0.8578 0.4895 -0.1567
vn 0.9129 0.3626 -0.1876
vn 0.9120 0.3644 -0.1883
vn 0.9138 0.3598 -0.1884
vn 0.9139 0.3603 -0.1869
vn 0.9139 0.3599 -0.1876
vn 0.9140 0.3599 -0.1872
vn 0.9139 0.3602 -0.1874
vn 0.9139 0.3602 -0.1871
vn 0.9138 0.3605 -0.1874
vn 0.9138 0.3605 -0.1870
vn 0.9137 0.3607 -0.1874
vn 0.9137 0.3608 -0.1869
vn 0.9136 0.3609 -0.1874
vn 0.9136 0.3611 -0.1868
vn 0.9135 0.3611 -0.1874
vn 0.9135 0.3609 -0.1877
vn 0.9138 0.3604 -0.1871
vn 0.9139 0.3595 -0.1887
vn 0.9155 0.3555 -0.1887
vn 0.9236 0.3316 -0.1926
vn 0.9365 0.2926 -0.1933
vn 0.9618 0.2103 -0.1752
vn 0.9725 0.1428 -0.1841
vn 0.9943 0.0224 -0.1038
vn 0.9906 0.0038 -0.1368
vn 0.9963 -0.0805 -0.0309
vn 0.9952 -0.0691 -0.0694
vn 0.9957 -0.0932 -0.0010
vn 0.9947 -0.0986 -0.0298
vn 0.9955 -0.0940 0.0138
vn 0.9946 -0.1022 -0.0176
vn 0.9953 -0.0925 0.0287
vn 0.9948 -0.1018 -0.0055
vn 0.9943 -0.0943 0.0489
vn 0.9922 -0.1242 0.0123
vn 0.9943 -0.0788 0.0720
vn 0.9938 -0.1113 0.0003
vn 0.9958 -0.0893 0.0195
vn 0.9909 -0.0527 0.1241
vn 0.9826 -0.1426 0.1193
vn 0.9763 -0.0589 0.2084
vn 0.9515 -0.2185 0.2167
vn 0.9552 -0.0940 0.2808
vn 0.9220 -0.2674 0.2801
vn 0.9363 -0.1314 0.3256
vn 0.8961 -0.2921 0.3342
vn 0.9138 -0.1655 0.3710
vn 0.8642 -0.3046 0.4005
vn 0.8737 -0.3082 0.3764
vn 0.8802 -0.1972 0.4317
vn 0.8387 -0.3030 0.4526
vn 0.8495 -0.3041 0.4311
vn 0.8298 -0.3008 0.4701
vn 0.8236 -0.2891 0.4879
vn 0.8002 -0.3080 0.5147
vn 0.7814 -0.3806 0.4945
vn 0.7969 -0.2617 0.5445
vn 0.7415 -0.3134 0.5933
vn 0.7334 -0.3797 0.5639
vn 0.6820 -0.3666 0.6329
vn 0.6882 -0.3028 0.6593
vn 0.6524 -0.3643 0.6645
vn 0.6746 -0.2784 0.6837
vn 0.6286 -0.3789 0.6791
vn 0.6703 -0.2499 0.6988
vn 0.5989 -0.3934 0.6975
vn 0.4887 -0.5620 0.6673
vn 0.6616 -0.2238 0.7157
vn 0.5497 -0.3920 0.7377
vn 0.6201 -0.1946 0.7600
vn 0.4930 -0.3743 0.7854
vn 0.5676 -0.1691 0.8058
vn 0.4334 -0.3411 0.8341
vn 0.5186 -0.1552 0.8408
vn 0.3891 -0.3046 0.8694
vn 0.4779 -0.1509 0.8653
vn 0.3727 -0.2813 0.8843
vn 0.4645 -0.1480 0.8731
vn 0.3460 -0.2559 0.9027
vn 0.4501 -0.1393 0.8820
vn 0.3308 -0.2441 0.9116
vn 0.4527 -0.1368 0.8811
vn 0.4791 -0.1271 0.8685
vn 0.5395 -0.0192 0.8418
vn 0.5709 0.0133 0.8209
vn 0.5243 -0.0381 0.8507
vn 0.5616 0.0414 0.8263
vn 0.5672 0.0627 0.8212
vn 0.5763 0.0977 0.8114
vn 0.5791 0.1093 0.8079
vn 0.5760 0.1158 0.8092
vn 0.5772 0.1165 0.8082
vn 0.5794 0.1167 0.8067
vn 0.5752 0.1144 0.8099
vn 0.5751 0.1163 0.8098
vn 0.5759 0.1157 0.8093
vn 0.5743 0.1169 0.8103
vn 0.5748 0.1157 0.8101
vn 0.5754 0.1146 0.8098
vn 0.5738 0.1169 0.8106
vn 0.5745 0.1144 0.8105
vn 0.5753 0.1131 0.8101
vn 0.5730 0.1159 0.8113
vn 0.5738 0.1127 0.8112
vn 0.5751 0.1119 0.8104
vn 0.5718 0.1140 0.8124
vn 0.5719 0.1107 0.8128
vn 0.5732 0.1112 0.8118
vn 0.5705 0.1110 0.8137
vn 0.5706 0.1066 0.8143
vn 0.5708 0.1082 0.8139
vn 0.5712 0.1077 0.8137
vn 0.5815 0.1133 0.8057
vn 0.5718 0.1028 0.8140
vn 0.5821 0.1162 0.8047
vn 0.6122 0.1446 0.7773
vn 0.6153 0.1522 0.7734
vn 0.6602 0.2108 0.7209
vn 0.6478 0.1915 0.7373
vn 0.6875 0.2723 0.6732
vn 0.6907 0.3157 0.6506
vn 0.7109 0.3638 0.6019
vn 0.7120 0.3342 0.6175
vn 0.7380 0.4116 0.5347
vn 0.7546 0.4463 0.4811
vn 0.7287 0.4153 0.5446
vn 0.7615 0.4481 0.4683
vn 0.7680 0.4609 0.4447
vn 0.7697 0.4613 0.4413
vn 0.7695 0.4624 0.4406
vn 0.7695 0.4615 0.4415
vn 0.7692 0.4619 0.4416
vn 0.7693 0.4615 0.4417
vn 0.7691 0.4619 0.4418
vn 0.7693 0.4615 0.4419
vn 0.7694 0.4621 0.4411
vn 0.7696 0.4613 0.4416
vn 0.7695 0.4613 0.4416
vn 0.7701 0.4605 0.4415
vn 0.7694 0.4611 0.4420
vn 0.7697 0.4660 0.4364
vn 0.7691 0.4612 0.4426
vn 0.7692 0.4736 0.4289
vn 0.7814 0.4959 0.3788
vn 0.7697 0.4913 0.4076
vn 0.7852 0.5373 0.3078
vn 0.7963 0.5716 0.1977
vn 0.7664 0.5965 0.2383
vn 0.7897 0.5954 0.1479
vn 0.8002 0.5882 0.1171
vn 0.7589 0.6392 0.1243
vn 0.7932 0.6009 0.0983
vn 0.7517 0.6542 0.0841
vn 0.7770 0.6266 0.0599
vn 0.7968 0.6037 0.0248
vn 0.8503 0.5212 -0.0726
vn 0.8638 0.4965 -0.0850
vn 0.8701 0.4806 -0.1091
vn 0.9100 0.3750 -0.1766
vn 0.9132 0.3657 -0.1798
vn 0.9135 0.3607 -0.1883
vn 0.9140 0.3594 -0.1885
vn 0.9137 0.3597 -0.1890
vn 0.9138 0.3598 -0.1882
vn 0.9137 0.3599 -0.1885
vn 0.9138 0.3601 -0.1879
vn 0.9137 0.3602 -0.1883
vn 0.9137 0.3604 -0.1877
vn 0.9136 0.3605 -0.1883
vn 0.9136 0.3606 -0.1877
vn 0.9135 0.3608 -0.1877
vn 0.9133 0.3610 -0.1886
vn 0.9134 0.3611 -0.1878
vn 0.9131 0.3614 -0.1890
vn 0.9133 0.3613 -0.1882
vn 0.9133 0.3606 -0.1893
vn 0.9135 0.3604 -0.1886
vn 0.9143 0.3585 -0.1886
vn 0.9165 0.3526 -0.1891
vn 0.9306 0.3214 -0.1755
vn 0.9460 0.2741 -0.1732
vn 0.9850 0.1593 -0.0665
vn 0.9933 0.0747 -0.0884
vn 0.9967 -0.0172 0.0792
vn 0.9971 -0.0759 0.0051
vn 0.9863 -0.0638 0.1524
vn 0.9946 -0.0917 0.0476
vn 0.9798 -0.0514 0.1932
vn 0.9934 -0.0774 0.0851
vn 0.9735 -0.0303 0.2266
vn 0.9908 -0.0586 0.1218
vn 0.9682 -0.0095 0.2498
vn 0.9865 -0.0396 0.1588
vn 0.9646 0.0066 0.2636
vn 0.9807 -0.0196 0.1945
vn 0.9599 0.0090 0.2803
vn 0.9716 -0.0048 0.2368
vn 0.9589 -0.0014 0.2837
vn 0.9530 0.0010 0.3030
vn 0.9452 -0.0096 0.3263
vn 0.9426 -0.0104 0.3338
vn 0.9343 -0.0200 0.3558
vn 0.9329 -0.0179 0.3598
vn 0.9201 -0.0374 0.3900
vn 0.9230 -0.0273 0.3838
vn 0.8954 -0.0684 0.4400
vn 0.9031 -0.0464 0.4270
vn 0.8680 -0.1013 0.4861
vn 0.8510 -0.2134 0.4798
vn 0.8770 -0.0651 0.4761
vn 0.8339 -0.1275 0.5370
vn 0.8261 -0.2095 0.5231
vn 0.7853 -0.1904 0.5892
vn 0.7828 -0.1473 0.6046
vn 0.7396 -0.1696 0.6513
vn 0.7462 -0.2290 0.6251
vn 0.7355 -0.1584 0.6588
vn 0.7072 -0.1644 0.6877
vn 0.7008 -0.2082 0.6823
vn 0.6813 -0.1970 0.7050
vn 0.6842 -0.1660 0.7102
vn 0.6712 -0.1849 0.7178
vn 0.6613 -0.1500 0.7350
vn 0.6560 -0.1610 0.7374
vn 0.6302 -0.1078 0.7689
vn 0.6154 -0.1209 0.7789
vn 0.5933 -0.0564 0.8030
vn 0.5774 -0.0839 0.8122
vn 0.5718 -0.0232 0.8200
vn 0.5582 -0.0594 0.8276
vn 0.5648 -0.0056 0.8252
vn 0.5396 -0.0491 0.8405
vn 0.5623 0.0075 0.8269
vn 0.5290 -0.0473 0.8473
vn 0.5607 0.0226 0.8277
vn 0.5705 0.0663 0.8186
vn 0.5724 0.0825 0.8158
vn 0.5694 0.0512 0.8205
vn 0.5750 0.1064 0.8112
vn 0.5752 0.1111 0.8104
vn 0.5746 0.1004 0.8123
vn 0.5732 0.1155 0.8112
vn 0.5741 0.1162 0.8105
vn 0.5731 0.1140 0.8115
vn 0.5719 0.1163 0.8120
vn 0.5728 0.1171 0.8113
vn 0.5736 0.1136 0.8112
vn 0.5710 0.1156 0.8128
vn 0.5714 0.1166 0.8123
vn 0.5768 0.1095 0.8095
vn 0.5716 0.1133 0.8127
vn 0.5700 0.1149 0.8136
vn 0.5795 0.1063 0.8080
vn 0.5748 0.1110 0.8108
vn 0.5702 0.1115 0.8139
vn 0.5891 0.1138 0.8000
vn 0.6092 0.1403 0.7805
vn 0.6199 0.1189 0.7756
vn 0.6373 0.1741 0.7507
vn 0.6732 0.2450 0.6977
vn 0.6909 0.1931 0.6966
vn 0.7064 0.3047 0.6389
vn 0.7413 0.3979 0.5405
vn 0.7520 0.3639 0.5496
vn 0.7617 0.4437 0.4722
vn 0.7686 0.4620 0.4425
vn 0.7690 0.4609 0.4429
vn 0.7692 0.4628 0.4406
vn 0.7686 0.4628 0.4417
vn 0.7689 0.4623 0.4417
vn 0.7687 0.4630 0.4413
vn 0.7688 0.4623 0.4418
vn 0.7690 0.4624 0.4414
vn 0.7689 0.4630 0.4410
vn 0.7698 0.4620 0.4404
vn 0.7685 0.4639 0.4407
vn 0.7694 0.4621 0.4410
vn 0.7699 0.4597 0.4427
vn 0.7682 0.4617 0.4435
vn 0.7690 0.4599 0.4440
vn 0.7689 0.4613 0.4427
vn 0.7692 0.4601 0.4435
vn 0.7695 0.4629 0.4400
vn 0.7661 0.5227 0.3741
vn 0.7722 0.4703 0.4272
vn 0.7622 0.5586 0.3270
vn 0.7402 0.6458 0.1872
vn 0.7824 0.5744 0.2406
vn 0.7508 0.6486 0.1249
vn 0.8741 0.4857 0.0112
vn 0.8520 0.5219 -0.0417
vn 0.8453 0.5311 -0.0579
vn 0.9090 0.3761 -0.1795
vn 0.9076 0.3797 -0.1791
vn 0.9064 0.3819 -0.1802
vn 0.9132 0.3599 -0.1913
vn 0.9129 0.3612 -0.1900
vn 0.9137 0.3590 -0.1907
vn 0.9142 0.3582 -0.1898
vn 0.9131 0.3681 -0.1753
vn 0.9309 0.3419 -0.1290
vn 0.9011 0.4190 0.1114
vn 0.9261 0.3247 0.1924
vn 0.7980 0.4788 0.3660
vn 0.8146 0.4197 0.4003
vn 0.9301 0.3041 0.2062
vn 0.7726 0.4559 0.4420
vn 0.8445 0.3904 0.3666
vn 0.7804 0.4502 0.4340
vn 0.8460 0.4195 0.3291
vn 0.7695 0.4604 0.4426
vn 0.7843 0.4534 0.4235
vn 0.7701 0.4619 0.4400
vn 0.7772 0.4661 0.4227
vn 0.7678 0.4641 0.4418
vn 0.7693 0.4637 0.4395
vn 0.7685 0.4628 0.4419
vn 0.7711 0.4584 0.4419
vn 0.7688 0.4623 0.4419
vn 0.7718 0.4557 0.4434
vn 0.7737 0.4545 0.4413
vn 0.8461 0.3265 0.4213
vn 0.7741 0.4536 0.4417
vn 0.8527 0.3076 0.4223
vn 0.8515 0.2823 0.4419
vn 0.9285 0.0500 0.3678
vn 0.7722 0.4469 0.4518
vn 0.8416 0.2478 0.4799
vn 0.9099 0.0293 0.4139
vn 0.8774 0.0106 0.4796
vn 0.9211 -0.0581 0.3849
vn 0.8342 0.2138 0.5084
vn 0.8561 0.0010 0.5168
vn 0.8897 -0.0394 0.4548
vn 0.8642 -0.0167 0.5029
vn 0.9097 -0.0358 0.4137
vn 0.8462 0.0090 0.5329
vn 0.8560 -0.0044 0.5169
vn 0.8799 -0.0137 0.4749
vn 0.8601 -0.0004 0.5102
vn 0.8944 -0.0100 0.4472
vn 0.8439 0.0073 0.5365
vn 0.8503 0.0030 0.5263
vn 0.8662 0.0007 0.4997
vn 0.8525 -0.0215 0.5222
vn 0.8512 0.0060 0.5248
vn 0.7890 0.0150 0.6142
vn 0.7986 -0.0189 0.6016
vn 0.7938 -0.1038 0.5993
vn 0.7155 0.0060 0.6985
vn 0.7339 -0.0957 0.6725
vn 0.6879 -0.0542 0.7238
vn 0.7026 -0.1494 0.6957
vn 0.6579 0.0482 0.7515
vn 0.6513 0.0003 0.7588
vn 0.6752 -0.1174 0.7282
vn 0.6411 -0.0694 0.7643
vn 0.6155 0.0491 0.7866
vn 0.6009 -0.0181 0.7991
vn 0.5840 0.0795 0.8078
vn 0.5768 0.0187 0.8167
vn 0.5743 0.0928 0.8134
vn 0.5704 0.0375 0.8205
vn 0.5951 0.1017 0.7972
vn 0.5769 0.1111 0.8092
vn 0.6238 0.0822 0.7773
vn 0.6063 0.0907 0.7900
vn 0.5850 0.1055 0.8041
vn 0.6300 0.0699 0.7734
vn 0.6085 0.0751 0.7900
vn 0.5916 0.0954 0.8006
vn 0.6571 0.0470 0.7523
vn 0.5917 0.0947 0.8006
vn 0.6309 0.0741 0.7723
vn 0.7755 0.0170 0.6311
vn 0.7541 0.0383 0.6556
vn 0.7181 0.0973 0.6891
vn 0.8152 0.0454 0.5774
vn 0.7725 0.1906 0.6057
vn 0.8226 0.1927 0.5349
vn 0.7774 0.4065 0.4800
vn 0.7756 0.4313 0.4609
vn 0.6853 0.0406 0.7271
vn 0.8458 -0.0845 0.5267
vn 0.9032 -0.0254 0.4284
vn 0.8749 -0.0244 0.4837
vn 0.9243 -0.0200 0.3812
vn 0.9210 -0.0202 0.3890
vn 0.9324 -0.0145 0.3612
vn 0.9324 -0.0252 0.3605
vn 0.9290 -0.0516 0.3664
vn 0.9410 -0.0276 0.3372
vn 0.9393 -0.0568 0.3383
vn 0.9387 -0.0604 0.3395
vn 0.9482 -0.0589 0.3123
vn 0.9470 -0.0542 0.3167
vn 0.9315 0.0754 0.3558
vn 0.9545 -0.0418 0.2953
vn 0.9328 0.1076 0.3441
vn 0.8400 0.3457 0.4181
vn 0.9328 0.1411 0.3316
vn 0.8391 0.3581 0.4095
vn 0.7727 0.4649 0.4322
vn 0.8404 0.3685 0.3975
vn 0.7811 0.4898 0.3873
vn 0.8096 0.4784 0.3402
vn 0.8009 0.5219 0.2936
vn 0.8265 0.5121 0.2338
vn 0.8905 0.4087 0.1999
vn 0.8392 0.5268 0.1351
vn 0.8840 0.4539 0.1121
vn 0.9246 0.3750 -0.0665
vn 0.9430 0.3249 0.0726
vn 0.9327 0.3407 -0.1184
vn 0.9573 0.2884 -0.0214
vn 0.9162 0.3578 -0.1803
vn 0.9141 0.3594 -0.1878
vn 0.9197 0.3525 -0.1727
vn 0.9134 0.3599 -0.1902
vn 0.9136 0.3597 -0.1896
vn 0.9133 0.3601 -0.1901
vn 0.9133 0.3602 -0.1898
vn 0.9133 0.3604 -0.1894
vn 0.9128 0.3613 -0.1905
vn 0.9132 0.3607 -0.1897
vn 0.9130 0.3611 -0.1900
vn 0.9129 0.3609 -0.1907
vn 0.9130 0.3610 -0.1902
vn 0.9135 0.3599 -0.1897
vn 0.9139 0.3591 -0.1894
vn 0.9201 0.3490 -0.1779
vn 0.9222 0.3436 -0.1776
vn 0.9639 0.2590 -0.0612
vn 0.9726 0.2254 -0.0572
vn 0.9873 0.1038 0.1205
vn 0.9912 0.0481 0.1233
vn 0.9776 -0.0000 0.2104
vn 0.9766 -0.0374 0.2120
vn 0.9704 -0.0478 0.2366
vn 0.9694 -0.0520 0.2399
vn 0.9653 -0.0628 0.2534
vn 0.9662 -0.0451 0.2539
vn 0.9631 -0.0557 0.2635
vn 0.9645 -0.0313 0.2623
vn 0.9613 -0.0445 0.2719
vn 0.9623 -0.0136 0.2715
vn 0.9576 -0.0357 0.2858
vn 0.9582 -0.0024 0.2861
vn 0.9506 -0.0305 0.3088
vn 0.9513 -0.0012 0.3081
vn 0.9414 -0.0075 0.3372
vn 0.9557 -0.0617 0.2879
vn 0.9599 -0.0654 0.2726
vn 0.9591 -0.0191 0.2824
vn 0.9634 -0.0624 0.2607
vn 0.9592 0.0116 0.2826
vn 0.9259 0.1664 0.3391
vn 0.9645 0.0473 0.2600
vn 0.9335 0.1812 0.3095
vn 0.8642 0.3761 0.3341
vn 0.9042 0.3626 0.2256
vn 0.8410 0.5146 0.1668
vn 0.9519 0.2981 0.0706
vn 0.9056 0.4228 -0.0319
vn 0.8928 0.4470 -0.0560
vn 0.9104 0.3696 -0.1858
vn 0.8997 0.4330 -0.0557
vn 0.9126 0.3634 -0.1873
vn 0.9227 0.3478 -0.1664
vn 0.9643 0.2616 -0.0422
vn 0.9733 0.0058 0.2297
vn 0.9681 -0.0404 0.2473
vn 0.9135 0.3602 -0.1893
vn -0.3724 -0.1433 0.9169
vn -0.3351 -0.1359 0.9323
vn -0.3933 -0.1262 0.9107
vn -0.3675 -0.0880 0.9259
vn -0.4444 -0.0460 0.8947
vn -0.4854 -0.0252 0.8739
vn -0.4084 -0.0594 0.9109
vn -0.4911 -0.0873 0.8667
vn -0.4154 -0.0575 0.9078
vn -0.5149 0.0308 0.8567
vn -0.4209 0.0717 0.9043
vn -0.5379 0.1897 0.8214
vn -0.4369 0.2027 0.8764
vn -0.5475 0.2295 0.8047
vn -0.4573 0.2423 0.8557
vn -0.5520 0.3419 0.7605
vn -0.4951 0.3523 0.7942
vn -0.5309 0.3319 0.7797
vn -0.5114 0.3524 0.7838
vn -0.4904 0.2503 0.8348
vn -0.5010 0.2104 0.8395
vn -0.4838 0.2966 0.8234
vn -0.4570 0.3339 0.8244
vn -0.4745 0.2856 0.8326
vn -0.4307 0.4566 0.7785
vn -0.4496 0.3772 0.8096
vn -0.4244 0.4807 0.7674
vn -0.4103 0.5435 0.7323
vn -0.4194 0.5013 0.7568
vn -0.4076 0.5485 0.7301
vn -0.4054 0.5511 0.7293
vn -0.4060 0.5502 0.7297
vn -0.4041 0.5491 0.7316
vn -0.4053 0.5483 0.7315
vn -0.4060 0.5495 0.7302
vn -0.4072 0.5517 0.7279
vn -0.4110 0.5487 0.7280
vn -0.4110 0.5510 0.7263
vn -0.4159 0.5465 0.7269
vn -0.4149 0.5496 0.7251
vn -0.4174 0.5440 0.7279
vn -0.4117 0.5472 0.7288
vn -0.3310 0.5670 0.7543
vn -0.3227 0.5885 0.7413
vn -0.0994 0.5832 0.8062
vn -0.1030 0.6096 0.7860
vn 0.0373 0.6023 0.7974
vn 0.0477 0.6223 0.7813
vn 0.0523 0.6158 0.7861
vn 0.0549 0.6245 0.7791
vn 0.0521 0.6276 0.7768
vn 0.0535 0.6254 0.7785
vn 0.0535 0.6251 0.7787
vn 0.0430 0.6324 0.7735
vn 0.0530 0.6252 0.7786
vn 0.0529 0.6263 0.7777
vn 0.0585 0.6775 0.7332
vn 0.0587 0.6312 0.7734
vn 0.0915 0.7053 0.7030
vn 0.0833 0.6526 0.7531
vn 0.1348 0.7457 0.6525
vn 0.2014 0.7753 0.5986
vn 0.1789 0.6941 0.6973
vn 0.2596 0.7770 0.5735
vn 0.2959 0.7187 0.6292
vn 0.3074 0.7619 0.5701
vn 0.3535 0.7186 0.5988
vn 0.3427 0.7480 0.5684
vn 0.2859 0.6987 0.6558
vn 0.1416 0.6599 0.7379
vn 0.1300 0.6322 0.7638
vn 0.0576 0.6292 0.7751
vn 0.0589 0.6222 0.7807
vn 0.0864 0.5947 0.7993
vn 0.0525 0.6247 0.7791
vn 0.0616 0.6117 0.7887
vn 0.0809 0.5871 0.8055
vn 0.0530 0.6253 0.7786
vn 0.0567 0.6173 0.7847
vn 0.0677 0.5958 0.8003
vn 0.0549 0.6188 0.7836
vn 0.0595 0.5971 0.8000
vn 0.0611 0.5735 0.8169
vn 0.0436 0.5851 0.8098
vn 0.0215 0.5502 0.8348
vn 0.0182 0.5288 0.8485
vn -0.0299 0.5066 0.8617
vn -0.0597 0.5262 0.8483
vn -0.0354 0.5046 0.8626
vn -0.0991 0.5170 0.8503
vn -0.1028 0.5084 0.8549
vn -0.0686 0.3320 0.9408
vn -0.1228 0.3220 0.9388
vn -0.0807 0.1943 0.9776
vn -0.1888 0.2272 0.9554
vn -0.1194 0.1688 0.9784
vn -0.2405 0.1901 0.9519
vn -0.1757 0.1092 0.9784
vn -0.2897 0.1408 0.9467
vn -0.2325 0.1014 0.9673
vn -0.3545 0.1760 0.9184
vn -0.3133 0.1175 0.9424
vn -0.2740 0.0033 0.9617
vn -0.3632 0.1088 0.9253
vn -0.3471 -0.0185 0.9376
vn -0.3286 -0.0817 0.9409
vn -0.3016 -0.1129 0.9467
vn -0.3856 0.1991 0.9010
vn -0.4093 0.2396 0.8804
vn -0.4319 0.3122 0.8462
vn -0.4483 0.3335 0.8293
vn -0.4508 0.3598 0.8169
vn -0.4718 0.3594 0.8051
vn -0.4477 0.3660 0.8159
vn -0.4588 0.3418 0.8202
vn -0.4385 0.4112 0.7992
vn -0.4358 0.4346 0.7882
vn -0.4178 0.5334 0.7355
vn -0.4191 0.5190 0.7450
vn -0.4113 0.5509 0.7262
vn -0.4085 0.5503 0.7282
vn -0.4130 0.5488 0.7268
vn -0.4095 0.5400 0.7353
vn -0.3881 0.5355 0.7501
vn -0.2011 0.4968 0.8442
vn -0.2695 0.5177 0.8120
vn -0.0893 0.4773 0.8742
vn -0.0925 0.5186 0.8500
vn -0.3154 0.5578 0.7677
vn 0.0101 0.5512 0.8343
vn -0.1431 0.4889 0.8605
vn -0.1534 0.5205 0.8400
vn -0.3011 0.5120 0.8045
vn -0.2898 0.4414 0.8492
vn -0.2576 0.3082 0.9158
vn -0.4166 0.3960 0.8183
vn -0.3821 0.3214 0.8665
vn -0.3129 0.2718 0.9101
vn -0.4300 0.3502 0.8322
vn -0.3959 0.2998 0.8680
vn -0.3473 0.2056 0.9149
vn -0.3951 0.2233 0.8911
vn -0.4411 0.3803 0.8129
vn -0.4137 0.4808 0.7731
vn -0.4320 0.4565 0.7778
vn -0.3402 0.5305 0.7764
vn 0.0522 0.6250 0.7789
vn 0.2636 0.8023 0.5356
vn 0.1946 -0.6342 0.7483
vn 0.1832 0.9815 -0.0559
vn 0.2098 0.9778 0.0006
vn 0.1624 0.9694 0.1841
vn 0.0215 0.9746 0.2231
vt 0.454870 0.051350
vt 0.449190 0.039900
vt 0.480560 0.041980
vt 0.446240 0.062120
vt 0.431870 0.054650
vt 0.718180 0.124570
vt 0.737830 0.133990
vt 0.723070 0.141220
vt 0.724610 0.100890
vt 0.739720 0.119260
vt 0.707080 0.099130
vt 0.702340 0.142120
vt 0.702920 0.117680
vt 0.161790 0.397380
vt 0.168640 0.401190
vt 0.163260 0.406550
vt 0.158410 0.385290
vt 0.164660 0.391060
vt 0.156580 0.408970
vt 0.156650 0.396000
vt 0.308920 0.263020
vt 0.306780 0.275290
vt 0.304580 0.266230
vt 0.833310 0.252770
vt 0.840140 0.259870
vt 0.834230 0.258460
vt 0.831620 0.243570
vt 0.836860 0.251530
vt 0.828780 0.254510
vt 0.829130 0.248340
vt 0.795340 0.250180
vt 0.797750 0.244780
vt 0.799130 0.253640
vt 0.792940 0.255860
vt 0.788670 0.248400
vt 0.793170 0.243590
vt 0.302250 0.331240
vt 0.313680 0.326890
vt 0.309250 0.340940
vt 0.299230 0.352550
vt 0.322530 0.332430
vt 0.321030 0.345300
vt 0.478650 0.255690
vt 0.472500 0.253550
vt 0.479210 0.251250
vt 0.483120 0.262640
vt 0.475360 0.258380
vt 0.485980 0.257640
vt 0.459260 0.301250
vt 0.457320 0.295600
vt 0.461550 0.298920
vt 0.464790 0.304140
vt 0.460720 0.305610
vt 0.455940 0.305530
vt 0.455870 0.299830
vt 0.379290 0.468430
vt 0.381280 0.459030
vt 0.384970 0.469080
vt 0.382450 0.477050
vt 0.373520 0.471350
vt 0.763470 0.591170
vt 0.764130 0.601950
vt 0.754960 0.602400
vt 0.757300 0.589490
vt 0.771080 0.578620
vt 0.772010 0.587420
vt 0.467540 0.656960
vt 0.474950 0.648740
vt 0.477860 0.655620
vt 0.485640 0.649560
vt 0.485180 0.658110
vt 0.474420 0.663450
vt 0.469410 0.672790
vt 0.461160 0.665690
vt 0.481840 0.668110
vt 0.494270 0.650790
vt 0.491490 0.660590
vt 0.503070 0.652440
vt 0.499230 0.663000
vt 0.490000 0.672180
vt 0.488660 0.683700
vt 0.478460 0.678510
vt 0.499330 0.675440
vt 0.512020 0.654160
vt 0.507490 0.665380
vt 0.521120 0.655630
vt 0.516630 0.667170
vt 0.509430 0.678290
vt 0.513050 0.690900
vt 0.500030 0.687790
vt 0.520730 0.680030
vt 0.530780 0.656490
vt 0.526630 0.668660
vt 0.541150 0.656950
vt 0.537960 0.668910
vt 0.533440 0.680980
vt 0.544370 0.691450
vt 0.528100 0.692080
vt 0.547470 0.679970
vt 0.552290 0.656510
vt 0.550140 0.668550
vt 0.564360 0.655140
vt 0.563460 0.666550
vt 0.562530 0.678000
vt 0.561430 0.688880
vt 0.577620 0.663460
vt 0.578060 0.674080
vt 0.595970 0.679240
vt 0.579360 0.695150
vt 0.578750 0.684980
vt 0.593850 0.669660
vt 0.592110 0.659210
vt 0.606640 0.654160
vt 0.609610 0.663680
vt 0.613170 0.673040
vt 0.598460 0.689080
vt 0.625260 0.656790
vt 0.629920 0.665000
vt 0.617110 0.681620
vt 0.652000 0.664060
vt 0.641070 0.680700
vt 0.635120 0.673400
vt 0.621750 0.690140
vt 0.646110 0.656820
vt 0.640570 0.648800
vt 0.655310 0.640490
vt 0.661550 0.647650
vt 0.683790 0.644180
vt 0.676410 0.660200
vt 0.668490 0.654620
vt 0.659260 0.670850
vt 0.676190 0.638490
vt 0.669170 0.631550
vt 0.682410 0.622310
vt 0.689870 0.628400
vt 0.698280 0.633660
vt 0.692500 0.649200
vt 0.702790 0.617900
vt 0.711530 0.622240
vt 0.707440 0.637570
vt 0.733620 0.613470
vt 0.731440 0.627620
vt 0.721210 0.625700
vt 0.717740 0.640460
vt 0.723870 0.611170
vt 0.714690 0.607000
vt 0.727140 0.596140
vt 0.735130 0.600170
vt 0.742480 0.584100
vt 0.748840 0.587830
vt 0.745090 0.601910
vt 0.758210 0.572090
vt 0.764560 0.575300
vt 0.772300 0.561520
vt 0.777020 0.566970
vt 0.779920 0.574680
vt 0.787500 0.560480
vt 0.789850 0.569950
vt 0.779500 0.585950
vt 0.789250 0.582510
vt 0.773900 0.600270
vt 0.778160 0.611850
vt 0.765430 0.614420
vt 0.754170 0.615570
vt 0.754760 0.628620
vt 0.742520 0.628780
vt 0.743750 0.615040
vt 0.742010 0.642840
vt 0.729190 0.642150
vt 0.727110 0.657000
vt 0.714040 0.655430
vt 0.702610 0.653110
vt 0.696940 0.668400
vt 0.685840 0.664970
vt 0.678270 0.680920
vt 0.667820 0.676470
vt 0.658070 0.692910
vt 0.648520 0.687430
vt 0.635650 0.704600
vt 0.627690 0.697880
vt 0.610540 0.716030
vt 0.604860 0.707640
vt 0.601320 0.698940
vt 0.580010 0.716110
vt 0.579650 0.705760
vt 0.557350 0.710830
vt 0.559980 0.699840
vt 0.553520 0.722270
vt 0.534790 0.712990
vt 0.540430 0.702640
vt 0.521520 0.702440
vt 0.513090 0.712070
vt 0.504060 0.700070
vt 0.493500 0.708280
vt 0.489140 0.695660
vt 0.477060 0.702090
vt 0.476570 0.689830
vt 0.463590 0.694580
vt 0.465660 0.683050
vt 0.452140 0.686280
vt 0.455860 0.675430
vt 0.441990 0.677140
vt 0.447330 0.666810
vt 0.433350 0.667480
vt 0.439950 0.657370
vt 0.453750 0.657370
vt 0.425860 0.657270
vt 0.434010 0.647910
vt 0.448080 0.648670
vt 0.443660 0.639810
vt 0.457260 0.640390
vt 0.461740 0.648610
vt 0.453850 0.632030
vt 0.466910 0.632520
vt 0.470430 0.640670
vt 0.479480 0.632980
vt 0.482430 0.641100
vt 0.491190 0.633450
vt 0.493160 0.641880
vt 0.502310 0.633720
vt 0.503240 0.642790
vt 0.512900 0.633780
vt 0.513240 0.643570
vt 0.523260 0.633740
vt 0.522970 0.644340
vt 0.533740 0.633660
vt 0.533090 0.644790
vt 0.544320 0.633500
vt 0.543350 0.644970
vt 0.555000 0.632990
vt 0.554010 0.644620
vt 0.565960 0.631910
vt 0.565230 0.643500
vt 0.577490 0.630040
vt 0.577210 0.641250
vt 0.577330 0.652650
vt 0.589950 0.637990
vt 0.590790 0.648770
vt 0.602980 0.633870
vt 0.604460 0.644130
vt 0.616200 0.628680
vt 0.618220 0.638440
vt 0.621240 0.648130
vt 0.632000 0.631760
vt 0.635670 0.640650
vt 0.645690 0.624280
vt 0.649750 0.632690
vt 0.659160 0.616230
vt 0.663370 0.624180
vt 0.672270 0.607700
vt 0.676480 0.615230
vt 0.685470 0.598460
vt 0.689340 0.605680
vt 0.695060 0.612550
vt 0.703180 0.595250
vt 0.707410 0.601920
vt 0.718110 0.584350
vt 0.721930 0.590460
vt 0.733030 0.573470
vt 0.737410 0.579250
vt 0.747740 0.562510
vt 0.752790 0.567750
vt 0.761590 0.551610
vt 0.767000 0.556650
vt 0.774330 0.541040
vt 0.779310 0.546790
vt 0.783710 0.553240
vt 0.790620 0.537530
vt 0.794790 0.544950
vt 0.798240 0.553740
vt 0.805860 0.536470
vt 0.809480 0.545870
vt 0.800530 0.564290
vt 0.812230 0.556700
vt 0.800660 0.577050
vt 0.813060 0.569650
vt 0.797860 0.591620
vt 0.785110 0.596860
vt 0.808600 0.599680
vt 0.792590 0.607140
vt 0.802920 0.616490
vt 0.784770 0.623160
vt 0.768750 0.627200
vt 0.773910 0.639780
vt 0.756800 0.642300
vt 0.759640 0.656790
vt 0.742180 0.657440
vt 0.741890 0.673460
vt 0.725060 0.672260
vt 0.710060 0.670940
vt 0.705810 0.686620
vt 0.691030 0.684200
vt 0.685030 0.700350
vt 0.670210 0.697120
vt 0.662700 0.713440
vt 0.647050 0.709820
vt 0.639130 0.726270
vt 0.620800 0.722630
vt 0.615190 0.739240
vt 0.588740 0.735730
vt 0.581840 0.727230
vt 0.542320 0.748910
vt 0.548480 0.734550
vt 0.497570 0.745520
vt 0.515830 0.734620
vt 0.526920 0.723920
vt 0.469690 0.736700
vt 0.488230 0.729410
vt 0.502330 0.721420
vt 0.481110 0.715320
vt 0.466390 0.721270
vt 0.463780 0.707310
vt 0.449110 0.711660
vt 0.449910 0.698290
vt 0.435250 0.701250
vt 0.438230 0.688670
vt 0.423770 0.690470
vt 0.428000 0.678430
vt 0.413890 0.679240
vt 0.419390 0.667770
vt 0.405470 0.667610
vt 0.411890 0.656730
vt 0.397910 0.655720
vt 0.405200 0.645610
vt 0.419620 0.647150
vt 0.391120 0.643770
vt 0.399580 0.634690
vt 0.414470 0.637470
vt 0.410650 0.627970
vt 0.425490 0.630290
vt 0.429240 0.638880
vt 0.422810 0.621860
vt 0.437020 0.623240
vt 0.440030 0.631400
vt 0.434760 0.615100
vt 0.448180 0.615740
vt 0.450760 0.623870
vt 0.461380 0.616320
vt 0.463960 0.624310
vt 0.474320 0.616900
vt 0.476820 0.624930
vt 0.486490 0.616890
vt 0.488850 0.625190
vt 0.498030 0.616340
vt 0.500360 0.624980
vt 0.509340 0.615470
vt 0.511440 0.624440
vt 0.520630 0.614510
vt 0.522270 0.624000
vt 0.531860 0.613540
vt 0.533130 0.623470
vt 0.543150 0.612580
vt 0.544220 0.622690
vt 0.554380 0.611310
vt 0.555160 0.621870
vt 0.565500 0.609920
vt 0.566130 0.620700
vt 0.576980 0.608180
vt 0.577520 0.618910
vt 0.589110 0.605790
vt 0.589440 0.616250
vt 0.589690 0.627340
vt 0.601840 0.612720
vt 0.602240 0.623380
vt 0.615050 0.618550
vt 0.614440 0.608220
vt 0.628130 0.612610
vt 0.629660 0.622580
vt 0.643040 0.615320
vt 0.641230 0.605850
vt 0.655990 0.607680
vt 0.666500 0.590920
vt 0.668960 0.599600
vt 0.679520 0.582640
vt 0.682420 0.590810
vt 0.692950 0.573640
vt 0.696180 0.581130
vt 0.699640 0.588480
vt 0.710400 0.570870
vt 0.714160 0.577770
vt 0.724570 0.560360
vt 0.728700 0.567130
vt 0.738410 0.549940
vt 0.742940 0.556520
vt 0.751630 0.539560
vt 0.756460 0.545910
vt 0.763890 0.529180
vt 0.769090 0.535270
vt 0.775390 0.518510
vt 0.780760 0.524620
vt 0.785880 0.531040
vt 0.791650 0.513910
vt 0.796830 0.520840
vt 0.801610 0.528300
vt 0.807370 0.510430
vt 0.812400 0.518380
vt 0.817050 0.527260
vt 0.822880 0.507750
vt 0.828160 0.516450
vt 0.821200 0.536940
vt 0.832990 0.526050
vt 0.824540 0.547630
vt 0.837160 0.536770
vt 0.826330 0.560280
vt 0.840270 0.548640
vt 0.826900 0.574100
vt 0.811890 0.584060
vt 0.842370 0.561540
vt 0.825770 0.589280
vt 0.843960 0.590090
vt 0.822940 0.605810
vt 0.843930 0.605540
vt 0.817410 0.624300
vt 0.794150 0.634910
vt 0.806690 0.646490
vt 0.780410 0.654380
vt 0.777860 0.677130
vt 0.759910 0.674500
vt 0.752880 0.699330
vt 0.738290 0.692490
vt 0.722250 0.689180
vt 0.716640 0.708490
vt 0.701000 0.703710
vt 0.695270 0.722860
vt 0.679410 0.717300
vt 0.675240 0.735600
vt 0.658300 0.730050
vt 0.658030 0.747720
vt 0.638990 0.742900
vt 0.646650 0.761030
vt 0.626400 0.756470
vt 0.475660 0.764670
vt 0.422510 0.756390
vt 0.461040 0.752530
vt 0.594890 0.753430
vt 0.415750 0.743820
vt 0.444330 0.741160
vt 0.406350 0.731040
vt 0.428840 0.729220
vt 0.432870 0.714960
vt 0.449360 0.726470
vt 0.415030 0.716910
vt 0.419580 0.703320
vt 0.403040 0.704380
vt 0.408590 0.691450
vt 0.393030 0.691510
vt 0.399400 0.679260
vt 0.384640 0.678470
vt 0.391390 0.666810
vt 0.377190 0.665300
vt 0.384080 0.654130
vt 0.370390 0.651860
vt 0.377360 0.641210
vt 0.364000 0.638080
vt 0.371160 0.628070
vt 0.384990 0.631720
vt 0.357990 0.624090
vt 0.366410 0.615240
vt 0.380460 0.620370
vt 0.378830 0.610960
vt 0.393250 0.615770
vt 0.395450 0.624550
vt 0.392700 0.607230
vt 0.406760 0.611200
vt 0.408110 0.619400
vt 0.393070 0.598860
vt 0.406390 0.602780
vt 0.420880 0.613730
vt 0.419690 0.605550
vt 0.406560 0.594290
vt 0.419070 0.596920
vt 0.432920 0.606970
vt 0.444310 0.599550
vt 0.446030 0.607750
vt 0.456850 0.600130
vt 0.459020 0.608280
vt 0.469200 0.600400
vt 0.471710 0.608650
vt 0.481220 0.600100
vt 0.483870 0.608470
vt 0.493150 0.599180
vt 0.495610 0.607690
vt 0.504880 0.597970
vt 0.507110 0.606650
vt 0.516550 0.596490
vt 0.518660 0.605460
vt 0.528200 0.595000
vt 0.530090 0.604170
vt 0.539850 0.593460
vt 0.541560 0.602810
vt 0.551730 0.591690
vt 0.553120 0.601260
vt 0.563680 0.589750
vt 0.564680 0.599690
vt 0.575980 0.588130
vt 0.576540 0.597980
vt 0.588310 0.585790
vt 0.588820 0.595730
vt 0.600480 0.582390
vt 0.601210 0.592290
vt 0.601670 0.602490
vt 0.614180 0.597920
vt 0.613570 0.587700
vt 0.626670 0.592340
vt 0.627290 0.602560
vt 0.625690 0.582080
vt 0.638780 0.585760
vt 0.640030 0.596120
vt 0.652180 0.588980
vt 0.653920 0.598600
vt 0.650610 0.578790
vt 0.664420 0.581660
vt 0.675020 0.564510
vt 0.677000 0.573920
vt 0.687650 0.556890
vt 0.690060 0.565580
vt 0.700580 0.548150
vt 0.703600 0.556110
vt 0.706830 0.563850
vt 0.716980 0.545980
vt 0.720630 0.553350
vt 0.730120 0.535670
vt 0.734120 0.542970
vt 0.742730 0.525380
vt 0.747040 0.532690
vt 0.754460 0.515100
vt 0.759010 0.522420
vt 0.765350 0.504800
vt 0.770220 0.511940
vt 0.775470 0.494120
vt 0.780710 0.501070
vt 0.786150 0.507700
vt 0.790430 0.489960
vt 0.796250 0.496470
vt 0.801980 0.503290
vt 0.805570 0.485190
vt 0.811680 0.492160
vt 0.817450 0.499760
vt 0.820720 0.480770
vt 0.827070 0.488130
vt 0.833140 0.496190
vt 0.835950 0.475710
vt 0.842620 0.483160
vt 0.839070 0.504590
vt 0.849220 0.491150
vt 0.844670 0.513840
vt 0.855710 0.499790
vt 0.849820 0.523960
vt 0.861880 0.509130
vt 0.854370 0.534920
vt 0.867900 0.519060
vt 0.858060 0.546730
vt 0.877920 0.540860
vt 0.861210 0.559250
vt 0.843500 0.575440
vt 0.882820 0.552520
vt 0.864300 0.572210
vt 0.888040 0.564530
vt 0.867530 0.585340
vt 0.894320 0.576510
vt 0.872270 0.597890
vt 0.181700 0.787570
vt 0.184080 0.769170
vt 0.193670 0.782070
vt 0.188490 0.800270
vt 0.845460 0.620610
vt 0.197560 0.763950
vt 0.207130 0.777370
vt 0.200560 0.795530
vt 0.212260 0.759440
vt 0.222110 0.773250
vt 0.213720 0.791330
vt 0.228520 0.787480
vt 0.238850 0.769160
vt 0.245560 0.783480
vt 0.707340 0.731920
vt 0.729550 0.717150
vt 0.257410 0.764880
vt 0.265820 0.778970
vt 0.687430 0.744640
vt 0.279050 0.760040
vt 0.291000 0.773490
vt 0.671440 0.755800
vt 0.303940 0.754160
vt 0.329820 0.765660
vt 0.660430 0.768230
vt 0.320870 0.744400
vt 0.349350 0.752710
vt 0.378780 0.770400
vt 0.385020 0.757230
vt 0.356780 0.739870
vt 0.385930 0.743440
vt 0.424660 0.770300
vt 0.357650 0.726890
vt 0.382080 0.730090
vt 0.375550 0.716350
vt 0.385710 0.704090
vt 0.395840 0.718010
vt 0.367960 0.702310
vt 0.377040 0.690380
vt 0.360910 0.688150
vt 0.369580 0.676620
vt 0.354440 0.673780
vt 0.362880 0.662790
vt 0.348450 0.659380
vt 0.356700 0.648730
vt 0.343000 0.644830
vt 0.350890 0.634380
vt 0.337630 0.630100
vt 0.345370 0.619790
vt 0.332530 0.615170
vt 0.340090 0.604880
vt 0.352850 0.610120
vt 0.328010 0.600120
vt 0.338360 0.591900
vt 0.351290 0.598670
vt 0.340420 0.582650
vt 0.352990 0.589930
vt 0.364960 0.605050
vt 0.365810 0.596550
vt 0.355380 0.581360
vt 0.367530 0.587770
vt 0.378980 0.602250
vt 0.380010 0.593790
vt 0.369530 0.579270
vt 0.381540 0.585360
vt 0.393950 0.590580
vt 0.383300 0.577100
vt 0.395050 0.582040
vt 0.406970 0.585710
vt 0.396250 0.573420
vt 0.407470 0.576810
vt 0.418890 0.588240
vt 0.418800 0.579360
vt 0.430890 0.589980
vt 0.431720 0.598590
vt 0.430280 0.581110
vt 0.442860 0.591050
vt 0.453150 0.582970
vt 0.454860 0.591730
vt 0.464580 0.583380
vt 0.466750 0.592000
vt 0.476150 0.583290
vt 0.478610 0.591790
vt 0.487950 0.582530
vt 0.490540 0.590840
vt 0.499870 0.580990
vt 0.502440 0.589340
vt 0.511830 0.579070
vt 0.514290 0.587590
vt 0.523960 0.577150
vt 0.526160 0.586030
vt 0.536230 0.575410
vt 0.538090 0.584420
vt 0.548640 0.573460
vt 0.550210 0.582500
vt 0.561320 0.571360
vt 0.562650 0.580440
vt 0.573950 0.569040
vt 0.575170 0.578460
vt 0.586220 0.566160
vt 0.587460 0.575890
vt 0.598170 0.562300
vt 0.599470 0.572300
vt 0.611140 0.567640
vt 0.612560 0.577810
vt 0.624330 0.571930
vt 0.622660 0.562050
vt 0.635910 0.565500
vt 0.637490 0.575480
vt 0.634180 0.555710
vt 0.647600 0.558740
vt 0.649260 0.568770
vt 0.661090 0.561730
vt 0.662650 0.571720
vt 0.671420 0.544980
vt 0.673280 0.554670
vt 0.683400 0.537760
vt 0.685610 0.547420
vt 0.695270 0.529980
vt 0.697940 0.539320
vt 0.707150 0.521310
vt 0.710360 0.530070
vt 0.713570 0.538410
vt 0.722680 0.520250
vt 0.726320 0.528160
vt 0.734640 0.510110
vt 0.738640 0.517870
vt 0.745810 0.499760
vt 0.750130 0.507480
vt 0.756060 0.489320
vt 0.760740 0.497120
vt 0.765410 0.478700
vt 0.770490 0.486560
vt 0.773690 0.468100
vt 0.779180 0.475800
vt 0.784710 0.483240
vt 0.787130 0.464950
vt 0.793130 0.471880
vt 0.799350 0.478600
vt 0.800890 0.460370
vt 0.807510 0.467000
vt 0.814170 0.473840
vt 0.815060 0.455370
vt 0.822080 0.461960
vt 0.829110 0.468780
vt 0.829440 0.449370
vt 0.836790 0.455570
vt 0.844110 0.462200
vt 0.843630 0.441210
vt 0.851240 0.447040
vt 0.851250 0.469000
vt 0.858860 0.453330
vt 0.858490 0.476260
vt 0.866640 0.460040
vt 0.865800 0.484090
vt 0.874620 0.467010
vt 0.873120 0.492410
vt 0.882720 0.474380
vt 0.880360 0.501100
vt 0.899100 0.489670
vt 0.887080 0.510410
vt 0.873030 0.529630
vt 0.906850 0.498110
vt 0.893310 0.520420
vt 0.914570 0.507250
vt 0.899590 0.530900
vt 0.922330 0.517240
vt 0.906090 0.541930
vt 0.930410 0.528190
vt 0.913100 0.553420
vt 0.144850 0.750750
vt 0.140220 0.729950
vt 0.156840 0.743720
vt 0.159940 0.763660
vt 0.171810 0.756600
vt 0.169770 0.737740
vt 0.185010 0.750880
vt 0.172160 0.775740
vt 0.183580 0.732700
vt 0.199170 0.746070
vt 0.198290 0.728200
vt 0.214130 0.741530
vt 0.228230 0.755210
vt 0.230160 0.737180
vt 0.245350 0.750930
vt 0.246580 0.732710
vt 0.263840 0.746540
vt 0.261580 0.727620
vt 0.281890 0.741230
vt 0.274490 0.721230
vt 0.296310 0.733450
vt 0.284510 0.713150
vt 0.306580 0.724070
vt 0.330360 0.733410
vt 0.312420 0.713210
vt 0.334340 0.721130
vt 0.334660 0.708240
vt 0.354910 0.713430
vt 0.314890 0.701370
vt 0.332420 0.694330
vt 0.350040 0.699470
vt 0.344750 0.684610
vt 0.328720 0.679760
vt 0.339300 0.669780
vt 0.324270 0.664740
vt 0.334140 0.654920
vt 0.319780 0.649470
vt 0.329160 0.639990
vt 0.315300 0.634140
vt 0.324280 0.624910
vt 0.311020 0.618740
vt 0.319690 0.609670
vt 0.307260 0.603280
vt 0.316220 0.594380
vt 0.304910 0.587720
vt 0.315080 0.579970
vt 0.326160 0.586070
vt 0.304660 0.573130
vt 0.316770 0.568050
vt 0.328250 0.575480
vt 0.319970 0.558660
vt 0.331450 0.566790
vt 0.343350 0.574360
vt 0.334480 0.558540
vt 0.346090 0.565960
vt 0.357760 0.572920
vt 0.348790 0.557710
vt 0.360230 0.564610
vt 0.371700 0.571100
vt 0.362800 0.556540
vt 0.374010 0.562960
vt 0.385170 0.568810
vt 0.376340 0.554910
vt 0.387030 0.560280
vt 0.397430 0.564600
vt 0.388710 0.551620
vt 0.398660 0.555550
vt 0.408030 0.567820
vt 0.408750 0.558800
vt 0.418860 0.570370
vt 0.419040 0.561300
vt 0.429790 0.572100
vt 0.429440 0.562940
vt 0.440720 0.573180
vt 0.441690 0.582240
vt 0.440000 0.563980
vt 0.451710 0.573940
vt 0.450680 0.564750
vt 0.462860 0.574380
vt 0.472840 0.565680
vt 0.474190 0.574580
vt 0.484120 0.565410
vt 0.485730 0.574090
vt 0.495610 0.564250
vt 0.497490 0.572660
vt 0.507380 0.562370
vt 0.509460 0.570740
vt 0.519700 0.560420
vt 0.521710 0.568710
vt 0.532430 0.558200
vt 0.534280 0.566640
vt 0.545430 0.556030
vt 0.547050 0.564690
vt 0.558230 0.553540
vt 0.559860 0.562420
vt 0.570790 0.550630
vt 0.572480 0.559780
vt 0.582940 0.547240
vt 0.584700 0.556620
vt 0.594720 0.542970
vt 0.596590 0.552550
vt 0.608010 0.547480
vt 0.609670 0.557540
vt 0.606030 0.537610
vt 0.619080 0.541780
vt 0.621030 0.552050
vt 0.632140 0.545870
vt 0.640780 0.529390
vt 0.643450 0.539310
vt 0.645770 0.549010
vt 0.651650 0.523000
vt 0.654720 0.532780
vt 0.657410 0.542370
vt 0.666040 0.525960
vt 0.669090 0.535420
vt 0.659420 0.551900
vt 0.677190 0.518810
vt 0.680680 0.528240
vt 0.688160 0.511360
vt 0.692080 0.520620
vt 0.699250 0.503460
vt 0.703540 0.512370
vt 0.710270 0.494800
vt 0.714950 0.503330
vt 0.719000 0.511950
vt 0.725940 0.493730
vt 0.730470 0.501900
vt 0.736260 0.483780
vt 0.741240 0.491860
vt 0.745660 0.473570
vt 0.751080 0.481490
vt 0.754160 0.463130
vt 0.759990 0.470930
vt 0.761850 0.452640
vt 0.767970 0.460340
vt 0.768890 0.442030
vt 0.775270 0.449570
vt 0.781340 0.457390
vt 0.782040 0.438730
vt 0.788320 0.446420
vt 0.794520 0.453760
vt 0.794990 0.435140
vt 0.801430 0.442090
vt 0.808160 0.448860
vt 0.808070 0.430480
vt 0.814950 0.436990
vt 0.822140 0.443360
vt 0.821230 0.424490
vt 0.828490 0.430220
vt 0.836050 0.435740
vt 0.834170 0.415910
vt 0.841790 0.420830
vt 0.849660 0.425770
vt 0.846880 0.405230
vt 0.854820 0.409800
vt 0.857490 0.431060
vt 0.862820 0.414860
vt 0.865560 0.436830
vt 0.871170 0.420340
vt 0.873890 0.443010
vt 0.879980 0.425850
vt 0.882410 0.449280
vt 0.889120 0.431160
vt 0.891210 0.455540
vt 0.898620 0.436230
vt 0.900310 0.461630
vt 0.890990 0.481830
vt 0.908410 0.441010
vt 0.909460 0.467870
vt 0.928170 0.451630
vt 0.918400 0.474870
vt 0.938120 0.458130
vt 0.927310 0.482630
vt 0.948220 0.465540
vt 0.936250 0.491500
vt 0.958720 0.473870
vt 0.945140 0.501380
vt 0.111200 0.721010
vt 0.107580 0.698450
vt 0.123360 0.714950
vt 0.128090 0.736340
vt 0.120230 0.693350
vt 0.136070 0.709320
vt 0.153070 0.724110
vt 0.149440 0.704330
vt 0.166580 0.718930
vt 0.163550 0.699890
vt 0.180870 0.714360
vt 0.178030 0.695970
vt 0.195680 0.710340
vt 0.213500 0.723950
vt 0.210290 0.705960
vt 0.228580 0.719170
vt 0.222840 0.700860
vt 0.242020 0.714100
vt 0.234350 0.694980
vt 0.253790 0.708150
vt 0.245230 0.688690
vt 0.264030 0.701130
vt 0.254240 0.681050
vt 0.272080 0.692540
vt 0.295590 0.692630
vt 0.291420 0.703680
vt 0.277810 0.682570
vt 0.297810 0.680570
vt 0.314840 0.688340
vt 0.281360 0.671320
vt 0.297480 0.666790
vt 0.312670 0.674220
vt 0.309500 0.658740
vt 0.295320 0.651670
vt 0.305720 0.643090
vt 0.292120 0.635920
vt 0.301720 0.627290
vt 0.288630 0.619620
vt 0.298100 0.611470
vt 0.285800 0.603550
vt 0.295470 0.595770
vt 0.284420 0.587680
vt 0.294290 0.580060
vt 0.284380 0.571920
vt 0.294840 0.565230
vt 0.285580 0.556910
vt 0.296990 0.552310
vt 0.306520 0.560630
vt 0.287790 0.543490
vt 0.300010 0.541370
vt 0.309570 0.550380
vt 0.313040 0.541370
vt 0.323290 0.550380
vt 0.316680 0.533120
vt 0.326760 0.542200
vt 0.337480 0.550400
vt 0.330290 0.534210
vt 0.340690 0.542310
vt 0.351640 0.549750
vt 0.344020 0.534550
vt 0.354670 0.541930
vt 0.365480 0.548770
vt 0.357680 0.534330
vt 0.368140 0.540940
vt 0.378500 0.546820
vt 0.370670 0.533090
vt 0.380480 0.538500
vt 0.390180 0.543070
vt 0.382470 0.530270
vt 0.391570 0.534450
vt 0.399790 0.546720
vt 0.400690 0.537880
vt 0.409430 0.549750
vt 0.409900 0.540660
vt 0.419190 0.552080
vt 0.419200 0.542860
vt 0.429140 0.553720
vt 0.428770 0.544550
vt 0.439420 0.554830
vt 0.438820 0.545800
vt 0.449960 0.555670
vt 0.449240 0.546710
vt 0.460820 0.556340
vt 0.461690 0.565370
vt 0.459950 0.547420
vt 0.471860 0.556640
vt 0.470880 0.547690
vt 0.483000 0.556410
vt 0.481970 0.547320
vt 0.494220 0.555400
vt 0.493030 0.546300
vt 0.505710 0.553790
vt 0.516330 0.543460
vt 0.517930 0.552030
vt 0.528980 0.541510
vt 0.530720 0.549910
vt 0.541890 0.538850
vt 0.543710 0.547430
vt 0.554630 0.535810
vt 0.556460 0.544690
vt 0.567040 0.532390
vt 0.568930 0.541530
vt 0.579060 0.528530
vt 0.581050 0.537890
vt 0.590430 0.523900
vt 0.592670 0.533450
vt 0.603720 0.527830
vt 0.601160 0.518100
vt 0.614280 0.521520
vt 0.616880 0.531620
vt 0.611390 0.511550
vt 0.624460 0.515110
vt 0.627400 0.525500
vt 0.629890 0.535740
vt 0.634510 0.508880
vt 0.637820 0.519200
vt 0.644670 0.502720
vt 0.648270 0.512970
vt 0.654650 0.496200
vt 0.658650 0.506390
vt 0.662500 0.516390
vt 0.668840 0.499510
vt 0.673120 0.509310
vt 0.679110 0.492480
vt 0.683690 0.502060
vt 0.689520 0.485310
vt 0.694450 0.494500
vt 0.699950 0.477460
vt 0.705160 0.486220
vt 0.710090 0.468580
vt 0.715490 0.477050
vt 0.720920 0.485450
vt 0.725170 0.467340
vt 0.730820 0.475590
vt 0.734040 0.457320
vt 0.739880 0.465490
vt 0.742040 0.447080
vt 0.748110 0.455190
vt 0.749300 0.436750
vt 0.755570 0.444800
vt 0.755950 0.426400
vt 0.762390 0.434270
vt 0.762200 0.415800
vt 0.768750 0.423530
vt 0.775480 0.431270
vt 0.774940 0.412850
vt 0.781720 0.420400
vt 0.788520 0.427920
vt 0.787760 0.409570
vt 0.794650 0.416660
vt 0.801430 0.423720
vt 0.800560 0.405220
vt 0.807340 0.411920
vt 0.814230 0.418430
vt 0.812680 0.399280
vt 0.819620 0.405230
vt 0.826830 0.410790
vt 0.824260 0.390960
vt 0.831510 0.396050
vt 0.839120 0.400810
vt 0.835500 0.381330
vt 0.843230 0.385660
vt 0.851300 0.389740
vt 0.846630 0.370960
vt 0.854820 0.374720
vt 0.859490 0.394050
vt 0.863350 0.378620
vt 0.857470 0.360020
vt 0.866080 0.363400
vt 0.871910 0.382770
vt 0.867870 0.398800
vt 0.876380 0.403730
vt 0.880790 0.387290
vt 0.885430 0.408700
vt 0.890190 0.391460
vt 0.895070 0.413130
vt 0.900250 0.394880
vt 0.905100 0.417070
vt 0.910670 0.397600
vt 0.915520 0.420540
vt 0.921640 0.399720
vt 0.926310 0.423970
vt 0.918280 0.445830
vt 0.932900 0.402310
vt 0.936940 0.428480
vt 0.944200 0.405790
vt 0.947490 0.433870
vt 0.955770 0.409860
vt 0.958400 0.440060
vt 0.979380 0.419550
vt 0.969600 0.446590
vt 0.081260 0.686300
vt 0.080970 0.661400
vt 0.093410 0.680620
vt 0.095460 0.704160
vt 0.094270 0.657510
vt 0.106400 0.675890
vt 0.108080 0.654100
vt 0.119910 0.671980
vt 0.133450 0.688620
vt 0.134500 0.668690
vt 0.147800 0.684470
vt 0.148880 0.665400
vt 0.162340 0.680930
vt 0.162550 0.661780
vt 0.176090 0.677080
vt 0.192320 0.692170
vt 0.188440 0.673800
vt 0.204330 0.687680
vt 0.201050 0.669600
vt 0.216260 0.682170
vt 0.213050 0.664030
vt 0.227980 0.676280
vt 0.223160 0.657050
vt 0.237920 0.669110
vt 0.230950 0.648710
vt 0.245550 0.660420
vt 0.265630 0.661160
vt 0.260980 0.671870
vt 0.250690 0.650270
vt 0.267830 0.648930
vt 0.282620 0.658480
vt 0.253690 0.638680
vt 0.267690 0.634610
vt 0.281100 0.643820
vt 0.278940 0.627770
vt 0.266210 0.618920
vt 0.276220 0.611260
vt 0.264390 0.602560
vt 0.274390 0.594840
vt 0.263570 0.586110
vt 0.274160 0.579070
vt 0.264200 0.570340
vt 0.274900 0.563430
vt 0.265640 0.554780
vt 0.276580 0.548350
vt 0.267840 0.539740
vt 0.278990 0.534420
vt 0.270540 0.525510
vt 0.282060 0.522180
vt 0.290720 0.531880
vt 0.273700 0.512880
vt 0.285780 0.511490
vt 0.294220 0.521800
vt 0.298240 0.512810
vt 0.307140 0.523380
vt 0.303450 0.531840
vt 0.311110 0.515240
vt 0.320360 0.525200
vt 0.324190 0.517460
vt 0.333820 0.526480
vt 0.327940 0.509930
vt 0.337430 0.518900
vt 0.347330 0.527050
vt 0.340980 0.511460
vt 0.350680 0.519580
vt 0.360660 0.526830
vt 0.354170 0.512300
vt 0.363870 0.519290
vt 0.373290 0.525290
vt 0.367310 0.511950
vt 0.376250 0.517470
vt 0.384740 0.522050
vt 0.379440 0.509810
vt 0.387360 0.513770
vt 0.393140 0.525830
vt 0.395090 0.517190
vt 0.401670 0.529030
vt 0.403010 0.520160
vt 0.410370 0.531620
vt 0.411170 0.522590
vt 0.419320 0.533730
vt 0.419620 0.524600
vt 0.428500 0.535480
vt 0.428480 0.526340
vt 0.438190 0.536850
vt 0.437760 0.527780
vt 0.448300 0.537850
vt 0.457530 0.529680
vt 0.458830 0.538590
vt 0.467940 0.530100
vt 0.469630 0.538900
vt 0.478530 0.529420
vt 0.480620 0.538360
vt 0.489340 0.527900
vt 0.491500 0.537060
vt 0.500880 0.526840
vt 0.502710 0.535790
vt 0.512910 0.525830
vt 0.514660 0.534680
vt 0.504320 0.544910
vt 0.525250 0.524300
vt 0.527130 0.532970
vt 0.537850 0.521870
vt 0.539900 0.530370
vt 0.550610 0.518510
vt 0.552660 0.527080
vt 0.563070 0.514540
vt 0.565110 0.523350
vt 0.574680 0.509950
vt 0.576990 0.519200
vt 0.588080 0.514210
vt 0.585350 0.504630
vt 0.598350 0.508250
vt 0.595280 0.498420
vt 0.608210 0.501590
vt 0.604800 0.491680
vt 0.617920 0.494830
vt 0.621320 0.504850
vt 0.614310 0.484890
vt 0.627580 0.488010
vt 0.631210 0.498410
vt 0.637150 0.481410
vt 0.640980 0.492130
vt 0.646800 0.475080
vt 0.650670 0.485750
vt 0.656340 0.468410
vt 0.660200 0.479000
vt 0.664490 0.489430
vt 0.670040 0.472340
vt 0.674460 0.482550
vt 0.680250 0.465690
vt 0.684750 0.475650
vt 0.690390 0.458510
vt 0.694960 0.468270
vt 0.700270 0.450530
vt 0.704970 0.459770
vt 0.709580 0.441450
vt 0.714400 0.450340
vt 0.719680 0.459000
vt 0.722880 0.440320
vt 0.728340 0.448980
vt 0.730350 0.430040
vt 0.736100 0.438760
vt 0.737090 0.419860
vt 0.743130 0.428490
vt 0.743310 0.409920
vt 0.749580 0.418290
vt 0.749350 0.399910
vt 0.755720 0.407920
vt 0.755250 0.389430
vt 0.761700 0.397210
vt 0.768310 0.405090
vt 0.767600 0.386540
vt 0.774170 0.394440
vt 0.780960 0.402190
vt 0.780000 0.383950
vt 0.786760 0.391260
vt 0.793660 0.398370
vt 0.792130 0.379870
vt 0.798960 0.386540
vt 0.805900 0.393050
vt 0.803500 0.373760
vt 0.810390 0.379780
vt 0.817320 0.385500
vt 0.813950 0.365770
vt 0.820960 0.371270
vt 0.828160 0.376520
vt 0.823960 0.357380
vt 0.831220 0.362410
vt 0.838810 0.366960
vt 0.833680 0.348770
vt 0.841280 0.352980
vt 0.849260 0.356650
vt 0.843060 0.339240
vt 0.850920 0.342520
vt 0.859240 0.345580
vt 0.851800 0.328690
vt 0.860030 0.331450
vt 0.867930 0.348620
vt 0.868860 0.334100
vt 0.877060 0.351710
vt 0.875020 0.367090
vt 0.878290 0.336760
vt 0.886510 0.354790
vt 0.884260 0.370970
vt 0.893870 0.374270
vt 0.896480 0.357360
vt 0.904200 0.376710
vt 0.907120 0.358930
vt 0.915240 0.378490
vt 0.918400 0.359650
vt 0.926520 0.379780
vt 0.930050 0.360010
vt 0.938260 0.381270
vt 0.942090 0.360340
vt 0.950260 0.383290
vt 0.954520 0.360890
vt 0.962460 0.385860
vt 0.967140 0.361950
vt 0.974660 0.388870
vt 0.967320 0.414360
vt 0.979970 0.363810
vt 0.987130 0.392540
vt 0.056710 0.644810
vt 0.059200 0.617660
vt 0.069550 0.640480
vt 0.068580 0.666570
vt 0.073060 0.615390
vt 0.083000 0.637180
vt 0.087330 0.614060
vt 0.097170 0.634790
vt 0.101880 0.613460
vt 0.111640 0.633120
vt 0.122510 0.651520
vt 0.125910 0.631250
vt 0.136840 0.648710
vt 0.150300 0.645670
vt 0.139150 0.628700
vt 0.163140 0.642830
vt 0.175310 0.658700
vt 0.175390 0.640270
vt 0.187740 0.655660
vt 0.199370 0.650690
vt 0.186780 0.636490
vt 0.209430 0.644380
vt 0.196350 0.630560
vt 0.217210 0.636280
vt 0.204000 0.622930
vt 0.222760 0.626510
vt 0.236230 0.638860
vt 0.239690 0.627500
vt 0.226380 0.615430
vt 0.241240 0.614490
vt 0.254260 0.625060
vt 0.228670 0.603160
vt 0.242070 0.600120
vt 0.253670 0.609990
vt 0.253210 0.593720
vt 0.242510 0.584600
vt 0.253310 0.577370
vt 0.243320 0.568790
vt 0.254540 0.561520
vt 0.245150 0.552880
vt 0.256670 0.546090
vt 0.247860 0.537380
vt 0.259290 0.531040
vt 0.250870 0.522340
vt 0.262120 0.516500
vt 0.253870 0.507590
vt 0.265300 0.503290
vt 0.257170 0.493790
vt 0.269050 0.491750
vt 0.277290 0.501670
vt 0.261190 0.481790
vt 0.273170 0.481190
vt 0.281160 0.491480
vt 0.285260 0.482060
vt 0.293560 0.493240
vt 0.289730 0.501960
vt 0.297550 0.485040
vt 0.306070 0.496610
vt 0.302230 0.504460
vt 0.310040 0.489050
vt 0.318770 0.500010
vt 0.314980 0.507490
vt 0.322670 0.492720
vt 0.331580 0.502540
vt 0.326550 0.485610
vt 0.335410 0.495280
vt 0.344600 0.504280
vt 0.339350 0.488310
vt 0.348500 0.497400
vt 0.357910 0.505350
vt 0.352630 0.491050
vt 0.361940 0.498690
vt 0.370980 0.504940
vt 0.366380 0.492410
vt 0.375050 0.498110
vt 0.382910 0.502350
vt 0.379560 0.491650
vt 0.386650 0.494980
vt 0.390260 0.505640
vt 0.393390 0.497510
vt 0.397470 0.508580
vt 0.400120 0.499730
vt 0.404840 0.511180
vt 0.407080 0.501710
vt 0.412510 0.513360
vt 0.414370 0.503520
vt 0.420480 0.515240
vt 0.421930 0.505170
vt 0.428920 0.516910
vt 0.429850 0.506720
vt 0.437700 0.518340
vt 0.438130 0.508160
vt 0.446780 0.519430
vt 0.447390 0.528870
vt 0.446760 0.509310
vt 0.456390 0.520210
vt 0.455910 0.510130
vt 0.466280 0.520660
vt 0.465310 0.510670
vt 0.476450 0.520400
vt 0.485790 0.510370
vt 0.487250 0.519180
vt 0.497610 0.509560
vt 0.499090 0.518240
vt 0.509700 0.508410
vt 0.511170 0.517100
vt 0.521810 0.506840
vt 0.523440 0.515590
vt 0.534010 0.504670
vt 0.535860 0.513320
vt 0.546470 0.501600
vt 0.548540 0.510050
vt 0.558440 0.497120
vt 0.560920 0.505820
vt 0.572100 0.500760
vt 0.569150 0.491620
vt 0.582310 0.495040
vt 0.579090 0.485480
vt 0.591900 0.488630
vt 0.588430 0.478880
vt 0.601240 0.481870
vt 0.597610 0.472080
vt 0.610540 0.475050
vt 0.606800 0.465220
vt 0.619920 0.467980
vt 0.623800 0.477850
vt 0.616090 0.458270
vt 0.629510 0.460860
vt 0.633410 0.471010
vt 0.639250 0.453790
vt 0.642950 0.464190
vt 0.649100 0.446970
vt 0.652660 0.457650
vt 0.658970 0.440180
vt 0.662380 0.451060
vt 0.666070 0.461830
vt 0.672380 0.444530
vt 0.676120 0.455070
vt 0.682370 0.437860
vt 0.686250 0.448380
vt 0.691860 0.430730
vt 0.695980 0.441070
vt 0.704980 0.432010
vt 0.700320 0.422000
vt 0.712560 0.421740
vt 0.717790 0.431320
vt 0.724750 0.420830
vt 0.719080 0.411100
vt 0.731110 0.410670
vt 0.730630 0.391280
vt 0.737050 0.401100
vt 0.736090 0.382530
vt 0.742910 0.391600
vt 0.741660 0.373380
vt 0.748660 0.381590
vt 0.747090 0.363350
vt 0.754190 0.370970
vt 0.761010 0.378650
vt 0.759490 0.360270
vt 0.766450 0.368180
vt 0.773360 0.376170
vt 0.771450 0.357740
vt 0.778430 0.365370
vt 0.785370 0.372810
vt 0.782620 0.353770
vt 0.789600 0.360820
vt 0.796620 0.367460
vt 0.793020 0.347910
vt 0.799980 0.354160
vt 0.807060 0.360110
vt 0.802810 0.340640
vt 0.809780 0.346390
vt 0.816880 0.351980
vt 0.812240 0.333240
vt 0.819240 0.338810
vt 0.826430 0.344030
vt 0.821300 0.326000
vt 0.828270 0.330950
vt 0.835570 0.335400
vt 0.829660 0.318150
vt 0.836680 0.322290
vt 0.844120 0.325710
vt 0.837280 0.309390
vt 0.844400 0.312500
vt 0.852050 0.315250
vt 0.844220 0.299770
vt 0.851770 0.302460
vt 0.860240 0.317890
vt 0.860110 0.305130
vt 0.869190 0.320420
vt 0.869180 0.307430
vt 0.878800 0.322580
vt 0.878740 0.308940
vt 0.888870 0.324230
vt 0.888090 0.339190
vt 0.888700 0.309560
vt 0.899150 0.324930
vt 0.898370 0.341010
vt 0.909110 0.341620
vt 0.909890 0.324480
vt 0.920490 0.341270
vt 0.921100 0.323080
vt 0.932160 0.340500
vt 0.932680 0.321240
vt 0.944310 0.339700
vt 0.944740 0.319550
vt 0.956900 0.339150
vt 0.957410 0.317940
vt 0.969860 0.338840
vt 0.970520 0.316720
vt 0.983040 0.339470
vt 0.998040 0.317350
vt 0.996540 0.341140
vt 0.992970 0.366380
vt 0.036250 0.596150
vt 0.042380 0.568700
vt 0.050190 0.593430
vt 0.046050 0.621180
vt 0.057160 0.568780
vt 0.064610 0.592330
vt 0.071600 0.569500
vt 0.079080 0.592110
vt 0.085860 0.570670
vt 0.093410 0.592450
vt 0.107060 0.592290
vt 0.115850 0.612460
vt 0.128960 0.610520
vt 0.119680 0.591020
vt 0.141150 0.608090
vt 0.151760 0.626040
vt 0.131300 0.588970
vt 0.152350 0.605510
vt 0.163520 0.623590
vt 0.174280 0.620500
vt 0.162590 0.602630
vt 0.183570 0.615230
vt 0.171530 0.598190
vt 0.191260 0.608340
vt 0.179050 0.591900
vt 0.196920 0.599180
vt 0.209480 0.613420
vt 0.184910 0.583190
vt 0.201310 0.588440
vt 0.213250 0.602610
vt 0.216580 0.590650
vt 0.205220 0.576980
vt 0.219330 0.577660
vt 0.230500 0.589540
vt 0.208590 0.564630
vt 0.221790 0.564640
vt 0.231860 0.575170
vt 0.233570 0.560080
vt 0.224080 0.550980
vt 0.235990 0.544260
vt 0.227120 0.535370
vt 0.239240 0.528640
vt 0.230920 0.519720
vt 0.242640 0.513580
vt 0.234700 0.504650
vt 0.246000 0.498770
vt 0.238510 0.489860
vt 0.249600 0.484540
vt 0.242680 0.475470
vt 0.254020 0.471920
vt 0.247520 0.462320
vt 0.258790 0.460390
vt 0.265600 0.470890
vt 0.252620 0.450040
vt 0.263460 0.449110
vt 0.269900 0.460260
vt 0.274440 0.450120
vt 0.281330 0.461710
vt 0.277290 0.471130
vt 0.285850 0.453100
vt 0.293170 0.465160
vt 0.289200 0.473270
vt 0.297710 0.457760
vt 0.305430 0.470050
vt 0.301460 0.477290
vt 0.309820 0.463250
vt 0.317930 0.475030
vt 0.313980 0.481910
vt 0.322150 0.468330
vt 0.330540 0.478730
vt 0.326810 0.461950
vt 0.334970 0.472290
vt 0.343600 0.482030
vt 0.339650 0.466600
vt 0.348130 0.476270
vt 0.357070 0.485100
vt 0.352700 0.470980
vt 0.361650 0.479560
vt 0.371150 0.486710
vt 0.366590 0.474960
vt 0.376360 0.481820
vt 0.384240 0.485550
vt 0.388600 0.478330
vt 0.390470 0.487460
vt 0.393910 0.478060
vt 0.396540 0.488700
vt 0.399000 0.477850
vt 0.402810 0.489870
vt 0.404940 0.478530
vt 0.409410 0.491210
vt 0.411190 0.479710
vt 0.416290 0.492660
vt 0.417880 0.481090
vt 0.423510 0.494140
vt 0.424860 0.482530
vt 0.431080 0.495600
vt 0.432240 0.484020
vt 0.439010 0.497040
vt 0.439970 0.485530
vt 0.447290 0.498360
vt 0.448040 0.486940
vt 0.455960 0.499390
vt 0.456440 0.488170
vt 0.465120 0.500090
vt 0.465410 0.489210
vt 0.474830 0.500650
vt 0.475180 0.510790
vt 0.475140 0.490060
vt 0.485290 0.500940
vt 0.485530 0.491020
vt 0.496780 0.500730
vt 0.496550 0.491330
vt 0.508610 0.499580
vt 0.507890 0.490280
vt 0.520450 0.497880
vt 0.519360 0.488590
vt 0.532370 0.495800
vt 0.531020 0.486550
vt 0.544450 0.492860
vt 0.542630 0.483690
vt 0.555960 0.488280
vt 0.553550 0.479140
vt 0.566410 0.482450
vt 0.563490 0.473120
vt 0.575920 0.475880
vt 0.572710 0.466230
vt 0.585030 0.469110
vt 0.581620 0.459360
vt 0.594030 0.462240
vt 0.590510 0.452480
vt 0.603160 0.455330
vt 0.599600 0.445490
vt 0.612480 0.448480
vt 0.608960 0.438630
vt 0.622210 0.441460
vt 0.625790 0.451150
vt 0.618680 0.431710
vt 0.632030 0.433980
vt 0.635700 0.443760
vt 0.645530 0.436500
vt 0.641960 0.426400
vt 0.655560 0.429680
vt 0.652010 0.419290
vt 0.665440 0.422810
vt 0.669050 0.433620
vt 0.678730 0.426830
vt 0.674810 0.415660
vt 0.687710 0.419640
vt 0.683210 0.408100
vt 0.695490 0.411140
vt 0.690400 0.399650
vt 0.701990 0.400880
vt 0.707350 0.411630
vt 0.696450 0.389530
vt 0.707420 0.389810
vt 0.713420 0.400770
vt 0.718700 0.390030
vt 0.725050 0.400750
vt 0.712480 0.378810
vt 0.723950 0.380180
vt 0.717760 0.368420
vt 0.729250 0.371370
vt 0.723160 0.358790
vt 0.734700 0.363220
vt 0.728860 0.350330
vt 0.740480 0.354340
vt 0.734910 0.341930
vt 0.746310 0.344370
vt 0.752510 0.352680
vt 0.752120 0.333640
vt 0.757800 0.341670
vt 0.764570 0.349690
vt 0.763110 0.330150
vt 0.769210 0.338250
vt 0.775830 0.346230
vt 0.779730 0.333710
vt 0.786310 0.341100
vt 0.789590 0.327690
vt 0.796110 0.334410
vt 0.798900 0.321070
vt 0.805450 0.327340
vt 0.801560 0.308360
vt 0.807820 0.314750
vt 0.814550 0.320580
vt 0.809970 0.302710
vt 0.816310 0.308320
vt 0.822940 0.313420
vt 0.817760 0.296410
vt 0.824030 0.301190
vt 0.830590 0.305560
vt 0.824700 0.289270
vt 0.830890 0.293290
vt 0.837380 0.296780
vt 0.830730 0.281550
vt 0.836990 0.284990
vt 0.843850 0.288020
vt 0.836320 0.274470
vt 0.843100 0.277420
vt 0.851410 0.290770
vt 0.850720 0.279870
vt 0.859770 0.293190
vt 0.859050 0.281650
vt 0.868770 0.294870
vt 0.867510 0.282160
vt 0.878010 0.295280
vt 0.876050 0.281250
vt 0.887490 0.294730
vt 0.884820 0.279440
vt 0.897010 0.292950
vt 0.898800 0.309020
vt 0.893660 0.276700
vt 0.906970 0.290420
vt 0.909300 0.307440
vt 0.920120 0.305090
vt 0.917420 0.287340
vt 0.931450 0.302350
vt 0.928570 0.283960
vt 0.943460 0.299820
vt 0.940500 0.280730
vt 0.956100 0.297530
vt 0.953110 0.277800
vt 0.969300 0.295610
vt 0.980440 0.273710
vt 0.983090 0.294680
vt 0.984040 0.316470
vt 0.995410 0.273490
vt 0.997640 0.294860
vt 0.020230 0.543430
vt 0.029390 0.518370
vt 0.035450 0.543800
vt 0.027910 0.570030
vt 0.044320 0.521460
vt 0.050240 0.545220
vt 0.058950 0.524310
vt 0.064930 0.546870
vt 0.072620 0.526270
vt 0.079130 0.548570
vt 0.085060 0.527200
vt 0.091960 0.549410
vt 0.096170 0.526880
vt 0.103470 0.549090
vt 0.111110 0.570650
vt 0.099080 0.571260
vt 0.122320 0.568850
vt 0.114040 0.547730
vt 0.132830 0.566620
vt 0.142010 0.586560
vt 0.123680 0.545510
vt 0.142150 0.563860
vt 0.151920 0.583850
vt 0.160510 0.579860
vt 0.150250 0.560000
vt 0.167650 0.573740
vt 0.156900 0.554110
vt 0.173580 0.565740
vt 0.162980 0.546840
vt 0.178790 0.556470
vt 0.189700 0.573160
vt 0.168650 0.538750
vt 0.184000 0.547000
vt 0.194150 0.562710
vt 0.198470 0.551350
vt 0.188980 0.537110
vt 0.202410 0.540320
vt 0.211660 0.552840
vt 0.193640 0.527000
vt 0.206620 0.528510
vt 0.214860 0.540470
vt 0.218850 0.525400
vt 0.211110 0.514660
vt 0.223070 0.510380
vt 0.215750 0.500400
vt 0.227280 0.495400
vt 0.220470 0.485770
vt 0.231630 0.480660
vt 0.225380 0.471140
vt 0.236380 0.466210
vt 0.230630 0.456840
vt 0.241680 0.452820
vt 0.236190 0.443310
vt 0.246950 0.440020
vt 0.241630 0.430320
vt 0.252220 0.427460
vt 0.257600 0.438130
vt 0.247210 0.417430
vt 0.257940 0.415810
vt 0.262670 0.426820
vt 0.268730 0.416920
vt 0.273520 0.428940
vt 0.268280 0.438520
vt 0.279680 0.420390
vt 0.284750 0.433000
vt 0.279330 0.441040
vt 0.291010 0.426040
vt 0.296230 0.438600
vt 0.290770 0.445390
vt 0.302630 0.432720
vt 0.308040 0.444790
vt 0.302590 0.450970
vt 0.310260 0.427780
vt 0.314900 0.439210
vt 0.320080 0.450720
vt 0.314530 0.456820
vt 0.323000 0.434700
vt 0.327290 0.445630
vt 0.332460 0.456340
vt 0.335980 0.442210
vt 0.340250 0.451920
vt 0.345070 0.461320
vt 0.349180 0.448730
vt 0.353370 0.457380
vt 0.358610 0.466240
vt 0.362320 0.454800
vt 0.367060 0.463020
vt 0.370530 0.452250
vt 0.375270 0.460760
vt 0.366190 0.443520
vt 0.373390 0.441150
vt 0.377400 0.450050
vt 0.380120 0.438900
vt 0.383660 0.448090
vt 0.386710 0.457480
vt 0.389850 0.446480
vt 0.392320 0.456100
vt 0.394260 0.466510
vt 0.389400 0.467850
vt 0.399550 0.466050
vt 0.398560 0.455210
vt 0.405650 0.466640
vt 0.411820 0.456250
vt 0.412150 0.467870
vt 0.418810 0.469210
vt 0.418800 0.457440
vt 0.425780 0.470630
vt 0.426020 0.458810
vt 0.433070 0.472160
vt 0.441210 0.462080
vt 0.440710 0.473770
vt 0.448750 0.475360
vt 0.449320 0.463850
vt 0.457080 0.476820
vt 0.457850 0.465630
vt 0.466010 0.478290
vt 0.466750 0.467440
vt 0.475760 0.479710
vt 0.476190 0.469150
vt 0.485880 0.480940
vt 0.486020 0.470590
vt 0.496460 0.481350
vt 0.496030 0.471190
vt 0.507230 0.480470
vt 0.506500 0.470690
vt 0.518400 0.479010
vt 0.517340 0.469440
vt 0.529800 0.477070
vt 0.528450 0.467510
vt 0.540960 0.474230
vt 0.539150 0.464440
vt 0.551340 0.469770
vt 0.548890 0.459690
vt 0.560730 0.463630
vt 0.557830 0.453530
vt 0.569490 0.456510
vt 0.566410 0.446540
vt 0.578260 0.449570
vt 0.574980 0.439660
vt 0.587070 0.442760
vt 0.583640 0.432970
vt 0.596070 0.435750
vt 0.592550 0.426080
vt 0.605490 0.428870
vt 0.601990 0.419060
vt 0.615160 0.421910
vt 0.611720 0.412080
vt 0.625040 0.414440
vt 0.628560 0.424230
vt 0.621470 0.404600
vt 0.634800 0.406590
vt 0.638520 0.416460
vt 0.648330 0.409080
vt 0.644420 0.399020
vt 0.657710 0.401790
vt 0.661730 0.412190
vt 0.653330 0.391450
vt 0.666070 0.393970
vt 0.670740 0.404700
vt 0.678430 0.396630
vt 0.673200 0.385510
vt 0.685100 0.387950
vt 0.679470 0.376490
vt 0.690760 0.377890
vt 0.684950 0.366440
vt 0.695780 0.366680
vt 0.701610 0.378270
vt 0.690060 0.355390
vt 0.700960 0.355530
vt 0.706720 0.367070
vt 0.711970 0.356270
vt 0.706440 0.344600
vt 0.717540 0.346100
vt 0.712190 0.334180
vt 0.723570 0.337120
vt 0.718360 0.324930
vt 0.729910 0.328670
vt 0.724680 0.316280
vt 0.736140 0.320020
vt 0.741140 0.333010
vt 0.730690 0.307530
vt 0.741720 0.310650
vt 0.747290 0.323180
vt 0.752390 0.312110
vt 0.757700 0.321890
vt 0.762300 0.309540
vt 0.767860 0.317960
vt 0.773580 0.326060
vt 0.771920 0.305090
vt 0.777650 0.312990
vt 0.783400 0.320560
vt 0.781150 0.299780
vt 0.786890 0.307200
vt 0.792700 0.314340
vt 0.789920 0.294350
vt 0.795700 0.301500
vt 0.798310 0.289630
vt 0.804100 0.296400
vt 0.806190 0.285270
vt 0.811880 0.291110
vt 0.813200 0.279970
vt 0.818840 0.284800
vt 0.819060 0.273380
vt 0.824800 0.277630
vt 0.824270 0.266970
vt 0.830200 0.270970
vt 0.829350 0.261830
vt 0.835370 0.265440
vt 0.841990 0.268070
vt 0.846420 0.259660
vt 0.849410 0.269820
vt 0.852670 0.257960
vt 0.857030 0.270040
vt 0.859170 0.255360
vt 0.864460 0.268700
vt 0.866200 0.252110
vt 0.872120 0.266530
vt 0.873630 0.248570
vt 0.880100 0.263740
vt 0.881850 0.244340
vt 0.888590 0.260340
vt 0.890440 0.239890
vt 0.897630 0.256540
vt 0.903080 0.273380
vt 0.899770 0.235440
vt 0.907280 0.252550
vt 0.913230 0.269820
vt 0.917840 0.248380
vt 0.924050 0.266030
vt 0.929360 0.243950
vt 0.935830 0.262210
vt 0.941480 0.239750
vt 0.948290 0.258690
vt 0.954460 0.236210
vt 0.961510 0.255760
vt 0.968580 0.233290
vt 0.975570 0.253590
vt 0.966390 0.275410
vt 0.984020 0.232200
vt 0.990800 0.252860
vt 0.008550 0.488080
vt 0.020130 0.465480
vt 0.024120 0.492170
vt 0.014410 0.515590
vt 0.034830 0.471530
vt 0.039020 0.496770
vt 0.048650 0.476520
vt 0.053330 0.500700
vt 0.061320 0.479940
vt 0.066480 0.503210
vt 0.072820 0.481160
vt 0.078720 0.504400
vt 0.083370 0.480750
vt 0.089420 0.503940
vt 0.092990 0.479230
vt 0.099070 0.502420
vt 0.115210 0.523440
vt 0.106060 0.525570
vt 0.107880 0.500320
vt 0.123580 0.520600
vt 0.132550 0.542660
vt 0.116060 0.497790
vt 0.131210 0.516760
vt 0.140040 0.538640
vt 0.146960 0.533410
vt 0.138320 0.511970
vt 0.153280 0.526960
vt 0.145100 0.506550
vt 0.159610 0.519970
vt 0.151990 0.500830
vt 0.165970 0.512910
vt 0.174320 0.530420
vt 0.158870 0.495110
vt 0.172260 0.506030
vt 0.179890 0.521970
vt 0.185600 0.513080
vt 0.178570 0.498520
vt 0.191460 0.502990
vt 0.198620 0.516000
vt 0.185160 0.489500
vt 0.197330 0.491170
vt 0.203700 0.503280
vt 0.209100 0.489750
vt 0.203110 0.478410
vt 0.214360 0.475640
vt 0.208750 0.464980
vt 0.219720 0.461320
vt 0.214400 0.451180
vt 0.225240 0.447220
vt 0.220110 0.437510
vt 0.230880 0.433710
vt 0.225790 0.424100
vt 0.236480 0.420600
vt 0.231590 0.410860
vt 0.242380 0.407650
vt 0.237780 0.397950
vt 0.248860 0.395590
vt 0.253280 0.405470
vt 0.244520 0.385860
vt 0.255720 0.384640
vt 0.259860 0.394840
vt 0.266960 0.385370
vt 0.271040 0.396340
vt 0.264290 0.405550
vt 0.278470 0.388050
vt 0.282330 0.400360
vt 0.275290 0.408100
vt 0.290280 0.393960
vt 0.293900 0.407140
vt 0.286450 0.413030
vt 0.302280 0.402710
vt 0.297980 0.420220
vt 0.305950 0.415830
vt 0.311050 0.399180
vt 0.314770 0.412160
vt 0.318760 0.423810
vt 0.323650 0.409040
vt 0.327820 0.420840
vt 0.331850 0.431790
vt 0.336660 0.418550
vt 0.340850 0.429320
vt 0.344980 0.439360
vt 0.349570 0.426840
vt 0.353820 0.436720
vt 0.357640 0.424430
vt 0.361890 0.434250
vt 0.358050 0.446050
vt 0.365150 0.422160
vt 0.369280 0.431930
vt 0.372420 0.420050
vt 0.376320 0.429660
vt 0.379730 0.418210
vt 0.383350 0.427660
vt 0.386770 0.437000
vt 0.390670 0.426270
vt 0.393760 0.435720
vt 0.396410 0.445350
vt 0.401130 0.435010
vt 0.403360 0.445040
vt 0.408720 0.435250
vt 0.410560 0.445440
vt 0.404990 0.455430
vt 0.416580 0.436050
vt 0.417980 0.446330
vt 0.424630 0.437110
vt 0.425640 0.447500
vt 0.432820 0.438490
vt 0.433430 0.448970
vt 0.441280 0.440120
vt 0.441550 0.450680
vt 0.433510 0.460360
vt 0.449950 0.442010
vt 0.449880 0.452620
vt 0.458750 0.443890
vt 0.458540 0.454630
vt 0.467630 0.445700
vt 0.467410 0.456570
vt 0.476600 0.447430
vt 0.476580 0.458390
vt 0.485770 0.448870
vt 0.486050 0.459800
vt 0.495140 0.449790
vt 0.495660 0.460590
vt 0.505690 0.460510
vt 0.504830 0.450210
vt 0.516210 0.459510
vt 0.514850 0.449750
vt 0.526840 0.457750
vt 0.525020 0.448070
vt 0.537000 0.454480
vt 0.534650 0.444710
vt 0.546270 0.449550
vt 0.543490 0.439760
vt 0.554950 0.443410
vt 0.551860 0.433620
vt 0.563310 0.436500
vt 0.559920 0.426710
vt 0.571640 0.429670
vt 0.568010 0.419890
vt 0.580150 0.423120
vt 0.576360 0.413390
vt 0.589040 0.416480
vt 0.585370 0.407070
vt 0.598510 0.409640
vt 0.594830 0.400460
vt 0.608210 0.402470
vt 0.604460 0.393260
vt 0.617790 0.394880
vt 0.613840 0.385510
vt 0.626970 0.386950
vt 0.631060 0.396700
vt 0.622610 0.377460
vt 0.635630 0.378970
vt 0.640320 0.388970
vt 0.648540 0.381140
vt 0.643290 0.370840
vt 0.655700 0.372820
vt 0.661070 0.383290
vt 0.650120 0.362350
vt 0.662010 0.363920
vt 0.667810 0.374560
vt 0.673740 0.365370
vt 0.667830 0.354580
vt 0.679110 0.355320
vt 0.673200 0.344390
vt 0.684330 0.344460
vt 0.678710 0.333660
vt 0.689910 0.333490
vt 0.695490 0.344310
vt 0.684360 0.322780
vt 0.695470 0.322640
vt 0.701130 0.333470
vt 0.706780 0.322970
vt 0.701220 0.312370
vt 0.712930 0.313490
vt 0.707260 0.302660
vt 0.719090 0.304550
vt 0.713100 0.293220
vt 0.724740 0.295320
vt 0.718400 0.283440
vt 0.729760 0.285490
vt 0.736030 0.298030
vt 0.723170 0.273240
vt 0.734040 0.275070
vt 0.740740 0.287640
vt 0.746750 0.300450
vt 0.744550 0.276770
vt 0.751100 0.288920
vt 0.756800 0.299960
vt 0.754590 0.277000
vt 0.760780 0.287390
vt 0.766310 0.296620
vt 0.764050 0.274690
vt 0.769930 0.283480
vt 0.775510 0.291890
vt 0.772940 0.270590
vt 0.778740 0.278900
vt 0.784300 0.286840
vt 0.781610 0.266730
vt 0.787250 0.274730
vt 0.792720 0.282390
vt 0.790060 0.264400
vt 0.795380 0.271890
vt 0.800700 0.278890
vt 0.797600 0.262660
vt 0.802640 0.268940
vt 0.807840 0.274740
vt 0.803470 0.258890
vt 0.808430 0.263920
vt 0.813600 0.268770
vt 0.807570 0.252860
vt 0.813000 0.257650
vt 0.818540 0.262500
vt 0.811580 0.247310
vt 0.817600 0.252420
vt 0.816800 0.243570
vt 0.822950 0.249060
vt 0.823430 0.257390
vt 0.823610 0.242510
vt 0.818980 0.229410
vt 0.825630 0.236490
vt 0.821430 0.223010
vt 0.828670 0.231140
vt 0.835320 0.239680
vt 0.832430 0.225940
vt 0.839820 0.235650
vt 0.841500 0.249400
vt 0.846680 0.246310
vt 0.844980 0.231240
vt 0.852480 0.242760
vt 0.850790 0.226390
vt 0.858940 0.238740
vt 0.857190 0.221050
vt 0.865900 0.234280
vt 0.864130 0.215160
vt 0.873520 0.229240
vt 0.871780 0.208900
vt 0.881660 0.223850
vt 0.880210 0.202560
vt 0.890630 0.218630
vt 0.889550 0.196780
vt 0.900420 0.213620
vt 0.910000 0.230860
vt 0.910930 0.208250
vt 0.920970 0.225890
vt 0.922300 0.202540
vt 0.932700 0.220880
vt 0.935070 0.197720
vt 0.945530 0.216730
vt 0.949340 0.194040
vt 0.959730 0.213490
vt 0.965260 0.191630
vt 0.975570 0.211950
vt 0.002150 0.432000
vt 0.016520 0.412150
vt 0.017530 0.438890
vt 0.004800 0.459450
vt 0.030400 0.419490
vt 0.031990 0.445690
vt 0.043190 0.425900
vt 0.045320 0.451560
vt 0.054850 0.430520
vt 0.057520 0.455680
vt 0.065380 0.432740
vt 0.068450 0.457340
vt 0.075390 0.433270
vt 0.078810 0.457280
vt 0.084920 0.432660
vt 0.088320 0.456010
vt 0.094080 0.431560
vt 0.097410 0.454270
vt 0.101820 0.477170
vt 0.110250 0.474920
vt 0.105970 0.452490
vt 0.118220 0.472430
vt 0.123770 0.494640
vt 0.114100 0.450710
vt 0.126080 0.469570
vt 0.131170 0.490660
vt 0.138610 0.486310
vt 0.133800 0.466470
vt 0.145990 0.481780
vt 0.141480 0.463210
vt 0.153390 0.477120
vt 0.149130 0.459760
vt 0.160610 0.472600
vt 0.165620 0.489570
vt 0.156470 0.456190
vt 0.167810 0.467740
vt 0.172470 0.483440
vt 0.179630 0.475430
vt 0.174990 0.460960
vt 0.186320 0.465570
vt 0.191490 0.478720
vt 0.181870 0.452220
vt 0.192800 0.454420
vt 0.197480 0.466650
vt 0.203520 0.453750
vt 0.198870 0.442320
vt 0.209420 0.440720
vt 0.204620 0.429770
vt 0.215220 0.427550
vt 0.210470 0.417260
vt 0.221020 0.414380
vt 0.216410 0.404530
vt 0.226990 0.401150
vt 0.222560 0.391580
vt 0.233470 0.388200
vt 0.229210 0.378680
vt 0.240330 0.376040
vt 0.236070 0.366240
vt 0.247190 0.365040
vt 0.251480 0.374830
vt 0.242850 0.354840
vt 0.254120 0.355120
vt 0.258460 0.365020
vt 0.260960 0.346530
vt 0.265690 0.356180
vt 0.262780 0.374980
vt 0.270030 0.366100
vt 0.272930 0.348020
vt 0.277650 0.357940
vt 0.274330 0.376660
vt 0.282070 0.368860
vt 0.285520 0.350060
vt 0.290460 0.361460
vt 0.286410 0.381000
vt 0.304100 0.369190
vt 0.294850 0.374930
vt 0.298780 0.388870
vt 0.316620 0.381560
vt 0.307600 0.384890
vt 0.319860 0.396150
vt 0.325460 0.379650
vt 0.328690 0.393870
vt 0.332420 0.406720
vt 0.337120 0.392260
vt 0.340910 0.404840
vt 0.345220 0.416370
vt 0.349030 0.403050
vt 0.353310 0.414060
vt 0.356930 0.401110
vt 0.361020 0.411860
vt 0.364730 0.399420
vt 0.368550 0.409930
vt 0.372670 0.398140
vt 0.376180 0.408390
vt 0.380880 0.397500
vt 0.384100 0.407260
vt 0.387350 0.416900
vt 0.392520 0.406820
vt 0.395470 0.416210
vt 0.398320 0.425610
vt 0.403960 0.416190
vt 0.406440 0.425530
vt 0.412640 0.416880
vt 0.414740 0.426340
vt 0.421290 0.417850
vt 0.423130 0.427380
vt 0.429880 0.419020
vt 0.431580 0.428650
vt 0.438610 0.420500
vt 0.440260 0.430190
vt 0.447610 0.422110
vt 0.449170 0.431930
vt 0.456670 0.423620
vt 0.458090 0.433570
vt 0.465700 0.424920
vt 0.467030 0.435030
vt 0.474810 0.426180
vt 0.476040 0.436540
vt 0.483980 0.427490
vt 0.485110 0.438000
vt 0.493180 0.428470
vt 0.494380 0.439050
vt 0.502370 0.429020
vt 0.503750 0.439630
vt 0.511530 0.429030
vt 0.513410 0.439500
vt 0.520650 0.427780
vt 0.522990 0.438100
vt 0.532070 0.434780
vt 0.529110 0.424640
vt 0.540480 0.430070
vt 0.537030 0.420000
vt 0.548440 0.424030
vt 0.544730 0.414370
vt 0.556210 0.417250
vt 0.552320 0.407970
vt 0.564150 0.410450
vt 0.560160 0.401430
vt 0.572570 0.404070
vt 0.577550 0.388980
vt 0.581530 0.397880
vt 0.587040 0.382630
vt 0.590940 0.391410
vt 0.600580 0.384390
vt 0.596610 0.375740
vt 0.609680 0.376560
vt 0.605340 0.367760
vt 0.617960 0.368350
vt 0.613160 0.359250
vt 0.625410 0.359900
vt 0.630690 0.369280
vt 0.620040 0.350420
vt 0.632210 0.351180
vt 0.637970 0.360760
vt 0.644390 0.352070
vt 0.638600 0.342320
vt 0.650430 0.342920
vt 0.656290 0.353350
vt 0.644740 0.332920
vt 0.656100 0.333090
vt 0.662030 0.343740
vt 0.667450 0.333480
vt 0.661930 0.322860
vt 0.673140 0.322620
vt 0.667610 0.311770
vt 0.678860 0.311500
vt 0.673170 0.300400
vt 0.684370 0.300650
vt 0.689940 0.311780
vt 0.678540 0.289310
vt 0.689910 0.290590
vt 0.695720 0.301450
vt 0.701450 0.291760
vt 0.695470 0.281170
vt 0.706850 0.281840
vt 0.700690 0.271310
vt 0.711540 0.271300
vt 0.705510 0.261290
vt 0.716090 0.260930
vt 0.709460 0.250560
vt 0.719920 0.250170
vt 0.727220 0.262440
vt 0.712620 0.239230
vt 0.723350 0.239240
vt 0.730980 0.251490
vt 0.737810 0.264110
vt 0.734400 0.240690
vt 0.741660 0.253100
vt 0.748200 0.265420
vt 0.745220 0.242010
vt 0.751960 0.253710
vt 0.758030 0.264770
vt 0.755480 0.241460
vt 0.761640 0.251990
vt 0.767260 0.261690
vt 0.765290 0.239600
vt 0.770950 0.249320
vt 0.776220 0.258370
vt 0.775040 0.238590
vt 0.780140 0.247750
vt 0.784980 0.256330
vt 0.784490 0.240250
vt 0.780260 0.231250
vt 0.790030 0.236770
vt 0.786500 0.228150
vt 0.795550 0.236920
vt 0.798540 0.229590
vt 0.800670 0.239150
vt 0.804440 0.233070
vt 0.805910 0.242740
vt 0.802540 0.248330
vt 0.803850 0.224240
vt 0.810770 0.229950
vt 0.810610 0.238100
vt 0.811830 0.222400
vt 0.817240 0.236190
vt 0.804640 0.207310
vt 0.813460 0.215040
vt 0.805910 0.199330
vt 0.815620 0.207820
vt 0.824440 0.216680
vt 0.818430 0.200770
vt 0.828080 0.210500
vt 0.836890 0.220570
vt 0.832470 0.204190
vt 0.841970 0.214920
vt 0.837380 0.197310
vt 0.847690 0.208730
vt 0.842820 0.189730
vt 0.853940 0.201960
vt 0.849070 0.181830
vt 0.860930 0.194830
vt 0.856070 0.173520
vt 0.868680 0.187520
vt 0.864190 0.165500
vt 0.877480 0.180730
vt 0.873550 0.158130
vt 0.887340 0.174150
vt 0.899710 0.190890
vt 0.897930 0.167620
vt 0.910680 0.184780
vt 0.910170 0.161200
vt 0.923230 0.179060
vt 0.923690 0.155500
vt 0.937270 0.174600
vt 0.938840 0.150910
vt 0.952820 0.171460
vt 0.002790 0.376630
vt 0.019670 0.358380
vt 0.017030 0.385270
vt 0.001950 0.403970
vt 0.032240 0.366540
vt 0.030370 0.393020
vt 0.043850 0.373420
vt 0.042590 0.399610
vt 0.054600 0.378760
vt 0.053820 0.404500
vt 0.064770 0.382270
vt 0.064190 0.407410
vt 0.074560 0.384250
vt 0.074020 0.408650
vt 0.084060 0.385250
vt 0.083550 0.408930
vt 0.093240 0.385810
vt 0.092760 0.408680
vt 0.101690 0.408320
vt 0.102820 0.430350
vt 0.111370 0.429270
vt 0.110250 0.408070
vt 0.119600 0.428360
vt 0.122150 0.448820
vt 0.118450 0.408080
vt 0.127680 0.427570
vt 0.130050 0.446920
vt 0.137960 0.444940
vt 0.135590 0.426720
vt 0.145730 0.442760
vt 0.143200 0.425830
vt 0.153270 0.440210
vt 0.150650 0.424680
vt 0.160510 0.436940
vt 0.163770 0.451920
vt 0.157970 0.422730
vt 0.167710 0.432440
vt 0.170900 0.446470
vt 0.177870 0.438680
vt 0.174570 0.425330
vt 0.184270 0.428900
vt 0.188310 0.441730
vt 0.180680 0.416160
vt 0.190290 0.417990
vt 0.194210 0.430310
vt 0.200110 0.418470
vt 0.195890 0.406810
vt 0.206040 0.406460
vt 0.201460 0.395550
vt 0.211910 0.394290
vt 0.207460 0.383980
vt 0.218180 0.381910
vt 0.213860 0.372120
vt 0.224890 0.369210
vt 0.220630 0.359950
vt 0.231710 0.356490
vt 0.227160 0.346840
vt 0.238410 0.344560
vt 0.233570 0.334480
vt 0.244870 0.334760
vt 0.249480 0.345110
vt 0.246880 0.315770
vt 0.251530 0.326370
vt 0.256110 0.336660
vt 0.258350 0.319010
vt 0.263060 0.329090
vt 0.267920 0.338620
vt 0.270130 0.322120
vt 0.275160 0.331380
vt 0.280300 0.340420
vt 0.282520 0.324520
vt 0.288040 0.333080
vt 0.289720 0.318110
vt 0.296070 0.325510
vt 0.293730 0.341640
vt 0.295960 0.312610
vt 0.302100 0.318310
vt 0.301450 0.306850
vt 0.306800 0.311260
vt 0.307810 0.322650
vt 0.312310 0.314610
vt 0.311910 0.302700
vt 0.317300 0.305620
vt 0.318420 0.318080
vt 0.323240 0.308700
vt 0.326110 0.322130
vt 0.330050 0.312040
vt 0.334400 0.325640
vt 0.331890 0.336450
vt 0.342630 0.328700
vt 0.340890 0.339440
vt 0.331050 0.348940
vt 0.340060 0.351270
vt 0.332020 0.363880
vt 0.349430 0.341900
vt 0.348780 0.353120
vt 0.340610 0.364530
vt 0.348990 0.365100
vt 0.342300 0.378010
vt 0.357270 0.354680
vt 0.357480 0.365800
vt 0.350470 0.377560
vt 0.358720 0.377230
vt 0.353190 0.389760
vt 0.366060 0.366630
vt 0.367250 0.377180
vt 0.361250 0.388480
vt 0.369510 0.387740
vt 0.376020 0.377640
vt 0.378130 0.387650
vt 0.385140 0.378630
vt 0.387110 0.387970
vt 0.389590 0.397340
vt 0.396340 0.388570
vt 0.398740 0.397720
vt 0.401320 0.407020
vt 0.407990 0.398490
vt 0.410340 0.407630
vt 0.417200 0.399350
vt 0.419270 0.408460
vt 0.426210 0.400290
vt 0.428030 0.409530
vt 0.435100 0.401650
vt 0.436810 0.410950
vt 0.444100 0.403290
vt 0.445840 0.412600
vt 0.453210 0.404780
vt 0.454950 0.414060
vt 0.462350 0.405890
vt 0.464060 0.415230
vt 0.471570 0.406860
vt 0.473220 0.416320
vt 0.480800 0.407760
vt 0.482450 0.417410
vt 0.489850 0.408210
vt 0.491640 0.418210
vt 0.498650 0.408180
vt 0.500670 0.418550
vt 0.507290 0.407720
vt 0.509560 0.418450
vt 0.515220 0.406310
vt 0.518020 0.417170
vt 0.525940 0.414250
vt 0.522800 0.403620
vt 0.533540 0.409900
vt 0.530140 0.399530
vt 0.541040 0.404540
vt 0.537430 0.394500
vt 0.548480 0.398600
vt 0.544670 0.388900
vt 0.556170 0.392430
vt 0.552310 0.383130
vt 0.564540 0.386340
vt 0.568530 0.395090
vt 0.569770 0.371680
vt 0.573610 0.380280
vt 0.579110 0.365560
vt 0.583090 0.374020
vt 0.592520 0.367140
vt 0.587920 0.358500
vt 0.600770 0.358850
vt 0.595860 0.350370
vt 0.608110 0.350010
vt 0.602630 0.341270
vt 0.614680 0.341000
vt 0.608950 0.331960
vt 0.620900 0.332130
vt 0.626570 0.341680
vt 0.615050 0.322870
vt 0.627220 0.323420
vt 0.633010 0.332750
vt 0.639130 0.323280
vt 0.633380 0.313960
vt 0.644980 0.313030
vt 0.650560 0.322840
vt 0.639100 0.303650
vt 0.650590 0.302540
vt 0.656470 0.312420
vt 0.662000 0.301350
vt 0.655970 0.291620
vt 0.667310 0.289790
vt 0.660970 0.280060
vt 0.672350 0.278610
vt 0.665570 0.268470
vt 0.677520 0.268670
vt 0.684050 0.279740
vt 0.670250 0.258010
vt 0.683330 0.260710
vt 0.689800 0.271250
vt 0.695490 0.262710
vt 0.689050 0.252910
vt 0.699870 0.252560
vt 0.692730 0.242900
vt 0.702740 0.241260
vt 0.694970 0.231560
vt 0.705230 0.229420
vt 0.697110 0.219570
vt 0.708120 0.217370
vt 0.715870 0.227830
vt 0.699920 0.207210
vt 0.711760 0.205350
vt 0.719800 0.216590
vt 0.727130 0.228400
vt 0.724130 0.205350
vt 0.731650 0.217520
vt 0.738490 0.229870
vt 0.736330 0.205740
vt 0.743110 0.218140
vt 0.749330 0.230160
vt 0.748340 0.205820
vt 0.754170 0.217720
vt 0.759630 0.229030
vt 0.760400 0.207370
vt 0.765210 0.218440
vt 0.770030 0.228910
vt 0.771990 0.211340
vt 0.776180 0.221620
vt 0.783100 0.218810
vt 0.779730 0.208610
vt 0.790050 0.218410
vt 0.792720 0.227960
vt 0.787630 0.208320
vt 0.796840 0.219980
vt 0.795720 0.210380
vt 0.785760 0.198320
vt 0.795080 0.201120
vt 0.803920 0.215690
vt 0.784250 0.188190
vt 0.794960 0.191960
vt 0.783400 0.178270
vt 0.795710 0.183440
vt 0.807680 0.191490
vt 0.797320 0.175140
vt 0.810210 0.183820
vt 0.821980 0.193720
vt 0.813610 0.176110
vt 0.826130 0.186440
vt 0.817740 0.167780
vt 0.830840 0.178410
vt 0.822570 0.158650
vt 0.836290 0.169770
vt 0.828070 0.148720
vt 0.842500 0.160560
vt 0.834580 0.138520
vt 0.849970 0.151500
vt 0.842740 0.128900
vt 0.858760 0.143070
vt 0.852220 0.119900
vt 0.868850 0.135000
vt 0.884100 0.150830
vt 0.879810 0.126880
vt 0.895740 0.143690
vt 0.892090 0.119150
vt 0.908580 0.136940
vt 0.906240 0.111960
vt 0.923130 0.131250
vt 0.011650 0.322530
vt 0.031480 0.306280
vt 0.024410 0.331960
vt 0.006510 0.349220
vt 0.042940 0.314920
vt 0.036420 0.340410
vt 0.053560 0.322020
vt 0.047490 0.347430
vt 0.063360 0.327750
vt 0.057730 0.353050
vt 0.072630 0.332290
vt 0.067490 0.357230
vt 0.081720 0.335730
vt 0.077100 0.359960
vt 0.090750 0.338270
vt 0.086450 0.361680
vt 0.099680 0.340510
vt 0.095580 0.362990
vt 0.104430 0.364310
vt 0.102110 0.386240
vt 0.116750 0.345760
vt 0.112960 0.366100
vt 0.110610 0.386940
vt 0.121040 0.368340
vt 0.118890 0.388080
vt 0.128940 0.371000
vt 0.126910 0.389450
vt 0.136720 0.374030
vt 0.134810 0.391010
vt 0.126480 0.408380
vt 0.134310 0.408630
vt 0.142430 0.392840
vt 0.142010 0.409070
vt 0.149440 0.409440
vt 0.149720 0.394710
vt 0.144260 0.377450
vt 0.151530 0.381190
vt 0.154810 0.369040
vt 0.161450 0.375390
vt 0.159050 0.357740
vt 0.165580 0.365290
vt 0.167900 0.383320
vt 0.177410 0.383410
vt 0.173080 0.393000
vt 0.182130 0.394050
vt 0.177160 0.404030
vt 0.171440 0.412670
vt 0.165020 0.418820
vt 0.186300 0.405780
vt 0.187290 0.383440
vt 0.191490 0.394960
vt 0.197120 0.384190
vt 0.192580 0.372940
vt 0.203060 0.373420
vt 0.198380 0.362380
vt 0.209590 0.362420
vt 0.204500 0.351710
vt 0.215930 0.350630
vt 0.210460 0.340640
vt 0.221880 0.337580
vt 0.216540 0.328480
vt 0.228260 0.324760
vt 0.223370 0.315610
vt 0.235220 0.314130
vt 0.240090 0.324310
vt 0.238180 0.294850
vt 0.242330 0.305130
vt 0.246260 0.286800
vt 0.249640 0.297550
vt 0.253760 0.308430
vt 0.257290 0.291240
vt 0.261010 0.302090
vt 0.265330 0.312380
vt 0.268480 0.296300
vt 0.272570 0.306280
vt 0.277260 0.315620
vt 0.279710 0.300810
vt 0.284260 0.309730
vt 0.286600 0.295950
vt 0.290810 0.304570
vt 0.293040 0.291850
vt 0.296680 0.300210
vt 0.298990 0.288250
vt 0.302520 0.294840
vt 0.306920 0.299400
vt 0.308280 0.287800
vt 0.312650 0.290840
vt 0.317480 0.293220
vt 0.318610 0.281030
vt 0.323470 0.283000
vt 0.322640 0.295880
vt 0.328490 0.285510
vt 0.328240 0.298800
vt 0.333770 0.288470
vt 0.334390 0.302050
vt 0.339440 0.291800
vt 0.341170 0.305300
vt 0.337430 0.315350
vt 0.345600 0.295070
vt 0.348260 0.308410
vt 0.344980 0.318440
vt 0.352780 0.321310
vt 0.350740 0.331360
vt 0.360620 0.323990
vt 0.358940 0.333840
vt 0.357750 0.343970
vt 0.367150 0.336360
vt 0.366190 0.346090
vt 0.365740 0.356200
vt 0.374810 0.348500
vt 0.374540 0.358040
vt 0.374840 0.367740
vt 0.383630 0.360290
vt 0.384010 0.369400
vt 0.392970 0.362690
vt 0.393550 0.371260
vt 0.394600 0.379830
vt 0.403210 0.372790
vt 0.404280 0.381110
vt 0.405830 0.389650
vt 0.413780 0.382290
vt 0.415290 0.390650
vt 0.423030 0.383070
vt 0.424510 0.391480
vt 0.432110 0.383890
vt 0.433540 0.392620
vt 0.441080 0.385370
vt 0.442540 0.394210
vt 0.450040 0.386920
vt 0.451570 0.395750
vt 0.459060 0.388070
vt 0.460690 0.396870
vt 0.468190 0.388800
vt 0.469880 0.397670
vt 0.477190 0.389140
vt 0.479030 0.398320
vt 0.485750 0.388950
vt 0.487860 0.398460
vt 0.493970 0.388260
vt 0.496410 0.398120
vt 0.501800 0.386990
vt 0.504710 0.397270
vt 0.509250 0.385130
vt 0.512410 0.395540
vt 0.519750 0.392770
vt 0.516490 0.382330
vt 0.526850 0.388860
vt 0.523380 0.378450
vt 0.533870 0.384050
vt 0.530270 0.373800
vt 0.541000 0.378800
vt 0.537490 0.368840
vt 0.548740 0.373440
vt 0.545320 0.363780
vt 0.557110 0.368220
vt 0.560680 0.377430
vt 0.553600 0.358780
vt 0.566000 0.362780
vt 0.562110 0.353610
vt 0.574920 0.356910
vt 0.570510 0.347920
vt 0.583190 0.349910
vt 0.578250 0.341350
vt 0.590640 0.342000
vt 0.585170 0.333690
vt 0.597080 0.332920
vt 0.591360 0.324890
vt 0.603110 0.323360
vt 0.597230 0.315340
vt 0.609230 0.313990
vt 0.603110 0.305560
vt 0.615270 0.305020
vt 0.621350 0.314080
vt 0.608900 0.296200
vt 0.621080 0.295750
vt 0.627490 0.304770
vt 0.632910 0.294590
vt 0.626260 0.285640
vt 0.637910 0.283960
vt 0.644500 0.293080
vt 0.631030 0.275000
vt 0.642710 0.273320
vt 0.649650 0.282300
vt 0.654290 0.270940
vt 0.646900 0.262050
vt 0.658160 0.259000
vt 0.650230 0.250240
vt 0.662050 0.247950
vt 0.653830 0.238820
vt 0.666670 0.238580
vt 0.675700 0.249380
vt 0.657620 0.228500
vt 0.670700 0.229740
vt 0.680510 0.241150
vt 0.683670 0.231640
vt 0.673700 0.220280
vt 0.685940 0.220940
vt 0.676320 0.209970
vt 0.688280 0.209410
vt 0.679140 0.198960
vt 0.691510 0.197080
vt 0.682820 0.186740
vt 0.695810 0.183780
vt 0.703930 0.194480
vt 0.687260 0.173120
vt 0.701330 0.169730
vt 0.709330 0.181450
vt 0.716630 0.193280
vt 0.716600 0.167910
vt 0.723230 0.180580
vt 0.729680 0.193310
vt 0.732170 0.168050
vt 0.737410 0.180990
vt 0.742740 0.193430
vt 0.747120 0.171400
vt 0.751310 0.183630
vt 0.755680 0.195620
vt 0.761140 0.178090
vt 0.764570 0.189520
vt 0.768170 0.200650
vt 0.774090 0.187360
vt 0.776770 0.198140
vt 0.771710 0.176510
vt 0.757780 0.166480
vt 0.770060 0.166000
vt 0.783580 0.168800
vt 0.769640 0.155950
vt 0.784840 0.159640
vt 0.799850 0.166660
vt 0.787420 0.150250
vt 0.803400 0.158060
vt 0.791230 0.140000
vt 0.807670 0.148530
vt 0.795990 0.128740
vt 0.812630 0.137960
vt 0.800760 0.116420
vt 0.818280 0.126690
vt 0.806900 0.104090
vt 0.825350 0.115730
vt 0.815300 0.092840
vt 0.834250 0.105770
vt 0.825160 0.082240
vt 0.844280 0.095950
vt 0.862550 0.110680
vt 0.855840 0.086400
vt 0.874430 0.102170
vt 0.868740 0.077240
vt 0.888020 0.094260
vt 0.028560 0.271140
vt 0.051330 0.257400
vt 0.040560 0.281360
vt 0.019360 0.296350
vt 0.061860 0.265950
vt 0.051520 0.290270
vt 0.072060 0.272620
vt 0.061900 0.297120
vt 0.081530 0.278160
vt 0.071430 0.302740
vt 0.090170 0.283210
vt 0.080290 0.307450
vt 0.088870 0.311570
vt 0.098280 0.288190
vt 0.097350 0.315240
vt 0.106180 0.293150
vt 0.105860 0.318710
vt 0.114060 0.298110
vt 0.114390 0.322390
vt 0.108380 0.342840
vt 0.122020 0.303550
vt 0.122540 0.326880
vt 0.129620 0.309810
vt 0.130260 0.332100
vt 0.124630 0.349400
vt 0.132590 0.353690
vt 0.137840 0.337910
vt 0.140240 0.358210
vt 0.145170 0.343890
vt 0.147660 0.363370
vt 0.152120 0.350610
vt 0.151140 0.330980
vt 0.157810 0.338580
vt 0.164130 0.346360
vt 0.164010 0.326370
vt 0.170080 0.334600
vt 0.170390 0.354490
vt 0.175930 0.343240
vt 0.176460 0.363300
vt 0.171870 0.373800
vt 0.187280 0.362210
vt 0.182180 0.373000
vt 0.181750 0.352390
vt 0.193070 0.351670
vt 0.187640 0.341450
vt 0.198970 0.341000
vt 0.193740 0.330470
vt 0.205120 0.330000
vt 0.200100 0.319310
vt 0.211610 0.318080
vt 0.207060 0.307550
vt 0.218780 0.305850
vt 0.214670 0.295590
vt 0.226550 0.294440
vt 0.230590 0.304430
vt 0.223090 0.284150
vt 0.234820 0.284620
vt 0.241210 0.265610
vt 0.243580 0.276210
vt 0.250480 0.258190
vt 0.252300 0.269040
vt 0.254420 0.280030
vt 0.260860 0.263330
vt 0.262520 0.274720
vt 0.265010 0.285690
vt 0.270580 0.269880
vt 0.272810 0.280770
vt 0.275870 0.291090
vt 0.280340 0.276470
vt 0.283140 0.286660
vt 0.287280 0.272630
vt 0.289910 0.282940
vt 0.293680 0.269610
vt 0.296040 0.280150
vt 0.299560 0.267610
vt 0.301720 0.278000
vt 0.304640 0.283970
vt 0.309960 0.278020
vt 0.314030 0.279480
vt 0.316130 0.266860
vt 0.320380 0.267990
vt 0.330880 0.257940
vt 0.329730 0.271820
vt 0.324920 0.269550
vt 0.326020 0.255930
vt 0.331050 0.244450
vt 0.321220 0.254420
vt 0.325580 0.242850
vt 0.330250 0.231380
vt 0.319850 0.241840
vt 0.323950 0.230360
vt 0.328630 0.218890
vt 0.317220 0.230110
vt 0.321300 0.218650
vt 0.325980 0.207250
vt 0.313490 0.219360
vt 0.317360 0.207880
vt 0.321620 0.197020
vt 0.308130 0.209800
vt 0.311560 0.198870
vt 0.315270 0.188360
vt 0.301080 0.201710
vt 0.304040 0.191000
vt 0.307570 0.180570
vt 0.292760 0.194280
vt 0.295600 0.183620
vt 0.298990 0.173250
vt 0.281230 0.197960
vt 0.283420 0.187270
vt 0.286090 0.176630
vt 0.302820 0.162610
vt 0.270920 0.191710
vt 0.272910 0.181000
vt 0.289310 0.165990
vt 0.275450 0.170020
vt 0.292970 0.155110
vt 0.259630 0.186500
vt 0.261380 0.175550
vt 0.278430 0.159080
vt 0.263690 0.164090
vt 0.281880 0.148060
vt 0.247460 0.182340
vt 0.249010 0.170960
vt 0.266510 0.152930
vt 0.250960 0.159260
vt 0.269830 0.141220
vt 0.234290 0.179420
vt 0.235260 0.167900
vt 0.253300 0.147730
vt 0.236170 0.156280
vt 0.255170 0.136240
vt 0.219460 0.177950
vt 0.218970 0.167030
vt 0.236770 0.145310
vt 0.218100 0.156050
vt 0.236780 0.134310
vt 0.202050 0.179090
vt 0.199890 0.168600
vt 0.217050 0.145460
vt 0.197420 0.157930
vt 0.215760 0.134420
vt 0.182520 0.182280
vt 0.178720 0.172050
vt 0.195280 0.147210
vt 0.171740 0.150140
vt 0.175030 0.161240
vt 0.161460 0.186800
vt 0.156420 0.176480
vt 0.151360 0.165660
vt 0.146230 0.154660
vt 0.139050 0.192900
vt 0.132330 0.183340
vt 0.125490 0.173380
vt 0.118800 0.162630
vt 0.106490 0.194680
vt 0.098510 0.184780
vt 0.090750 0.173200
vt 0.080630 0.208710
vt 0.071500 0.197530
vt 0.814690 0.058620
vt 0.800150 0.034700
vt 0.825100 0.047150
vt 0.054840 0.222260
vt 0.836130 0.071740
vt 0.847970 0.061640
vt 0.795400 0.081720
vt 0.782510 0.059310
vt 0.804740 0.069950
vt 0.791050 0.046850
vt 0.774540 0.072620
vt 0.759050 0.050920
vt 0.765580 0.037060
vt 0.739290 0.030010
vt 0.745640 0.015410
vt 0.773530 0.024130
vt 0.717380 0.009430
vt 0.133250 0.129530
vt 0.161750 0.125660
vt 0.140210 0.142780
vt 0.111420 0.150340
vt 0.155610 0.111450
vt 0.183400 0.110900
vt 0.188360 0.123850
vt 0.167290 0.138430
vt 0.210260 0.110940
vt 0.213610 0.122800
vt 0.192630 0.135820
vt 0.232870 0.099820
vt 0.235460 0.111620
vt 0.236390 0.122900
vt 0.258360 0.102100
vt 0.257730 0.113490
vt 0.256610 0.124620
vt 0.279630 0.105920
vt 0.276330 0.117550
vt 0.273200 0.129110
vt 0.295400 0.112540
vt 0.290370 0.124540
vt 0.285970 0.136330
vt 0.306860 0.121130
vt 0.301520 0.132850
vt 0.297070 0.143970
vt 0.316940 0.129610
vt 0.311690 0.140780
vt 0.320620 0.148730
vt 0.307010 0.151730
vt 0.315770 0.159360
vt 0.328640 0.156700
vt 0.323670 0.166990
vt 0.311460 0.170060
vt 0.335840 0.165140
vt 0.330640 0.175530
vt 0.319280 0.177780
vt 0.341430 0.174650
vt 0.335990 0.185100
vt 0.325970 0.186280
vt 0.345300 0.185300
vt 0.339390 0.196070
vt 0.330950 0.196040
vt 0.347060 0.197380
vt 0.340900 0.208450
vt 0.333780 0.207490
vt 0.347520 0.210320
vt 0.341580 0.221410
vt 0.335370 0.219830
vt 0.347490 0.223680
vt 0.341690 0.234970
vt 0.336130 0.232930
vt 0.347020 0.237650
vt 0.341310 0.248980
vt 0.336270 0.246500
vt 0.352150 0.240730
vt 0.346310 0.252060
vt 0.340590 0.263390
vt 0.335790 0.260420
vt 0.351220 0.255430
vt 0.345490 0.266820
vt 0.339620 0.277720
vt 0.334610 0.274580
vt 0.344940 0.281190
vt 0.350520 0.270220
vt 0.350600 0.284540
vt 0.355810 0.273540
vt 0.356590 0.287660
vt 0.352130 0.298170
vt 0.361400 0.276870
vt 0.362870 0.290900
vt 0.358740 0.301190
vt 0.355440 0.311350
vt 0.365650 0.304320
vt 0.362790 0.314170
vt 0.372800 0.307620
vt 0.370370 0.317240
vt 0.368490 0.326780
vt 0.378090 0.320570
vt 0.376600 0.329890
vt 0.375500 0.339170
vt 0.384870 0.333240
vt 0.384170 0.342290
vt 0.383720 0.351290
vt 0.393000 0.345320
vt 0.392860 0.354060
vt 0.401860 0.347800
vt 0.402050 0.356230
vt 0.402480 0.364520
vt 0.411150 0.357600
vt 0.411830 0.365800
vt 0.412630 0.374030
vt 0.420780 0.366600
vt 0.421790 0.374810
vt 0.429640 0.367330
vt 0.430790 0.375520
vt 0.438480 0.368430
vt 0.439700 0.376810
vt 0.447160 0.369770
vt 0.448630 0.378300
vt 0.455970 0.370910
vt 0.457520 0.379450
vt 0.464660 0.371640
vt 0.466490 0.380170
vt 0.473070 0.371450
vt 0.475200 0.380200
vt 0.481110 0.370600
vt 0.483490 0.379660
vt 0.488820 0.369300
vt 0.491410 0.378630
vt 0.496150 0.367510
vt 0.498970 0.377150
vt 0.503200 0.365270
vt 0.506240 0.375080
vt 0.513170 0.372150
vt 0.509950 0.362350
vt 0.519930 0.368510
vt 0.516540 0.358680
vt 0.526780 0.364070
vt 0.523340 0.354470
vt 0.534030 0.359210
vt 0.530500 0.349920
vt 0.541790 0.354310
vt 0.537990 0.345170
vt 0.549810 0.349390
vt 0.545640 0.340280
vt 0.557890 0.344290
vt 0.553320 0.335180
vt 0.565710 0.338690
vt 0.560670 0.329590
vt 0.572950 0.332320
vt 0.567410 0.323170
vt 0.579440 0.324960
vt 0.573630 0.316190
vt 0.585490 0.316710
vt 0.579490 0.308230
vt 0.591260 0.307460
vt 0.585120 0.299350
vt 0.596920 0.297630
vt 0.590580 0.289760
vt 0.602430 0.287810
vt 0.595790 0.279830
vt 0.607640 0.277950
vt 0.614520 0.286880
vt 0.600610 0.269800
vt 0.612260 0.267830
vt 0.619530 0.276630
vt 0.623820 0.265980
vt 0.616240 0.257070
vt 0.627690 0.255120
vt 0.635440 0.264280
vt 0.619640 0.245960
vt 0.630760 0.243720
vt 0.639090 0.252930
vt 0.642180 0.241260
vt 0.633760 0.232190
vt 0.645420 0.229810
vt 0.636670 0.220730
vt 0.648500 0.218880
vt 0.639170 0.209450
vt 0.651230 0.208520
vt 0.660930 0.218800
vt 0.641520 0.198490
vt 0.653780 0.198440
vt 0.663900 0.209080
vt 0.666540 0.199070
vt 0.656660 0.188290
vt 0.669770 0.188340
vt 0.660380 0.177800
vt 0.673790 0.176180
vt 0.664460 0.166130
vt 0.677990 0.162560
vt 0.668110 0.152680
vt 0.683350 0.147400
vt 0.692890 0.158190
vt 0.672510 0.137690
vt 0.692140 0.131620
vt 0.679440 0.122230
vt 0.660600 0.129110
vt 0.664970 0.114370
vt 0.669800 0.101460
vt 0.686870 0.109370
vt 0.672440 0.087840
vt 0.690450 0.094600
vt 0.671160 0.070250
vt 0.690050 0.074590
vt 0.708390 0.077420
vt 0.688720 0.055570
vt 0.710220 0.058510
vt 0.728100 0.079740
vt 0.731690 0.061430
vt 0.748400 0.082750
vt 0.743410 0.100430
vt 0.753260 0.066030
vt 0.768570 0.087810
vt 0.762800 0.102810
vt 0.759070 0.118450
vt 0.782450 0.108500
vt 0.777650 0.121630
vt 0.773750 0.134470
vt 0.754680 0.144750
vt 0.755250 0.132250
vt 0.770580 0.145790
vt 0.742870 0.158570
vt 0.755250 0.155240
vt 0.739030 0.146170
vt 0.727150 0.154840
vt 0.787840 0.094600
vt 0.710500 0.040870
vt 0.735000 0.045120
vt 0.686680 0.038100
vt 0.685960 0.021260
vt 0.712560 0.024920
vt 0.659710 0.019550
vt 0.658900 0.002560
vt 0.688760 0.005330
vt 0.631510 0.018000
vt 0.627790 0.001950
vt 0.221280 0.072740
vt 0.205620 0.097820
vt 0.199210 0.083360
vt 0.177420 0.096180
vt 0.228310 0.086950
vt 0.244270 0.064460
vt 0.252130 0.078100
vt 0.256890 0.090280
vt 0.278800 0.070500
vt 0.282420 0.082660
vt 0.282510 0.094040
vt 0.309440 0.076490
vt 0.306320 0.088380
vt 0.301280 0.100100
vt 0.328870 0.084320
vt 0.320400 0.097020
vt 0.313110 0.109000
vt 0.338570 0.094670
vt 0.330220 0.106480
vt 0.339190 0.115700
vt 0.323190 0.118010
vt 0.332210 0.126570
vt 0.347220 0.124850
vt 0.340190 0.135300
vt 0.326000 0.137770
vt 0.354090 0.134420
vt 0.347310 0.144410
vt 0.334100 0.146100
vt 0.359800 0.144700
vt 0.353230 0.154340
vt 0.341370 0.154770
vt 0.364050 0.155690
vt 0.357510 0.165070
vt 0.347180 0.164410
vt 0.366960 0.167200
vt 0.360180 0.176590
vt 0.351340 0.174970
vt 0.368220 0.179300
vt 0.361020 0.189000
vt 0.353590 0.186710
vt 0.367810 0.192120
vt 0.360460 0.202160
vt 0.354040 0.199470
vt 0.366370 0.205570
vt 0.359410 0.215730
vt 0.353700 0.212790
vt 0.364830 0.219340
vt 0.358290 0.229660
vt 0.353060 0.226440
vt 0.369950 0.223240
vt 0.363360 0.233500
vt 0.357080 0.244120
vt 0.368190 0.237700
vt 0.361930 0.247990
vt 0.356070 0.258890
vt 0.366790 0.252220
vt 0.361110 0.262630
vt 0.371720 0.256700
vt 0.366410 0.266550
vt 0.376950 0.261390
vt 0.372030 0.270810
vt 0.382420 0.266330
vt 0.377930 0.275350
vt 0.367300 0.280540
vt 0.373410 0.284560
vt 0.384000 0.280130
vt 0.379830 0.289000
vt 0.369260 0.294340
vt 0.375960 0.298130
vt 0.386470 0.293480
vt 0.383000 0.302240
vt 0.380140 0.311200
vt 0.390210 0.306500
vt 0.387730 0.315210
vt 0.385930 0.324150
vt 0.395430 0.319160
vt 0.394120 0.327810
vt 0.393360 0.336540
vt 0.402350 0.330850
vt 0.401950 0.339320
vt 0.410480 0.333050
vt 0.410430 0.341240
vt 0.410640 0.349420
vt 0.418780 0.342640
vt 0.419270 0.350560
vt 0.419930 0.358500
vt 0.427870 0.351560
vt 0.428700 0.359320
vt 0.436420 0.352540
vt 0.437430 0.360340
vt 0.444760 0.353470
vt 0.446070 0.361540
vt 0.452820 0.354270
vt 0.454440 0.362590
vt 0.460770 0.354720
vt 0.462760 0.363190
vt 0.468570 0.354530
vt 0.470840 0.362890
vt 0.476140 0.353510
vt 0.478640 0.361910
vt 0.483420 0.351830
vt 0.486130 0.360360
vt 0.490460 0.349620
vt 0.493300 0.358350
vt 0.497220 0.346960
vt 0.500210 0.355890
vt 0.506820 0.352820
vt 0.503660 0.343780
vt 0.513320 0.349120
vt 0.510040 0.340060
vt 0.520040 0.345020
vt 0.516540 0.335910
vt 0.526930 0.340560
vt 0.523160 0.331450
vt 0.534050 0.335930
vt 0.529870 0.326800
vt 0.541270 0.331100
vt 0.536690 0.321940
vt 0.548510 0.326000
vt 0.543490 0.316830
vt 0.555410 0.320390
vt 0.549950 0.311240
vt 0.561750 0.314120
vt 0.555870 0.305030
vt 0.567640 0.307220
vt 0.561460 0.298320
vt 0.573320 0.299660
vt 0.566880 0.291010
vt 0.578840 0.291270
vt 0.572120 0.282850
vt 0.584080 0.282000
vt 0.577150 0.274040
vt 0.588950 0.272070
vt 0.581800 0.264440
vt 0.593390 0.261860
vt 0.585910 0.254160
vt 0.597160 0.251200
vt 0.604850 0.259320
vt 0.589300 0.243420
vt 0.600300 0.240280
vt 0.608490 0.248360
vt 0.611360 0.237140
vt 0.602770 0.228990
vt 0.613700 0.225550
vt 0.622380 0.234460
vt 0.604800 0.217270
vt 0.615830 0.213930
vt 0.625080 0.222850
vt 0.627480 0.211480
vt 0.617870 0.202410
vt 0.629680 0.200060
vt 0.619800 0.190880
vt 0.631900 0.188830
vt 0.621620 0.179470
vt 0.634610 0.178110
vt 0.644140 0.187990
vt 0.623770 0.168490
vt 0.637970 0.168080
vt 0.647340 0.177670
vt 0.651750 0.168050
vt 0.641530 0.158120
vt 0.655040 0.156780
vt 0.643540 0.147000
vt 0.657680 0.143670
vt 0.645010 0.134450
vt 0.646970 0.120710
vt 0.630500 0.125560
vt 0.631430 0.113120
vt 0.649290 0.106900
vt 0.632430 0.100220
vt 0.651900 0.094130
vt 0.633220 0.087770
vt 0.652840 0.080930
vt 0.632210 0.075000
vt 0.650280 0.065440
vt 0.627840 0.060890
vt 0.644480 0.049530
vt 0.667350 0.052310
vt 0.637770 0.033440
vt 0.662740 0.035830
vt 0.619900 0.046170
vt 0.610640 0.032030
vt 0.602500 0.017250
vt 0.581930 0.031320
vt 0.570840 0.018340
vt 0.595000 0.002540
vt 0.560050 0.004290
vt 0.535930 0.021330
vt 0.520100 0.010180
vt 0.301150 0.051640
vt 0.270180 0.057570
vt 0.309260 0.063780
vt 0.338840 0.047320
vt 0.342740 0.058950
vt 0.338070 0.070950
vt 0.379180 0.056780
vt 0.361070 0.069880
vt 0.348600 0.082190
vt 0.381830 0.072700
vt 0.368170 0.082590
vt 0.356830 0.093060
vt 0.374800 0.093720
vt 0.364150 0.103510
vt 0.347240 0.104560
vt 0.379890 0.104780
vt 0.370070 0.114120
vt 0.355070 0.114280
vt 0.383620 0.116090
vt 0.374690 0.125220
vt 0.361630 0.124290
vt 0.386420 0.127860
vt 0.378280 0.136750
vt 0.366930 0.134920
vt 0.388500 0.139980
vt 0.380850 0.148740
vt 0.370910 0.146260
vt 0.389780 0.152430
vt 0.382400 0.161020
vt 0.373820 0.157970
vt 0.390400 0.164960
vt 0.383210 0.173150
vt 0.375430 0.170000
vt 0.390550 0.177260
vt 0.382030 0.185950
vt 0.375510 0.182470
vt 0.387770 0.190370
vt 0.379460 0.199460
vt 0.373920 0.195620
vt 0.384550 0.204000
vt 0.376910 0.213410
vt 0.371820 0.209340
vt 0.389220 0.208890
vt 0.381720 0.218100
vt 0.374810 0.227710
vt 0.386260 0.223070
vt 0.379450 0.232540
vt 0.372870 0.242190
vt 0.383910 0.237600
vt 0.377490 0.247080
vt 0.388340 0.242760
vt 0.382280 0.252120
vt 0.392880 0.247820
vt 0.387320 0.257160
vt 0.397580 0.252710
vt 0.392540 0.261990
vt 0.388100 0.271120
vt 0.397850 0.266550
vt 0.393910 0.275670
vt 0.390150 0.284680
vt 0.399770 0.279950
vt 0.396460 0.288980
vt 0.393190 0.297810
vt 0.402750 0.292980
vt 0.399980 0.301890
vt 0.397420 0.310550
vt 0.406700 0.305340
vt 0.404710 0.314040
vt 0.403220 0.322470
vt 0.411950 0.316590
vt 0.410980 0.324880
vt 0.419070 0.318640
vt 0.418600 0.326730
vt 0.418530 0.334640
vt 0.426120 0.328170
vt 0.426460 0.335980
vt 0.427070 0.343800
vt 0.434260 0.337070
vt 0.435300 0.344780
vt 0.441830 0.337970
vt 0.443250 0.345640
vt 0.449310 0.338610
vt 0.451050 0.346300
vt 0.456720 0.338920
vt 0.458750 0.346630
vt 0.464010 0.338740
vt 0.466240 0.346300
vt 0.471150 0.337800
vt 0.473600 0.345400
vt 0.478070 0.336120
vt 0.480710 0.343750
vt 0.484670 0.333750
vt 0.487570 0.341460
vt 0.490950 0.330760
vt 0.494100 0.338560
vt 0.496910 0.327250
vt 0.500370 0.335220
vt 0.506580 0.331440
vt 0.502910 0.323380
vt 0.512810 0.327240
vt 0.508860 0.319140
vt 0.519130 0.322750
vt 0.514830 0.314550
vt 0.525470 0.317980
vt 0.520760 0.309680
vt 0.531900 0.313010
vt 0.526700 0.304550
vt 0.538150 0.307820
vt 0.532370 0.299240
vt 0.544110 0.302200
vt 0.537890 0.293670
vt 0.549660 0.296110
vt 0.543060 0.287650
vt 0.554940 0.289480
vt 0.548060 0.281150
vt 0.560110 0.282340
vt 0.552970 0.274210
vt 0.565130 0.274710
vt 0.557810 0.266660
vt 0.570000 0.266210
vt 0.562440 0.258500
vt 0.574430 0.256760
vt 0.566710 0.249420
vt 0.578160 0.246510
vt 0.570130 0.239460
vt 0.581060 0.235870
vt 0.572570 0.228880
vt 0.583270 0.224940
vt 0.591940 0.232370
vt 0.574190 0.218080
vt 0.584920 0.213980
vt 0.594120 0.221100
vt 0.595670 0.209650
vt 0.586140 0.202840
vt 0.596930 0.198020
vt 0.606540 0.205460
vt 0.586810 0.191520
vt 0.597660 0.186500
vt 0.608160 0.193760
vt 0.609290 0.182400
vt 0.598160 0.175270
vt 0.610360 0.171110
vt 0.598500 0.164170
vt 0.611380 0.160110
vt 0.598520 0.153320
vt 0.612710 0.149470
vt 0.626520 0.158290
vt 0.598360 0.142640
vt 0.613480 0.139060
vt 0.628910 0.147860
vt 0.629940 0.137190
vt 0.613800 0.128440
vt 0.613910 0.117260
vt 0.597070 0.121390
vt 0.596130 0.111000
vt 0.613950 0.105910
vt 0.595610 0.100090
vt 0.613940 0.094020
vt 0.594050 0.088810
vt 0.612940 0.082030
vt 0.590990 0.077490
vt 0.609720 0.069810
vt 0.585910 0.066290
vt 0.603260 0.057030
vt 0.577510 0.054880
vt 0.593400 0.044020
vt 0.565580 0.043260
vt 0.551470 0.031510
vt 0.536170 0.044620
vt 0.517730 0.035520
vt 0.499160 0.026510
vt 0.474360 0.021850
vt 0.408370 0.042910
vt 0.414710 0.058390
vt 0.415680 0.070720
vt 0.397370 0.064000
vt 0.400750 0.076400
vt 0.416600 0.081270
vt 0.403080 0.087560
vt 0.387090 0.084620
vt 0.416750 0.092030
vt 0.404510 0.098910
vt 0.390880 0.095870
vt 0.416410 0.103410
vt 0.405350 0.110670
vt 0.393530 0.107290
vt 0.415870 0.115330
vt 0.405850 0.122860
vt 0.395450 0.119090
vt 0.415230 0.127710
vt 0.406050 0.135390
vt 0.396790 0.131320
vt 0.414400 0.140410
vt 0.405790 0.148210
vt 0.397640 0.143840
vt 0.413310 0.153370
vt 0.405250 0.161250
vt 0.397820 0.156630
vt 0.412300 0.166550
vt 0.405090 0.173980
vt 0.398090 0.169300
vt 0.411300 0.179520
vt 0.401920 0.186940
vt 0.396710 0.181930
vt 0.406380 0.192470
vt 0.397400 0.200180
vt 0.392830 0.195130
vt 0.401630 0.205660
vt 0.393590 0.213990
vt 0.405570 0.211190
vt 0.397750 0.219430
vt 0.390590 0.228220
vt 0.401780 0.224840
vt 0.394850 0.233530
vt 0.405760 0.230120
vt 0.399100 0.238700
vt 0.409790 0.235300
vt 0.403430 0.243730
vt 0.413770 0.240290
vt 0.407800 0.248550
vt 0.402360 0.257340
vt 0.412320 0.253230
vt 0.407340 0.261830
vt 0.403250 0.270860
vt 0.412420 0.266080
vt 0.408740 0.274960
vt 0.405580 0.283940
vt 0.414140 0.278830
vt 0.411430 0.287650
vt 0.408950 0.296490
vt 0.417290 0.290920
vt 0.415180 0.299510
vt 0.413370 0.308060
vt 0.421380 0.302110
vt 0.420000 0.310410
vt 0.427650 0.304430
vt 0.426670 0.312330
vt 0.426140 0.320260
vt 0.433180 0.314090
vt 0.433080 0.321730
vt 0.433470 0.329400
vt 0.439890 0.322920
vt 0.440680 0.330410
vt 0.446570 0.323840
vt 0.447780 0.331140
vt 0.453230 0.324400
vt 0.454840 0.331530
vt 0.459900 0.324470
vt 0.461850 0.331440
vt 0.466480 0.323810
vt 0.468750 0.330610
vt 0.472830 0.322230
vt 0.475420 0.328970
vt 0.478720 0.319770
vt 0.481720 0.326530
vt 0.484240 0.316670
vt 0.487670 0.323470
vt 0.489550 0.313070
vt 0.493300 0.319860
vt 0.494860 0.309020
vt 0.499020 0.315880
vt 0.500170 0.304590
vt 0.504650 0.311550
vt 0.505370 0.299880
vt 0.510260 0.306890
vt 0.510450 0.294870
vt 0.515790 0.301950
vt 0.515320 0.289520
vt 0.521210 0.296690
vt 0.519930 0.283890
vt 0.526320 0.291210
vt 0.524390 0.278160
vt 0.531280 0.285610
vt 0.528860 0.272280
vt 0.536140 0.279740
vt 0.533330 0.266070
vt 0.540860 0.273360
vt 0.537820 0.259360
vt 0.545550 0.266500
vt 0.542340 0.252120
vt 0.550200 0.259150
vt 0.554690 0.251140
vt 0.546730 0.244290
vt 0.558610 0.242320
vt 0.550330 0.235730
vt 0.561700 0.232730
vt 0.552900 0.226630
vt 0.563710 0.222500
vt 0.554230 0.216910
vt 0.564610 0.212010
vt 0.554360 0.206990
vt 0.564880 0.201670
vt 0.575300 0.207310
vt 0.553870 0.197100
vt 0.564670 0.191480
vt 0.575960 0.196510
vt 0.575770 0.185730
vt 0.563880 0.181150
vt 0.574990 0.174850
vt 0.586900 0.180250
vt 0.562240 0.170640
vt 0.573580 0.164130
vt 0.586520 0.169070
vt 0.585830 0.158350
vt 0.571980 0.153690
vt 0.584970 0.147820
vt 0.570310 0.143340
vt 0.583770 0.137350
vt 0.568270 0.133160
vt 0.582230 0.126970
vt 0.597850 0.132080
vt 0.565880 0.123070
vt 0.580160 0.116510
vt 0.563240 0.113080
vt 0.578290 0.105820
vt 0.560400 0.102790
vt 0.576710 0.095360
vt 0.557040 0.092720
vt 0.573400 0.084810
vt 0.551800 0.082900
vt 0.568220 0.074280
vt 0.544620 0.073340
vt 0.561030 0.064090
vt 0.535190 0.064240
vt 0.550640 0.054290
vt 0.522280 0.055920
vt 0.504890 0.047670
vt 0.494070 0.059210
vt 0.472940 0.055420
vt 0.509010 0.066770
vt 0.484340 0.070310
vt 0.467040 0.065470
vt 0.462600 0.075110
vt 0.446850 0.070490
vt 0.445320 0.079580
vt 0.430990 0.075620
vt 0.430620 0.066060
vt 0.457720 0.085340
vt 0.442220 0.090160
vt 0.430220 0.085660
vt 0.452680 0.096060
vt 0.439030 0.101470
vt 0.428610 0.096610
vt 0.448270 0.107470
vt 0.436130 0.113390
vt 0.426860 0.108230
vt 0.444490 0.119490
vt 0.433590 0.125770
vt 0.425220 0.120380
vt 0.441270 0.131950
vt 0.431310 0.138430
vt 0.423670 0.132920
vt 0.438390 0.144670
vt 0.428940 0.151300
vt 0.422010 0.145720
vt 0.435280 0.157470
vt 0.426470 0.164420
vt 0.420180 0.158760
vt 0.440920 0.163770
vt 0.432360 0.170590
vt 0.418930 0.172080
vt 0.424720 0.177790
vt 0.437570 0.176820
vt 0.429490 0.183910
vt 0.416210 0.185190
vt 0.420230 0.190940
vt 0.433330 0.189970
vt 0.423670 0.196740
vt 0.414160 0.203610
vt 0.410420 0.198040
vt 0.426890 0.202470
vt 0.417660 0.209310
vt 0.409320 0.216660
vt 0.421010 0.214850
vt 0.413000 0.222150
vt 0.424270 0.220270
vt 0.416640 0.227470
vt 0.427490 0.225640
vt 0.420330 0.232710
vt 0.430620 0.230890
vt 0.423940 0.237790
vt 0.417830 0.245170
vt 0.427690 0.242870
vt 0.422060 0.250030
vt 0.416950 0.257710
vt 0.426430 0.254780
vt 0.421690 0.262250
vt 0.417480 0.270260
vt 0.426450 0.266610
vt 0.422640 0.274330
vt 0.419720 0.282430
vt 0.427920 0.278090
vt 0.425320 0.285860
vt 0.423120 0.293860
vt 0.430870 0.289080
vt 0.429030 0.296630
vt 0.436140 0.291960
vt 0.434810 0.299130
vt 0.433750 0.306500
vt 0.440250 0.301170
vt 0.439650 0.308240
vt 0.439520 0.315510
vt 0.445420 0.309740
vt 0.445780 0.316690
vt 0.451220 0.310830
vt 0.452010 0.317490
vt 0.456890 0.311420
vt 0.458220 0.317760
vt 0.462570 0.311350
vt 0.464420 0.317400
vt 0.467660 0.309920
vt 0.470310 0.315930
vt 0.472280 0.307470
vt 0.475640 0.313450
vt 0.476710 0.304450
vt 0.480620 0.310350
vt 0.481250 0.301040
vt 0.485610 0.306840
vt 0.485710 0.297230
vt 0.490480 0.302840
vt 0.490340 0.292940
vt 0.495420 0.298350
vt 0.494720 0.288180
vt 0.500210 0.293540
vt 0.498860 0.283170
vt 0.504810 0.288440
vt 0.502630 0.277850
vt 0.509250 0.283050
vt 0.506160 0.272210
vt 0.513240 0.277450
vt 0.509700 0.266320
vt 0.517220 0.271540
vt 0.513460 0.260130
vt 0.521290 0.265590
vt 0.517380 0.253910
vt 0.525480 0.259420
vt 0.521470 0.247320
vt 0.529780 0.252820
vt 0.525720 0.240170
vt 0.534170 0.245730
vt 0.529940 0.232250
vt 0.538360 0.237950
vt 0.541660 0.229500
vt 0.532420 0.223990
vt 0.543320 0.220800
vt 0.532630 0.215930
vt 0.543550 0.211830
vt 0.531990 0.207800
vt 0.542990 0.202700
vt 0.531020 0.199350
vt 0.541940 0.193480
vt 0.529670 0.190720
vt 0.540480 0.184200
vt 0.552840 0.187290
vt 0.527930 0.181900
vt 0.538550 0.174850
vt 0.551390 0.177400
vt 0.549190 0.167500
vt 0.535970 0.165310
vt 0.546380 0.157420
vt 0.560020 0.160110
vt 0.532650 0.155590
vt 0.543160 0.147470
vt 0.557620 0.149680
vt 0.555000 0.139740
vt 0.539720 0.137780
vt 0.552170 0.129940
vt 0.536010 0.128270
vt 0.548920 0.120250
vt 0.531920 0.118990
vt 0.545380 0.110630
vt 0.527510 0.109710
vt 0.541440 0.100980
vt 0.522530 0.100710
vt 0.536600 0.091620
vt 0.516210 0.092150
vt 0.529780 0.082670
vt 0.508020 0.084200
vt 0.520930 0.074230
vt 0.497810 0.076600
vt 0.487400 0.086700
vt 0.475970 0.080810
vt 0.496370 0.094200
vt 0.477980 0.097150
vt 0.468560 0.091170
vt 0.485980 0.104300
vt 0.470220 0.108210
vt 0.461990 0.102050
vt 0.477560 0.115330
vt 0.464090 0.119970
vt 0.456570 0.113630
vt 0.470950 0.127050
vt 0.459110 0.132270
vt 0.452100 0.125790
vt 0.465660 0.139330
vt 0.454860 0.144880
vt 0.448350 0.138360
vt 0.460790 0.151850
vt 0.450490 0.157480
vt 0.444760 0.151030
vt 0.455560 0.164300
vt 0.446060 0.170130
vt 0.460140 0.171100
vt 0.450630 0.176800
vt 0.441980 0.183130
vt 0.454570 0.183350
vt 0.445630 0.189470
vt 0.436560 0.195920
vt 0.448740 0.195660
vt 0.439430 0.201860
vt 0.429890 0.208060
vt 0.442010 0.207620
vt 0.432720 0.213640
vt 0.444300 0.213220
vt 0.435450 0.219150
vt 0.446400 0.218820
vt 0.438070 0.224610
vt 0.448260 0.224410
vt 0.440610 0.230080
vt 0.433820 0.236180
vt 0.443170 0.235610
vt 0.437100 0.241510
vt 0.431580 0.247870
vt 0.440420 0.246670
vt 0.435510 0.252750
vt 0.430880 0.259360
vt 0.439700 0.257660
vt 0.435480 0.263970
vt 0.431320 0.270800
vt 0.440000 0.268310
vt 0.436270 0.274790
vt 0.433190 0.281670
vt 0.440790 0.278350
vt 0.438070 0.285050
vt 0.445050 0.281480
vt 0.442600 0.287740
vt 0.441280 0.294320
vt 0.447490 0.290110
vt 0.446280 0.296380
vt 0.445590 0.302960
vt 0.451300 0.298270
vt 0.450930 0.304460
vt 0.452510 0.292800
vt 0.454530 0.288110
vt 0.449600 0.284650
vt 0.452630 0.279760
vt 0.448260 0.275920
vt 0.451860 0.271090
vt 0.444210 0.272190
vt 0.447960 0.266680
vt 0.455230 0.266600
vt 0.443940 0.262370
vt 0.451570 0.261880
vt 0.447780 0.256960
vt 0.454930 0.257360
vt 0.444000 0.251860
vt 0.451640 0.252050
vt 0.448530 0.246540
vt 0.455830 0.247460
vt 0.445730 0.241040
vt 0.453660 0.241660
vt 0.451750 0.235830
vt 0.459620 0.237250
vt 0.450030 0.230050
vt 0.458820 0.231180
vt 0.458000 0.225270
vt 0.467110 0.227570
vt 0.457030 0.219410
vt 0.466980 0.221420
vt 0.466360 0.215150
vt 0.476460 0.218460
vt 0.455590 0.213560
vt 0.465340 0.208860
vt 0.476070 0.211900
vt 0.475000 0.205170
vt 0.486440 0.209130
vt 0.463500 0.202650
vt 0.473190 0.198350
vt 0.485310 0.202050
vt 0.483510 0.194780
vt 0.496080 0.199390
vt 0.470790 0.191590
vt 0.481070 0.187540
vt 0.494290 0.191800
vt 0.491950 0.184080
vt 0.505650 0.189800
vt 0.478060 0.180260
vt 0.489060 0.176470
vt 0.503440 0.181840
vt 0.512950 0.172580
vt 0.500700 0.173690
vt 0.497410 0.165770
vt 0.509810 0.163950
vt 0.522740 0.163880
vt 0.505840 0.155570
vt 0.519050 0.154620
vt 0.514520 0.145630
vt 0.528740 0.145910
vt 0.501160 0.147010
vt 0.509680 0.136860
vt 0.524580 0.136510
vt 0.520120 0.127540
vt 0.504680 0.128180
vt 0.515290 0.118580
vt 0.499170 0.119650
vt 0.509920 0.109890
vt 0.492960 0.111720
vt 0.503770 0.101740
vt 0.490320 0.130180
vt 0.484220 0.122650
vt 0.495910 0.138500
vt 0.483370 0.141700
vt 0.477390 0.134270
vt 0.488780 0.149740
vt 0.477050 0.153680
vt 0.471690 0.146470
vt 0.481690 0.161330
vt 0.466020 0.158820
vt 0.470560 0.165770
vt 0.485630 0.168880
vt 0.474570 0.173020
vt 0.464200 0.177790
vt 0.467770 0.184750
vt 0.458000 0.189770
vt 0.461000 0.196340
vt 0.451500 0.201710
vt 0.453820 0.207790
vt 0.493440 0.157830
vt 0.525670 0.172920
vt 0.517470 0.189400
vt 0.515450 0.180950
vt 0.519030 0.197750
vt 0.507340 0.197700
vt 0.520150 0.205750
vt 0.508530 0.205550
vt 0.497250 0.206780
vt 0.509250 0.213050
vt 0.497870 0.214010
vt 0.486910 0.215960
vt 0.497920 0.220840
vt 0.486770 0.222530
vt 0.476230 0.224830
vt 0.486110 0.228800
vt 0.475600 0.230990
vt 0.466800 0.233670
vt 0.474440 0.236950
vt 0.466490 0.239800
vt 0.460610 0.243310
vt 0.466660 0.245720
vt 0.462140 0.249140
vt 0.458310 0.253080
vt 0.464160 0.254470
vt 0.461220 0.258300
vt 0.458330 0.262400
vt 0.464750 0.263610
vt 0.462090 0.267420
vt 0.463850 0.276410
vt 0.459180 0.271290
vt 0.460660 0.279970
vt 0.455970 0.275380
vt 0.466060 0.285240
vt 0.462660 0.288590
vt 0.457390 0.283820
vt 0.464370 0.296500
vt 0.459630 0.291960
vt 0.467730 0.293660
vt 0.471440 0.290470
vt 0.472420 0.298910
vt 0.469480 0.281820
vt 0.475260 0.287020
vt 0.476480 0.295640
vt 0.480620 0.291990
vt 0.478920 0.283250
vt 0.484860 0.288010
vt 0.482410 0.279240
vt 0.488780 0.283530
vt 0.485500 0.274810
vt 0.492410 0.278610
vt 0.488210 0.270160
vt 0.495630 0.273590
vt 0.491080 0.265250
vt 0.498790 0.268280
vt 0.494240 0.259760
vt 0.502060 0.262500
vt 0.497460 0.253680
vt 0.505540 0.256290
vt 0.500800 0.247410
vt 0.509130 0.249890
vt 0.504020 0.240780
vt 0.512920 0.243270
vt 0.506960 0.233650
vt 0.517130 0.236060
vt 0.508940 0.226820
vt 0.520320 0.228300
vt 0.509520 0.220130
vt 0.521200 0.220870
vt 0.520890 0.213580
vt 0.497310 0.227250
vt 0.496050 0.233390
vt 0.484890 0.234820
vt 0.493880 0.239930
vt 0.483350 0.240580
vt 0.473120 0.242670
vt 0.481410 0.245950
vt 0.472120 0.248210
vt 0.467510 0.251120
vt 0.469390 0.256260
vt 0.466980 0.259850
vt 0.473660 0.262190
vt 0.471770 0.265840
vt 0.469440 0.269390
vt 0.472740 0.278290
vt 0.466800 0.272910
vt 0.475720 0.274600
vt 0.478380 0.270790
vt 0.480720 0.266920
vt 0.488900 0.251990
vt 0.491560 0.246050
vt 0.468510 0.301830
vt 0.064690 0.233010
vt 0.040710 0.246620
vt 0.089340 0.217750
vt 0.074400 0.241790
vt 0.098280 0.225200
vt 0.084170 0.248630
vt 0.093490 0.254370
vt 0.107250 0.231980
vt 0.101980 0.260160
vt 0.115350 0.238960
vt 0.109800 0.266300
vt 0.122620 0.246170
vt 0.116960 0.272710
vt 0.129140 0.253830
vt 0.124050 0.279190
vt 0.135140 0.261900
vt 0.130920 0.286360
vt 0.140980 0.270560
vt 0.137650 0.294070
vt 0.146760 0.279400
vt 0.144440 0.302190
vt 0.136880 0.316570
vt 0.152660 0.288340
vt 0.151110 0.310350
vt 0.143980 0.323590
vt 0.157590 0.318270
vt 0.158710 0.297000
vt 0.164810 0.305450
vt 0.170600 0.313910
vt 0.172660 0.292660
vt 0.178050 0.301620
vt 0.183260 0.310830
vt 0.176380 0.322670
vt 0.188400 0.320420
vt 0.182010 0.331820
vt 0.195310 0.308970
vt 0.190720 0.299010
vt 0.202820 0.297170
vt 0.198750 0.287040
vt 0.211110 0.285240
vt 0.207640 0.275060
vt 0.220180 0.273670
vt 0.217280 0.263440
vt 0.229720 0.263440
vt 0.232050 0.274180
vt 0.237460 0.244190
vt 0.239250 0.254920
vt 0.247750 0.236580
vt 0.248990 0.247390
vt 0.258120 0.229830
vt 0.258790 0.240850
vt 0.259640 0.251890
vt 0.268180 0.235420
vt 0.268490 0.246870
vt 0.269150 0.258410
vt 0.276990 0.242310
vt 0.277240 0.254000
vt 0.278280 0.265380
vt 0.285000 0.249850
vt 0.285590 0.261420
vt 0.292580 0.246210
vt 0.292470 0.257940
vt 0.298970 0.255450
vt 0.299960 0.243660
vt 0.305050 0.253790
vt 0.306960 0.242060
vt 0.310740 0.253070
vt 0.313630 0.241490
vt 0.316160 0.253240
vt 0.309920 0.230670
vt 0.302130 0.232110
vt 0.304960 0.220910
vt 0.293880 0.234700
vt 0.295890 0.223380
vt 0.298390 0.212440
vt 0.286640 0.226820
vt 0.288310 0.215710
vt 0.290380 0.204990
vt 0.277330 0.230720
vt 0.278240 0.219620
vt 0.279520 0.208630
vt 0.268210 0.224120
vt 0.268630 0.213310
vt 0.269480 0.202410
vt 0.257700 0.219030
vt 0.257790 0.208260
vt 0.258400 0.197280
vt 0.246110 0.215010
vt 0.246030 0.204290
vt 0.246410 0.193260
vt 0.233570 0.212420
vt 0.233290 0.201640
vt 0.233470 0.190420
vt 0.219670 0.200430
vt 0.219440 0.189110
vt 0.204980 0.200740
vt 0.203660 0.189630
vt 0.188940 0.202840
vt 0.185930 0.192310
vt 0.171170 0.206480
vt 0.166480 0.196630
vt 0.156560 0.221250
vt 0.151490 0.211860
vt 0.145380 0.202360
vt 0.136720 0.227920
vt 0.130030 0.219590
vt 0.122430 0.211290
vt 0.114510 0.203240
vt 0.142470 0.236740
vt 0.147360 0.246000
vt 0.164020 0.241230
vt 0.151990 0.255630
vt 0.167660 0.251380
vt 0.156710 0.265280
vt 0.171740 0.261180
vt 0.161720 0.274740
vt 0.167130 0.283780
vt 0.176320 0.270600
vt 0.190580 0.267450
vt 0.181050 0.279870
vt 0.194610 0.277140
vt 0.185950 0.289330
vt 0.204180 0.265090
vt 0.200770 0.255160
vt 0.214370 0.253320
vt 0.222800 0.232530
vt 0.225000 0.242720
vt 0.234380 0.222930
vt 0.235790 0.233630
vt 0.227320 0.253070
vt 0.246730 0.225820
vt 0.220210 0.211460
vt 0.221110 0.222050
vt 0.209190 0.233150
vt 0.207120 0.222590
vt 0.205950 0.211730
vt 0.194770 0.234860
vt 0.192420 0.224310
vt 0.190840 0.213640
vt 0.179650 0.237730
vt 0.176930 0.227160
vt 0.174540 0.216690
vt 0.160460 0.231020
vt 0.182700 0.247890
vt 0.197440 0.245060
vt 0.186500 0.257760
vt 0.211520 0.243280
vt 0.285390 0.238100
vt 0.312280 0.266040
vt 0.709840 0.155050
vt 0.345210 0.390980
vt 0.334100 0.378530
vt 0.322830 0.363460
vt 0.313190 0.363730
s 1
usemtl default
f 1/1/1 13/2/2 14/3/3
f 1/1/1 16/4/4 12/5/5
f 2/6/6 18/7/7 19/8/8
f 20/9/9 17/10/10 2/6/6
f 2/6/6 23/11/11 20/9/9
f 19/8/8 25/12/12 2/6/6
f 25/12/12 22/13/13 2/6/6
f 3/14/14 28/15/15 29/16/16
f 3/14/14 31/17/17 27/18/18
f 3/14/14 32/19/19 30/20/20
f 33/21/21 35/22/22 36/23/23
f 4/24/24 38/25/25 39/26/26
f 4/24/24 41/27/27 37/28/28
f 4/24/24 42/29/29 40/30/30
f 5/31/31 44/32/32 45/33/33
f 45/33/33 47/34/34 5/31/31
f 5/31/31 48/35/35 43/36/36
f 49/37/37 51/38/38 6/39/39
f 52/40/40 49/37/37 6/39/39
f 6/39/39 54/41/41 55/42/42
f 7/43/43 57/44/44 58/45/45
f 7/43/43 60/46/46 56/47/47
f 58/45/45 59/48/48 7/43/43
f 8/49/49 63/50/50 64/51/51
f 8/49/49 65/52/52 66/53/53
f 8/49/49 67/54/54 62/55/55
f 9/56/56 69/57/57 70/58/58
f 9/56/56 71/59/59 72/60/60
f 10/61/61 74/62/62 75/63/63
f 75/63/63 77/64/64 10/61/61
f 10/61/61 78/65/65 73/66/66
f 79/67/67 81/68/68 11/69/69
f 11/69/69 82/70/70 83/71/71
f 11/69/69 84/72/72 79/67/67
f 84/72/72 86/73/73 87/74/74
f 87/74/74 79/67/67 84/72/72
f 83/71/71 85/75/75 84/72/72
f 83/71/71 90/76/76 89/77/77
f 89/77/77 91/78/78 92/79/79
f 89/77/77 93/80/80 85/75/75
f 93/80/80 95/81/81 96/82/82
f 96/82/82 85/75/75 93/80/80
f 92/79/79 94/83/83 93/80/80
f 92/79/79 98/84/84 97/85/85
f 97/85/85 99/86/86 100/87/87
f 97/85/85 101/88/88 94/83/83
f 101/88/88 103/89/89 104/90/90
f 104/90/90 94/83/83 101/88/88
f 100/87/87 102/91/91 101/88/88
f 100/87/87 106/92/92 105/93/93
f 105/93/93 107/94/94 108/95/95
f 105/93/93 109/96/96 102/91/91
f 109/96/96 111/97/97 112/98/98
f 112/98/98 102/91/91 109/96/96
f 108/95/95 110/99/99 109/96/96
f 108/95/95 114/100/100 113/101/101
f 113/101/101 115/102/102 116/103/103
f 113/101/101 117/104/104 110/99/99
f 118/105/105 110/99/99 117/104/104
f 117/104/104 119/106/106 120/107/107
f 120/107/107 118/105/105 117/104/104
f 122/108/108 124/109/109 121/110/110
f 124/109/109 118/105/105 121/110/110
f 121/110/110 126/111/111 122/108/108
f 120/107/107 127/112/112 126/111/111
f 126/111/111 128/113/113 129/114/114
f 129/114/114 122/108/108 126/111/111
f 130/115/115 123/116/116 122/108/108
f 130/115/115 132/117/117 133/118/118
f 133/118/118 131/119/119 130/115/115
f 135/120/120 137/121/121 134/122/122
f 134/122/122 138/123/123 131/119/119
f 134/122/122 139/124/124 135/120/120
f 133/118/118 140/125/125 139/124/124
f 139/124/124 141/126/126 142/127/127
f 142/127/127 135/120/120 139/124/124
f 144/128/128 146/129/129 143/130/130
f 143/130/130 136/131/131 135/120/120
f 143/130/130 147/132/132 144/128/128
f 142/127/127 148/133/133 147/132/132
f 147/132/132 149/134/134 150/135/135
f 150/135/135 144/128/128 147/132/132
f 151/136/136 145/137/137 144/128/128
f 151/136/136 153/138/138 154/139/139
f 154/139/139 152/140/140 151/136/136
f 156/141/141 158/142/142 155/143/143
f 155/143/143 159/144/144 152/140/140
f 155/143/143 160/145/145 156/141/141
f 154/139/139 161/146/146 160/145/145
f 160/145/145 162/147/147 163/148/148
f 163/148/148 156/141/141 160/145/145
f 163/148/148 164/149/149 165/150/150
f 165/150/150 76/151/151 163/148/148
f 165/150/150 166/152/152 167/153/153
f 167/153/153 77/64/64 165/150/150
f 167/153/153 168/154/154 169/155/155
f 169/155/155 78/65/65 167/153/153
f 170/156/156 171/157/157 172/158/158
f 172/158/158 174/159/159 170/156/156
f 170/156/156 73/66/66 78/65/65
f 173/160/160 176/161/161 174/159/159
f 174/159/159 74/62/62 73/66/66
f 176/161/161 177/162/162 178/163/163
f 178/163/163 74/62/62 176/161/161
f 179/164/164 180/165/165 181/166/166
f 181/166/166 157/167/167 179/164/164
f 179/164/164 75/63/63 74/62/62
f 181/166/166 182/168/168 183/169/169
f 183/169/169 158/142/142 181/166/166
f 183/169/169 184/170/170 185/171/171
f 185/171/171 159/144/144 183/169/169
f 186/172/172 187/173/173 188/174/174
f 188/174/174 145/137/137 186/172/172
f 186/172/172 152/140/140 159/144/144
f 188/174/174 189/175/175 190/176/176
f 190/176/176 146/129/129 188/174/174
f 190/176/176 191/177/177 192/178/178
f 192/178/178 136/131/131 190/176/176
f 192/178/178 193/179/179 194/180/180
f 194/180/180 137/121/121 192/178/178
f 194/180/180 195/181/181 196/182/182
f 196/182/182 138/123/123 194/180/180
f 197/183/183 198/184/184 199/185/185
f 199/185/185 123/116/116 197/183/183
f 197/183/183 131/119/119 138/123/123
f 198/184/184 201/186/186 199/185/185
f 199/185/185 125/187/187 124/109/109
f 200/188/188 203/189/189 201/186/186
f 201/186/186 204/190/190 125/187/187
f 203/189/189 206/191/191 204/190/190
f 204/190/190 112/98/98 111/97/97
f 111/97/97 125/187/187 204/190/190
f 205/192/192 208/193/193 206/191/191
f 206/191/191 103/89/89 112/98/98
f 207/194/194 210/195/195 208/193/193
f 208/193/193 104/90/90 103/89/89
f 209/196/196 212/197/197 210/195/195
f 210/195/195 95/81/81 104/90/90
f 211/198/198 214/199/199 212/197/197
f 212/197/197 96/82/82 95/81/81
f 213/200/200 216/201/201 214/199/199
f 214/199/199 86/73/73 96/82/82
f 215/202/202 218/203/203 216/201/201
f 216/201/201 87/74/74 86/73/73
f 217/204/204 220/205/205 218/203/203
f 218/203/203 88/206/206 87/74/74
f 219/207/207 222/208/208 220/205/205
f 220/205/205 223/209/209 88/206/206
f 222/208/208 225/210/210 223/209/209
f 223/209/209 226/211/211 80/212/212
f 80/212/212 88/206/206 223/209/209
f 225/210/210 228/213/213 226/211/211
f 226/211/211 229/214/214 230/215/215
f 230/215/215 80/212/212 226/211/211
f 230/215/215 231/216/216 232/217/217
f 232/217/217 81/68/68 230/215/215
f 232/217/217 233/218/218 234/219/219
f 234/219/219 82/70/70 232/217/217
f 234/219/219 235/220/220 236/221/221
f 236/221/221 90/76/76 234/219/219
f 236/221/221 237/222/222 238/223/223
f 238/223/223 91/78/78 236/221/221
f 238/223/223 239/224/224 240/225/225
f 240/225/225 98/84/84 238/223/223
f 240/225/225 241/226/226 242/227/227
f 242/227/227 99/86/86 240/225/225
f 242/227/227 243/228/228 244/229/229
f 244/229/229 106/92/92 242/227/227
f 244/229/229 245/230/230 246/231/231
f 246/231/231 107/94/94 244/229/229
f 246/231/231 247/232/232 248/233/233
f 248/233/233 114/100/100 246/231/231
f 248/233/233 249/234/234 250/235/235
f 250/235/235 115/102/102 248/233/233
f 251/236/236 116/103/103 115/102/102
f 251/236/236 252/237/237 253/238/238
f 253/238/238 119/106/106 251/236/236
f 253/238/238 254/239/239 255/240/240
f 255/240/240 127/112/112 253/238/238
f 255/240/240 256/241/241 257/242/242
f 257/242/242 128/113/113 255/240/240
f 258/243/243 129/114/114 128/113/113
f 258/243/243 259/244/244 260/245/245
f 260/245/245 132/117/117 258/243/243
f 260/245/245 261/246/246 262/247/247
f 262/247/247 140/125/125 260/245/245
f 262/247/247 263/248/248 264/249/249
f 264/249/249 141/126/126 262/247/247
f 264/249/249 265/250/250 266/251/251
f 266/251/251 148/133/133 264/249/249
f 266/251/251 267/252/252 268/253/253
f 268/253/253 149/134/134 266/251/251
f 269/254/254 150/135/135 149/134/134
f 269/254/254 270/255/255 271/256/256
f 271/256/256 153/138/138 269/254/254
f 271/256/256 272/257/257 273/258/258
f 273/258/258 161/146/146 271/256/256
f 273/258/258 274/259/259 275/260/260
f 275/260/260 162/147/147 273/258/258
f 275/260/260 276/261/261 277/262/262
f 277/262/262 164/149/149 275/260/260
f 277/262/262 278/263/263 279/264/264
f 279/264/264 166/152/152 277/262/262
f 279/264/264 280/265/265 281/266/266
f 281/266/266 168/154/154 279/264/264
f 282/267/267 169/155/155 168/154/154
f 282/267/267 283/268/268 284/269/269
f 284/269/269 171/157/157 282/267/267
f 285/270/270 286/271/271 287/272/272
f 287/272/272 289/273/273 285/270/270
f 285/270/270 172/158/158 171/157/157
f 288/274/274 291/275/275 289/273/273
f 289/273/273 173/160/160 172/158/158
f 290/276/276 293/277/277 291/275/275
f 291/275/275 175/278/278 173/160/160
f 293/277/277 294/279/279 295/280/280
f 295/280/280 175/278/278 293/277/277
f 295/280/280 296/281/281 297/282/282
f 297/282/282 177/162/162 295/280/280
f 298/283/283 299/284/284 300/285/285
f 300/285/285 180/165/165 298/283/283
f 298/283/283 178/163/163 177/162/162
f 300/285/285 301/286/286 302/287/287
f 302/287/287 182/168/168 300/285/285
f 302/287/287 303/288/288 304/289/289
f 304/289/289 184/170/170 302/287/287
f 305/290/290 306/291/291 307/292/292
f 307/292/292 187/173/173 305/290/290
f 305/290/290 185/171/171 184/170/170
f 307/292/292 308/293/293 309/294/294
f 309/294/294 189/175/175 307/292/292
f 309/294/294 310/295/295 311/296/296
f 311/296/296 191/177/177 309/294/294
f 311/296/296 312/297/297 313/298/298
f 313/298/298 193/179/179 311/296/296
f 313/298/298 314/299/299 315/300/300
f 315/300/300 195/181/181 313/298/298
f 316/301/301 317/302/302 318/303/303
f 316/301/301 200/188/188 198/184/184
f 316/301/301 196/182/182 195/181/181
f 318/303/303 319/304/304 320/305/305
f 318/303/303 202/306/306 200/188/188
f 320/305/305 321/307/307 322/308/308
f 320/305/305 323/309/309 202/306/306
f 322/308/308 325/310/310 323/309/309
f 323/309/309 207/194/194 205/192/192
f 205/192/192 202/306/306 323/309/309
f 324/311/311 327/312/312 325/310/310
f 325/310/310 209/196/196 207/194/194
f 326/313/313 329/314/314 327/312/312
f 327/312/312 211/198/198 209/196/196
f 328/315/315 331/316/316 329/314/314
f 329/314/314 213/200/200 211/198/198
f 330/317/317 333/318/318 331/316/316
f 331/316/316 215/202/202 213/200/200
f 332/319/319 335/320/320 333/318/318
f 333/318/318 217/204/204 215/202/202
f 334/321/321 337/322/322 335/320/320
f 335/320/320 219/207/207 217/204/204
f 336/323/323 339/324/324 337/322/322
f 337/322/322 221/325/325 219/207/207
f 338/326/326 341/327/327 339/324/324
f 339/324/324 342/328/328 221/325/325
f 341/327/327 344/329/329 342/328/328
f 342/328/328 345/330/330 224/331/331
f 224/331/331 221/325/325 342/328/328
f 344/329/329 347/332/332 345/330/330
f 345/330/330 348/333/333 227/334/334
f 227/334/334 224/331/331 345/330/330
f 347/332/332 350/335/335 348/333/333
f 348/333/333 351/336/336 352/337/337
f 352/337/337 227/334/334 348/333/333
f 352/337/337 353/338/338 354/339/339
f 354/339/339 228/213/213 352/337/337
f 354/339/339 355/340/340 356/341/341
f 356/341/341 229/214/214 354/339/339
f 356/341/341 357/342/342 358/343/343
f 358/343/343 231/216/216 356/341/341
f 358/343/343 359/344/344 360/345/345
f 360/345/345 233/218/218 358/343/343
f 360/345/345 361/346/346 362/347/347
f 362/347/347 235/220/220 360/345/345
f 362/347/347 363/348/348 364/349/349
f 364/349/349 237/222/222 362/347/347
f 364/349/349 365/350/350 366/351/351
f 366/351/351 239/224/224 364/349/349
f 366/351/351 367/352/352 368/353/353
f 368/353/353 241/226/226 366/351/351
f 368/353/353 369/354/354 370/355/355
f 370/355/355 243/228/228 368/353/353
f 370/355/355 371/356/356 372/357/357
f 372/357/357 245/230/230 370/355/355
f 372/357/357 373/358/358 374/359/359
f 374/359/359 247/232/232 372/357/357
f 374/359/359 375/360/360 376/361/361
f 376/361/361 249/234/234 374/359/359
f 377/362/362 250/235/235 249/234/234
f 377/362/362 378/363/363 379/364/364
f 379/364/364 252/237/237 377/362/362
f 378/363/363 381/365/365 379/364/364
f 379/364/364 256/241/241 254/239/239
f 380/366/366 383/367/367 381/365/365
f 381/365/365 384/368/368 256/241/241
f 384/368/368 257/242/242 256/241/241
f 383/367/367 386/369/369 384/368/368
f 386/369/369 259/244/244 384/368/368
f 385/370/370 388/371/371 386/369/369
f 388/371/371 261/246/246 386/369/369
f 388/371/371 389/372/372 390/373/373
f 390/373/373 263/248/248 388/371/371
f 390/373/373 391/374/374 392/375/375
f 392/375/375 265/250/250 390/373/373
f 392/375/375 393/376/376 394/377/377
f 394/377/377 267/252/252 392/375/375
f 395/378/378 268/253/253 267/252/252
f 395/378/378 396/379/379 397/380/380
f 397/380/380 270/255/255 395/378/378
f 397/380/380 398/381/381 399/382/382
f 399/382/382 272/257/257 397/380/380
f 399/382/382 400/383/383 401/384/384
f 401/384/384 274/259/259 399/382/382
f 401/384/384 402/385/385 403/386/386
f 403/386/386 276/261/261 401/384/384
f 403/386/386 404/387/387 405/388/388
f 405/388/388 278/263/263 403/386/386
f 405/388/388 406/389/389 407/390/390
f 407/390/390 280/265/265 405/388/388
f 408/391/391 281/266/266 280/265/265
f 408/391/391 409/392/392 410/393/393
f 410/393/393 283/268/268 408/391/391
f 411/394/394 284/269/269 283/268/268
f 411/394/394 412/395/395 413/396/396
f 413/396/396 286/271/271 411/394/394
f 414/397/397 415/398/398 416/399/399
f 416/399/399 418/400/400 414/397/397
f 414/397/397 287/272/272 286/271/271
f 417/401/401 420/402/402 418/400/400
f 418/400/400 288/274/274 287/272/272
f 419/403/403 422/404/404 420/402/402
f 420/402/402 290/276/276 288/274/274
f 421/405/405 424/406/406 422/404/404
f 422/404/404 292/407/407 290/276/276
f 423/408/408 426/409/409 424/406/406
f 424/406/406 294/279/279 292/407/407
f 426/409/409 427/410/410 428/411/411
f 428/411/411 294/279/279 426/409/409
f 428/411/411 429/412/412 430/413/413
f 430/413/413 296/281/281 428/411/411
f 431/414/414 432/415/415 433/416/416
f 433/416/416 299/284/284 431/414/414
f 431/414/414 297/282/282 296/281/281
f 433/416/416 434/417/417 435/418/418
f 435/418/418 301/286/286 433/416/416
f 435/418/418 436/419/419 437/420/420
f 437/420/420 303/288/288 435/418/418
f 438/421/421 439/422/422 440/423/423
f 440/423/423 306/291/291 438/421/421
f 438/421/421 304/289/289 303/288/288
f 440/423/423 441/424/424 442/425/425
f 442/425/425 308/293/293 440/423/423
f 442/425/425 443/426/426 444/427/427
f 444/427/427 310/295/295 442/425/425
f 444/427/427 445/428/428 446/429/429
f 446/429/429 312/297/297 444/427/427
f 446/429/429 447/430/430 448/431/431
f 448/431/431 314/299/299 446/429/429
f 449/432/432 450/433/433 451/434/434
f 451/434/434 317/302/302 449/432/432
f 449/435/432 315/300/300 314/299/299
f 451/434/434 452/436/435 453/437/436
f 453/437/436 319/304/304 451/434/434
f 453/437/436 454/438/437 455/439/438
f 455/439/438 321/307/307 453/437/436
f 455/439/438 458/440/439 456/441/440
f 456/441/440 326/313/313 324/311/311
f 324/311/311 321/307/307 456/441/440
f 457/442/441 460/443/442 458/440/439
f 458/440/439 328/315/315 326/313/313
f 459/444/443 462/445/444 460/443/442
f 460/443/442 330/317/317 328/315/315
f 461/446/445 464/447/446 462/445/444
f 462/445/444 332/319/319 330/317/317
f 463/448/447 466/449/448 464/447/446
f 464/447/446 334/321/321 332/319/319
f 465/450/449 468/451/450 466/449/448
f 466/449/448 336/323/323 334/321/321
f 467/452/451 470/453/452 468/451/450
f 468/451/450 338/326/326 336/323/323
f 469/454/453 472/455/454 470/453/452
f 470/453/452 340/456/455 338/326/326
f 471/457/456 474/458/457 472/455/454
f 472/455/454 475/459/458 340/456/455
f 474/458/457 477/460/459 475/459/458
f 475/459/458 478/461/460 343/462/461
f 343/462/461 340/456/455 475/459/458
f 477/460/459 480/463/462 478/461/460
f 478/461/460 481/464/463 346/465/464
f 346/465/464 343/462/461 478/461/460
f 481/464/463 482/466/465 483/467/466
f 483/467/466 349/468/467 481/464/463
f 349/468/467 346/465/464 481/464/463
f 484/469/468 485/470/469 486/471/470
f 486/471/470 488/472/471 484/469/468
f 488/472/471 349/468/467 484/469/468
f 488/472/471 489/473/472 490/474/473
f 490/474/473 350/335/335 488/472/471
f 490/474/473 491/475/474 492/476/475
f 492/476/475 351/336/336 490/474/473
f 492/476/475 493/477/476 494/478/477
f 494/478/477 353/338/338 492/476/475
f 494/478/477 495/479/478 496/480/479
f 496/480/479 355/340/340 494/478/477
f 496/480/479 497/481/480 498/482/481
f 498/482/481 357/342/342 496/480/479
f 498/482/481 499/483/482 500/484/483
f 500/484/483 359/344/344 498/482/481
f 500/484/483 501/485/484 502/486/485
f 502/486/485 361/346/346 500/484/483
f 502/486/485 503/487/486 504/488/487
f 504/488/487 363/348/348 502/486/485
f 504/488/487 505/489/488 506/490/489
f 506/490/489 365/350/350 504/488/487
f 506/490/489 507/491/490 508/492/491
f 508/492/491 367/352/352 506/490/489
f 508/492/491 509/493/492 510/494/493
f 510/494/493 369/354/354 508/492/491
f 510/494/493 511/495/494 512/496/495
f 512/496/495 371/356/356 510/494/493
f 512/496/495 513/497/496 514/498/497
f 514/498/497 373/358/358 512/496/495
f 514/498/497 515/499/498 516/500/499
f 516/500/499 375/360/360 514/498/497
f 517/501/500 376/361/361 375/360/360
f 516/500/499 519/502/501 517/501/500
f 517/501/500 380/366/366 378/363/363
f 518/503/502 521/504/503 519/502/501
f 519/502/501 382/505/504 380/366/366
f 520/506/505 523/507/506 521/504/503
f 521/504/503 524/508/507 382/505/504
f 385/370/370 382/505/504 524/508/507
f 523/507/506 526/509/508 524/508/507
f 524/508/507 387/510/509 385/370/370
f 525/511/510 528/512/511 526/509/508
f 528/512/511 387/510/509 526/509/508
f 528/512/511 529/513/512 530/514/513
f 530/514/513 389/372/372 528/512/511
f 530/514/513 531/515/514 532/516/515
f 532/516/515 391/374/374 530/514/513
f 532/516/515 533/517/516 534/518/517
f 534/518/517 393/376/376 532/516/515
f 535/519/518 394/377/377 393/376/376
f 535/519/518 536/520/519 537/521/520
f 537/521/520 396/379/379 535/519/518
f 537/521/520 538/522/521 539/523/522
f 539/523/522 398/381/381 537/521/520
f 539/523/522 540/524/523 541/525/524
f 541/525/524 400/383/383 539/523/522
f 541/525/524 542/526/525 543/527/526
f 543/527/526 402/385/385 541/525/524
f 543/527/526 544/528/527 545/529/528
f 545/529/528 404/387/387 543/527/526
f 545/529/528 546/530/529 547/531/530
f 547/531/530 406/389/389 545/529/528
f 548/532/531 407/390/390 406/389/389
f 548/532/531 549/533/532 550/534/533
f 550/534/533 409/392/392 548/532/531
f 551/535/534 410/393/393 409/392/392
f 551/535/534 552/536/535 553/537/536
f 553/537/536 412/395/395 551/535/534
f 554/538/537 413/396/396 412/395/395
f 554/538/537 555/539/538 556/540/539
f 556/540/539 415/398/398 554/538/537
f 557/541/540 558/542/541 559/543/542
f 559/543/542 561/544/543 557/541/540
f 557/541/540 416/399/399 415/398/398
f 560/545/544 563/546/545 561/544/543
f 561/544/543 417/401/401 416/399/399
f 562/547/546 565/548/547 563/546/545
f 563/546/545 419/403/403 417/401/401
f 564/549/548 567/550/549 565/548/547
f 565/548/547 421/405/405 419/403/403
f 566/551/550 569/552/551 567/550/549
f 567/550/549 423/408/408 421/405/405
f 569/552/551 570/553/552 571/554/553
f 569/552/551 425/555/554 423/408/408
f 571/554/553 572/556/555 573/557/556
f 573/557/556 425/555/554 571/554/553
f 573/557/556 574/558/557 575/559/558
f 575/559/558 427/410/410 573/557/556
f 575/559/558 576/560/559 577/561/560
f 577/561/560 429/412/412 575/559/558
f 578/562/561 579/563/562 580/564/563
f 580/564/563 432/565/415 578/562/561
f 578/566/561 430/413/413 429/412/412
f 580/564/563 581/567/564 582/568/565
f 582/568/565 434/569/417 580/564/563
f 582/568/565 583/570/566 584/571/567
f 584/571/567 436/572/419 582/568/565
f 585/573/568 586/574/569 587/575/570
f 587/576/570 439/422/422 585/577/568
f 585/577/568 437/420/420 436/419/419
f 587/575/570 588/578/571 589/579/572
f 589/580/572 441/424/424 587/576/570
f 589/579/572 590/581/573 591/582/574
f 591/583/574 443/426/426 589/580/572
f 591/582/574 592/584/575 593/585/576
f 593/586/576 445/428/428 591/583/574
f 593/585/576 594/587/577 595/588/578
f 595/588/578 447/589/430 593/585/576
f 596/590/579 597/591/580 598/592/581
f 598/592/581 450/433/433 596/590/579
f 596/590/579 448/593/431 447/589/430
f 598/592/581 599/594/582 600/595/583
f 600/595/583 452/436/435 598/592/581
f 599/594/582 602/596/584 600/595/583
f 602/596/584 454/438/437 600/595/583
f 602/596/584 605/597/585 603/598/586
f 603/598/586 459/444/443 457/442/441
f 457/442/441 454/438/437 603/598/586
f 604/599/587 607/600/588 605/597/585
f 605/597/585 461/446/445 459/444/443
f 606/601/589 609/602/590 607/600/588
f 607/600/588 463/448/447 461/446/445
f 608/603/591 611/604/592 609/602/590
f 609/602/590 465/450/449 463/448/447
f 610/605/593 613/606/594 611/604/592
f 611/604/592 467/452/451 465/450/449
f 612/607/595 615/608/596 613/606/594
f 613/606/594 469/454/453 467/452/451
f 614/609/597 617/610/598 615/608/596
f 615/608/596 471/457/456 469/454/453
f 616/611/599 619/612/600 617/610/598
f 617/610/598 473/613/601 471/457/456
f 618/614/602 621/615/603 619/612/600
f 619/612/600 622/616/604 473/613/601
f 622/616/604 623/617/605 624/618/606
f 624/618/606 476/619/607 622/616/604
f 476/619/607 473/613/601 622/616/604
f 625/620/608 626/621/609 627/622/610
f 627/622/610 479/623/611 625/620/608
f 625/620/608 477/460/459 476/619/607
f 628/624/612 629/625/613 630/626/614
f 630/626/614 482/466/465 628/624/612
f 628/624/612 480/463/462 479/623/611
f 631/627/615 632/628/616 633/629/617
f 633/629/617 485/470/469 631/627/615
f 631/627/615 483/467/466 482/466/465
f 634/630/618 635/631/619 636/632/620
f 636/632/620 638/633/621 634/630/618
f 634/630/618 486/471/470 485/470/469
f 637/634/622 640/635/623 638/633/621
f 638/633/621 487/636/624 486/471/470
f 639/637/625 642/638/626 640/635/623
f 640/635/623 489/473/472 487/636/624
f 642/638/626 643/639/627 644/640/628
f 644/640/628 489/473/472 642/638/626
f 644/640/628 645/641/629 646/642/630
f 646/642/630 491/475/474 644/640/628
f 646/642/630 647/643/631 648/644/632
f 648/644/632 493/477/476 646/642/630
f 648/644/632 649/645/633 650/646/634
f 650/646/634 495/479/478 648/644/632
f 650/646/634 651/647/635 652/648/636
f 652/648/636 497/481/480 650/646/634
f 652/648/636 653/649/637 654/650/638
f 654/650/638 499/483/482 652/648/636
f 654/650/638 655/651/639 656/652/640
f 656/652/640 501/485/484 654/650/638
f 656/652/640 657/653/641 658/654/642
f 658/654/642 503/487/486 656/652/640
f 658/654/642 659/655/643 660/656/644
f 660/656/644 505/489/488 658/654/642
f 660/656/644 661/657/645 662/658/646
f 662/658/646 507/491/490 660/656/644
f 662/658/646 663/659/647 664/660/648
f 664/660/648 509/493/492 662/658/646
f 664/660/648 665/661/649 666/662/650
f 666/662/650 511/495/494 664/660/648
f 666/662/650 667/663/651 668/664/652
f 668/664/652 513/497/496 666/662/650
f 667/663/651 670/665/653 668/664/652
f 668/664/652 671/666/654 515/499/498
f 518/503/502 515/499/498 671/666/654
f 670/665/653 673/667/655 671/666/654
f 671/666/654 520/506/505 518/503/502
f 672/668/656 675/669/657 673/667/655
f 673/667/655 522/670/658 520/506/505
f 674/671/659 677/672/660 675/669/657
f 675/669/657 678/673/661 522/670/658
f 525/511/510 522/670/658 678/673/661
f 677/672/660 680/674/662 678/673/661
f 678/673/661 527/675/663 525/511/510
f 680/674/662 681/676/664 682/677/665
f 682/677/665 527/675/663 680/674/662
f 682/677/665 683/678/666 684/679/667
f 684/679/667 529/513/512 682/677/665
f 684/679/667 685/680/668 686/681/669
f 686/681/669 531/515/514 684/679/667
f 686/681/669 687/682/670 688/683/671
f 688/683/671 533/517/516 686/681/669
f 689/684/672 534/518/517 533/517/516
f 689/684/672 690/685/673 691/686/674
f 691/686/674 536/520/519 689/684/672
f 691/686/674 692/687/675 693/688/676
f 693/688/676 538/522/521 691/686/674
f 693/688/676 694/689/677 695/690/678
f 695/690/678 540/524/523 693/688/676
f 695/690/678 696/691/679 697/692/680
f 697/692/680 542/526/525 695/690/678
f 697/692/680 698/693/681 699/694/682
f 699/694/682 544/528/527 697/692/680
f 699/694/682 700/695/683 701/696/684
f 701/696/684 546/530/529 699/694/682
f 702/697/685 547/531/530 546/530/529
f 702/697/685 703/698/686 704/699/687
f 704/699/687 549/533/532 702/697/685
f 705/700/688 550/534/533 549/533/532
f 705/700/688 706/701/689 707/702/690
f 707/702/690 552/536/535 705/700/688
f 708/703/691 553/537/536 552/536/535
f 708/703/691 709/704/692 710/705/693
f 710/705/693 555/539/538 708/703/691
f 711/706/694 556/540/539 555/539/538
f 711/706/694 712/707/695 713/708/696
f 713/708/696 558/542/541 711/706/694
f 714/709/697 715/710/698 716/711/699
f 716/711/699 718/712/700 714/709/697
f 714/709/697 559/543/542 558/542/541
f 717/713/701 720/714/702 718/712/700
f 718/712/700 560/545/544 559/543/542
f 719/715/703 722/716/704 720/714/702
f 720/714/702 562/547/546 560/545/544
f 721/717/705 724/718/706 722/716/704
f 722/716/704 564/549/548 562/547/546
f 723/719/707 726/720/708 724/718/706
f 724/718/706 566/551/550 564/549/548
f 726/720/708 727/721/709 728/722/710
f 726/720/708 568/723/711 566/551/550
f 728/722/710 729/724/712 730/725/713
f 730/725/713 568/723/711 728/722/710
f 730/725/713 731/726/714 732/727/715
f 732/727/715 570/553/552 730/725/713
f 732/727/715 733/728/716 734/729/717
f 734/729/717 572/556/555 732/727/715
f 734/729/717 735/730/718 736/731/719
f 736/731/719 574/558/557 734/729/717
f 736/732/719 737/733/720 738/734/721
f 738/734/721 576/735/559 736/732/719
f 739/736/722 740/737/723 741/738/724
f 741/738/724 579/563/562 739/736/722
f 739/736/722 577/739/560 576/735/559
f 741/738/724 742/740/725 743/741/726
f 743/741/726 581/567/564 741/738/724
f 743/741/726 744/742/727 745/743/728
f 745/743/728 583/570/566 743/741/726
f 746/744/729 747/745/730 748/746/731
f 748/746/731 586/574/569 746/744/729
f 746/744/729 584/571/567 583/570/566
f 748/746/731 749/747/732 750/748/733
f 750/748/733 588/578/571 748/746/731
f 750/748/733 751/749/734 752/750/735
f 752/750/735 590/581/573 750/748/733
f 752/750/735 753/751/736 754/752/737
f 754/752/737 592/584/575 752/750/735
f 754/752/737 755/753/738 756/754/739
f 756/754/739 594/587/577 754/752/737
f 757/755/740 758/756/741 759/757/742
f 759/757/742 597/591/580 757/755/740
f 757/755/740 595/588/578 594/587/577
f 758/756/741 761/758/743 759/757/742
f 759/757/742 601/759/744 599/594/582
f 760/760/745 763/761/746 761/758/743
f 761/758/743 764/762/747 601/759/744
f 763/761/746 766/763/748 764/762/747
f 764/762/747 606/601/589 604/599/587
f 604/599/587 601/759/744 764/762/747
f 765/764/749 768/765/750 766/763/748
f 766/763/748 608/603/591 606/601/589
f 767/766/751 770/767/752 768/765/750
f 768/765/750 610/605/593 608/603/591
f 769/768/753 772/769/754 770/767/752
f 770/767/752 612/607/595 610/605/593
f 771/770/755 774/771/756 772/769/754
f 772/769/754 614/609/597 612/607/595
f 773/772/757 776/773/758 774/771/756
f 774/771/756 616/611/599 614/609/597
f 775/774/759 778/775/760 776/773/758
f 776/773/758 618/614/602 616/611/599
f 777/776/761 780/777/762 778/775/760
f 778/775/760 620/778/763 618/614/602
f 779/779/764 782/780/765 780/777/762
f 782/780/765 620/778/763 780/777/762
f 783/781/766 784/782/767 785/783/768
f 785/783/768 623/617/605 783/781/766
f 783/781/766 621/615/603 620/778/763
f 786/784/769 787/785/770 788/786/771
f 788/786/771 626/621/609 786/784/769
f 786/784/769 624/618/606 623/617/605
f 789/787/772 790/788/773 791/789/774
f 791/789/774 629/625/613 789/787/772
f 789/787/772 627/622/610 626/621/609
f 792/790/775 793/791/776 794/792/777
f 794/792/777 632/628/616 792/790/775
f 792/790/775 630/626/614 629/625/613
f 795/793/778 796/794/779 797/795/780
f 797/795/780 635/631/619 795/793/778
f 795/793/778 633/629/617 632/628/616
f 798/796/781 799/797/782 800/798/783
f 800/798/783 802/799/784 798/796/781
f 798/796/781 636/632/620 635/631/619
f 801/800/785 804/801/786 802/799/784
f 802/799/784 637/634/622 636/632/620
f 803/802/787 806/803/788 804/801/786
f 804/801/786 639/637/625 637/634/622
f 805/804/789 808/805/790 806/803/788
f 806/803/788 641/806/791 639/637/625
f 807/807/792 810/808/793 808/805/790
f 808/805/790 643/639/627 641/806/791
f 809/809/794 812/810/795 810/808/793
f 812/810/795 643/639/627 810/808/793
f 812/810/795 813/811/796 814/812/797
f 814/812/797 645/641/629 812/810/795
f 814/812/797 815/813/798 816/814/799
f 816/814/799 647/643/631 814/812/797
f 816/814/799 817/815/800 818/816/801
f 818/816/801 649/645/633 816/814/799
f 818/816/801 819/817/802 820/818/803
f 820/818/803 651/647/635 818/816/801
f 820/818/803 821/819/804 822/820/805
f 822/820/805 653/649/637 820/818/803
f 822/820/805 823/821/806 824/822/807
f 824/822/807 655/651/639 822/820/805
f 824/822/807 825/823/808 826/824/809
f 826/824/809 657/653/641 824/822/807
f 826/824/809 827/825/810 828/826/811
f 828/826/811 659/655/643 826/824/809
f 828/826/811 829/827/812 830/828/813
f 830/828/813 661/657/645 828/826/811
f 830/828/813 831/829/814 832/830/815
f 832/830/815 663/659/647 830/828/813
f 832/830/815 833/831/816 834/832/817
f 834/832/817 665/661/649 832/830/815
f 833/831/816 836/833/818 834/832/817
f 834/832/817 669/834/819 667/663/651
f 835/835/820 838/836/821 836/833/818
f 836/833/818 839/837/822 669/834/819
f 672/668/656 669/834/819 839/837/822
f 838/836/821 841/838/823 839/837/822
f 839/837/822 674/671/659 672/668/656
f 841/838/823 842/839/824 843/840/825
f 841/838/823 676/841/826 674/671/659
f 843/840/825 844/842/827 845/843/828
f 845/843/828 676/841/826 843/840/825
f 846/844/829 677/672/660 676/841/826
f 846/844/829 847/845/830 848/846/831
f 848/846/831 679/847/832 846/844/829
f 848/846/831 849/848/833 850/849/834
f 850/849/834 681/676/664 848/846/831
f 850/849/834 851/850/835 852/851/836
f 852/851/836 683/678/666 850/849/834
f 852/851/836 853/852/837 854/853/838
f 854/853/838 685/680/668 852/851/836
f 854/853/838 855/854/839 856/855/840
f 856/855/840 687/682/670 854/853/838
f 857/856/841 688/683/671 687/682/670
f 857/856/841 858/857/842 859/858/843
f 859/858/843 690/685/673 857/856/841
f 859/858/843 860/859/844 861/860/845
f 861/860/845 692/687/675 859/858/843
f 861/860/845 862/861/846 863/862/847
f 863/862/847 694/689/677 861/860/845
f 863/862/847 864/863/848 865/864/849
f 865/864/849 696/691/679 863/862/847
f 865/864/849 866/865/850 867/866/851
f 867/866/851 698/693/681 865/864/849
f 867/866/851 868/867/852 869/868/853
f 869/868/853 700/695/683 867/866/851
f 870/869/854 701/696/684 700/695/683
f 870/869/854 871/870/855 872/871/856
f 872/871/856 703/698/686 870/869/854
f 873/872/857 704/699/687 703/698/686
f 873/872/857 874/873/858 875/874/859
f 875/874/859 706/701/689 873/872/857
f 876/875/860 707/702/690 706/701/689
f 876/875/860 877/876/861 878/877/862
f 878/877/862 709/704/692 876/875/860
f 879/878/863 710/705/693 709/704/692
f 879/878/863 880/879/864 881/880/865
f 881/880/865 712/707/695 879/878/863
f 882/881/866 713/708/696 712/707/695
f 882/881/866 883/882/867 884/883/868
f 884/883/868 715/710/698 882/881/866
f 885/884/869 886/885/870 887/886/871
f 887/886/871 889/887/872 885/884/869
f 885/884/869 716/711/699 715/710/698
f 888/888/873 891/889/874 889/887/872
f 889/887/872 717/713/701 716/711/699
f 890/890/875 893/891/876 891/889/874
f 891/889/874 719/715/703 717/713/701
f 892/892/877 895/893/878 893/891/876
f 893/891/876 721/717/705 719/715/703
f 894/894/879 897/895/880 895/893/878
f 895/893/878 723/719/707 721/717/705
f 896/896/881 899/897/882 897/895/880
f 897/895/880 725/898/883 723/719/707
f 898/899/884 901/900/885 899/897/882
f 901/900/885 725/898/883 899/897/882
f 901/900/885 902/901/886 903/902/887
f 903/902/887 727/721/709 901/900/885
f 903/902/887 904/903/888 905/904/889
f 905/904/889 729/724/712 903/902/887
f 905/904/889 906/905/890 907/906/891
f 907/906/891 731/726/714 905/904/889
f 907/906/891 908/907/892 909/908/893
f 909/908/893 733/728/716 907/906/891
f 909/909/893 910/910/894 911/911/895
f 911/911/895 735/912/718 909/909/893
f 911/911/895 912/913/896 913/914/897
f 913/914/897 737/733/720 911/911/895
f 914/915/898 915/916/899 916/917/900
f 916/917/900 740/737/723 914/915/898
f 914/915/898 738/734/721 737/733/720
f 916/917/900 917/918/901 918/919/902
f 918/919/902 742/740/725 916/917/900
f 918/919/902 919/920/903 920/921/904
f 920/921/904 744/742/727 918/919/902
f 921/922/905 922/923/906 923/924/907
f 923/924/907 747/745/730 921/922/905
f 921/922/905 745/743/728 744/742/727
f 923/924/907 924/925/908 925/926/909
f 925/926/909 749/747/732 923/924/907
f 925/926/909 926/927/910 927/928/911
f 927/928/911 751/749/734 925/926/909
f 927/928/911 928/929/912 929/930/913
f 929/930/913 753/751/736 927/928/911
f 929/930/913 930/931/914 931/932/915
f 931/932/915 755/753/738 929/930/913
f 931/932/915 934/933/916 932/934/917
f 932/934/917 760/760/745 758/756/741
f 932/934/917 756/754/739 755/753/738
f 933/935/918 936/936/919 934/933/916
f 934/933/916 762/937/920 760/760/745
f 935/938/921 938/939/922 936/936/919
f 936/936/919 939/940/923 762/937/920
f 938/939/922 941/941/924 939/940/923
f 939/940/923 767/766/751 765/764/749
f 765/764/749 762/937/920 939/940/923
f 940/942/925 943/943/926 941/941/924
f 941/941/924 769/768/753 767/766/751
f 942/944/927 945/945/928 943/943/926
f 943/943/926 771/770/755 769/768/753
f 944/946/929 947/947/930 945/945/928
f 945/945/928 773/772/757 771/770/755
f 946/948/931 949/949/932 947/947/930
f 947/947/930 775/774/759 773/772/757
f 948/950/933 951/951/934 949/949/932
f 949/949/932 777/776/761 775/774/759
f 950/952/935 953/953/936 951/951/934
f 951/951/934 779/779/764 777/776/761
f 952/954/937 955/955/938 953/953/936
f 953/953/936 781/956/939 779/779/764
f 954/957/940 957/958/941 955/955/938
f 955/955/938 958/959/942 781/956/939
f 957/958/941 960/960/943 958/959/942
f 960/960/943 784/782/767 958/959/942
f 958/959/942 782/780/765 781/956/939
f 961/961/944 962/962/945 963/963/946
f 963/963/946 787/785/770 961/961/944
f 961/961/944 785/783/768 784/782/767
f 964/964/947 965/965/948 966/966/949
f 966/966/949 790/788/773 964/964/947
f 964/964/947 788/786/771 787/785/770
f 967/967/950 968/968/951 969/969/952
f 969/969/952 793/791/776 967/967/950
f 967/967/950 791/789/774 790/788/773
f 970/970/953 971/971/954 972/972/955
f 972/972/955 796/794/779 970/970/953
f 970/970/953 794/792/777 793/791/776
f 973/973/956 974/974/957 975/975/958
f 975/975/958 799/797/782 973/973/956
f 973/973/956 797/795/780 796/794/779
f 976/976/959 977/977/960 978/978/961
f 978/978/961 980/979/962 976/976/959
f 976/976/959 800/798/783 799/797/782
f 979/980/963 982/981/964 980/979/962
f 980/979/962 801/800/785 800/798/783
f 981/982/965 984/983/966 982/981/964
f 982/981/964 803/802/787 801/800/785
f 983/984/967 986/985/968 984/983/966
f 984/983/966 805/804/789 803/802/787
f 985/986/969 988/987/970 986/985/968
f 986/985/968 807/807/792 805/804/789
f 987/988/971 990/989/972 988/987/970
f 988/987/970 809/809/794 807/807/792
f 989/990/973 992/991/974 990/989/972
f 990/989/972 811/992/975 809/809/794
f 991/993/976 994/994/977 992/991/974
f 992/991/974 813/811/796 811/992/975
f 993/995/978 996/996/979 994/994/977
f 994/994/977 815/813/798 813/811/796
f 995/997/980 998/998/981 996/996/979
f 996/996/979 817/815/800 815/813/798
f 997/999/982 1000/1000/983 998/998/981
f 998/998/981 819/817/802 817/815/800
f 1000/1000/983 1001/1001/984 1002/1002/985
f 1002/1002/985 819/817/802 1000/1000/983
f 1002/1002/985 1003/1003/986 1004/1004/987
f 1004/1004/987 821/819/804 1002/1002/985
f 1004/1004/987 1005/1005/988 1006/1006/989
f 1006/1006/989 823/821/806 1004/1004/987
f 1006/1006/989 1007/1007/990 1008/1008/991
f 1008/1008/991 825/823/808 1006/1006/989
f 1008/1008/991 1009/1009/992 1010/1010/993
f 1010/1010/993 827/825/810 1008/1008/991
f 1010/1010/993 1011/1011/994 1012/1012/995
f 1012/1012/995 829/827/812 1010/1010/993
f 1012/1012/995 1013/1013/996 1014/1014/997
f 1014/1014/997 831/829/814 1012/1012/995
f 1013/1013/996 1016/1015/998 1014/1014/997
f 1014/1014/997 835/835/820 833/831/816
f 1015/1016/999 1018/1017/1000 1016/1015/998
f 1016/1015/998 837/1018/1001 835/835/820
f 1017/1019/1002 1020/1020/1003 1018/1017/1000
f 1018/1017/1000 1021/1021/1004 837/1018/1001
f 840/1022/1005 837/1018/1001 1021/1021/1004
f 1021/1021/1004 1022/1023/1006 1023/1024/1007
f 1023/1024/1007 840/1022/1005 1021/1021/1004
f 1023/1024/1007 1024/1025/1008 1025/1026/1009
f 1025/1026/1009 842/839/824 1023/1024/1007
f 1025/1026/1009 1026/1027/1010 1027/1028/1011
f 1027/1028/1011 844/842/827 1025/1026/1009
f 1028/1029/1012 845/843/828 844/842/827
f 1028/1029/1012 1029/1030/1013 1030/1031/1014
f 1030/1031/1014 847/845/830 1028/1029/1012
f 1030/1031/1014 1031/1032/1015 1032/1033/1016
f 1032/1033/1016 849/848/833 1030/1031/1014
f 1032/1033/1016 1033/1034/1017 1034/1035/1018
f 1034/1035/1018 851/850/835 1032/1033/1016
f 1034/1035/1018 1035/1036/1019 1036/1037/1020
f 1036/1037/1020 853/852/837 1034/1035/1018
f 1036/1037/1020 1037/1038/1021 1038/1039/1022
f 1038/1039/1022 855/854/839 1036/1037/1020
f 1039/1040/1023 856/855/840 855/854/839
f 1039/1040/1023 1040/1041/1024 1041/1042/1025
f 1041/1042/1025 858/857/842 1039/1040/1023
f 1041/1042/1025 1042/1043/1026 1043/1044/1027
f 1043/1044/1027 860/859/844 1041/1042/1025
f 1043/1044/1027 1044/1045/1028 1045/1046/1029
f 1045/1046/1029 862/861/846 1043/1044/1027
f 1045/1046/1029 1046/1047/1030 1047/1048/1031
f 1047/1048/1031 864/863/848 1045/1046/1029
f 1047/1048/1031 1048/1049/1032 1049/1050/1033
f 1049/1050/1033 866/865/850 1047/1048/1031
f 1049/1050/1033 1050/1051/1034 1051/1052/1035
f 1051/1052/1035 868/867/852 1049/1050/1033
f 1052/1053/1036 869/868/853 868/867/852
f 1052/1053/1036 1053/1054/1037 1054/1055/1038
f 1054/1055/1038 871/870/855 1052/1053/1036
f 1055/1056/1039 872/871/856 871/870/855
f 1055/1056/1039 1056/1057/1040 1057/1058/1041
f 1057/1058/1041 874/873/858 1055/1056/1039
f 1058/1059/1042 875/874/859 874/873/858
f 1058/1059/1042 1059/1060/1043 1060/1061/1044
f 1060/1061/1044 877/876/861 1058/1059/1042
f 1061/1062/1045 878/877/862 877/876/861
f 1061/1062/1045 1062/1063/1046 1063/1064/1047
f 1063/1064/1047 880/879/864 1061/1062/1045
f 1064/1065/1048 881/880/865 880/879/864
f 1064/1065/1048 1065/1066/1049 1066/1067/1050
f 1066/1067/1050 883/882/867 1064/1065/1048
f 1067/1068/1051 884/883/868 883/882/867
f 1067/1068/1051 1068/1069/1052 1069/1070/1053
f 1069/1070/1053 886/885/870 1067/1068/1051
f 1070/1071/1054 887/886/871 886/885/870
f 1070/1071/1054 1072/1072/1055 1073/1073/1056
f 1073/1073/1056 1071/1074/1057 1070/1071/1054
f 1074/1075/1058 1075/1076/1059 1076/1077/1060
f 1076/1077/1060 1078/1078/1061 1074/1075/1058
f 1074/1075/1058 1079/1079/1062 1071/1074/1057
f 1078/1078/1061 1081/1080/1063 1079/1079/1062
f 1079/1079/1062 890/890/875 888/888/873
f 888/888/873 1071/1074/1057 1079/1079/1062
f 1080/1081/1064 1083/1082/1065 1081/1080/1063
f 1081/1080/1063 892/892/877 890/890/875
f 1082/1083/1066 1085/1084/1067 1083/1082/1065
f 1083/1082/1065 894/894/879 892/892/877
f 1084/1085/1068 1087/1086/1069 1085/1084/1067
f 1085/1084/1067 896/896/881 894/894/879
f 1086/1087/1070 1089/1088/1071 1087/1086/1069
f 1087/1086/1069 898/899/884 896/896/881
f 1088/1089/1072 1091/1090/1073 1089/1088/1071
f 1089/1088/1071 900/1091/1074 898/899/884
f 1090/1092/1075 1093/1093/1076 1091/1090/1073
f 1091/1090/1073 902/901/886 900/1091/1074
f 1092/1094/1077 1095/1095/1078 1093/1093/1076
f 1095/1095/1078 902/901/886 1093/1093/1076
f 1094/1096/1079 1097/1097/1080 1095/1095/1078
f 1097/1097/1080 904/903/888 1095/1095/1078
f 1097/1097/1080 1098/1098/1081 1099/1099/1082
f 1099/1099/1082 906/905/890 1097/1097/1080
f 1099/1100/1082 1100/1101/1083 1101/1102/1084
f 1101/1102/1084 908/1103/892 1099/1100/1082
f 1101/1102/1084 1102/1104/1085 1103/1105/1086
f 1103/1105/1086 910/910/894 1101/1102/1084
f 1103/1105/1086 1104/1106/1087 1105/1107/1088
f 1105/1107/1088 912/913/896 1103/1105/1086
f 1106/1108/1089 1107/1109/1090 1108/1110/1091
f 1108/1110/1091 915/916/899 1106/1108/1089
f 1106/1108/1089 913/914/897 912/913/896
f 1108/1110/1091 1109/1111/1092 1110/1112/1093
f 1110/1112/1093 917/918/901 1108/1110/1091
f 1110/1112/1093 1111/1113/1094 1112/1114/1095
f 1112/1114/1095 919/920/903 1110/1112/1093
f 1113/1115/1096 1114/1116/1097 1115/1117/1098
f 1115/1117/1098 922/923/906 1113/1115/1096
f 1113/1115/1096 920/921/904 919/920/903
f 1115/1117/1098 1116/1118/1099 1117/1119/1100
f 1117/1119/1100 924/925/908 1115/1117/1098
f 1117/1119/1100 1118/1120/1101 1119/1121/1102
f 1119/1121/1102 926/927/910 1117/1119/1100
f 1119/1121/1102 1120/1122/1103 1121/1123/1104
f 1121/1123/1104 928/929/912 1119/1121/1102
f 1121/1123/1104 1122/1124/1105 1123/1125/1106
f 1123/1125/1106 930/931/914 1121/1123/1104
f 1123/1125/1106 1126/1126/1107 1124/1127/1108
f 1124/1127/1108 935/938/921 933/935/918
f 933/935/918 930/931/914 1124/1127/1108
f 1125/1128/1109 1128/1129/1110 1126/1126/1107
f 1126/1126/1107 937/1130/1111 935/938/921
f 1127/1131/1112 1130/1132/1113 1128/1129/1110
f 1128/1129/1110 1131/1133/1114 937/1130/1111
f 1130/1132/1113 1133/1134/1115 1131/1133/1114
f 1131/1133/1114 942/944/927 940/942/925
f 940/942/925 937/1130/1111 1131/1133/1114
f 1132/1135/1116 1135/1136/1117 1133/1134/1115
f 1133/1134/1115 944/946/929 942/944/927
f 1134/1137/1118 1137/1138/1119 1135/1136/1117
f 1135/1136/1117 946/948/931 944/946/929
f 1136/1139/1120 1139/1140/1121 1137/1138/1119
f 1137/1138/1119 948/950/933 946/948/931
f 1138/1141/1122 1141/1142/1123 1139/1140/1121
f 1139/1140/1121 950/952/935 948/950/933
f 1140/1143/1124 1143/1144/1125 1141/1142/1123
f 1141/1142/1123 952/954/937 950/952/935
f 1142/1145/1126 1145/1146/1127 1143/1144/1125
f 1143/1144/1125 954/957/940 952/954/937
f 1144/1147/1128 1147/1148/1129 1145/1146/1127
f 1145/1146/1127 956/1149/1130 954/957/940
f 1146/1150/1131 1149/1151/1132 1147/1148/1129
f 1147/1148/1129 1150/1152/1133 956/1149/1130
f 1149/1151/1132 1152/1153/1134 1150/1152/1133
f 1150/1152/1133 1153/1154/1135 959/1155/1136
f 959/1155/1136 956/1149/1130 1150/1152/1133
f 1152/1153/1134 1155/1156/1137 1153/1154/1135
f 1153/1154/1135 1156/1157/1138 962/962/945
f 962/962/945 959/1155/1136 1153/1154/1135
f 1155/1156/1137 1158/1158/1139 1156/1157/1138
f 1158/1158/1139 965/965/948 1156/1157/1138
f 1156/1157/1138 963/963/946 962/962/945
f 1159/1159/1140 1160/1160/1141 1161/1161/1142
f 1161/1161/1142 968/968/951 1159/1159/1140
f 1159/1159/1140 966/966/949 965/965/948
f 1162/1162/1143 1163/1163/1144 1164/1164/1145
f 1164/1164/1145 971/971/954 1162/1162/1143
f 1162/1162/1143 969/969/952 968/968/951
f 1165/1165/1146 1166/1166/1147 1167/1167/1148
f 1167/1167/1148 974/974/957 1165/1165/1146
f 1165/1165/1146 972/972/955 971/971/954
f 1168/1168/1149 1169/1169/1150 1170/1170/1151
f 1170/1170/1151 977/977/960 1168/1168/1149
f 1168/1168/1149 975/975/958 974/974/957
f 1171/1171/1152 1172/1172/1153 1173/1173/1154
f 1173/1173/1154 1175/1174/1155 1171/1171/1152
f 1171/1171/1152 978/978/961 977/977/960
f 1174/1175/1156 1177/1176/1157 1175/1174/1155
f 1175/1174/1155 979/980/963 978/978/961
f 1176/1177/1158 1179/1178/1159 1177/1176/1157
f 1177/1176/1157 981/982/965 979/980/963
f 1178/1179/1160 1181/1180/1161 1179/1178/1159
f 1179/1178/1159 983/984/967 981/982/965
f 1180/1181/1162 1183/1182/1163 1181/1180/1161
f 1181/1180/1161 985/986/969 983/984/967
f 1182/1183/1164 1185/1184/1165 1183/1182/1163
f 1183/1182/1163 987/988/971 985/986/969
f 1184/1185/1166 1187/1186/1167 1185/1184/1165
f 1185/1184/1165 989/990/973 987/988/971
f 1187/1186/1167 1188/1187/1168 1189/1188/1169
f 1189/1188/1169 989/990/973 1187/1186/1167
f 1189/1188/1169 1190/1189/1170 1191/1190/1171
f 1191/1190/1171 991/993/976 1189/1188/1169
f 1191/1190/1171 1192/1191/1172 1193/1192/1173
f 1193/1192/1173 993/995/978 1191/1190/1171
f 1193/1192/1173 1194/1193/1174 1195/1194/1175
f 1193/1192/1173 997/999/982 995/997/980
f 1195/1194/1175 1196/1195/1176 1197/1196/1177
f 1197/1196/1177 997/999/982 1195/1194/1175
f 1197/1196/1177 1198/1197/1178 1199/1198/1179
f 1199/1198/1179 999/1199/1180 1197/1196/1177
f 1199/1198/1179 1200/1200/1181 1201/1201/1182
f 1201/1201/1182 1001/1001/984 1199/1198/1179
f 1201/1201/1182 1202/1202/1183 1203/1203/1184
f 1203/1203/1184 1003/1003/986 1201/1201/1182
f 1203/1203/1184 1204/1204/1185 1205/1205/1186
f 1205/1205/1186 1005/1005/988 1203/1203/1184
f 1205/1205/1186 1206/1206/1187 1207/1207/1188
f 1207/1207/1188 1007/1007/990 1205/1205/1186
f 1207/1207/1188 1208/1208/1189 1209/1209/1190
f 1209/1209/1190 1009/1009/992 1207/1207/1188
f 1208/1208/1189 1211/1210/1191 1209/1209/1190
f 1209/1209/1190 1013/1013/996 1011/1011/994
f 1210/1211/1192 1213/1212/1193 1211/1210/1191
f 1211/1210/1191 1015/1016/999 1013/1013/996
f 1212/1213/1194 1215/1214/1195 1213/1212/1193
f 1213/1212/1193 1017/1019/1002 1015/1016/999
f 1214/1215/1196 1217/1216/1197 1215/1214/1195
f 1215/1214/1195 1019/1217/1198 1017/1019/1002
f 1216/1218/1199 1219/1219/1200 1217/1216/1197
f 1217/1216/1197 1220/1220/1201 1019/1217/1198
f 1022/1023/1006 1019/1217/1198 1220/1220/1201
f 1220/1220/1201 1221/1221/1202 1222/1222/1203
f 1222/1222/1203 1022/1023/1006 1220/1220/1201
f 1222/1222/1203 1223/1223/1204 1224/1224/1205
f 1224/1224/1205 1024/1025/1008 1222/1222/1203
f 1224/1224/1205 1225/1225/1206 1226/1226/1207
f 1226/1226/1207 1026/1027/1010 1224/1224/1205
f 1227/1227/1208 1027/1028/1011 1026/1027/1010
f 1227/1227/1208 1228/1228/1209 1229/1229/1210
f 1229/1229/1210 1029/1030/1013 1227/1227/1208
f 1229/1229/1210 1230/1230/1211 1231/1231/1212
f 1231/1231/1212 1031/1032/1015 1229/1229/1210
f 1231/1231/1212 1232/1232/1213 1233/1233/1214
f 1233/1233/1214 1033/1034/1017 1231/1231/1212
f 1233/1233/1214 1234/1234/1215 1235/1235/1216
f 1235/1235/1216 1035/1036/1019 1233/1233/1214
f 1235/1235/1216 1236/1236/1217 1237/1237/1218
f 1237/1237/1218 1037/1038/1021 1235/1235/1216
f 1238/1238/1219 1038/1039/1022 1037/1038/1021
f 1238/1238/1219 1239/1239/1220 1240/1240/1221
f 1240/1240/1221 1040/1041/1024 1238/1238/1219
f 1240/1240/1221 1241/1241/1222 1242/1242/1223
f 1242/1242/1223 1042/1043/1026 1240/1240/1221
f 1242/1242/1223 1243/1243/1224 1244/1244/1225
f 1244/1244/1225 1044/1045/1028 1242/1242/1223
f 1244/1244/1225 1245/1245/1226 1246/1246/1227
f 1246/1246/1227 1046/1047/1030 1244/1244/1225
f 1246/1246/1227 1247/1247/1228 1248/1248/1229
f 1248/1248/1229 1048/1049/1032 1246/1246/1227
f 1248/1248/1229 1249/1249/1230 1250/1250/1231
f 1250/1250/1231 1050/1051/1034 1248/1248/1229
f 1251/1251/1232 1051/1052/1035 1050/1051/1034
f 1251/1251/1232 1252/1252/1233 1253/1253/1234
f 1253/1253/1234 1053/1054/1037 1251/1251/1232
f 1254/1254/1235 1054/1055/1038 1053/1054/1037
f 1254/1254/1235 1255/1255/1236 1256/1256/1237
f 1256/1256/1237 1056/1057/1040 1254/1254/1235
f 1257/1257/1238 1057/1058/1041 1056/1057/1040
f 1257/1257/1238 1258/1258/1239 1259/1259/1240
f 1259/1259/1240 1059/1060/1043 1257/1257/1238
f 1260/1260/1241 1060/1061/1044 1059/1060/1043
f 1260/1260/1241 1261/1261/1242 1262/1262/1243
f 1262/1262/1243 1062/1063/1046 1260/1260/1241
f 1263/1263/1244 1063/1064/1047 1062/1063/1046
f 1263/1263/1244 1264/1264/1245 1265/1265/1246
f 1265/1265/1246 1065/1066/1049 1263/1263/1244
f 1266/1266/1247 1066/1067/1050 1065/1066/1049
f 1266/1266/1247 1267/1267/1248 1268/1268/1249
f 1268/1268/1249 1068/1069/1052 1266/1266/1247
f 1269/1269/1250 1069/1070/1053 1068/1069/1052
f 1269/1269/1250 1270/1270/1251 1271/1271/1252
f 1271/1271/1252 1072/1072/1055 1269/1269/1250
f 1272/1272/1253 1073/1073/1056 1072/1072/1055
f 1272/1272/1253 1273/1273/1254 1274/1274/1255
f 1274/1274/1255 1075/1076/1059 1272/1272/1253
f 1275/1275/1256 1276/1276/1257 1277/1277/1258
f 1277/1277/1258 1279/1278/1259 1275/1275/1256
f 1275/1275/1256 1076/1077/1060 1075/1076/1059
f 1278/1279/1260 1281/1280/1261 1279/1278/1259
f 1279/1278/1259 1077/1281/1262 1076/1077/1060
f 1280/1282/1263 1283/1283/1264 1281/1280/1261
f 1281/1280/1261 1284/1284/1265 1077/1281/1262
f 1283/1283/1264 1286/1285/1266 1284/1284/1265
f 1284/1284/1265 1082/1083/1066 1080/1081/1064
f 1080/1081/1064 1077/1281/1262 1284/1284/1265
f 1285/1286/1267 1288/1287/1268 1286/1285/1266
f 1286/1285/1266 1084/1085/1068 1082/1083/1066
f 1287/1288/1269 1290/1289/1270 1288/1287/1268
f 1288/1287/1268 1086/1087/1070 1084/1085/1068
f 1289/1290/1271 1292/1291/1272 1290/1289/1270
f 1290/1289/1270 1088/1089/1072 1086/1087/1070
f 1291/1292/1273 1294/1293/1274 1292/1291/1272
f 1292/1291/1272 1090/1092/1075 1088/1089/1072
f 1293/1294/1275 1296/1295/1276 1294/1293/1274
f 1294/1293/1274 1092/1094/1077 1090/1092/1075
f 1295/1296/1277 1298/1297/1278 1296/1295/1276
f 1296/1295/1276 1094/1096/1079 1092/1094/1077
f 1297/1298/1279 1300/1299/1280 1298/1297/1278
f 1298/1297/1278 1096/1300/1281 1094/1096/1079
f 1299/1301/1282 1302/1302/1283 1300/1299/1280
f 1300/1299/1280 1098/1098/1081 1096/1300/1281
f 1302/1303/1283 1303/1304/1284 1304/1305/1285
f 1304/1305/1285 1098/1306/1081 1302/1303/1283
f 1304/1305/1285 1305/1307/1286 1306/1308/1287
f 1306/1308/1287 1100/1101/1083 1304/1305/1285
f 1306/1308/1287 1307/1309/1288 1308/1310/1289
f 1308/1310/1289 1102/1104/1085 1306/1308/1287
f 1308/1310/1289 1309/1311/1290 1310/1312/1291
f 1310/1312/1291 1104/1106/1087 1308/1310/1289
f 1311/1313/1292 1312/1314/1293 1313/1315/1294
f 1313/1315/1294 1107/1109/1090 1311/1313/1292
f 1311/1313/1292 1105/1107/1088 1104/1106/1087
f 1312/1314/1293 1315/1316/1295 1313/1315/1294
f 1315/1316/1295 1109/1111/1092 1313/1315/1294
f 1314/1317/1296 1317/1318/1297 1315/1316/1295
f 1317/1318/1297 1111/1113/1094 1315/1316/1295
f 1318/1319/1298 1319/1320/1299 1320/1321/1300
f 1320/1321/1300 1114/1116/1097 1318/1319/1298
f 1318/1319/1298 1112/1114/1095 1111/1113/1094
f 1319/1320/1299 1322/1322/1301 1320/1321/1300
f 1322/1322/1301 1116/1118/1099 1320/1321/1300
f 1321/1323/1302 1324/1324/1303 1322/1322/1301
f 1322/1322/1301 1120/1122/1103 1118/1120/1101
f 1323/1325/1304 1326/1326/1305 1324/1324/1303
f 1324/1324/1303 1122/1124/1105 1120/1122/1103
f 1325/1327/1306 1328/1328/1307 1326/1326/1305
f 1326/1326/1305 1329/1329/1308 1122/1124/1105
f 1328/1328/1307 1331/1330/1309 1329/1329/1308
f 1329/1329/1308 1127/1131/1112 1125/1128/1109
f 1125/1128/1109 1122/1124/1105 1329/1329/1308
f 1330/1331/1310 1333/1332/1311 1331/1330/1309
f 1331/1330/1309 1129/1333/1312 1127/1131/1112
f 1332/1334/1313 1335/1335/1314 1333/1332/1311
f 1333/1332/1311 1336/1336/1315 1129/1333/1312
f 1335/1335/1314 1338/1337/1316 1336/1336/1315
f 1336/1336/1315 1134/1137/1118 1132/1135/1116
f 1132/1135/1116 1129/1333/1312 1336/1336/1315
f 1337/1338/1317 1340/1339/1318 1338/1337/1316
f 1338/1337/1316 1136/1139/1120 1134/1137/1118
f 1339/1340/1319 1342/1341/1320 1340/1339/1318
f 1340/1339/1318 1138/1141/1122 1136/1139/1120
f 1341/1342/1321 1344/1343/1322 1342/1341/1320
f 1342/1341/1320 1140/1143/1124 1138/1141/1122
f 1343/1344/1323 1346/1345/1324 1344/1343/1322
f 1344/1343/1322 1142/1145/1126 1140/1143/1124
f 1345/1346/1325 1348/1347/1326 1346/1345/1324
f 1346/1345/1324 1144/1147/1128 1142/1145/1126
f 1347/1348/1327 1350/1349/1328 1348/1347/1326
f 1348/1347/1326 1146/1150/1131 1144/1147/1128
f 1349/1350/1329 1352/1351/1330 1350/1349/1328
f 1350/1349/1328 1148/1352/1331 1146/1150/1131
f 1351/1353/1332 1354/1354/1333 1352/1351/1330
f 1352/1351/1330 1355/1355/1334 1148/1352/1331
f 1354/1354/1333 1357/1356/1335 1355/1355/1334
f 1355/1355/1334 1358/1357/1336 1151/1358/1337
f 1151/1358/1337 1148/1352/1331 1355/1355/1334
f 1357/1356/1335 1360/1359/1338 1358/1357/1336
f 1358/1357/1336 1361/1360/1339 1154/1361/1340
f 1154/1361/1340 1151/1358/1337 1358/1357/1336
f 1360/1359/1338 1363/1362/1341 1361/1360/1339
f 1361/1360/1339 1364/1363/1342 1157/1364/1343
f 1157/1364/1343 1154/1361/1340 1361/1360/1339
f 1363/1362/1341 1366/1365/1344 1364/1363/1342
f 1364/1363/1342 1367/1366/1345 1160/1160/1141
f 1160/1160/1141 1157/1364/1343 1364/1363/1342
f 1367/1366/1345 1368/1367/1346 1369/1368/1347
f 1369/1368/1347 1163/1163/1144 1367/1366/1345
f 1367/1366/1345 1161/1161/1142 1160/1160/1141
f 1370/1369/1348 1371/1370/1349 1372/1371/1350
f 1372/1371/1350 1166/1166/1147 1370/1369/1348
f 1370/1369/1348 1164/1164/1145 1163/1163/1144
f 1373/1372/1351 1374/1373/1352 1375/1374/1353
f 1375/1374/1353 1169/1169/1150 1373/1372/1351
f 1373/1372/1351 1167/1167/1148 1166/1166/1147
f 1376/1375/1354 1377/1376/1355 1378/1377/1356
f 1378/1377/1356 1172/1172/1153 1376/1375/1354
f 1376/1375/1354 1170/1170/1151 1169/1169/1150
f 1379/1378/1357 1380/1379/1358 1381/1380/1359
f 1381/1380/1359 1383/1381/1360 1379/1378/1357
f 1379/1378/1357 1173/1173/1154 1172/1172/1153
f 1382/1382/1361 1385/1383/1362 1383/1381/1360
f 1383/1381/1360 1174/1175/1156 1173/1173/1154
f 1384/1384/1363 1387/1385/1364 1385/1383/1362
f 1385/1383/1362 1176/1177/1158 1174/1175/1156
f 1386/1386/1365 1389/1387/1366 1387/1385/1364
f 1387/1385/1364 1178/1179/1160 1176/1177/1158
f 1388/1388/1367 1391/1389/1368 1389/1387/1366
f 1389/1387/1366 1180/1181/1162 1178/1179/1160
f 1390/1390/1369 1393/1391/1370 1391/1389/1368
f 1391/1389/1368 1182/1183/1164 1180/1181/1162
f 1392/1392/1371 1395/1393/1372 1393/1391/1370
f 1393/1391/1370 1184/1185/1166 1182/1183/1164
f 1394/1394/1373 1397/1395/1374 1395/1393/1372
f 1395/1393/1372 1186/1396/1375 1184/1185/1166
f 1396/1397/1376 1399/1398/1377 1397/1395/1374
f 1399/1398/1377 1186/1396/1375 1397/1395/1374
f 1398/1399/1378 1401/1400/1379 1399/1398/1377
f 1401/1400/1379 1188/1187/1168 1399/1398/1377
f 1400/1401/1380 1403/1402/1381 1401/1400/1379
f 1403/1402/1381 1190/1189/1170 1401/1400/1379
f 1403/1402/1381 1404/1403/1382 1405/1404/1383
f 1405/1404/1383 1192/1191/1172 1403/1402/1381
f 1405/1404/1383 1406/1405/1384 1407/1406/1385
f 1407/1406/1385 1194/1193/1174 1405/1404/1383
f 1407/1406/1385 1408/1407/1386 1409/1408/1387
f 1409/1408/1387 1196/1195/1176 1407/1406/1385
f 1409/1408/1387 1410/1409/1388 1411/1410/1389
f 1411/1410/1389 1198/1197/1178 1409/1408/1387
f 1411/1410/1389 1412/1411/1390 1413/1412/1391
f 1413/1412/1391 1200/1200/1181 1411/1410/1389
f 1413/1412/1391 1414/1413/1392 1415/1414/1393
f 1415/1414/1393 1202/1202/1183 1413/1412/1391
f 1415/1414/1393 1416/1415/1394 1417/1416/1395
f 1417/1416/1395 1204/1204/1185 1415/1414/1393
f 1416/1415/1394 1419/1417/1396 1417/1416/1395
f 1417/1416/1395 1208/1208/1189 1206/1206/1187
f 1418/1418/1397 1421/1419/1398 1419/1417/1396
f 1419/1417/1396 1210/1211/1192 1208/1208/1189
f 1420/1420/1399 1423/1421/1400 1421/1419/1398
f 1421/1419/1398 1212/1213/1194 1210/1211/1192
f 1422/1422/1401 1425/1423/1402 1423/1421/1400
f 1423/1421/1400 1214/1215/1196 1212/1213/1194
f 1424/1424/1403 1427/1425/1404 1425/1423/1402
f 1425/1423/1402 1216/1218/1199 1214/1215/1196
f 1426/1426/1405 1429/1427/1406 1427/1425/1404
f 1427/1425/1404 1218/1428/1407 1216/1218/1199
f 1428/1429/1408 1431/1430/1409 1429/1427/1406
f 1431/1430/1409 1218/1428/1407 1429/1427/1406
f 1432/1431/1410 1219/1219/1200 1218/1428/1407
f 1432/1431/1410 1433/1432/1411 1434/1433/1412
f 1434/1433/1412 1221/1221/1202 1432/1431/1410
f 1434/1433/1412 1435/1434/1413 1436/1435/1414
f 1436/1435/1414 1223/1223/1204 1434/1433/1412
f 1436/1435/1414 1437/1436/1415 1438/1437/1416
f 1438/1437/1416 1225/1225/1206 1436/1435/1414
f 1439/1438/1417 1226/1226/1207 1225/1225/1206
f 1439/1438/1417 1440/1439/1418 1441/1440/1419
f 1441/1440/1419 1228/1228/1209 1439/1438/1417
f 1441/1440/1419 1442/1441/1420 1443/1442/1421
f 1443/1442/1421 1230/1230/1211 1441/1440/1419
f 1443/1442/1421 1444/1443/1422 1445/1444/1423
f 1445/1444/1423 1232/1232/1213 1443/1442/1421
f 1444/1443/1422 1447/1445/1424 1445/1444/1423
f 1447/1445/1424 1234/1234/1215 1445/1444/1423
f 1446/1446/1425 1449/1447/1426 1447/1445/1424
f 1447/1445/1424 1450/1448/1427 1236/1236/1217
f 1450/1448/1427 1237/1237/1218 1236/1236/1217
f 1449/1447/1426 1452/1449/1428 1450/1448/1427
f 1452/1449/1428 1239/1239/1220 1450/1448/1427
f 1451/1450/1429 1454/1451/1430 1452/1449/1428
f 1454/1451/1430 1241/1241/1222 1452/1449/1428
f 1454/1451/1430 1455/1452/1431 1456/1453/1432
f 1456/1453/1432 1243/1243/1224 1454/1451/1430
f 1456/1453/1432 1457/1454/1433 1458/1455/1434
f 1458/1455/1434 1245/1245/1226 1456/1453/1432
f 1458/1455/1434 1459/1456/1435 1460/1457/1436
f 1460/1457/1436 1247/1247/1228 1458/1455/1434
f 1460/1457/1436 1461/1458/1437 1462/1459/1438
f 1462/1459/1438 1249/1249/1230 1460/1457/1436
f 1463/1460/1439 1250/1250/1231 1249/1249/1230
f 1463/1460/1439 1464/1461/1440 1465/1462/1441
f 1465/1462/1441 1252/1252/1233 1463/1460/1439
f 1466/1463/1442 1253/1253/1234 1252/1252/1233
f 1466/1463/1442 1467/1464/1443 1468/1465/1444
f 1468/1465/1444 1255/1255/1236 1466/1463/1442
f 1469/1466/1445 1256/1256/1237 1255/1255/1236
f 1469/1466/1445 1470/1467/1446 1471/1468/1447
f 1471/1468/1447 1258/1258/1239 1469/1466/1445
f 1472/1469/1448 1259/1259/1240 1258/1258/1239
f 1472/1469/1448 1473/1470/1449 1474/1471/1450
f 1474/1471/1450 1261/1261/1242 1472/1469/1448
f 1475/1472/1451 1262/1262/1243 1261/1261/1242
f 1475/1472/1451 1476/1473/1452 1477/1474/1453
f 1477/1474/1453 1264/1264/1245 1475/1472/1451
f 1478/1475/1454 1265/1265/1246 1264/1264/1245
f 1478/1475/1454 1479/1476/1455 1480/1477/1456
f 1480/1477/1456 1267/1267/1248 1478/1475/1454
f 1481/1478/1457 1268/1268/1249 1267/1267/1248
f 1481/1478/1457 1482/1479/1458 1483/1480/1459
f 1483/1480/1459 1270/1270/1251 1481/1478/1457
f 1484/1481/1460 1271/1271/1252 1270/1270/1251
f 1484/1481/1460 1485/1482/1461 1486/1483/1462
f 1486/1483/1462 1273/1273/1254 1484/1481/1460
f 1487/1484/1463 1274/1274/1255 1273/1273/1254
f 1487/1484/1463 1488/1485/1464 1489/1486/1465
f 1489/1486/1465 1276/1276/1257 1487/1484/1463
f 1490/1487/1466 1491/1488/1467 1492/1489/1468
f 1492/1489/1468 1494/1490/1469 1490/1487/1466
f 1490/1487/1466 1277/1277/1258 1276/1276/1257
f 1493/1491/1470 1496/1492/1471 1494/1490/1469
f 1494/1490/1469 1278/1279/1260 1277/1277/1258
f 1495/1493/1472 1498/1494/1473 1496/1492/1471
f 1496/1492/1471 1280/1282/1263 1278/1279/1260
f 1497/1495/1474 1500/1496/1475 1498/1494/1473
f 1498/1494/1473 1282/1497/1476 1280/1282/1263
f 1499/1498/1477 1502/1499/1478 1500/1496/1475
f 1500/1496/1475 1503/1500/1479 1282/1497/1476
f 1502/1499/1478 1505/1501/1480 1503/1500/1479
f 1503/1500/1479 1287/1288/1269 1285/1286/1267
f 1285/1286/1267 1282/1497/1476 1503/1500/1479
f 1504/1502/1481 1507/1503/1482 1505/1501/1480
f 1505/1501/1480 1289/1290/1271 1287/1288/1269
f 1506/1504/1483 1509/1505/1484 1507/1503/1482
f 1507/1503/1482 1291/1292/1273 1289/1290/1271
f 1508/1506/1485 1511/1507/1486 1509/1505/1484
f 1509/1505/1484 1293/1294/1275 1291/1292/1273
f 1510/1508/1487 1513/1509/1488 1511/1507/1486
f 1511/1507/1486 1295/1296/1277 1293/1294/1275
f 1512/1510/1489 1515/1511/1490 1513/1509/1488
f 1513/1509/1488 1297/1298/1279 1295/1296/1277
f 1514/1512/1491 1517/1513/1492 1515/1511/1490
f 1515/1511/1490 1299/1301/1282 1297/1298/1279
f 1517/1513/1492 1518/1514/1493 1519/1515/1494
f 1517/1513/1492 1301/1516/1495 1299/1301/1282
f 1519/1517/1494 1520/1518/1496 1521/1519/1497
f 1521/1519/1497 1301/1520/1495 1519/1517/1494
f 1521/1519/1497 1522/1521/1498 1523/1522/1499
f 1523/1522/1499 1303/1304/1284 1521/1519/1497
f 1523/1522/1499 1524/1523/1500 1525/1524/1501
f 1523/1522/1499 1307/1309/1288 1305/1307/1286
f 1525/1524/1501 1526/1525/1502 1527/1526/1503
f 1525/1524/1501 1309/1311/1290 1307/1309/1288
f 1526/1525/1502 1529/1527/1504 1527/1526/1503
f 1527/1526/1503 1530/1528/1505 1309/1311/1290
f 1529/1527/1504 1532/1529/1506 1530/1528/1505
f 1530/1528/1505 1314/1317/1296 1312/1314/1293
f 1312/1314/1293 1309/1311/1290 1530/1528/1505
f 1531/1530/1507 1534/1531/1508 1532/1529/1506
f 1532/1529/1506 1316/1532/1509 1314/1317/1296
f 1533/1533/1510 1536/1534/1511 1534/1531/1508
f 1534/1531/1508 1537/1535/1512 1316/1532/1509
f 1536/1534/1511 1539/1536/1513 1537/1535/1512
f 1537/1535/1512 1321/1323/1302 1319/1320/1299
f 1319/1320/1299 1316/1532/1509 1537/1535/1512
f 1538/1537/1514 1541/1538/1515 1539/1536/1513
f 1539/1536/1513 1323/1325/1304 1321/1323/1302
f 1540/1539/1516 1543/1540/1517 1541/1538/1515
f 1541/1538/1515 1325/1327/1306 1323/1325/1304
f 1542/1541/1518 1545/1542/1519 1543/1540/1517
f 1543/1540/1517 1327/1543/1520 1325/1327/1306
f 1544/1544/1521 1547/1545/1522 1545/1542/1519
f 1545/1542/1519 1548/1546/1523 1327/1543/1520
f 1547/1545/1522 1550/1547/1524 1548/1546/1523
f 1548/1546/1523 1332/1334/1313 1330/1331/1310
f 1330/1331/1310 1327/1543/1520 1548/1546/1523
f 1549/1548/1525 1552/1549/1526 1550/1547/1524
f 1550/1547/1524 1334/1550/1527 1332/1334/1313
f 1551/1551/1528 1554/1552/1529 1552/1549/1526
f 1552/1549/1526 1555/1553/1530 1334/1550/1527
f 1554/1552/1529 1557/1554/1531 1555/1553/1530
f 1555/1553/1530 1339/1340/1319 1337/1338/1317
f 1337/1338/1317 1334/1550/1527 1555/1553/1530
f 1556/1555/1532 1559/1556/1533 1557/1554/1531
f 1557/1554/1531 1341/1342/1321 1339/1340/1319
f 1558/1557/1534 1561/1558/1535 1559/1556/1533
f 1559/1556/1533 1343/1344/1323 1341/1342/1321
f 1560/1559/1536 1563/1560/1537 1561/1558/1535
f 1561/1558/1535 1345/1346/1325 1343/1344/1323
f 1562/1561/1538 1565/1562/1539 1563/1560/1537
f 1563/1560/1537 1347/1348/1327 1345/1346/1325
f 1564/1563/1540 1567/1564/1541 1565/1562/1539
f 1565/1562/1539 1349/1350/1329 1347/1348/1327
f 1566/1565/1542 1569/1566/1543 1567/1564/1541
f 1567/1564/1541 1351/1353/1332 1349/1350/1329
f 1568/1567/1544 1571/1568/1545 1569/1566/1543
f 1569/1566/1543 1353/1569/1546 1351/1353/1332
f 1570/1570/1547 1573/1571/1548 1571/1568/1545
f 1571/1568/1545 1574/1572/1549 1353/1569/1546
f 1573/1571/1548 1576/1573/1550 1574/1572/1549
f 1574/1572/1549 1577/1574/1551 1356/1575/1552
f 1356/1575/1552 1353/1569/1546 1574/1572/1549
f 1576/1573/1550 1579/1576/1553 1577/1574/1551
f 1577/1574/1551 1580/1577/1554 1359/1578/1555
f 1359/1578/1555 1356/1575/1552 1577/1574/1551
f 1579/1576/1553 1582/1579/1556 1580/1577/1554
f 1580/1577/1554 1583/1580/1557 1362/1581/1558
f 1362/1581/1558 1359/1578/1555 1580/1577/1554
f 1582/1579/1556 1585/1582/1559 1583/1580/1557
f 1583/1580/1557 1586/1583/1560 1365/1584/1561
f 1365/1584/1561 1362/1581/1558 1583/1580/1557
f 1585/1582/1559 1588/1585/1562 1586/1583/1560
f 1586/1583/1560 1589/1586/1563 1368/1367/1346
f 1368/1367/1346 1365/1584/1561 1586/1583/1560
f 1589/1586/1563 1590/1587/1564 1591/1588/1565
f 1591/1588/1565 1371/1370/1349 1589/1586/1563
f 1589/1586/1563 1369/1368/1347 1368/1367/1346
f 1592/1589/1566 1593/1590/1567 1594/1591/1568
f 1594/1591/1568 1374/1373/1352 1592/1589/1566
f 1592/1589/1566 1372/1371/1350 1371/1370/1349
f 1595/1592/1569 1596/1593/1570 1597/1594/1571
f 1597/1594/1571 1377/1376/1355 1595/1592/1569
f 1595/1592/1569 1375/1374/1353 1374/1373/1352
f 1598/1595/1572 1599/1596/1573 1600/1597/1574
f 1600/1597/1574 1380/1379/1358 1598/1595/1572
f 1598/1595/1572 1378/1377/1356 1377/1376/1355
f 1601/1598/1575 71/59/59 1602/1599/1576
f 1602/1599/1576 1604/1600/1577 1601/1598/1575
f 1601/1598/1575 1381/1380/1359 1380/1379/1358
f 1603/1601/1578 1606/1602/1579 1604/1600/1577
f 1604/1600/1577 1382/1382/1361 1381/1380/1359
f 1605/1603/1580 1608/1604/1581 1606/1602/1579
f 1606/1602/1579 1384/1384/1363 1382/1382/1361
f 1607/1605/1582 1610/1606/1583 1608/1604/1581
f 1608/1604/1581 1386/1386/1365 1384/1384/1363
f 1609/1607/1584 1612/1608/1585 1610/1606/1583
f 1610/1606/1583 1388/1388/1367 1386/1386/1365
f 1611/1609/1586 1614/1610/1587 1612/1608/1585
f 1612/1608/1585 1390/1390/1369 1388/1388/1367
f 1613/1611/1588 1616/1612/1589 1614/1610/1587
f 1614/1610/1587 1392/1392/1371 1390/1390/1369
f 1615/1613/1590 1618/1614/1591 1616/1612/1589
f 1616/1612/1589 1394/1394/1373 1392/1392/1371
f 1617/1615/1592 1620/1616/1593 1618/1614/1591
f 1618/1614/1591 1396/1397/1376 1394/1394/1373
f 1619/1617/1594 1622/1618/1595 1620/1616/1593
f 1620/1616/1593 1398/1399/1378 1396/1397/1376
f 1621/1619/1596 1624/1620/1597 1622/1618/1595
f 1622/1618/1595 1400/1401/1380 1398/1399/1378
f 1623/1621/1598 1626/1622/1599 1624/1620/1597
f 1624/1620/1597 1402/1623/1600 1400/1401/1380
f 1625/1624/1601 1628/1625/1602 1626/1622/1599
f 1626/1622/1599 1404/1403/1382 1402/1623/1600
f 1627/1626/1603 1630/1627/1604 1628/1625/1602
f 1628/1625/1602 1406/1405/1384 1404/1403/1382
f 1629/1628/1605 1632/1629/1606 1630/1627/1604
f 1630/1627/1604 1408/1407/1386 1406/1405/1384
f 1631/1630/1607 1634/1631/1608 1632/1629/1606
f 1632/1629/1606 1410/1409/1388 1408/1407/1386
f 1633/1632/1609 1636/1633/1610 1634/1631/1608
f 1636/1633/1610 1410/1409/1388 1634/1631/1608
f 1635/1634/1611 1638/1635/1612 1636/1633/1610
f 1638/1635/1612 1412/1411/1390 1636/1633/1610
f 1637/1636/1613 1640/1637/1614 1638/1635/1612
f 1638/1635/1612 1416/1415/1394 1414/1413/1392
f 1639/1638/1615 1642/1639/1616 1640/1637/1614
f 1640/1637/1614 1418/1418/1397 1416/1415/1394
f 1641/1640/1617 1644/1641/1618 1642/1639/1616
f 1642/1639/1616 1420/1420/1399 1418/1418/1397
f 1643/1642/1619 1646/1643/1620 1644/1641/1618
f 1644/1641/1618 1422/1422/1401 1420/1420/1399
f 1645/1644/1621 1648/1645/1622 1646/1643/1620
f 1646/1643/1620 1424/1424/1403 1422/1422/1401
f 1647/1646/1623 1650/1647/1624 1648/1645/1622
f 1648/1645/1622 1426/1426/1405 1424/1424/1403
f 1649/1648/1625 1652/1649/1626 1650/1647/1624
f 1650/1647/1624 1428/1429/1408 1426/1426/1405
f 1651/1650/1627 1654/1651/1628 1652/1649/1626
f 1652/1649/1626 1430/1652/1629 1428/1429/1408
f 1653/1653/1630 1656/1654/1631 1654/1651/1628
f 1654/1651/1628 1657/1655/1632 1430/1652/1629
f 1433/1432/1411 1430/1652/1629 1657/1655/1632
f 1656/1654/1631 1659/1656/1633 1657/1655/1632
f 1657/1655/1632 1435/1434/1413 1433/1432/1411
f 1658/1657/1634 1661/1658/1635 1659/1656/1633
f 1659/1656/1633 1437/1436/1415 1435/1434/1413
f 1660/1659/1636 1663/1660/1637 1661/1658/1635
f 1661/1658/1635 1664/1661/1638 1437/1436/1415
f 1664/1661/1638 1438/1437/1416 1437/1436/1415
f 1663/1660/1637 1666/1662/1639 1664/1661/1638
f 1666/1662/1639 1440/1439/1418 1664/1661/1638
f 1665/1663/1640 1668/1664/1641 1666/1662/1639
f 1666/1662/1639 1444/1443/1422 1442/1441/1420
f 1667/1665/1642 1670/1666/1643 1668/1664/1641
f 1668/1664/1641 1446/1446/1425 1444/1443/1422
f 1669/1667/1644 1672/1668/1645 1670/1666/1643
f 1670/1666/1643 1448/1669/1646 1446/1446/1425
f 1671/1670/1647 1674/1671/1648 1672/1668/1645
f 1672/1668/1645 1675/1672/1649 1448/1669/1646
f 1451/1450/1429 1448/1669/1646 1675/1672/1649
f 1674/1671/1648 1677/1673/1650 1675/1672/1649
f 1675/1672/1649 1453/1674/1651 1451/1450/1429
f 1676/1675/1652 1679/1676/1653 1677/1673/1650
f 1677/1673/1650 1455/1452/1431 1453/1674/1651
f 1678/1677/1654 1681/1678/1655 1679/1676/1653
f 1679/1676/1653 1457/1454/1433 1455/1452/1431
f 1680/1679/1656 1683/1680/1657 1681/1678/1655
f 1683/1680/1657 1457/1454/1433 1681/1678/1655
f 1682/1681/1658 1685/1682/1659 1683/1680/1657
f 1685/1682/1659 1459/1456/1435 1683/1680/1657
f 1684/1683/1660 1687/1684/1661 1685/1682/1659
f 1687/1684/1661 1461/1458/1437 1685/1682/1659
f 1688/1685/1662 1462/1459/1438 1461/1458/1437
f 1688/1685/1662 1689/1686/1663 1690/1687/1664
f 1690/1687/1664 1464/1461/1440 1688/1685/1662
f 1691/1688/1665 1465/1462/1441 1464/1461/1440
f 1691/1688/1665 1692/1689/1666 1693/1690/1667
f 1693/1690/1667 1467/1464/1443 1691/1688/1665
f 1694/1691/1668 1468/1465/1444 1467/1464/1443
f 1693/1690/1667 1696/1692/1669 1694/1691/1668
f 1696/1692/1669 1470/1467/1446 1694/1691/1668
f 1697/1693/1670 1471/1468/1447 1470/1467/1446
f 1696/1692/1669 1699/1694/1671 1697/1693/1670
f 1699/1694/1671 1473/1470/1449 1697/1693/1670
f 1700/1695/1672 1474/1471/1450 1473/1470/1449
f 1699/1694/1671 1702/1696/1673 1700/1695/1672
f 1702/1696/1673 1476/1473/1452 1700/1695/1672
f 1703/1697/1674 1477/1474/1453 1476/1473/1452
f 1703/1697/1674 1704/1698/1675 1705/1699/1676
f 1705/1699/1676 1479/1476/1455 1703/1697/1674
f 1706/1700/1677 1480/1477/1456 1479/1476/1455
f 1706/1700/1677 1707/1701/1678 1708/1702/1679
f 1708/1702/1679 1482/1479/1458 1706/1700/1677
f 1709/1703/1680 1483/1480/1459 1482/1479/1458
f 1709/1703/1680 1710/1704/1681 1711/1705/1682
f 1711/1705/1682 1485/1482/1461 1709/1703/1680
f 1712/1706/1683 1486/1483/1462 1485/1482/1461
f 1712/1706/1683 1713/1707/1684 1714/1708/1685
f 1714/1708/1685 1488/1485/1464 1712/1706/1683
f 1715/1709/1686 1489/1486/1465 1488/1485/1464
f 1715/1709/1686 1716/1710/1687 1717/1711/1688
f 1717/1711/1688 1491/1488/1467 1715/1709/1686
f 1718/1712/1689 1719/1713/1690 1720/1714/1691
f 1720/1714/1691 1722/1715/1692 1718/1712/1689
f 1718/1712/1689 1492/1489/1468 1491/1488/1467
f 1721/1716/1693 1724/1717/1694 1722/1715/1692
f 1722/1715/1692 1493/1491/1470 1492/1489/1468
f 1723/1718/1695 1726/1719/1696 1724/1717/1694
f 1724/1717/1694 1495/1493/1472 1493/1491/1470
f 1725/1720/1697 1728/1721/1698 1726/1719/1696
f 1726/1719/1696 1497/1495/1474 1495/1493/1472
f 1727/1722/1699 1730/1723/1700 1728/1721/1698
f 1728/1721/1698 1499/1498/1477 1497/1495/1474
f 1729/1724/1701 1732/1725/1702 1730/1723/1700
f 1730/1723/1700 1501/1726/1703 1499/1498/1477
f 1731/1727/1704 1734/1728/1705 1732/1725/1702
f 1732/1725/1702 1735/1729/1706 1501/1726/1703
f 1734/1728/1705 1737/1730/1707 1735/1729/1706
f 1735/1729/1706 1506/1504/1483 1504/1502/1481
f 1504/1502/1481 1501/1726/1703 1735/1729/1706
f 1736/1731/1708 1739/1732/1709 1737/1730/1707
f 1737/1730/1707 1508/1506/1485 1506/1504/1483
f 1738/1733/1710 1741/1734/1711 1739/1732/1709
f 1739/1732/1709 1510/1508/1487 1508/1506/1485
f 1740/1735/1712 1743/1736/1713 1741/1734/1711
f 1741/1734/1711 1512/1510/1489 1510/1508/1487
f 1742/1737/1714 1745/1738/1715 1743/1736/1713
f 1743/1736/1713 1514/1512/1491 1512/1510/1489
f 1745/1738/1715 1746/1739/1716 1747/1740/1717
f 1745/1738/1715 1516/1741/1718 1514/1512/1491
f 1747/1740/1717 1748/1742/1719 1749/1743/1720
f 1749/1743/1720 1516/1741/1718 1747/1740/1717
f 1749/1744/1720 1750/1745/1721 1751/1746/1722
f 1751/1746/1722 1518/1747/1493 1749/1744/1720
f 1751/1746/1722 1752/1748/1723 1753/1749/1724
f 1753/1749/1724 1520/1518/1496 1751/1746/1722
f 1753/1749/1724 1754/1750/1725 1755/1751/1726
f 1755/1751/1726 1522/1521/1498 1753/1749/1724
f 1755/1751/1726 1756/1752/1727 1757/1753/1728
f 1757/1753/1728 1524/1523/1500 1755/1751/1726
f 1757/1753/1728 1758/1754/1729 1759/1755/1730
f 1759/1755/1730 1526/1525/1502 1757/1753/1728
f 1759/1755/1730 1760/1756/1731 1761/1757/1732
f 1759/1755/1730 1762/1758/1733 1528/1759/1734
f 1761/1757/1732 1764/1760/1735 1762/1758/1733
f 1762/1758/1733 1533/1533/1510 1531/1530/1507
f 1531/1530/1507 1528/1759/1734 1762/1758/1733
f 1763/1761/1736 1766/1762/1737 1764/1760/1735
f 1764/1760/1735 1535/1763/1738 1533/1533/1510
f 1765/1764/1739 1768/1765/1740 1766/1762/1737
f 1766/1762/1737 1769/1766/1741 1535/1763/1738
f 1768/1765/1740 1771/1767/1742 1769/1766/1741
f 1769/1766/1741 1540/1539/1516 1538/1537/1514
f 1538/1537/1514 1535/1763/1738 1769/1766/1741
f 1770/1768/1743 1773/1769/1744 1771/1767/1742
f 1771/1767/1742 1542/1541/1518 1540/1539/1516
f 1772/1770/1745 1775/1771/1746 1773/1769/1744
f 1773/1769/1744 1544/1544/1521 1542/1541/1518
f 1774/1772/1747 1777/1773/1748 1775/1771/1746
f 1775/1771/1746 1546/1774/1749 1544/1544/1521
f 1776/1775/1750 1779/1776/1751 1777/1773/1748
f 1777/1773/1748 1780/1777/1752 1546/1774/1749
f 1779/1776/1751 1782/1778/1753 1780/1777/1752
f 1780/1777/1752 1551/1551/1528 1549/1548/1525
f 1549/1548/1525 1546/1774/1749 1780/1777/1752
f 1781/1779/1754 1784/1780/1755 1782/1778/1753
f 1782/1778/1753 1553/1781/1756 1551/1551/1528
f 1783/1782/1757 1786/1783/1758 1784/1780/1755
f 1784/1780/1755 1787/1784/1759 1553/1781/1756
f 1786/1783/1758 1789/1785/1760 1787/1784/1759
f 1787/1784/1759 1558/1557/1534 1556/1555/1532
f 1556/1555/1532 1553/1781/1756 1787/1784/1759
f 1788/1786/1761 1791/1787/1762 1789/1785/1760
f 1789/1785/1760 1560/1559/1536 1558/1557/1534
f 1790/1788/1763 1793/1789/1764 1791/1787/1762
f 1791/1787/1762 1562/1561/1538 1560/1559/1536
f 1792/1790/1765 1795/1791/1766 1793/1789/1764
f 1793/1789/1764 1564/1563/1540 1562/1561/1538
f 1794/1792/1767 1797/1793/1768 1795/1791/1766
f 1795/1791/1766 1566/1565/1542 1564/1563/1540
f 1796/1794/1769 1799/1795/1770 1797/1793/1768
f 1797/1793/1768 1568/1567/1544 1566/1565/1542
f 1798/1796/1771 1801/1797/1772 1799/1795/1770
f 1799/1795/1770 1570/1570/1547 1568/1567/1544
f 1800/1798/1773 1803/1799/1774 1801/1797/1772
f 1801/1797/1772 1572/1800/1775 1570/1570/1547
f 1802/1801/1776 1805/1802/1777 1803/1799/1774
f 1803/1799/1774 1806/1803/1778 1572/1800/1775
f 1805/1802/1777 1808/1804/1779 1806/1803/1778
f 1806/1803/1778 1809/1805/1780 1575/1806/1781
f 1575/1806/1781 1572/1800/1775 1806/1803/1778
f 1808/1804/1779 1811/1807/1782 1809/1805/1780
f 1809/1805/1780 1812/1808/1783 1578/1809/1784
f 1578/1809/1784 1575/1806/1781 1809/1805/1780
f 1811/1807/1782 1814/1810/1785 1812/1808/1783
f 1812/1808/1783 1815/1811/1786 1581/1812/1787
f 1581/1812/1787 1578/1809/1784 1812/1808/1783
f 1814/1810/1785 1817/1813/1788 1815/1811/1786
f 1815/1811/1786 1818/1814/1789 1584/1815/1790
f 1584/1815/1790 1581/1812/1787 1815/1811/1786
f 1818/1814/1789 1819/1816/1791 1820/1817/1792
f 1818/1814/1789 1821/1818/1793 1587/1819/1794
f 1587/1819/1794 1584/1815/1790 1818/1814/1789
f 1821/1818/1793 1822/1820/1795 1823/1821/1796
f 1823/1821/1796 1590/1587/1564 1821/1818/1793
f 1590/1587/1564 1587/1819/1794 1821/1818/1793
f 1824/1822/1797 1825/1823/1798 1826/1824/1799
f 1826/1824/1799 1593/1590/1567 1824/1822/1797
f 1824/1822/1797 1591/1588/1565 1590/1587/1564
f 1827/1825/1800 1828/1826/1801 1829/1827/1802
f 1829/1827/1802 1596/1593/1570 1827/1825/1800
f 1827/1825/1800 1594/1591/1568 1593/1590/1567
f 1830/1828/1803 1831/1829/1804 1832/1830/1805
f 1832/1830/1805 1599/1596/1573 1830/1828/1803
f 1830/1828/1803 1597/1594/1571 1596/1593/1570
f 1832/1830/1805 1833/1831/1806 68/1832/1807
f 68/1832/1807 72/60/60 1832/1830/1805
f 1831/1829/1804 1835/1833/1808 1833/1831/1806
f 1833/1831/1806 1836/1834/1809 1837/1835/1810
f 1837/1835/1810 68/1832/1807 1833/1831/1806
f 1837/1835/1810 1838/1836/1811 1839/1837/1812
f 1839/1837/1812 69/57/57 1837/1835/1810
f 1840/1838/1813 70/58/58 69/57/57
f 1840/1838/1813 1842/1839/1814 1843/1840/1815
f 1840/1838/1813 1844/1841/1816 1841/1842/1817
f 1603/1601/1578 1841/1842/1817 1844/1841/1816
f 1843/1840/1815 1846/1843/1818 1844/1841/1816
f 1844/1841/1816 1605/1603/1580 1603/1601/1578
f 1845/1844/1819 1848/1845/1820 1846/1843/1818
f 1846/1843/1818 1607/1605/1582 1605/1603/1580
f 1848/1845/1820 1849/1846/1821 1850/1847/1822
f 1848/1845/1820 1609/1607/1584 1607/1605/1582
f 1849/1846/1821 1852/1848/1823 1850/1847/1822
f 1850/1847/1822 1611/1609/1586 1609/1607/1584
f 1851/1849/1824 1854/1850/1825 1852/1848/1823
f 1852/1848/1823 1613/1611/1588 1611/1609/1586
f 1853/1851/1826 1856/1852/1827 1854/1850/1825
f 1854/1850/1825 1615/1613/1590 1613/1611/1588
f 1856/1852/1827 1857/1853/1828 1858/1854/1829
f 1856/1852/1827 1617/1615/1592 1615/1613/1590
f 1857/1853/1828 1860/1855/1830 1858/1854/1829
f 1858/1854/1829 1619/1617/1594 1617/1615/1592
f 1859/1856/1831 1862/1857/1832 1860/1855/1830
f 1860/1855/1830 1621/1619/1596 1619/1617/1594
f 1861/1858/1833 1864/1859/1834 1862/1857/1832
f 1862/1857/1832 1623/1621/1598 1621/1619/1596
f 1863/1860/1835 1866/1861/1836 1864/1859/1834
f 1864/1859/1834 1625/1624/1601 1623/1621/1598
f 1865/1862/1837 1868/1863/1838 1866/1861/1836
f 1866/1861/1836 1627/1626/1603 1625/1624/1601
f 1867/1864/1839 1870/1865/1840 1868/1863/1838
f 1868/1863/1838 1629/1628/1605 1627/1626/1603
f 1869/1866/1841 1872/1867/1842 1870/1865/1840
f 1870/1865/1840 1631/1630/1607 1629/1628/1605
f 1871/1868/1843 1874/1869/1844 1872/1867/1842
f 1872/1867/1842 1633/1632/1609 1631/1630/1607
f 1873/1870/1845 1876/1871/1846 1874/1869/1844
f 1874/1869/1844 1635/1634/1611 1633/1632/1609
f 1875/1872/1847 1878/1873/1848 1876/1871/1846
f 1876/1871/1846 1637/1636/1613 1635/1634/1611
f 1877/1874/1849 1880/1875/1850 1878/1873/1848
f 1878/1873/1848 1639/1638/1615 1637/1636/1613
f 1879/1876/1851 1882/1877/1852 1880/1875/1850
f 1880/1875/1850 1641/1640/1617 1639/1638/1615
f 1881/1878/1853 1884/1879/1854 1882/1877/1852
f 1882/1877/1852 1643/1642/1619 1641/1640/1617
f 1883/1880/1855 1886/1881/1856 1884/1879/1854
f 1884/1879/1854 1645/1644/1621 1643/1642/1619
f 1885/1882/1857 1888/1883/1858 1886/1881/1856
f 1886/1881/1856 1647/1646/1623 1645/1644/1621
f 1887/1884/1859 1890/1885/1860 1888/1883/1858
f 1888/1883/1858 1649/1648/1625 1647/1646/1623
f 1889/1886/1861 1892/1887/1862 1890/1885/1860
f 1890/1885/1860 1651/1650/1627 1649/1648/1625
f 1891/1888/1863 1894/1889/1864 1892/1887/1862
f 1892/1887/1862 1653/1653/1630 1651/1650/1627
f 1893/1890/1865 1896/1891/1866 1894/1889/1864
f 1894/1889/1864 1655/1892/1867 1653/1653/1630
f 1895/1893/1868 1898/1894/1869 1896/1891/1866
f 1896/1891/1866 1899/1895/1870 1655/1892/1867
f 1658/1657/1634 1655/1892/1867 1899/1895/1870
f 1898/1894/1869 1901/1896/1871 1899/1895/1870
f 1899/1895/1870 1660/1659/1636 1658/1657/1634
f 1900/1897/1872 1903/1898/1873 1901/1896/1871
f 1901/1896/1871 1662/1899/1874 1660/1659/1636
f 1902/1900/1875 1905/1901/1876 1903/1898/1873
f 1903/1898/1873 1906/1902/1877 1662/1899/1874
f 1665/1663/1640 1662/1899/1874 1906/1902/1877
f 1905/1901/1876 1908/1903/1878 1906/1902/1877
f 1906/1902/1877 1667/1665/1642 1665/1663/1640
f 1907/1904/1879 1910/1905/1880 1908/1903/1878
f 1908/1903/1878 1669/1667/1644 1667/1665/1642
f 1909/1906/1881 1912/1907/1882 1910/1905/1880
f 1910/1905/1880 1671/1670/1647 1669/1667/1644
f 1911/1908/1883 1914/1909/1884 1912/1907/1882
f 1912/1907/1882 1673/1910/1885 1671/1670/1647
f 1913/1911/1886 1916/1912/1887 1914/1909/1884
f 1914/1909/1884 1917/1913/1888 1673/1910/1885
f 1676/1675/1652 1673/1910/1885 1917/1913/1888
f 1916/1912/1887 1919/1914/1889 1917/1913/1888
f 1917/1913/1888 1678/1677/1654 1676/1675/1652
f 1918/1915/1890 1921/1916/1891 1919/1914/1889
f 1919/1914/1889 1680/1679/1656 1678/1677/1654
f 1920/1917/1892 1923/1918/1893 1921/1916/1891
f 1921/1916/1891 1682/1681/1658 1680/1679/1656
f 1922/1919/1894 1925/1920/1895 1923/1918/1893
f 1923/1918/1893 1684/1683/1660 1682/1681/1658
f 1924/1921/1896 1927/1922/1897 1925/1920/1895
f 1925/1920/1895 1686/1923/1898 1684/1683/1660
f 1926/1924/1899 1929/1925/1900 1927/1922/1897
f 1927/1922/1897 1930/1926/1901 1686/1923/1898
f 1689/1686/1663 1686/1923/1898 1930/1926/1901
f 1929/1925/1900 1932/1927/1902 1930/1926/1901
f 1930/1926/1901 1933/1928/1903 1689/1686/1663
f 1692/1689/1666 1689/1686/1663 1933/1928/1903
f 1932/1927/1902 1935/1929/1904 1933/1928/1903
f 1933/1928/1903 1936/1930/1905 1692/1689/1666
f 1695/1931/1906 1692/1689/1666 1936/1930/1905
f 1935/1929/1904 1938/1932/1907 1936/1930/1905
f 1936/1930/1905 1939/1933/1908 1695/1931/1906
f 1698/1934/1909 1695/1931/1906 1939/1933/1908
f 1938/1932/1907 1941/1935/1910 1939/1933/1908
f 1939/1933/1908 1942/1936/1911 1698/1934/1909
f 1701/1937/1912 1698/1934/1909 1942/1936/1911
f 1941/1935/1910 1944/1938/1913 1942/1936/1911
f 1942/1936/1911 1945/1939/1914 1701/1937/1912
f 1704/1698/1675 1701/1937/1912 1945/1939/1914
f 1944/1938/1913 1947/1940/1915 1945/1939/1914
f 1945/1939/1914 1948/1941/1916 1704/1698/1675
f 1707/1701/1678 1704/1698/1675 1948/1941/1916
f 1947/1940/1915 1950/1942/1917 1948/1941/1916
f 1948/1941/1916 1951/1943/1918 1707/1701/1678
f 1951/1943/1918 1708/1702/1679 1707/1701/1678
f 1950/1942/1917 1953/1944/1919 1951/1943/1918
f 1951/1943/1918 1954/1945/1920 1710/1704/1681
f 1954/1945/1920 1711/1705/1682 1710/1704/1681
f 1953/1944/1919 1956/1946/1921 1954/1945/1920
f 1954/1945/1920 1957/1947/1922 1713/1707/1684
f 1716/1710/1687 1713/1707/1684 1957/1947/1922
f 1956/1946/1921 1959/1948/1923 1957/1947/1922
f 1957/1947/1922 1960/1949/1924 1716/1710/1687
f 1719/1713/1690 1716/1710/1687 1960/1949/1924
f 1959/1948/1923 1962/1950/1925 1960/1949/1924
f 1960/1949/1924 1963/1951/1926 1719/1713/1690
f 1964/1952/1927 1719/1713/1690 1963/1951/1926
f 1962/1950/1925 39/26/26 1963/1951/1926
f 1963/1951/1926 38/25/25 1964/1952/1927
f 1964/1952/1927 1965/1953/1928 1966/1954/1929
f 1964/1952/1927 1721/1716/1693 1720/1714/1691
f 1966/1954/1929 1967/1955/1930 1968/1956/1931
f 1966/1954/1929 1723/1718/1695 1721/1716/1693
f 1968/1956/1931 1969/1957/1932 1970/1958/1933
f 1968/1956/1931 1725/1720/1697 1723/1718/1695
f 1970/1958/1933 1971/1959/1934 1972/1960/1935
f 1970/1958/1933 1727/1722/1699 1725/1720/1697
f 1972/1960/1935 1973/1961/1936 1974/1962/1937
f 1972/1960/1935 1729/1724/1701 1727/1722/1699
f 1974/1962/1937 1975/1963/1938 1976/1964/1939
f 1974/1962/1937 1731/1727/1704 1729/1724/1701
f 1976/1964/1939 1977/1965/1940 1978/1966/1941
f 1976/1964/1939 1733/1967/1942 1731/1727/1704
f 1978/1966/1941 1979/1968/1943 1980/1969/1944
f 1980/1969/1944 1733/1967/1942 1978/1966/1941
f 1981/1970/1945 1982/1971/1946 1983/1972/1947
f 1981/1970/1945 1738/1733/1710 1736/1731/1708
f 1736/1731/1708 1733/1967/1942 1981/1970/1945
f 1983/1972/1947 1984/1973/1948 1985/1974/1949
f 1983/1972/1947 1740/1735/1712 1738/1733/1710
f 1985/1974/1949 1986/1975/1950 1987/1976/1951
f 1987/1976/1951 1740/1735/1712 1985/1974/1949
f 1987/1976/1951 1988/1977/1952 1989/1978/1953
f 1989/1978/1953 1742/1737/1714 1987/1976/1951
f 1989/1978/1953 1990/1979/1954 1991/1980/1955
f 1991/1980/1955 1744/1981/1956 1989/1978/1953
f 1991/1980/1955 1992/1982/1957 1993/1983/1958
f 1993/1983/1958 1746/1739/1716 1991/1980/1955
f 1993/1984/1958 1994/1985/1959 1995/1986/1960
f 1995/1986/1960 1748/1987/1719 1993/1984/1958
f 1995/1986/1960 1996/1988/1961 1997/1989/1962
f 1997/1989/1962 1750/1745/1721 1995/1986/1960
f 1997/1989/1962 1998/1990/1963 1999/1991/1964
f 1999/1991/1964 1752/1748/1723 1997/1989/1962
f 1999/1991/1964 2000/1992/1965 2001/1993/1966
f 2001/1993/1966 1754/1750/1725 1999/1991/1964
f 2001/1993/1966 2002/1994/1967 2003/1995/1968
f 2003/1995/1968 1756/1752/1727 2001/1993/1966
f 2003/1995/1968 2004/1996/1969 2005/1997/1970
f 2005/1997/1970 1758/1754/1729 2003/1995/1968
f 2005/1997/1970 2006/1998/1971 2007/1999/1972
f 2007/1999/1972 1760/1756/1731 2005/1997/1970
f 2007/1999/1972 2010/2000/1973 2008/2001/1974
f 2008/2001/1974 1765/1764/1739 1763/1761/1736
f 1763/1761/1736 1760/1756/1731 2008/2001/1974
f 2009/2002/1975 2012/2003/1976 2010/2000/1973
f 2010/2000/1973 1767/2004/1977 1765/1764/1739
f 2011/2005/1978 2014/2006/1979 2012/2003/1976
f 2012/2003/1976 2015/2007/1980 1767/2004/1977
f 2014/2006/1979 2017/2008/1981 2015/2007/1980
f 2015/2007/1980 1772/1770/1745 1770/1768/1743
f 1770/1768/1743 1767/2004/1977 2015/2007/1980
f 2016/2009/1982 2019/2010/1983 2017/2008/1981
f 2017/2008/1981 1774/1772/1747 1772/1770/1745
f 2018/2011/1984 2021/2012/1985 2019/2010/1983
f 2019/2010/1983 1776/1775/1750 1774/1772/1747
f 2020/2013/1986 2023/2014/1987 2021/2012/1985
f 2021/2012/1985 1778/2015/1988 1776/1775/1750
f 2022/2016/1989 2025/2017/1990 2023/2014/1987
f 2023/2014/1987 2026/2018/1991 1778/2015/1988
f 2025/2017/1990 2028/2019/1992 2026/2018/1991
f 2026/2018/1991 1783/1782/1757 1781/1779/1754
f 1781/1779/1754 1778/2015/1988 2026/2018/1991
f 2027/2020/1993 2030/2021/1994 2028/2019/1992
f 2028/2019/1992 1785/2022/1995 1783/1782/1757
f 2029/2023/1996 2032/2024/1997 2030/2021/1994
f 2030/2021/1994 2033/2025/1998 1785/2022/1995
f 2032/2024/1997 2035/2026/1999 2033/2025/1998
f 2033/2025/1998 1790/1788/1763 1788/1786/1761
f 1788/1786/1761 1785/2022/1995 2033/2025/1998
f 2034/2027/2000 2037/2028/2001 2035/2026/1999
f 2035/2026/1999 1792/1790/1765 1790/1788/1763
f 2036/2029/2002 2039/2030/2003 2037/2028/2001
f 2037/2028/2001 1794/1792/1767 1792/1790/1765
f 2038/2031/2004 2041/2032/2005 2039/2030/2003
f 2039/2030/2003 1796/1794/1769 1794/1792/1767
f 2040/2033/2006 2043/2034/2007 2041/2032/2005
f 2041/2032/2005 1798/1796/1771 1796/1794/1769
f 2042/2035/2008 2045/2036/2009 2043/2034/2007
f 2043/2034/2007 1800/1798/1773 1798/1796/1771
f 2044/2037/2010 2047/2038/2011 2045/2036/2009
f 2045/2036/2009 1802/1801/1776 1800/1798/1773
f 2046/2039/2012 2049/2040/2013 2047/2038/2011
f 2047/2038/2011 1804/2041/2014 1802/1801/1776
f 2048/2042/2015 2051/2043/2016 2049/2040/2013
f 2049/2040/2013 2052/2044/2017 1804/2041/2014
f 2051/2043/2016 2054/2045/2018 2052/2044/2017
f 2052/2044/2017 2055/2046/2019 1807/2047/2020
f 1807/2047/2020 1804/2041/2014 2052/2044/2017
f 2054/2045/2018 2057/2048/2021 2055/2046/2019
f 2055/2046/2019 2058/2049/2022 1810/2050/2023
f 1810/2050/2023 1807/2047/2020 2055/2046/2019
f 2057/2048/2021 2060/2051/2024 2058/2049/2022
f 2058/2049/2022 2061/2052/2025 1813/2053/2026
f 1813/2053/2026 1810/2050/2023 2058/2049/2022
f 2060/2051/2024 2063/2054/2027 2061/2052/2025
f 2063/2054/2027 1816/2055/2028 2061/2052/2025
f 1816/2055/2028 1813/2053/2026 2061/2052/2025
f 2064/2056/2029 2065/2057/2030 2066/2058/2031
f 2066/2058/2031 1819/1816/1791 2064/2056/2029
f 2064/2056/2029 1817/1813/1788 1816/2055/2028
f 2067/2059/2032 2068/2060/2033 2069/2061/2034
f 2069/2061/2034 1822/1820/1795 2067/2059/2032
f 2067/2059/2032 1820/1817/1792 1819/1816/1791
f 2070/2062/2035 2071/2063/2036 2072/2064/2037
f 2072/2064/2037 1825/1823/1798 2070/2062/2035
f 2070/2062/2035 1823/1821/1796 1822/1820/1795
f 2073/2065/2038 2074/2066/2039 2075/2067/2040
f 2075/2067/2040 1828/1826/1801 2073/2065/2038
f 2073/2065/2038 1826/1824/1799 1825/1823/1798
f 2075/2067/2040 2076/2068/2041 2077/2069/2042
f 2077/2069/2042 1834/2070/2043 2075/2067/2040
f 2077/2069/2042 2078/2071/2044 2079/2072/2045
f 2079/2072/2045 1835/1833/1808 2077/2069/2042
f 2079/2072/2045 2080/2073/2046 2081/2074/2047
f 2081/2074/2047 1836/1834/1809 2079/2072/2045
f 2081/2074/2047 2082/2075/2048 2083/2076/2049
f 2083/2076/2049 1838/1836/1811 2081/2074/2047
f 2084/2077/2050 1839/1837/1812 1838/1836/1811
f 2084/2077/2050 2085/2078/2051 2086/2079/2052
f 2086/2079/2052 1842/1839/1814 2084/2077/2050
f 2087/2080/2053 1843/1840/1815 1842/1839/1814
f 2087/2080/2053 2088/2081/2054 2089/2082/2055
f 2089/2082/2055 1845/1844/1819 2087/2080/2053
f 2089/2082/2055 2090/2083/2056 2091/2084/2057
f 2091/2084/2057 1847/2085/2058 2089/2082/2055
f 2091/2084/2057 2092/2086/2059 2093/2087/2060
f 2093/2087/2060 1849/1846/1821 2091/2084/2057
f 2093/2087/2060 2094/2088/2061 2095/2089/2062
f 2095/2089/2062 1851/1849/1824 2093/2087/2060
f 2095/2089/2062 2096/2090/2063 2097/2091/2064
f 2097/2091/2064 1853/1851/1826 2095/2089/2062
f 2097/2091/2064 2098/2092/2065 2099/2093/2066
f 2099/2093/2066 1855/2094/2067 2097/2091/2064
f 2099/2093/2066 2100/2095/2068 2101/2096/2069
f 2101/2096/2069 1857/1853/1828 2099/2093/2066
f 2101/2096/2069 2102/2097/2070 2103/2098/2071
f 2103/2098/2071 1859/1856/1831 2101/2096/2069
f 2103/2098/2071 2104/2099/2072 2105/2100/2073
f 2105/2100/2073 1861/1858/1833 2103/2098/2071
f 2105/2100/2073 2106/2101/2074 2107/2102/2075
f 2107/2102/2075 1863/1860/1835 2105/2100/2073
f 2107/2102/2075 2108/2103/2076 2109/2104/2077
f 2109/2104/2077 1865/1862/1837 2107/2102/2075
f 2109/2104/2077 2110/2105/2078 2111/2106/2079
f 2109/2104/2077 1869/1866/1841 1867/1864/1839
f 2110/2105/2078 2113/2107/2080 2111/2106/2079
f 2111/2106/2079 1871/1868/1843 1869/1866/1841
f 2112/2108/2081 2115/2109/2082 2113/2107/2080
f 2113/2107/2080 1873/1870/1845 1871/1868/1843
f 2114/2110/2083 2117/2111/2084 2115/2109/2082
f 2115/2109/2082 1875/1872/1847 1873/1870/1845
f 2116/2112/2085 2119/2113/2086 2117/2111/2084
f 2117/2111/2084 1877/1874/1849 1875/1872/1847
f 2118/2114/2087 2121/2115/2088 2119/2113/2086
f 2119/2113/2086 1879/1876/1851 1877/1874/1849
f 2120/2116/2089 2123/2117/2090 2121/2115/2088
f 2121/2115/2088 1881/1878/1853 1879/1876/1851
f 2122/2118/2091 2125/2119/2092 2123/2117/2090
f 2123/2117/2090 1883/1880/1855 1881/1878/1853
f 2124/2120/2093 2127/2121/2094 2125/2119/2092
f 2125/2119/2092 1885/1882/1857 1883/1880/1855
f 2126/2122/2095 2129/2123/2096 2127/2121/2094
f 2127/2121/2094 1887/1884/1859 1885/1882/1857
f 2128/2124/2097 2131/2125/2098 2129/2123/2096
f 2129/2123/2096 1889/1886/1861 1887/1884/1859
f 2130/2126/2099 2133/2127/2100 2131/2125/2098
f 2131/2125/2098 1891/1888/1863 1889/1886/1861
f 2132/2128/2101 2135/2129/2102 2133/2127/2100
f 2133/2127/2100 1893/1890/1865 1891/1888/1863
f 2134/2130/2103 2137/2131/2104 2135/2129/2102
f 2135/2129/2102 1895/1893/1868 1893/1890/1865
f 2136/2132/2105 2139/2133/2106 2137/2131/2104
f 2137/2131/2104 1897/2134/2107 1895/1893/1868
f 2138/2135/2108 2141/2136/2109 2139/2133/2106
f 2139/2133/2106 2142/2137/2110 1897/2134/2107
f 1900/1897/1872 1897/2134/2107 2142/2137/2110
f 2141/2136/2109 2144/2138/2111 2142/2137/2110
f 2142/2137/2110 1902/1900/1875 1900/1897/1872
f 2143/2139/2112 2146/2140/2113 2144/2138/2111
f 2144/2138/2111 1904/2141/2114 1902/1900/1875
f 2145/2142/2115 2148/2143/2116 2146/2140/2113
f 2146/2140/2113 2149/2144/2117 1904/2141/2114
f 1907/1904/1879 1904/2141/2114 2149/2144/2117
f 2148/2143/2116 2151/2145/2118 2149/2144/2117
f 2149/2144/2117 1909/1906/1881 1907/1904/1879
f 2150/2146/2119 2153/2147/2120 2151/2145/2118
f 2151/2145/2118 1911/1908/1883 1909/1906/1881
f 2152/2148/2121 2155/2149/2122 2153/2147/2120
f 2153/2147/2120 1913/1911/1886 1911/1908/1883
f 2154/2150/2123 2157/2151/2124 2155/2149/2122
f 2155/2149/2122 1915/2152/2125 1913/1911/1886
f 2156/2153/2126 2159/2154/2127 2157/2151/2124
f 2157/2151/2124 2160/2155/2128 1915/2152/2125
f 1918/1915/1890 1915/2152/2125 2160/2155/2128
f 2159/2154/2127 2162/2156/2129 2160/2155/2128
f 2160/2155/2128 1920/1917/1892 1918/1915/1890
f 2161/2157/2130 2164/2158/2131 2162/2156/2129
f 2162/2156/2129 1922/1919/1894 1920/1917/1892
f 2163/2159/2132 2166/2160/2133 2164/2158/2131
f 2164/2158/2131 1924/1921/1896 1922/1919/1894
f 2165/2161/2134 2168/2162/2135 2166/2160/2133
f 2166/2160/2133 1926/1924/1899 1924/1921/1896
f 2167/2163/2136 2170/2164/2137 2168/2162/2135
f 2168/2162/2135 1928/2165/2138 1926/1924/1899
f 2169/2166/2139 2172/2167/2140 2170/2164/2137
f 2170/2164/2137 2173/2168/2141 1928/2165/2138
f 1931/2169/2142 1928/2165/2138 2173/2168/2141
f 2172/2167/2140 2175/2170/2143 2173/2168/2141
f 2173/2168/2141 2176/2171/2144 1931/2169/2142
f 1934/2172/2145 1931/2169/2142 2176/2171/2144
f 2175/2170/2143 2178/2173/2146 2176/2171/2144
f 2176/2171/2144 2179/2174/2147 1934/2172/2145
f 1937/2175/2148 1934/2172/2145 2179/2174/2147
f 2178/2173/2146 2181/2176/2149 2179/2174/2147
f 2179/2174/2147 2182/2177/2150 1937/2175/2148
f 1940/2178/2151 1937/2175/2148 2182/2177/2150
f 2181/2176/2149 2184/2179/2152 2182/2177/2150
f 2182/2177/2150 2185/2180/2153 1940/2178/2151
f 1943/2181/2154 1940/2178/2151 2185/2180/2153
f 2184/2179/2152 2187/2182/2155 2185/2180/2153
f 2185/2180/2153 2188/2183/2156 1943/2181/2154
f 1946/2184/2157 1943/2181/2154 2188/2183/2156
f 2187/2182/2155 2190/2185/2158 2188/2183/2156
f 2188/2183/2156 2191/2186/2159 1946/2184/2157
f 1949/2187/2160 1946/2184/2157 2191/2186/2159
f 2190/2185/2158 46/2188/2161 2191/2186/2159
f 2191/2186/2159 2192/2189/2162 1949/2187/2160
f 1952/2190/2163 1949/2187/2160 2192/2189/2162
f 46/2188/2161 2193/2191/2164 2192/2189/2162
f 2192/2189/2162 2194/2192/2165 1952/2190/2163
f 1955/2193/2166 1952/2190/2163 2194/2192/2165
f 2193/2191/2164 2196/2194/2167 2194/2192/2165
f 2194/2192/2165 2197/2195/2168 1955/2193/2166
f 1958/2196/2169 1955/2193/2166 2197/2195/2168
f 2196/2194/2167 2199/2197/2170 2197/2195/2168
f 2197/2195/2168 2200/2198/2171 1958/2196/2169
f 2199/2197/2170 2202/2199/2172 2200/2198/2171
f 2200/2198/2171 2203/2200/2173 1961/2201/2174
f 1961/2201/2174 1958/2196/2169 2200/2198/2171
f 2202/2199/2172 2205/2202/2175 2203/2200/2173
f 2203/2200/2173 40/30/30 42/29/29
f 42/29/29 1961/2201/2174 2203/2200/2173
f 2205/2202/2175 2206/2203/2176 2207/2204/2177
f 2207/2204/2177 40/30/30 2205/2202/2175
f 2207/2204/2177 2208/2205/2178 2209/2206/2179
f 2209/2206/2179 41/27/27 2207/2204/2177
f 2210/2207/2180 2211/2208/2181 2212/2209/2182
f 2212/2209/2182 2214/2210/2183 2210/2207/2180
f 2210/2207/2180 37/28/28 41/27/27
f 2213/2211/2184 1965/1953/1928 2214/2210/2183
f 2214/2210/2183 38/25/25 37/28/28
f 2213/2211/2184 2215/2212/2185 2216/2213/2186
f 2216/2213/2186 1967/1955/1930 2213/2211/2184
f 2216/2213/2186 2217/2214/2187 2218/2215/2188
f 2218/2215/2188 1969/1957/1932 2216/2213/2186
f 2218/2215/2188 2219/2216/2189 2220/2217/2190
f 2220/2217/2190 1971/1959/1934 2218/2215/2188
f 2220/2217/2190 2221/2218/2191 2222/2219/2192
f 2222/2219/2192 1973/1961/1936 2220/2217/2190
f 2222/2219/2192 2223/2220/2193 2224/2221/2194
f 2224/2221/2194 1975/1963/1938 2222/2219/2192
f 2224/2221/2194 2225/2222/2195 2226/2223/2196
f 2226/2223/2196 1977/1965/1940 2224/2221/2194
f 2226/2223/2196 2227/2224/2197 2228/2225/2198
f 2228/2225/2198 1979/1968/1943 2226/2223/2196
f 2229/2226/2199 2230/2227/2200 2231/2228/2201
f 2231/2228/2201 1982/1971/1946 2229/2226/2199
f 2229/2226/2199 1980/1969/1944 1979/1968/1943
f 2231/2228/2201 2232/2229/2202 2233/2230/2203
f 2233/2230/2203 1984/1973/1948 2231/2228/2201
f 2233/2230/2203 2234/2231/2204 2235/2232/2205
f 2235/2232/2205 1986/1975/1950 2233/2230/2203
f 2235/2232/2205 2236/2233/2206 2237/2234/2207
f 2237/2234/2207 1988/1977/1952 2235/2232/2205
f 2237/2234/2207 2238/2235/2208 2239/2236/2209
f 2239/2236/2209 1990/1979/1954 2237/2234/2207
f 2239/2237/2209 2240/2238/2210 2241/2239/2211
f 2241/2239/2211 1992/2240/1957 2239/2237/2209
f 2241/2239/2211 2242/2241/2212 2243/2242/2213
f 2243/2242/2213 1994/1985/1959 2241/2239/2211
f 2243/2242/2213 2244/2243/2214 2245/2244/2215
f 2245/2244/2215 1996/1988/1961 2243/2242/2213
f 2245/2244/2215 2246/2245/2216 2247/2246/2217
f 2247/2246/2217 1998/1990/1963 2245/2244/2215
f 2247/2246/2217 2248/2247/2218 2249/2248/2219
f 2249/2248/2219 2000/1992/1965 2247/2246/2217
f 2249/2248/2219 2250/2249/2220 2251/2250/2221
f 2251/2250/2221 2002/1994/1967 2249/2248/2219
f 2251/2250/2221 2252/2251/2222 2253/2252/2223
f 2253/2252/2223 2004/1996/1969 2251/2250/2221
f 2253/2252/2223 2254/2253/2224 2255/2254/2225
f 2253/2252/2223 2256/2255/2226 2006/1998/1971
f 2255/2254/2225 2258/2256/2227 2256/2255/2226
f 2256/2255/2226 2011/2005/1978 2009/2002/1975
f 2009/2002/1975 2006/1998/1971 2256/2255/2226
f 2257/2257/2228 2260/2258/2229 2258/2256/2227
f 2258/2256/2227 2013/2259/2230 2011/2005/1978
f 2259/2260/2231 2262/2261/2232 2260/2258/2229
f 2260/2258/2229 2263/2262/2233 2013/2259/2230
f 2262/2261/2232 2265/2263/2234 2263/2262/2233
f 2263/2262/2233 2018/2011/1984 2016/2009/1982
f 2016/2009/1982 2013/2259/2230 2263/2262/2233
f 2264/2264/2235 2267/2265/2236 2265/2263/2234
f 2265/2263/2234 2020/2013/1986 2018/2011/1984
f 2266/2266/2237 2269/2267/2238 2267/2265/2236
f 2267/2265/2236 2022/2016/1989 2020/2013/1986
f 2268/2268/2239 2271/2269/2240 2269/2267/2238
f 2269/2267/2238 2024/2270/2241 2022/2016/1989
f 2270/2271/2242 2273/2272/2243 2271/2269/2240
f 2271/2269/2240 2274/2273/2244 2024/2270/2241
f 2273/2272/2243 2276/2274/2245 2274/2273/2244
f 2274/2273/2244 2029/2023/1996 2027/2020/1993
f 2027/2020/1993 2024/2270/2241 2274/2273/2244
f 2275/2275/2246 2278/2276/2247 2276/2274/2245
f 2276/2274/2245 2031/2277/2248 2029/2023/1996
f 2277/2278/2249 2280/2279/2250 2278/2276/2247
f 2278/2276/2247 2281/2280/2251 2031/2277/2248
f 2280/2279/2250 2283/2281/2252 2281/2280/2251
f 2281/2280/2251 2036/2029/2002 2034/2027/2000
f 2034/2027/2000 2031/2277/2248 2281/2280/2251
f 2282/2282/2253 2285/2283/2254 2283/2281/2252
f 2283/2281/2252 2038/2031/2004 2036/2029/2002
f 2284/2284/2255 2287/2285/2256 2285/2283/2254
f 2285/2283/2254 2040/2033/2006 2038/2031/2004
f 2286/2286/2257 2289/2287/2258 2287/2285/2256
f 2287/2285/2256 2042/2035/2008 2040/2033/2006
f 2288/2288/2259 2291/2289/2260 2289/2287/2258
f 2289/2287/2258 2044/2037/2010 2042/2035/2008
f 2290/2290/2261 2293/2291/2262 2291/2289/2260
f 2291/2289/2260 2046/2039/2012 2044/2037/2010
f 2292/2292/2263 2295/2293/2264 2293/2291/2262
f 2293/2291/2262 2048/2042/2015 2046/2039/2012
f 2294/2294/2265 2297/2295/2266 2295/2293/2264
f 2295/2293/2264 2050/2296/2267 2048/2042/2015
f 2296/2297/2268 2299/2298/2269 2297/2295/2266
f 2297/2295/2266 2300/2299/2270 2050/2296/2267
f 2300/2299/2270 2301/2300/2271 2302/2301/2272
f 2302/2301/2272 2053/2302/2273 2300/2299/2270
f 2053/2302/2273 2050/2296/2267 2300/2299/2270
f 2303/2303/2274 2304/2304/2275 2305/2305/2276
f 2305/2305/2276 2056/2306/2277 2303/2303/2274
f 2056/2306/2277 2053/2302/2273 2303/2303/2274
f 2306/2307/2278 2307/2308/2279 2308/2309/2280
f 2308/2309/2280 2059/2310/2281 2306/2307/2278
f 2059/2310/2281 2056/2306/2277 2306/2307/2278
f 2308/2309/2280 2310/2311/2282 2309/2312/2283
f 2310/2311/2282 2062/2313/2284 2309/2312/2283
f 2309/2312/2283 2060/2051/2024 2059/2310/2281
f 2310/2311/2282 2313/2314/2285 2311/2315/2286
f 2313/2314/2285 2065/2057/2030 2311/2315/2286
f 2311/2315/2286 2063/2054/2027 2062/2313/2284
f 2314/2316/2287 2315/2317/2288 2316/2318/2289
f 2316/2318/2289 2068/2060/2033 2314/2316/2287
f 2314/2316/2287 2066/2058/2031 2065/2057/2030
f 2317/2319/2290 2318/2320/2291 2319/2321/2292
f 2319/2321/2292 2071/2063/2036 2317/2319/2290
f 2317/2319/2290 2069/2061/2034 2068/2060/2033
f 2320/2322/2293 2321/2323/2294 2322/2324/2295
f 2322/2324/2295 2074/2066/2039 2320/2322/2293
f 2320/2322/2293 2072/2064/2037 2071/2063/2036
f 2322/2324/2295 2323/2325/2296 2324/2326/2297
f 2324/2326/2297 2076/2068/2041 2322/2324/2295
f 2324/2326/2297 2325/2327/2298 2326/2328/2299
f 2326/2328/2299 2078/2071/2044 2324/2326/2297
f 2326/2328/2299 2327/2329/2300 2328/2330/2301
f 2328/2330/2301 2080/2073/2046 2326/2328/2299
f 2328/2330/2301 2329/2331/2302 2330/2332/2303
f 2330/2332/2303 2082/2075/2048 2328/2330/2301
f 2331/2333/2304 2083/2076/2049 2082/2075/2048
f 2331/2333/2304 2332/2334/2305 2333/2335/2306
f 2333/2335/2306 2085/2078/2051 2331/2333/2304
f 2334/2336/2307 2086/2079/2052 2085/2078/2051
f 2334/2336/2307 2335/2337/2308 2336/2338/2309
f 2336/2338/2309 2088/2081/2054 2334/2336/2307
f 2336/2338/2309 2337/2339/2310 2338/2340/2311
f 2338/2340/2311 2090/2083/2056 2336/2338/2309
f 2338/2340/2311 2339/2341/2312 2340/2342/2313
f 2340/2342/2313 2092/2086/2059 2338/2340/2311
f 2340/2342/2313 2341/2343/2314 2342/2344/2315
f 2342/2344/2315 2094/2088/2061 2340/2342/2313
f 2342/2344/2315 2343/2345/2316 2344/2346/2317
f 2344/2346/2317 2096/2090/2063 2342/2344/2315
f 2344/2346/2317 2345/2347/2318 2346/2348/2319
f 2346/2348/2319 2098/2092/2065 2344/2346/2317
f 2346/2348/2319 2347/2349/2320 2348/2350/2321
f 2348/2350/2321 2100/2095/2068 2346/2348/2319
f 2348/2350/2321 2349/2351/2322 2350/2352/2323
f 2350/2352/2323 2102/2097/2070 2348/2350/2321
f 2350/2352/2323 2351/2353/2324 2352/2354/2325
f 2352/2354/2325 2104/2099/2072 2350/2352/2323
f 2352/2354/2325 2353/2355/2326 2354/2356/2327
f 2354/2356/2327 2106/2101/2074 2352/2354/2325
f 2354/2356/2327 2355/2357/2328 2356/2358/2329
f 2356/2358/2329 2108/2103/2076 2354/2356/2327
f 2356/2358/2329 2357/2359/2330 2358/2360/2331
f 2358/2360/2331 2110/2105/2078 2356/2358/2329
f 2358/2360/2331 2359/2361/2332 2360/2362/2333
f 2360/2362/2333 2112/2108/2081 2358/2360/2331
f 2360/2362/2333 2361/2363/2334 2362/2364/2335
f 2362/2364/2335 2114/2110/2083 2360/2362/2333
f 2361/2363/2334 2364/2365/2336 2362/2364/2335
f 2362/2364/2335 2118/2114/2087 2116/2112/2085
f 2363/2366/2337 2366/2367/2338 2364/2365/2336
f 2364/2365/2336 2120/2116/2089 2118/2114/2087
f 2365/2368/2339 2368/2369/2340 2366/2367/2338
f 2366/2367/2338 2122/2118/2091 2120/2116/2089
f 2367/2370/2341 2370/2371/2342 2368/2369/2340
f 2368/2369/2340 2124/2120/2093 2122/2118/2091
f 2369/2372/2343 2372/2373/2344 2370/2371/2342
f 2370/2371/2342 2126/2122/2095 2124/2120/2093
f 2371/2374/2345 2374/2375/2346 2372/2373/2344
f 2372/2373/2344 2128/2124/2097 2126/2122/2095
f 2374/2375/2346 2375/2376/2347 2376/2377/2348
f 2374/2375/2346 2130/2126/2099 2128/2124/2097
f 2376/2377/2348 2377/2378/2349 2378/2379/2350
f 2376/2377/2348 2132/2128/2101 2130/2126/2099
f 2377/2378/2349 2380/2380/2351 2378/2379/2350
f 2378/2379/2350 2134/2130/2103 2132/2128/2101
f 2379/2381/2352 2382/2382/2353 2380/2380/2351
f 2380/2380/2351 2136/2132/2105 2134/2130/2103
f 2381/2383/2354 2384/2384/2355 2382/2382/2353
f 2382/2382/2353 2138/2135/2108 2136/2132/2105
f 2383/2385/2356 2386/2386/2357 2384/2384/2355
f 2384/2384/2355 2140/2387/2358 2138/2135/2108
f 2385/2388/2359 2388/2389/2360 2386/2386/2357
f 2386/2386/2357 2389/2390/2361 2140/2387/2358
f 2143/2139/2112 2140/2387/2358 2389/2390/2361
f 2388/2389/2360 2391/2391/2362 2389/2390/2361
f 2389/2390/2361 2145/2142/2115 2143/2139/2112
f 2390/2392/2363 2393/2393/2364 2391/2391/2362
f 2391/2391/2362 2147/2394/2365 2145/2142/2115
f 2392/2395/2366 2395/2396/2367 2393/2393/2364
f 2393/2393/2364 2396/2397/2368 2147/2394/2365
f 2150/2146/2119 2147/2394/2365 2396/2397/2368
f 2395/2396/2367 2398/2398/2369 2396/2397/2368
f 2396/2397/2368 2152/2148/2121 2150/2146/2119
f 2397/2399/2370 2400/2400/2371 2398/2398/2369
f 2398/2398/2369 2154/2150/2123 2152/2148/2121
f 2399/2401/2372 2402/2402/2373 2400/2400/2371
f 2400/2400/2371 2156/2153/2126 2154/2150/2123
f 2401/2403/2374 2404/2404/2375 2402/2402/2373
f 2402/2402/2373 2158/2405/2376 2156/2153/2126
f 2403/2406/2377 2406/2407/2378 2404/2404/2375
f 2404/2404/2375 2407/2408/2379 2158/2405/2376
f 2161/2157/2130 2158/2405/2376 2407/2408/2379
f 2406/2407/2378 2409/2409/2380 2407/2408/2379
f 2407/2408/2379 2163/2159/2132 2161/2157/2130
f 2408/2410/2381 2411/2411/2382 2409/2409/2380
f 2409/2409/2380 2165/2161/2134 2163/2159/2132
f 2410/2412/2383 2413/2413/2384 2411/2411/2382
f 2411/2411/2382 2167/2163/2136 2165/2161/2134
f 2412/2414/2385 2415/2415/2386 2413/2413/2384
f 2413/2413/2384 2169/2166/2139 2167/2163/2136
f 2414/2416/2387 2417/2417/2388 2415/2415/2386
f 2415/2415/2386 2171/2418/2389 2169/2166/2139
f 2416/2419/2390 2419/2420/2391 2417/2417/2388
f 2417/2417/2388 2420/2421/2392 2171/2418/2389
f 2174/2422/2393 2171/2418/2389 2420/2421/2392
f 2419/2420/2391 2422/2423/2394 2420/2421/2392
f 2420/2421/2392 2423/2424/2395 2174/2422/2393
f 2177/2425/2396 2174/2422/2393 2423/2424/2395
f 2422/2423/2394 2425/2426/2397 2423/2424/2395
f 2423/2424/2395 2426/2427/2398 2177/2425/2396
f 2180/2428/2399 2177/2425/2396 2426/2427/2398
f 2425/2426/2397 2428/2429/2400 2426/2427/2398
f 2426/2427/2398 2429/2430/2401 2180/2428/2399
f 2183/2431/2402 2180/2428/2399 2429/2430/2401
f 2428/2429/2400 2431/2432/2403 2429/2430/2401
f 2429/2430/2401 2432/2433/2404 2183/2431/2402
f 2186/2434/2405 2183/2431/2402 2432/2433/2404
f 2431/2432/2403 2434/2435/2406 2432/2433/2404
f 2432/2433/2404 2435/2436/2407 2186/2434/2405
f 2189/2437/2408 2186/2434/2405 2435/2436/2407
f 2434/2435/2406 2437/2438/2409 2435/2436/2407
f 2435/2436/2407 48/35/35 2189/2437/2408
f 2436/2439/2410 2439/2440/2411 2437/2438/2409
f 2437/2438/2409 43/36/36 48/35/35
f 2438/2441/2412 2441/2442/2413 2439/2440/2411
f 2441/2442/2413 43/36/36 2439/2440/2411
f 2441/2442/2413 2442/2443/2414 2443/2444/2415
f 2443/2444/2415 44/32/32 2441/2442/2413
f 2443/2444/2415 2444/2445/2416 2198/2446/2417
f 2198/2446/2417 2195/2447/2418 2443/2444/2415
f 2442/2443/2414 2446/2448/2419 2444/2445/2416
f 2444/2445/2416 2447/2449/2420 2201/2450/2421
f 2201/2450/2421 2198/2446/2417 2444/2445/2416
f 2446/2448/2419 2449/2451/2422 2447/2449/2420
f 2447/2449/2420 2206/2203/2176 2204/2452/2423
f 2204/2452/2423 2201/2450/2421 2447/2449/2420
f 2449/2451/2422 2450/2453/2424 2451/2454/2425
f 2451/2454/2425 2206/2203/2176 2449/2451/2422
f 2451/2454/2425 2452/2455/2426 2453/2456/2427
f 2453/2456/2427 2208/2205/2178 2451/2454/2425
f 2454/2457/2428 2455/2458/2429 2456/2459/2430
f 2456/2459/2430 2211/2208/2181 2454/2457/2428
f 2454/2457/2428 2209/2206/2179 2208/2205/2178
f 2457/2460/2431 2458/2461/2432 2459/2462/2433
f 2459/2462/2433 2215/2212/2185 2457/2460/2431
f 2457/2460/2431 2212/2209/2182 2211/2208/2181
f 2459/2462/2433 2460/2463/2434 2461/2464/2435
f 2461/2464/2435 2217/2214/2187 2459/2462/2433
f 2461/2464/2435 2462/2465/2436 2463/2466/2437
f 2463/2466/2437 2219/2216/2189 2461/2464/2435
f 2463/2466/2437 2464/2467/2438 2465/2468/2439
f 2465/2468/2439 2221/2218/2191 2463/2466/2437
f 2465/2468/2439 2466/2469/2440 2467/2470/2441
f 2467/2470/2441 2223/2220/2193 2465/2468/2439
f 2467/2470/2441 2468/2471/2442 2469/2472/2443
f 2469/2472/2443 2225/2222/2195 2467/2470/2441
f 2469/2472/2443 2470/2473/2444 2471/2474/2445
f 2471/2474/2445 2227/2224/2197 2469/2472/2443
f 2472/2475/2446 2473/2476/2447 2474/2477/2448
f 2474/2477/2448 2230/2227/2200 2472/2475/2446
f 2472/2475/2446 2228/2225/2198 2227/2224/2197
f 2474/2477/2448 2475/2478/2449 2476/2479/2450
f 2476/2479/2450 2232/2229/2202 2474/2477/2448
f 2476/2479/2450 2477/2480/2451 2478/2481/2452
f 2478/2481/2452 2234/2231/2204 2476/2479/2450
f 2478/2481/2452 2479/2482/2453 2480/2483/2454
f 2480/2483/2454 2236/2233/2206 2478/2481/2452
f 2480/2484/2454 2481/2485/2455 2482/2486/2456
f 2482/2486/2456 2238/2487/2208 2480/2484/2454
f 2482/2486/2456 2483/2488/2457 2484/2489/2458
f 2484/2489/2458 2240/2238/2210 2482/2486/2456
f 2484/2489/2458 2485/2490/2459 2486/2491/2460
f 2486/2491/2460 2242/2241/2212 2484/2489/2458
f 2486/2491/2460 2487/2492/2461 2488/2493/2462
f 2488/2493/2462 2244/2243/2214 2486/2491/2460
f 2488/2493/2462 2489/2494/2463 2490/2495/2464
f 2490/2495/2464 2246/2245/2216 2488/2493/2462
f 2490/2495/2464 2491/2496/2465 2492/2497/2466
f 2492/2497/2466 2248/2247/2218 2490/2495/2464
f 2492/2497/2466 2493/2498/2467 2494/2499/2468
f 2494/2499/2468 2250/2249/2220 2492/2497/2466
f 2494/2499/2468 2495/2500/2469 2496/2501/2470
f 2496/2501/2470 2252/2251/2222 2494/2499/2468
f 2495/2500/2469 2498/2502/2471 2496/2501/2470
f 2496/2501/2470 2499/2503/2472 2254/2253/2224
f 2498/2502/2471 2501/2504/2473 2499/2503/2472
f 2499/2503/2472 2259/2260/2231 2257/2257/2228
f 2257/2257/2228 2254/2253/2224 2499/2503/2472
f 2500/2505/2474 2503/2506/2475 2501/2504/2473
f 2501/2504/2473 2261/2507/2476 2259/2260/2231
f 2502/2508/2477 2505/2509/2478 2503/2506/2475
f 2503/2506/2475 2506/2510/2479 2261/2507/2476
f 2505/2509/2478 2508/2511/2480 2506/2510/2479
f 2506/2510/2479 2266/2266/2237 2264/2264/2235
f 2264/2264/2235 2261/2507/2476 2506/2510/2479
f 2507/2512/2481 2510/2513/2482 2508/2511/2480
f 2508/2511/2480 2268/2268/2239 2266/2266/2237
f 2509/2514/2483 2512/2515/2484 2510/2513/2482
f 2510/2513/2482 2270/2271/2242 2268/2268/2239
f 2511/2516/2485 2514/2517/2486 2512/2515/2484
f 2512/2515/2484 2272/2518/2487 2270/2271/2242
f 2513/2519/2488 2516/2520/2489 2514/2517/2486
f 2514/2517/2486 2517/2521/2490 2272/2518/2487
f 2516/2520/2489 2519/2522/2491 2517/2521/2490
f 2517/2521/2490 2277/2278/2249 2275/2275/2246
f 2275/2275/2246 2272/2518/2487 2517/2521/2490
f 2518/2523/2492 2521/2524/2493 2519/2522/2491
f 2519/2522/2491 2279/2525/2494 2277/2278/2249
f 2520/2526/2495 2523/2527/2496 2521/2524/2493
f 2521/2524/2493 2524/2528/2497 2279/2525/2494
f 2523/2527/2496 2526/2529/2498 2524/2528/2497
f 2524/2528/2497 2284/2284/2255 2282/2282/2253
f 2282/2282/2253 2279/2525/2494 2524/2528/2497
f 2525/2530/2499 2528/2531/2500 2526/2529/2498
f 2526/2529/2498 2286/2286/2257 2284/2284/2255
f 2527/2532/2501 2530/2533/2502 2528/2531/2500
f 2528/2531/2500 2288/2288/2259 2286/2286/2257
f 2529/2534/2503 2532/2535/2504 2530/2533/2502
f 2530/2533/2502 2290/2290/2261 2288/2288/2259
f 2531/2536/2505 2534/2537/2506 2532/2535/2504
f 2532/2535/2504 2292/2292/2263 2290/2290/2261
f 2533/2538/2507 2536/2539/2508 2534/2537/2506
f 2534/2537/2506 2294/2294/2265 2292/2292/2263
f 2535/2540/2509 2538/2541/2510 2536/2539/2508
f 2536/2539/2508 2296/2297/2268 2294/2294/2265
f 2537/2542/2511 2540/2543/2512 2538/2541/2510
f 2538/2541/2510 2298/2544/2513 2296/2297/2268
f 2540/2543/2512 2541/2545/2514 2542/2546/2515
f 2542/2546/2515 2298/2544/2513 2540/2543/2512
f 2543/2547/2516 2544/2548/2517 2545/2549/2518
f 2545/2549/2518 2301/2300/2271 2543/2547/2516
f 2543/2547/2516 2299/2298/2269 2298/2544/2513
f 2546/2550/2519 2547/2551/2520 2548/2552/2521
f 2548/2552/2521 2304/2304/2275 2546/2550/2519
f 2546/2550/2519 2302/2301/2272 2301/2300/2271
f 2549/2553/2522 2550/2554/2523 2551/2555/2524
f 2551/2555/2524 2307/2308/2279 2549/2553/2522
f 2549/2553/2522 2305/2305/2276 2304/2304/2275
f 2551/2555/2524 2552/2556/2525 2553/2557/2526
f 2553/2557/2526 53/2558/2527 2551/2555/2524
f 2553/2557/2526 2554/2559/2528 2555/2560/2529
f 2555/2560/2529 49/37/37 2553/2557/2526
f 2555/2560/2529 2556/2561/2530 2557/2562/2531
f 2557/2562/2531 50/2563/2532 2555/2560/2529
f 2558/2564/2533 2559/2565/2534 2560/2566/2535
f 2560/2566/2535 2562/2567/2536 2558/2564/2533
f 2558/2564/2533 51/38/38 50/2563/2532
f 2561/2568/2537 2564/2569/2538 2562/2567/2536
f 2562/2567/2536 54/41/41 51/38/38
f 2563/2570/2539 2566/2571/2540 2564/2569/2538
f 2564/2569/2538 2567/2572/2541 54/41/41
f 2567/2572/2541 55/42/42 54/41/41
f 2567/2572/2541 2569/2573/2542 2570/2574/2543
f 2570/2574/2543 2568/2575/2544 2567/2572/2541
f 2571/2576/2545 2573/2577/2546 2568/2575/2544
f 2571/2576/2545 2574/2578/2547 2575/2579/2548
f 2575/2579/2548 2572/2580/2549 2571/2576/2545
f 2576/2581/2550 2578/2582/2551 2572/2580/2549
f 2576/2581/2550 2579/2583/2552 2580/2584/2553
f 2580/2584/2553 2577/2585/2554 2576/2581/2550
f 2581/2586/2555 2583/2587/2556 2577/2585/2554
f 2581/2586/2555 2584/2588/2557 2585/2589/2558
f 2585/2589/2558 2582/2590/2559 2581/2586/2555
f 2586/2591/2560 2325/2327/2298 2582/2590/2559
f 2586/2591/2560 2587/2592/2561 2588/2593/2562
f 2588/2593/2562 2327/2329/2300 2586/2591/2560
f 2588/2593/2562 2589/2594/2563 2590/2595/2564
f 2590/2595/2564 2329/2331/2302 2588/2593/2562
f 2591/2596/2565 2330/2332/2303 2329/2331/2302
f 2591/2596/2565 2592/2597/2566 2593/2598/2567
f 2593/2598/2567 2332/2334/2305 2591/2596/2565
f 2594/2599/2568 2333/2335/2306 2332/2334/2305
f 2594/2599/2568 2595/2600/2569 2596/2601/2570
f 2596/2601/2570 2335/2337/2308 2594/2599/2568
f 2596/2601/2570 2597/2602/2571 2598/2603/2572
f 2598/2603/2572 2337/2339/2310 2596/2601/2570
f 2598/2603/2572 2599/2604/2573 2600/2605/2574
f 2600/2605/2574 2339/2341/2312 2598/2603/2572
f 2600/2605/2574 2601/2606/2575 2602/2607/2576
f 2602/2607/2576 2341/2343/2314 2600/2605/2574
f 2602/2607/2576 2603/2608/2577 2604/2609/2578
f 2604/2609/2578 2343/2345/2316 2602/2607/2576
f 2604/2609/2578 2605/2610/2579 2606/2611/2580
f 2606/2611/2580 2345/2347/2318 2604/2609/2578
f 2606/2611/2580 2607/2612/2581 2608/2613/2582
f 2608/2613/2582 2347/2349/2320 2606/2611/2580
f 2608/2613/2582 2609/2614/2583 2610/2615/2584
f 2610/2615/2584 2349/2351/2322 2608/2613/2582
f 2610/2615/2584 2611/2616/2585 2612/2617/2586
f 2612/2617/2586 2351/2353/2324 2610/2615/2584
f 2612/2617/2586 2613/2618/2587 2614/2619/2588
f 2614/2619/2588 2353/2355/2326 2612/2617/2586
f 2614/2619/2588 2615/2620/2589 2616/2621/2590
f 2616/2621/2590 2355/2357/2328 2614/2619/2588
f 2616/2621/2590 2617/2622/2591 2618/2623/2592
f 2618/2623/2592 2357/2359/2330 2616/2621/2590
f 2618/2623/2592 2619/2624/2593 2620/2625/2594
f 2620/2625/2594 2359/2361/2332 2618/2623/2592
f 2619/2624/2593 2622/2626/2595 2620/2625/2594
f 2620/2625/2594 2363/2366/2337 2361/2363/2334
f 2621/2627/2596 2624/2628/2597 2622/2626/2595
f 2622/2626/2595 2365/2368/2339 2363/2366/2337
f 2623/2629/2598 2626/2630/2599 2624/2628/2597
f 2624/2628/2597 2367/2370/2341 2365/2368/2339
f 2625/2631/2600 2628/2632/2601 2626/2630/2599
f 2626/2630/2599 2369/2372/2343 2367/2370/2341
f 2627/2633/2602 2630/2634/2603 2628/2632/2601
f 2628/2632/2601 2371/2374/2345 2369/2372/2343
f 2629/2635/2604 2632/2636/2605 2630/2634/2603
f 2630/2634/2603 2373/2637/2606 2371/2374/2345
f 2632/2636/2605 2633/2638/2607 2634/2639/2608
f 2634/2639/2608 2373/2637/2606 2632/2636/2605
f 2634/2639/2608 2635/2640/2609 2636/2641/2610
f 2636/2641/2610 2375/2376/2347 2634/2639/2608
f 2635/2640/2609 2638/2642/2611 2636/2641/2610
f 2636/2641/2610 2379/2381/2352 2377/2378/2349
f 2637/2643/2612 2640/2644/2613 2638/2642/2611
f 2638/2642/2611 2381/2383/2354 2379/2381/2352
f 2639/2645/2614 2642/2646/2615 2640/2644/2613
f 2640/2644/2613 2383/2385/2356 2381/2383/2354
f 2641/2647/2616 2644/2648/2617 2642/2646/2615
f 2642/2646/2615 2385/2388/2359 2383/2385/2356
f 2643/2649/2618 2646/2650/2619 2644/2648/2617
f 2644/2648/2617 2387/2651/2620 2385/2388/2359
f 2645/2652/2621 2648/2653/2622 2646/2650/2619
f 2646/2650/2619 2649/2654/2623 2387/2651/2620
f 2390/2392/2363 2387/2651/2620 2649/2654/2623
f 2648/2653/2622 2651/2655/2624 2649/2654/2623
f 2649/2654/2623 2392/2395/2366 2390/2392/2363
f 2650/2656/2625 2653/2657/2626 2651/2655/2624
f 2651/2655/2624 2394/2658/2627 2392/2395/2366
f 2652/2659/2628 2655/2660/2629 2653/2657/2626
f 2653/2657/2626 2656/2661/2630 2394/2658/2627
f 2397/2399/2370 2394/2658/2627 2656/2661/2630
f 2655/2660/2629 2658/2662/2631 2656/2661/2630
f 2656/2661/2630 2399/2401/2372 2397/2399/2370
f 2657/2663/2632 2660/2664/2633 2658/2662/2631
f 2658/2662/2631 2401/2403/2374 2399/2401/2372
f 2659/2665/2634 2662/2666/2635 2660/2664/2633
f 2660/2664/2633 2403/2406/2377 2401/2403/2374
f 2661/2667/2636 2664/2668/2637 2662/2666/2635
f 2662/2666/2635 2405/2669/2638 2403/2406/2377
f 2663/2670/2639 2666/2671/2640 2664/2668/2637
f 2664/2668/2637 2667/2672/2641 2405/2669/2638
f 2408/2410/2381 2405/2669/2638 2667/2672/2641
f 2666/2671/2640 2669/2673/2642 2667/2672/2641
f 2667/2672/2641 2410/2412/2383 2408/2410/2381
f 2668/2674/2643 2671/2675/2644 2669/2673/2642
f 2669/2673/2642 2412/2414/2385 2410/2412/2383
f 2670/2676/2645 2673/2677/2646 2671/2675/2644
f 2671/2675/2644 2414/2416/2387 2412/2414/2385
f 2672/2678/2647 2675/2679/2648 2673/2677/2646
f 2673/2677/2646 2416/2419/2390 2414/2416/2387
f 2674/2680/2649 2677/2681/2650 2675/2679/2648
f 2675/2679/2648 2418/2682/2651 2416/2419/2390
f 2676/2683/2652 2679/2684/2653 2677/2681/2650
f 2677/2681/2650 2680/2685/2654 2418/2682/2651
f 2421/2686/2655 2418/2682/2651 2680/2685/2654
f 2679/2684/2653 2682/2687/2656 2680/2685/2654
f 2680/2685/2654 2683/2688/2657 2421/2686/2655
f 2424/2689/2658 2421/2686/2655 2683/2688/2657
f 2682/2687/2656 2685/2690/2659 2683/2688/2657
f 2683/2688/2657 2686/2691/2660 2424/2689/2658
f 2427/2692/2661 2424/2689/2658 2686/2691/2660
f 2685/2690/2659 2688/2693/2662 2686/2691/2660
f 2686/2691/2660 2689/2694/2663 2427/2692/2661
f 2430/2695/2664 2427/2692/2661 2689/2694/2663
f 2688/2693/2662 2691/2696/2665 2689/2694/2663
f 2689/2694/2663 2692/2697/2666 2430/2695/2664
f 2433/2698/2667 2430/2695/2664 2692/2697/2666
f 2691/2696/2665 2694/2699/2668 2692/2697/2666
f 2692/2697/2666 2695/2700/2669 2433/2698/2667
f 2436/2439/2410 2433/2698/2667 2695/2700/2669
f 2694/2699/2668 2697/2701/2670 2695/2700/2669
f 2695/2700/2669 2438/2441/2412 2436/2439/2410
f 2696/2702/2671 2699/2703/2672 2697/2701/2670
f 2697/2701/2670 2440/2704/2673 2438/2441/2412
f 2698/2705/2674 2445/2706/2675 2699/2703/2672
f 2699/2703/2672 2442/2443/2414 2440/2704/2673
f 2700/2707/2676 2701/2708/2677 2702/2709/2678
f 2702/2709/2678 2448/2710/2679 2700/2707/2676
f 2700/2707/2676 2446/2448/2419 2445/2706/2675
f 2702/2709/2678 2703/2711/2680 2704/2712/2681
f 2704/2712/2681 2450/2453/2424 2702/2709/2678
f 2704/2712/2681 2705/2713/2682 2706/2714/2683
f 2706/2714/2683 2452/2455/2426 2704/2712/2681
f 2707/2715/2684 2708/2716/2685 2709/2717/2686
f 2709/2717/2686 2455/2458/2429 2707/2715/2684
f 2707/2715/2684 2453/2456/2427 2452/2455/2426
f 2710/2718/2687 2711/2719/2688 2712/2720/2689
f 2712/2720/2689 2458/2461/2432 2710/2718/2687
f 2710/2718/2687 2456/2459/2430 2455/2458/2429
f 2712/2720/2689 2713/2721/2690 2714/2722/2691
f 2714/2722/2691 2460/2463/2434 2712/2720/2689
f 2714/2722/2691 2715/2723/2692 2716/2724/2693
f 2716/2724/2693 2462/2465/2436 2714/2722/2691
f 2716/2724/2693 2717/2725/2694 2718/2726/2695
f 2718/2726/2695 2464/2467/2438 2716/2724/2693
f 2718/2726/2695 2719/2727/2696 2720/2728/2697
f 2720/2728/2697 2466/2469/2440 2718/2726/2695
f 2720/2728/2697 2721/2729/2698 2722/2730/2699
f 2722/2730/2699 2468/2471/2442 2720/2728/2697
f 2722/2730/2699 2723/2731/2700 2724/2732/2701
f 2724/2732/2701 2470/2473/2444 2722/2730/2699
f 2725/2733/2702 2726/2734/2703 2727/2735/2704
f 2727/2735/2704 2473/2476/2447 2725/2733/2702
f 2725/2733/2702 2471/2474/2445 2470/2473/2444
f 2727/2735/2704 2728/2736/2705 2729/2737/2706
f 2729/2737/2706 2475/2478/2449 2727/2735/2704
f 2729/2737/2706 2730/2738/2707 2731/2739/2708
f 2731/2739/2708 2477/2480/2451 2729/2737/2706
f 2731/2740/2708 2732/2741/2709 2733/2742/2710
f 2733/2742/2710 2479/2743/2453 2731/2740/2708
f 2733/2742/2710 2734/2744/2711 2735/2745/2712
f 2735/2745/2712 2481/2485/2455 2733/2742/2710
f 2735/2745/2712 2736/2746/2713 2737/2747/2714
f 2737/2747/2714 2483/2488/2457 2735/2745/2712
f 2737/2747/2714 2738/2748/2715 2739/2749/2716
f 2739/2749/2716 2485/2490/2459 2737/2747/2714
f 2739/2749/2716 2740/2750/2717 2741/2751/2718
f 2741/2751/2718 2487/2492/2461 2739/2749/2716
f 2741/2751/2718 2742/2752/2719 2743/2753/2720
f 2743/2753/2720 2489/2494/2463 2741/2751/2718
f 2743/2753/2720 2744/2754/2721 2745/2755/2722
f 2745/2755/2722 2491/2496/2465 2743/2753/2720
f 2745/2755/2722 2746/2756/2723 2747/2757/2724
f 2747/2757/2724 2493/2498/2467 2745/2755/2722
f 2746/2756/2723 2749/2758/2725 2747/2757/2724
f 2747/2757/2724 2497/2759/2726 2495/2500/2469
f 2749/2758/2725 2750/2760/2727 2751/2761/2728
f 2751/2761/2728 2497/2759/2726 2749/2758/2725
f 2752/2762/2729 2753/2763/2730 2754/2764/2731
f 2754/2764/2731 2500/2505/2474 2752/2762/2729
f 2500/2505/2474 2497/2759/2726 2752/2762/2729
f 2754/2764/2731 2755/2765/2732 2756/2766/2733
f 2756/2766/2733 2502/2508/2477 2754/2764/2731
f 2756/2766/2733 2757/2767/2734 2758/2768/2735
f 2758/2768/2735 2504/2769/2736 2756/2766/2733
f 2759/2770/2737 2760/2771/2738 2761/2772/2739
f 2761/2772/2739 2507/2512/2481 2759/2770/2737
f 2507/2512/2481 2504/2769/2736 2759/2770/2737
f 2760/2771/2738 2763/2773/2740 2761/2772/2739
f 2763/2773/2740 2509/2514/2483 2761/2772/2739
f 2762/2774/2741 32/19/19 2763/2773/2740
f 2763/2773/2740 2513/2519/2488 2511/2516/2485
f 2762/2774/2741 2764/2775/2742 2765/2776/2743
f 2765/2776/2743 30/20/20 2762/2774/2741
f 2764/2775/2742 2767/2777/2744 2765/2776/2743
f 2767/2777/2744 31/17/17 2765/2776/2743
f 2768/2778/2745 2769/2779/2746 2770/2780/2747
f 2770/2780/2747 2772/2781/2748 2768/2778/2745
f 2768/2778/2745 27/18/18 31/17/17
f 2772/2781/2748 2773/2782/2749 2774/2783/2750
f 2774/2783/2750 27/18/18 2772/2781/2748
f 2774/2783/2750 2775/2784/2751 2776/2785/2752
f 2776/2785/2752 28/15/15 2774/2783/2750
f 2777/2786/2753 29/16/16 28/15/15
f 2777/2786/2753 2520/2526/2495 2518/2523/2492
f 2518/2523/2492 2515/2787/2754 2777/2786/2753
f 2776/2785/2752 2522/2788/2755 2520/2526/2495
f 2773/2782/2749 2779/2789/2756 2775/2784/2751
f 2775/2784/2751 2780/2790/2757 2522/2788/2755
f 2779/2789/2756 2782/2791/2758 2780/2790/2757
f 2780/2790/2757 2527/2532/2501 2525/2530/2499
f 2525/2530/2499 2522/2788/2755 2780/2790/2757
f 2781/2792/2759 2784/2793/2760 2782/2791/2758
f 2782/2791/2758 2529/2534/2503 2527/2532/2501
f 2783/2794/2761 2786/2795/2762 2784/2793/2760
f 2784/2793/2760 2531/2536/2505 2529/2534/2503
f 2785/2796/2763 2788/2797/2764 2786/2795/2762
f 2786/2795/2762 2533/2538/2507 2531/2536/2505
f 2787/2798/2765 2790/2799/2766 2788/2797/2764
f 2788/2797/2764 2535/2540/2509 2533/2538/2507
f 2789/2800/2767 2792/2801/2768 2790/2799/2766
f 2790/2799/2766 2537/2542/2511 2535/2540/2509
f 2791/2802/2769 2794/2803/2770 2792/2801/2768
f 2792/2801/2768 2539/2804/2771 2537/2542/2511
f 2794/2803/2770 2795/2805/2772 2796/2806/2773
f 2796/2806/2773 2539/2804/2771 2794/2803/2770
f 2796/2806/2773 2797/2807/2774 2798/2808/2775
f 2798/2808/2775 2541/2545/2514 2796/2806/2773
f 2799/2809/2776 2800/2810/2777 2801/2811/2778
f 2801/2811/2778 2544/2548/2517 2799/2809/2776
f 2799/2809/2776 2542/2546/2515 2541/2545/2514
f 2802/2812/2779 2803/2813/2780 2804/2814/2781
f 2804/2814/2781 2547/2551/2520 2802/2812/2779
f 2802/2812/2779 2545/2549/2518 2544/2548/2517
f 2805/2815/2782 2806/2816/2783 2807/2817/2784
f 2807/2817/2784 2550/2554/2523 2805/2815/2782
f 2805/2815/2782 2548/2552/2521 2547/2551/2520
f 2807/2817/2784 2808/2818/2785 2809/2819/2786
f 2809/2819/2786 2552/2556/2525 2807/2817/2784
f 2809/2819/2786 2810/2820/2787 2811/2821/2788
f 2811/2821/2788 2554/2559/2528 2809/2819/2786
f 2811/2821/2788 2812/2822/2789 2813/2823/2790
f 2813/2823/2790 2556/2561/2530 2811/2821/2788
f 2814/2824/2791 2815/2825/2792 2816/2826/2793
f 2816/2826/2793 2559/2565/2534 2814/2824/2791
f 2814/2824/2791 2557/2562/2531 2556/2561/2530
f 2817/2827/2794 2818/2828/2795 2819/2829/2796
f 2819/2829/2796 2821/2830/2797 2817/2827/2794
f 2817/2827/2794 2560/2566/2535 2559/2565/2534
f 2820/2831/2798 2823/2832/2799 2821/2830/2797
f 2821/2830/2797 2561/2568/2537 2560/2566/2535
f 2822/2833/2800 2825/2834/2801 2823/2832/2799
f 2823/2832/2799 2563/2570/2539 2561/2568/2537
f 2824/2835/2802 2827/2836/2803 2825/2834/2801
f 2825/2834/2801 2565/2837/2804 2563/2570/2539
f 2826/2838/2805 2829/2839/2806 2827/2836/2803
f 2827/2836/2803 2830/2840/2807 2565/2837/2804
f 2569/2573/2542 2565/2837/2804 2830/2840/2807
f 2829/2839/2806 2832/2841/2808 2830/2840/2807
f 2832/2841/2808 2569/2573/2542 2830/2840/2807
f 2833/2842/2809 2570/2574/2543 2569/2573/2542
f 2833/2842/2809 2834/2843/2810 2835/2844/2811
f 2835/2844/2811 2574/2578/2547 2833/2842/2809
f 2836/2845/2812 2575/2579/2548 2574/2578/2547
f 2836/2845/2812 2837/2846/2813 2838/2847/2814
f 2838/2847/2814 2579/2583/2552 2836/2845/2812
f 2839/2848/2815 2580/2584/2553 2579/2583/2552
f 2839/2848/2815 2840/2849/2816 2841/2850/2817
f 2841/2850/2817 2584/2588/2557 2839/2848/2815
f 2842/2851/2818 2585/2589/2558 2584/2588/2557
f 2842/2851/2818 2843/2852/2819 2844/2853/2820
f 2844/2853/2820 2587/2592/2561 2842/2851/2818
f 2844/2853/2820 2845/2854/2821 2846/2855/2822
f 2846/2855/2822 2589/2594/2563 2844/2853/2820
f 2847/2856/2823 2590/2595/2564 2589/2594/2563
f 2847/2856/2823 2848/2857/2824 2849/2858/2825
f 2849/2858/2825 2592/2597/2566 2847/2856/2823
f 2850/2859/2826 2593/2598/2567 2592/2597/2566
f 2850/2859/2826 2851/2860/2827 2852/2861/2828
f 2852/2861/2828 2595/2600/2569 2850/2859/2826
f 2852/2861/2828 2853/2862/2829 2854/2863/2830
f 2854/2863/2830 2597/2602/2571 2852/2861/2828
f 2854/2863/2830 2855/2864/2831 2856/2865/2832
f 2856/2865/2832 2599/2604/2573 2854/2863/2830
f 2856/2865/2832 2857/2866/2833 2858/2867/2834
f 2858/2867/2834 2601/2606/2575 2856/2865/2832
f 2858/2867/2834 2859/2868/2835 2860/2869/2836
f 2860/2869/2836 2603/2608/2577 2858/2867/2834
f 2860/2869/2836 2861/2870/2837 2862/2871/2838
f 2862/2871/2838 2605/2610/2579 2860/2869/2836
f 2862/2871/2838 2863/2872/2839 2864/2873/2840
f 2864/2873/2840 2607/2612/2581 2862/2871/2838
f 2864/2873/2840 2865/2874/2841 2866/2875/2842
f 2866/2875/2842 2609/2614/2583 2864/2873/2840
f 2866/2875/2842 2867/2876/2843 2868/2877/2844
f 2868/2877/2844 2611/2616/2585 2866/2875/2842
f 2868/2877/2844 2869/2878/2845 2870/2879/2846
f 2870/2879/2846 2613/2618/2587 2868/2877/2844
f 2870/2879/2846 2871/2880/2847 2872/2881/2848
f 2872/2881/2848 2615/2620/2589 2870/2879/2846
f 2872/2881/2848 2873/2882/2849 2874/2883/2850
f 2874/2883/2850 2617/2622/2591 2872/2881/2848
f 2873/2882/2849 2876/2884/2851 2874/2883/2850
f 2874/2883/2850 2621/2627/2596 2619/2624/2593
f 2875/2885/2852 2878/2886/2853 2876/2884/2851
f 2876/2884/2851 2623/2629/2598 2621/2627/2596
f 2877/2887/2854 2880/2888/2855 2878/2886/2853
f 2878/2886/2853 2625/2631/2600 2623/2629/2598
f 2879/2889/2856 2882/2890/2857 2880/2888/2855
f 2880/2888/2855 2627/2633/2602 2625/2631/2600
f 2881/2891/2858 2884/2892/2859 2882/2890/2857
f 2882/2890/2857 2629/2635/2604 2627/2633/2602
f 2883/2893/2860 2886/2894/2861 2884/2892/2859
f 2884/2892/2859 2631/2895/2862 2629/2635/2604
f 2885/2896/2863 2888/2897/2864 2886/2894/2861
f 2886/2894/2861 2633/2638/2607 2631/2895/2862
f 2887/2898/2865 2890/2899/2866 2888/2897/2864
f 2890/2899/2866 2633/2638/2607 2888/2897/2864
f 2889/2900/2867 2892/2901/2868 2890/2899/2866
f 2890/2899/2866 2637/2643/2612 2635/2640/2609
f 2891/2902/2869 2894/2903/2870 2892/2901/2868
f 2892/2901/2868 2639/2645/2614 2637/2643/2612
f 2893/2904/2871 2896/2905/2872 2894/2903/2870
f 2894/2903/2870 2641/2647/2616 2639/2645/2614
f 2895/2906/2873 2898/2907/2874 2896/2905/2872
f 2896/2905/2872 2643/2649/2618 2641/2647/2616
f 2897/2908/2875 2900/2909/2876 2898/2907/2874
f 2898/2907/2874 2645/2652/2621 2643/2649/2618
f 2899/2910/2877 2902/2911/2878 2900/2909/2876
f 2900/2909/2876 2647/2912/2879 2645/2652/2621
f 2901/2913/2880 2904/2914/2881 2902/2911/2878
f 2902/2911/2878 2905/2915/2882 2647/2912/2879
f 2650/2656/2625 2647/2912/2879 2905/2915/2882
f 2904/2914/2881 2907/2916/2883 2905/2915/2882
f 2905/2915/2882 2652/2659/2628 2650/2656/2625
f 2906/2917/2884 2909/2918/2885 2907/2916/2883
f 2907/2916/2883 2654/2919/2886 2652/2659/2628
f 2908/2920/2887 2911/2921/2888 2909/2918/2885
f 2909/2918/2885 2912/2922/2889 2654/2919/2886
f 2657/2663/2632 2654/2919/2886 2912/2922/2889
f 2911/2921/2888 2914/2923/2890 2912/2922/2889
f 2912/2922/2889 2659/2665/2634 2657/2663/2632
f 2913/2924/2891 2916/2925/2892 2914/2923/2890
f 2914/2923/2890 2661/2667/2636 2659/2665/2634
f 2915/2926/2893 2918/2927/2894 2916/2925/2892
f 2916/2925/2892 2663/2670/2639 2661/2667/2636
f 2917/2928/2895 2920/2929/2896 2918/2927/2894
f 2918/2927/2894 2665/2930/2897 2663/2670/2639
f 2919/2931/2898 2922/2932/2899 2920/2929/2896
f 2920/2929/2896 2923/2933/2900 2665/2930/2897
f 2668/2674/2643 2665/2930/2897 2923/2933/2900
f 2922/2932/2899 2925/2934/2901 2923/2933/2900
f 2923/2933/2900 2670/2676/2645 2668/2674/2643
f 2924/2935/2902 2927/2936/2903 2925/2934/2901
f 2925/2934/2901 2672/2678/2647 2670/2676/2645
f 2926/2937/2904 2929/2938/2905 2927/2936/2903
f 2927/2936/2903 2674/2680/2649 2672/2678/2647
f 2928/2939/2906 2931/2940/2907 2929/2938/2905
f 2929/2938/2905 2676/2683/2652 2674/2680/2649
f 2930/2941/2908 2933/2942/2909 2931/2940/2907
f 2931/2940/2907 2678/2943/2910 2676/2683/2652
f 2932/2944/2911 2935/2945/2912 2933/2942/2909
f 2933/2942/2909 2936/2946/2913 2678/2943/2910
f 2681/2947/2914 2678/2943/2910 2936/2946/2913
f 2935/2945/2912 2937/2948/2915 2936/2946/2913
f 2936/2946/2913 2938/2949/2916 2681/2947/2914
f 2684/2950/2917 2681/2947/2914 2938/2949/2916
f 2937/2948/2915 2940/2951/2918 2938/2949/2916
f 2938/2949/2916 2941/2952/2919 2684/2950/2917
f 2687/2953/2920 2684/2950/2917 2941/2952/2919
f 2940/2951/2918 2943/2954/2921 2941/2952/2919
f 2941/2952/2919 2944/2955/2922 2687/2953/2920
f 2690/2956/2923 2687/2953/2920 2944/2955/2922
f 2943/2954/2921 2946/2957/2924 2944/2955/2922
f 2944/2955/2922 2947/2958/2925 2690/2956/2923
f 2693/2959/2926 2690/2956/2923 2947/2958/2925
f 2946/2957/2924 2949/2960/2927 2947/2958/2925
f 2947/2958/2925 2950/2961/2928 2693/2959/2926
f 2696/2702/2671 2693/2959/2926 2950/2961/2928
f 2949/2960/2927 2701/2708/2677 2950/2961/2928
f 2950/2961/2928 2698/2705/2674 2696/2702/2671
f 2948/2962/2929 2703/2711/2680 2949/2960/2927
f 2948/2962/2929 2945/2963/2930 2951/2964/2931
f 2951/2964/2931 2705/2713/2682 2948/2962/2929
f 2952/2965/2932 2953/2966/2933 2954/2967/2934
f 2954/2967/2934 2708/2716/2685 2952/2965/2932
f 2952/2965/2932 2706/2714/2683 2705/2713/2682
f 2955/2968/2935 2956/2969/2936 2957/2970/2937
f 2957/2970/2937 2711/2719/2688 2955/2968/2935
f 2955/2968/2935 2709/2717/2686 2708/2716/2685
f 2957/2970/2937 2958/2971/2938 2959/2972/2939
f 2959/2972/2939 2713/2721/2690 2957/2970/2937
f 2959/2972/2939 2960/2973/2940 2961/2974/2941
f 2961/2974/2941 2715/2723/2692 2959/2972/2939
f 2961/2974/2941 2962/2975/2942 2963/2976/2943
f 2963/2976/2943 2717/2725/2694 2961/2974/2941
f 2963/2976/2943 2964/2977/2944 2965/2978/2945
f 2965/2978/2945 2719/2727/2696 2963/2976/2943
f 2965/2978/2945 2966/2979/2946 2967/2980/2947
f 2967/2980/2947 2721/2729/2698 2965/2978/2945
f 2967/2980/2947 2968/2981/2948 2969/2982/2949
f 2969/2982/2949 2723/2731/2700 2967/2980/2947
f 2970/2983/2950 2971/2984/2951 2972/2985/2952
f 2972/2985/2952 2726/2734/2703 2970/2983/2950
f 2970/2983/2950 2724/2732/2701 2723/2731/2700
f 2972/2985/2952 2973/2986/2953 2974/2987/2954
f 2974/2987/2954 2728/2736/2705 2972/2985/2952
f 2974/2988/2954 2975/2989/2955 2976/2990/2956
f 2976/2990/2956 2730/2991/2707 2974/2988/2954
f 2976/2990/2956 2977/2992/2957 2978/2993/2958
f 2978/2993/2958 2732/2741/2709 2976/2990/2956
f 2978/2993/2958 2979/2994/2959 2980/2995/2960
f 2980/2995/2960 2734/2744/2711 2978/2993/2958
f 2980/2995/2960 2981/2996/2961 2982/2997/2962
f 2982/2997/2962 2736/2746/2713 2980/2995/2960
f 2982/2997/2962 2983/2998/2963 2984/2999/2964
f 2984/2999/2964 2738/2748/2715 2982/2997/2962
f 2983/2998/2963 2986/3000/2965 2984/2999/2964
f 2986/3000/2965 2740/2750/2717 2984/2999/2964
f 2985/3001/2966 2988/3002/2967 2986/3000/2965
f 2988/3002/2967 2742/2752/2719 2986/3000/2965
f 2987/3003/2968 2990/3004/2969 2988/3002/2967
f 2988/3002/2967 2746/2756/2723 2744/2754/2721
f 2989/3005/2970 2992/3006/2971 2990/3004/2969
f 2990/3004/2969 2748/3007/2972 2746/2756/2723
f 2991/3008/2973 2994/3009/2974 2992/3006/2971
f 2992/3006/2971 2750/2760/2727 2748/3007/2972
f 2993/3010/2975 2996/3011/2976 2994/3009/2974
f 2994/3009/2974 2997/3012/2977 2750/2760/2727
f 2996/3011/2976 2999/3013/2978 2997/3012/2977
f 2999/3013/2978 2753/2763/2730 2997/3012/2977
f 2997/3012/2977 2751/2761/2728 2750/2760/2727
f 2998/3014/2979 3001/3015/2980 2999/3013/2978
f 3001/3015/2980 2755/2765/2732 2999/3013/2978
f 3000/3016/2981 2766/3017/2982 3001/3015/2980
f 2766/3017/2982 2757/2767/2734 3001/3015/2980
f 3002/3018/2983 3003/3019/2984 3004/3020/2985
f 3004/3020/2985 2769/2779/2746 3002/3018/2983
f 3002/3018/2983 2767/2777/2744 2766/3017/2982
f 3005/3021/2986 3006/3022/2987 3007/3023/2988
f 3007/3023/2988 3009/3024/2989 3005/3021/2986
f 3005/3021/2986 2770/2780/2747 2769/2779/2746
f 3008/3025/2990 3011/3026/2991 3009/3024/2989
f 3009/3024/2989 2771/3027/2992 2770/2780/2747
f 3011/3026/2991 3012/3028/2993 2778/3029/2994
f 2778/3029/2994 2771/3027/2992 3011/3026/2991
f 3010/3030/2995 3014/3031/2996 3012/3028/2993
f 3012/3028/2993 2783/2794/2761 2781/2792/2759
f 2781/2792/2759 2778/3029/2994 3012/3028/2993
f 3013/3032/2997 3016/3033/2998 3014/3031/2996
f 3014/3031/2996 2785/2796/2763 2783/2794/2761
f 3015/3034/2999 3018/3035/3000 3016/3033/2998
f 3016/3033/2998 2787/2798/2765 2785/2796/2763
f 3017/3036/3001 3020/3037/3002 3018/3035/3000
f 3018/3035/3000 2789/2800/2767 2787/2798/2765
f 3019/3038/3003 3022/3039/3004 3020/3037/3002
f 3020/3037/3002 2791/2802/2769 2789/2800/2767
f 3021/3040/3005 3024/3041/3006 3022/3039/3004
f 3022/3039/3004 2793/3042/3007 2791/2802/2769
f 3023/3043/3008 3026/3044/3009 3024/3041/3006
f 3024/3041/3006 2795/2805/2772 2793/3042/3007
f 3026/3044/3009 3027/3045/3010 3028/3046/3011
f 3028/3046/3011 2795/2805/2772 3026/3044/3009
f 3028/3046/3011 3029/3047/3012 3030/3048/3013
f 3030/3048/3013 2797/2807/2774 3028/3046/3011
f 3031/3049/3014 3032/3050/3015 3033/3051/3016
f 3033/3051/3016 2800/2810/2777 3031/3049/3014
f 3031/3049/3014 2798/2808/2775 2797/2807/2774
f 3034/3052/3017 3035/3053/3018 3036/3054/3019
f 3036/3054/3019 2803/2813/2780 3034/3052/3017
f 3034/3052/3017 2801/2811/2778 2800/2810/2777
f 3037/3055/3020 3038/3056/3021 3039/3057/3022
f 3039/3057/3022 2806/2816/2783 3037/3055/3020
f 3037/3055/3020 2804/2814/2781 2803/2813/2780
f 3039/3057/3022 3040/3058/3023 3041/3059/3024
f 3041/3059/3024 2808/2818/2785 3039/3057/3022
f 3041/3059/3024 3042/3060/3025 3043/3061/3026
f 3043/3061/3026 2810/2820/2787 3041/3059/3024
f 3043/3061/3026 3044/3062/3027 3045/3063/3028
f 3045/3063/3028 2812/2822/2789 3043/3061/3026
f 3046/3064/3029 35/22/22 3047/3065/3030
f 3047/3065/3030 2815/2825/2792 3046/3064/3029
f 3046/3064/3029 2813/2823/2790 2812/2822/2789
f 3048/3066/3031 3049/3067/3032 3050/3068/3033
f 3050/3068/3033 2818/2828/2795 3048/3066/3031
f 3048/3066/3031 2816/2826/2793 2815/2825/2792
f 3052/3069/3034 3054/3070/3035 3051/3071/3036
f 3051/3071/3036 2819/2829/2796 2818/2828/2795
f 3051/3071/3036 3055/3072/3037 3052/3069/3034
f 3056/3073/3038 3052/3069/3034 3055/3072/3037
f 3050/3068/3033 3058/3074/3039 3055/3072/3037
f 3055/3072/3037 3059/3075/3040 3056/3073/3038
f 3060/3076/3041 3056/3073/3038 3059/3075/3040
f 3058/3074/3039 3063/3077/3042 3059/3075/3040
f 3059/3075/3040 3064/3078/3043 3060/3076/3041
f 3065/3079/3044 3060/3076/3041 3064/3078/3043
f 3063/3077/3042 3068/3080/3045 3064/3078/3043
f 3064/3078/3043 3069/3081/3046 3065/3079/3044
f 3070/3082/3047 3065/3079/3044 3069/3081/3046
f 3068/3080/3045 3073/3083/3048 3069/3081/3046
f 3069/3081/3046 3074/3084/3049 3070/3082/3047
f 3075/3085/3050 3070/3082/3047 3074/3084/3049
f 3073/3083/3048 3078/3086/3051 3074/3084/3049
f 3074/3084/3049 3079/3087/3052 3075/3085/3050
f 3080/3088/3053 3075/3085/3050 3079/3087/3052
f 3078/3086/3051 3083/3089/3054 3079/3087/3052
f 3079/3087/3052 3084/3090/3055 3080/3088/3053
f 3085/3091/3056 3080/3088/3053 3084/3090/3055
f 3083/3089/3054 3088/3092/3057 3084/3090/3055
f 3084/3090/3055 3089/3093/3058 3085/3091/3056
f 3090/3094/3059 3085/3091/3056 3089/3093/3058
f 3089/3093/3058 3092/3095/3060 3093/3096/3061
f 3093/3096/3061 3090/3094/3059 3089/3093/3058
f 3094/3097/3062 3096/3098/3063 3090/3094/3059
f 3094/3097/3062 3097/3099/3064 3098/3100/3065
f 3098/3100/3065 3095/3101/3066 3094/3097/3062
f 3099/3102/3067 3101/3103/3068 3095/3101/3066
f 3099/3102/3067 3102/3104/3069 3103/3105/3070
f 3103/3105/3070 3100/3106/3071 3099/3102/3067
f 3104/3107/3072 3106/3108/3073 3100/3106/3071
f 3104/3107/3072 3107/3109/3074 3108/3110/3075
f 3108/3110/3075 3105/3111/3076 3104/3107/3072
f 3109/3112/3077 3111/3113/3078 3105/3111/3076
f 3109/3112/3077 3112/3114/3079 3113/3115/3080
f 3113/3115/3080 3110/3116/3081 3109/3112/3077
f 3114/3117/3082 3116/3118/3083 3110/3116/3081
f 3114/3117/3082 3117/3119/3084 3118/3120/3085
f 3118/3120/3085 3115/3121/3086 3114/3117/3082
f 3119/3122/3087 3121/3123/3088 3115/3121/3086
f 3119/3122/3087 3122/3124/3089 3123/3125/3090
f 3123/3125/3090 3120/3126/3091 3119/3122/3087
f 3124/3127/3092 3126/3128/3093 3120/3126/3091
f 3124/3127/3092 3127/3129/3094 3128/3130/3095
f 3128/3130/3095 3125/3131/3096 3124/3127/3092
f 3130/3132/3097 3125/3131/3096 3129/3133/3098
f 3129/3133/3098 3132/3134/3099 3133/3135/3100
f 3129/3133/3098 3134/3136/3101 3130/3132/3097
f 3135/3137/3102 3130/3132/3097 3134/3136/3101
f 3134/3136/3101 3137/3138/3103 3138/3139/3104
f 3134/3136/3101 3139/3140/3105 3135/3137/3102
f 3140/3141/3106 3135/3137/3102 3139/3140/3105
f 3138/3139/3104 3143/3142/3107 3139/3140/3105
f 3139/3140/3105 3144/3143/3108 3140/3141/3106
f 3145/3144/3109 3140/3141/3106 3144/3143/3108
f 3143/3142/3107 3148/3145/3110 3144/3143/3108
f 3144/3143/3108 3149/3146/3111 3145/3144/3109
f 3150/3147/3112 3145/3148/3109 3149/3149/3111
f 3148/3145/3110 3153/3150/3113 3149/3146/3111
f 3149/3149/3111 3154/3151/3114 3150/3147/3112
f 2968/2981/2948 3150/3147/3112 3154/3151/3114
f 3153/3152/3113 2971/2984/2951 3154/3151/3114
f 3154/3151/3114 2969/2982/2949 2968/2981/2948
f 3156/3153/3115 3158/3154/3116 3155/3155/3117
f 3155/3155/3117 3151/3156/3118 3150/3147/3112
f 3155/3155/3117 2966/2979/2946 3156/3153/3115
f 3157/3157/3119 3160/3158/3120 3158/3154/3116
f 3158/3154/3116 3161/3159/3121 3151/3156/3118
f 3160/3158/3120 3163/3160/3122 3161/3159/3121
f 3161/3159/3121 3164/3161/3123 3146/3162/3124
f 3146/3162/3124 3151/3156/3118 3161/3159/3121
f 3163/3160/3122 3166/3163/3125 3164/3161/3123
f 3164/3164/3123 3167/3165/3126 3141/3166/3127
f 3141/3166/3127 3146/3167/3124 3164/3164/3123
f 3166/3168/3125 3169/3169/3128 3167/3165/3126
f 3167/3165/3126 3170/3170/3129 3136/3171/3130
f 3136/3171/3130 3141/3166/3127 3167/3165/3126
f 3169/3169/3128 3172/3172/3131 3170/3170/3129
f 3170/3170/3129 3173/3173/3132 3131/3174/3133
f 3131/3174/3133 3136/3171/3130 3170/3170/3129
f 3173/3173/3132 3174/3175/3134 3175/3176/3135
f 3175/3176/3135 3126/3128/3093 3173/3173/3132
f 3126/3128/3093 3131/3174/3133 3173/3173/3132
f 3176/3177/3136 3177/3178/3137 3178/3179/3138
f 3178/3179/3138 3121/3123/3088 3176/3177/3136
f 3176/3177/3136 3120/3126/3091 3126/3128/3093
f 3179/3180/3139 3180/3181/3140 3181/3182/3141
f 3181/3182/3141 3116/3118/3083 3179/3180/3139
f 3179/3180/3139 3115/3121/3086 3121/3123/3088
f 3182/3183/3142 3183/3184/3143 3184/3185/3144
f 3184/3185/3144 3111/3113/3078 3182/3183/3142
f 3182/3183/3142 3110/3116/3081 3116/3118/3083
f 3185/3186/3145 3186/3187/3146 3187/3188/3147
f 3187/3188/3147 3106/3108/3073 3185/3186/3145
f 3185/3186/3145 3105/3111/3076 3111/3113/3078
f 3188/3189/3148 3189/3190/3149 3190/3191/3150
f 3190/3191/3150 3101/3103/3068 3188/3189/3148
f 3188/3189/3148 3100/3106/3071 3106/3108/3073
f 3190/3191/3150 3193/3192/3151 3191/3193/3152
f 3191/3193/3152 3194/3194/3153 3096/3098/3063
f 3191/3193/3152 3095/3101/3066 3101/3103/3068
f 3193/3192/3151 3196/3195/3154 3194/3194/3153
f 3194/3194/3153 3197/3196/3155 3091/3197/3156
f 3091/3197/3156 3096/3098/3063 3194/3194/3153
f 3196/3195/3154 3199/3198/3157 3197/3196/3155
f 3197/3196/3155 3200/3199/3158 3086/3200/3159
f 3086/3200/3159 3091/3197/3156 3197/3196/3155
f 3199/3198/3157 3202/3201/3160 3200/3199/3158
f 3200/3199/3158 3203/3202/3161 3081/3203/3162
f 3081/3203/3162 3086/3200/3159 3200/3199/3158
f 3202/3201/3160 3205/3204/3163 3203/3202/3161
f 3203/3202/3161 3206/3205/3164 3076/3206/3165
f 3076/3206/3165 3081/3203/3162 3203/3202/3161
f 3205/3204/3163 3208/3207/3166 3206/3205/3164
f 3206/3205/3164 3209/3208/3167 3071/3209/3168
f 3071/3209/3168 3076/3206/3165 3206/3205/3164
f 3208/3207/3166 3211/3210/3169 3209/3208/3167
f 3209/3208/3167 3212/3211/3170 3066/3212/3171
f 3066/3212/3171 3071/3209/3168 3209/3208/3167
f 3211/3210/3169 3214/3213/3172 3212/3211/3170
f 3212/3211/3170 3215/3214/3173 3061/3215/3174
f 3061/3215/3174 3066/3212/3171 3212/3211/3170
f 3214/3213/3172 3217/3216/3175 3215/3214/3173
f 3215/3214/3173 3218/3217/3176 3057/3218/3177
f 3057/3218/3177 3061/3215/3174 3215/3214/3173
f 3218/3217/3176 3219/3219/3178 3220/3220/3179
f 3218/3217/3176 3221/3221/3180 3053/3222/3181
f 3053/3222/3181 3057/3218/3177 3218/3217/3176
f 3221/3221/3180 3222/3223/3182 3223/3224/3183
f 3221/3221/3180 3224/3225/3184 3225/3226/3185
f 3225/3226/3185 3053/3222/3181 3221/3221/3180
f 2820/2831/2798 3054/3070/3035 3225/3226/3185
f 3225/3226/3185 2822/2833/2800 2820/2831/2798
f 3223/3224/3183 3227/3227/3186 3224/3225/3184
f 3224/3225/3184 2824/2835/2802 2822/2833/2800
f 3226/3228/3187 3229/3229/3188 3227/3227/3186
f 3227/3227/3186 2826/2838/2805 2824/2835/2802
f 3228/3230/3189 3231/3231/3190 3229/3229/3188
f 3229/3229/3188 2828/3232/3191 2826/2838/2805
f 3230/3233/3192 3233/3234/3193 3231/3231/3190
f 3231/3231/3190 3234/3235/3194 2828/3232/3191
f 2831/3236/3195 2828/3232/3191 3234/3235/3194
f 3233/3234/3193 3236/3237/3196 3234/3235/3194
f 3234/3235/3194 3237/3238/3197 2831/3236/3195
f 2834/2843/2810 2831/3236/3195 3237/3238/3197
f 3237/3238/3197 3238/3239/3198 3239/3240/3199
f 3239/3240/3199 2834/2843/2810 3237/3238/3197
f 3240/3241/3200 2835/2844/2811 2834/2843/2810
f 3240/3241/3200 3241/3242/3201 3242/3243/3202
f 3242/3243/3202 2837/2846/2813 3240/3241/3200
f 3243/3244/3203 2838/2847/2814 2837/2846/2813
f 3243/3244/3203 3244/3245/3204 3245/3246/3205
f 3245/3246/3205 2840/2849/2816 3243/3244/3203
f 3246/3247/3206 2841/2850/2817 2840/2849/2816
f 3246/3247/3206 3247/3248/3207 3248/3249/3208
f 3248/3249/3208 2843/2852/2819 3246/3247/3206
f 3248/3249/3208 3249/3250/3209 3250/3251/3210
f 3250/3251/3210 2845/2854/2821 3248/3249/3208
f 3251/3252/3211 2846/2855/2822 2845/2854/2821
f 3251/3252/3211 3252/3253/3212 3253/3254/3213
f 3253/3254/3213 2848/2857/2824 3251/3252/3211
f 3254/3255/3214 2849/2858/2825 2848/2857/2824
f 3254/3255/3214 3255/3256/3215 3256/3257/3216
f 3256/3257/3216 2851/2860/2827 3254/3255/3214
f 3256/3257/3216 3257/3258/3217 3258/3259/3218
f 3258/3259/3218 2853/2862/2829 3256/3257/3216
f 3258/3259/3218 3259/3260/3219 3260/3261/3220
f 3260/3261/3220 2855/2864/2831 3258/3259/3218
f 3260/3261/3220 3261/3262/3221 3262/3263/3222
f 3262/3263/3222 2857/2866/2833 3260/3261/3220
f 3262/3263/3222 3263/3264/3223 3264/3265/3224
f 3264/3265/3224 2859/2868/2835 3262/3263/3222
f 3264/3265/3224 3265/3266/3225 3266/3267/3226
f 3266/3267/3226 2861/2870/2837 3264/3265/3224
f 3266/3267/3226 3267/3268/3227 3268/3269/3228
f 3268/3269/3228 2863/2872/2839 3266/3267/3226
f 3268/3269/3228 3269/3270/3229 3270/3271/3230
f 3270/3271/3230 2865/2874/2841 3268/3269/3228
f 3270/3271/3230 3271/3272/3231 3272/3273/3232
f 3272/3273/3232 2867/2876/2843 3270/3271/3230
f 3272/3273/3232 3273/3274/3233 3274/3275/3234
f 3274/3275/3234 2869/2878/2845 3272/3273/3232
f 3274/3275/3234 3275/3276/3235 3276/3277/3236
f 3276/3277/3236 2871/2880/2847 3274/3275/3234
f 3275/3276/3235 3278/3278/3237 3276/3277/3236
f 3276/3277/3236 2875/2885/2852 2873/2882/2849
f 3277/3279/3238 3280/3280/3239 3278/3278/3237
f 3278/3278/3237 2877/2887/2854 2875/2885/2852
f 3279/3281/3240 3282/3282/3241 3280/3280/3239
f 3280/3280/3239 2879/2889/2856 2877/2887/2854
f 3281/3283/3242 3284/3284/3243 3282/3282/3241
f 3282/3282/3241 2881/2891/2858 2879/2889/2856
f 3283/3285/3244 3286/3286/3245 3284/3284/3243
f 3284/3284/3243 2883/2893/2860 2881/2891/2858
f 3285/3287/3246 3288/3288/3247 3286/3286/3245
f 3286/3286/3245 2885/2896/2863 2883/2893/2860
f 3287/3289/3248 3290/3290/3249 3288/3288/3247
f 3288/3288/3247 2887/2898/2865 2885/2896/2863
f 3289/3291/3250 3292/3292/3251 3290/3290/3249
f 3290/3290/3249 2889/2900/2867 2887/2898/2865
f 3291/3293/3252 3294/3294/3253 3292/3292/3251
f 3292/3292/3251 2891/2902/2869 2889/2900/2867
f 3293/3295/3254 3296/3296/3255 3294/3294/3253
f 3294/3294/3253 2893/2904/2871 2891/2902/2869
f 3295/3297/3256 3298/3298/3257 3296/3296/3255
f 3296/3296/3255 2895/2906/2873 2893/2904/2871
f 3297/3299/3258 3300/3300/3259 3298/3298/3257
f 3298/3298/3257 2897/2908/2875 2895/2906/2873
f 3299/3301/3260 3302/3302/3261 3300/3300/3259
f 3300/3300/3259 2899/2910/2877 2897/2908/2875
f 3301/3303/3262 3304/3304/3263 3302/3302/3261
f 3302/3302/3261 2901/2913/2880 2899/2910/2877
f 3303/3305/3264 3306/3306/3265 3304/3304/3263
f 3304/3304/3263 2903/3307/3266 2901/2913/2880
f 3305/3308/3267 3308/3309/3268 3306/3306/3265
f 3306/3306/3265 3309/3310/3269 2903/3307/3266
f 2906/2917/2884 2903/3307/3266 3309/3310/3269
f 3308/3309/3268 3311/3311/3270 3309/3310/3269
f 3309/3310/3269 2908/2920/2887 2906/2917/2884
f 3310/3312/3271 3313/3313/3272 3311/3311/3270
f 3311/3311/3270 2910/3314/3273 2908/2920/2887
f 3312/3315/3274 3315/3316/3275 3313/3313/3272
f 3313/3313/3272 3316/3317/3276 2910/3314/3273
f 2913/2924/2891 2910/3314/3273 3316/3317/3276
f 3315/3316/3275 3318/3318/3277 3316/3317/3276
f 3316/3317/3276 2915/2926/2893 2913/2924/2891
f 3317/3319/3278 3320/3320/3279 3318/3318/3277
f 3318/3318/3277 2917/2928/2895 2915/2926/2893
f 3319/3321/3280 3322/3322/3281 3320/3320/3279
f 3320/3320/3279 2919/2931/2898 2917/2928/2895
f 3321/3323/3282 3324/3324/3283 3322/3322/3281
f 3322/3322/3281 2921/3325/3284 2919/2931/2898
f 3323/3326/3285 3326/3327/3286 3324/3324/3283
f 3324/3324/3283 3327/3328/3287 2921/3325/3284
f 2924/2935/2902 2921/3325/3284 3327/3328/3287
f 3326/3327/3286 3329/3329/3288 3327/3328/3287
f 3327/3328/3287 2926/2937/2904 2924/2935/2902
f 3328/3330/3289 3331/3331/3290 3329/3329/3288
f 3329/3329/3288 2928/2939/2906 2926/2937/2904
f 3330/3332/3291 3333/3333/3292 3331/3331/3290
f 3331/3331/3290 2930/2941/2908 2928/2939/2906
f 3332/3334/3293 3335/3335/3294 3333/3333/3292
f 3333/3333/3292 2932/2944/2911 2930/2941/2908
f 3334/3336/3295 3337/3337/3296 3335/3335/3294
f 3335/3335/3294 2934/3338/3297 2932/2944/2911
f 3336/3339/3298 26/3340/3299 3337/3337/3296
f 3337/3337/3296 25/12/12 2934/3338/3297
f 3338/3341/3300 3339/3342/3301 3340/3343/3302
f 3338/3341/3300 3341/3344/3303 3342/3345/3304
f 3342/3345/3304 26/3340/3299 3338/3341/3300
f 3342/3345/3304 3343/3346/3305 3344/3347/3306
f 3344/3347/3306 22/13/13 3342/3345/3304
f 3344/3347/3306 3345/3348/3307 3346/3349/3308
f 3346/3349/3308 23/11/11 3344/3347/3306
f 3347/3350/3309 3348/3351/3310 3349/3352/3311
f 3349/3352/3311 3351/3353/3312 3347/3350/3309
f 3347/3350/3309 20/9/9 23/11/11
f 3350/3354/3313 3352/3355/3314 3351/3353/3312
f 3351/3353/3312 21/3356/3315 20/9/9
f 3159/3357/3316 3353/3358/3317 3352/3355/3314
f 3352/3355/3314 3354/3359/3318 21/3356/3315
f 3355/3360/3319 21/3356/3315 3354/3359/3318
f 3353/3358/3317 3357/3361/3320 3354/3359/3318
f 3354/3359/3318 3358/3362/3321 3355/3360/3319
f 3359/3363/3322 3355/3360/3319 3358/3362/3321
f 3357/3361/3320 2960/2973/2940 3358/3362/3321
f 3358/3362/3321 2958/2971/2938 3359/3363/3322
f 3361/3364/3323 18/7/7 3360/3365/3324
f 3360/3365/3324 17/10/10 3355/3360/3319
f 3360/3365/3324 3363/3366/3325 3361/3364/3323
f 2953/2966/2933 3361/3364/3323 3363/3366/3325
f 3359/3363/3322 2956/2969/2936 3363/3366/3325
f 3363/3366/3325 2954/2967/2934 2953/2966/2933
f 2945/2963/2930 2942/3367/3326 3364/3368/3327
f 3364/3368/3327 3362/3369/3328 3361/3364/3323
f 3364/3368/3327 2951/2964/2931 2945/2963/2930
f 2942/3367/3326 2939/3370/3329 3362/3369/3328
f 3362/3369/3328 19/8/8 18/7/7
f 3356/3371/3330 2962/2975/2942 3357/3361/3320
f 3356/3371/3330 3157/3157/3119 3156/3153/3115
f 3156/3153/3115 2964/2977/2944 3356/3371/3330
f 3350/3354/3313 3365/3372/3331 3162/3373/3332
f 3162/3373/3332 3159/3357/3316 3350/3354/3313
f 3349/3352/3311 3366/3374/3333 3365/3372/3331
f 3365/3372/3331 3367/3375/3334 3165/3376/3335
f 3165/3376/3335 3162/3373/3332 3365/3372/3331
f 3366/3374/3333 3369/3377/3336 3367/3375/3334
f 3367/3375/3334 3370/3378/3337 3168/3379/3338
f 3168/3379/3338 3165/3376/3335 3367/3375/3334
f 3370/3378/3337 3371/3380/3339 3372/3381/3340
f 3372/3382/3340 3171/3383/3341 3370/3384/3337
f 3171/3383/3341 3168/3385/3338 3370/3384/3337
f 3373/3386/3342 3374/3387/3343 3375/3388/3344
f 3375/3388/3344 3174/3175/3134 3373/3386/3342
f 3373/3386/3342 3172/3172/3131 3171/3383/3341
f 3376/3389/3345 3377/3390/3346 3378/3391/3347
f 3378/3391/3347 3177/3178/3137 3376/3389/3345
f 3376/3389/3345 3175/3176/3135 3174/3175/3134
f 3379/3392/3348 3380/3393/3349 3381/3394/3350
f 3381/3394/3350 3180/3181/3140 3379/3392/3348
f 3379/3392/3348 3178/3179/3138 3177/3178/3137
f 3382/3395/3351 3383/3396/3352 3384/3397/3353
f 3384/3397/3353 3183/3184/3143 3382/3395/3351
f 3382/3395/3351 3181/3182/3141 3180/3181/3140
f 3385/3398/3354 3386/3399/3355 3387/3400/3356
f 3387/3400/3356 3186/3187/3146 3385/3398/3354
f 3385/3398/3354 3184/3185/3144 3183/3184/3143
f 3387/3400/3356 3390/3401/3357 3388/3402/3358
f 3388/3402/3358 3391/3403/3359 3189/3190/3149
f 3388/3402/3358 3187/3188/3147 3186/3187/3146
f 3390/3401/3357 3393/3404/3360 3391/3403/3359
f 3391/3403/3359 3394/3405/3361 3192/3406/3362
f 3192/3406/3362 3189/3190/3149 3391/3403/3359
f 3393/3404/3360 3396/3407/3363 3394/3405/3361
f 3394/3405/3361 3397/3408/3364 3195/3409/3365
f 3195/3409/3365 3192/3406/3362 3394/3405/3361
f 3396/3407/3363 3399/3410/3366 3397/3408/3364
f 3397/3408/3364 3400/3411/3367 3198/3412/3368
f 3198/3412/3368 3195/3409/3365 3397/3408/3364
f 3399/3410/3366 3402/3413/3369 3400/3411/3367
f 3400/3411/3367 3403/3414/3370 3201/3415/3371
f 3201/3415/3371 3198/3412/3368 3400/3411/3367
f 3402/3413/3369 3405/3416/3372 3403/3414/3370
f 3403/3414/3370 3406/3417/3373 3204/3418/3374
f 3204/3418/3374 3201/3415/3371 3403/3414/3370
f 3405/3416/3372 3408/3419/3375 3406/3417/3373
f 3406/3417/3373 3409/3420/3376 3207/3421/3377
f 3207/3421/3377 3204/3418/3374 3406/3417/3373
f 3408/3419/3375 3411/3422/3378 3409/3420/3376
f 3409/3420/3376 3412/3423/3379 3210/3424/3380
f 3210/3424/3380 3207/3421/3377 3409/3420/3376
f 3411/3422/3378 3414/3425/3381 3412/3423/3379
f 3412/3423/3379 3415/3426/3382 3213/3427/3383
f 3213/3427/3383 3210/3424/3380 3412/3423/3379
f 3414/3425/3381 3417/3428/3384 3415/3426/3382
f 3415/3426/3382 3418/3429/3385 3216/3430/3386
f 3216/3430/3386 3213/3427/3383 3415/3426/3382
f 3418/3429/3385 3419/3431/3387 3420/3432/3388
f 3420/3432/3388 3219/3219/3178 3418/3429/3385
f 3418/3429/3385 3217/3216/3175 3216/3430/3386
f 3421/3433/3389 3422/3434/3390 3423/3435/3391
f 3423/3435/3391 3222/3223/3182 3421/3433/3389
f 3421/3433/3389 3220/3220/3179 3219/3219/3178
f 3424/3436/3392 3425/3437/3393 3426/3438/3394
f 3426/3438/3394 3226/3228/3187 3424/3436/3392
f 3424/3436/3392 3223/3224/3183 3222/3223/3182
f 3426/3438/3394 3427/3439/3395 3428/3440/3396
f 3426/3438/3394 3230/3233/3192 3228/3230/3189
f 3428/3440/3396 3429/3441/3397 3430/3442/3398
f 3430/3442/3398 3230/3233/3192 3428/3440/3396
f 3430/3442/3398 3431/3443/3399 3432/3444/3400
f 3432/3444/3400 3232/3445/3401 3430/3442/3398
f 3433/3446/3402 3434/3447/3403 3435/3448/3404
f 3435/3448/3404 3235/3449/3405 3433/3446/3402
f 3235/3449/3405 3232/3445/3401 3433/3446/3402
f 3436/3450/3406 3236/3237/3196 3235/3449/3405
f 3436/3450/3406 3437/3451/3407 3438/3452/3408
f 3438/3452/3408 3238/3239/3198 3436/3450/3406
f 3439/3453/3409 3239/3240/3199 3238/3239/3198
f 3439/3453/3409 3440/3454/3410 3441/3455/3411
f 3441/3455/3411 3241/3242/3201 3439/3453/3409
f 3442/3456/3412 3242/3243/3202 3241/3242/3201
f 3442/3456/3412 3443/3457/3413 3444/3458/3414
f 3444/3458/3414 3244/3245/3204 3442/3456/3412
f 3445/3459/3415 3245/3246/3205 3244/3245/3204
f 3445/3459/3415 3446/3460/3416 3447/3461/3417
f 3447/3461/3417 3247/3248/3207 3445/3459/3415
f 3447/3461/3417 3448/3462/3418 3449/3463/3419
f 3449/3463/3419 3249/3250/3209 3447/3461/3417
f 3450/3464/3420 3250/3251/3210 3249/3250/3209
f 3450/3464/3420 3451/3465/3421 3452/3466/3422
f 3452/3466/3422 3252/3253/3212 3450/3464/3420
f 3453/3467/3423 3253/3254/3213 3252/3253/3212
f 3453/3467/3423 3454/3468/3424 3455/3469/3425
f 3455/3469/3425 3255/3256/3215 3453/3467/3423
f 3455/3469/3425 3456/3470/3426 3457/3471/3427
f 3457/3471/3427 3257/3258/3217 3455/3469/3425
f 3457/3471/3427 3458/3472/3428 3459/3473/3429
f 3459/3473/3429 3259/3260/3219 3457/3471/3427
f 3459/3473/3429 3460/3474/3430 3461/3475/3431
f 3461/3475/3431 3261/3262/3221 3459/3473/3429
f 3461/3475/3431 3462/3476/3432 3463/3477/3433
f 3463/3477/3433 3263/3264/3223 3461/3475/3431
f 3463/3477/3433 3464/3478/3434 3465/3479/3435
f 3465/3479/3435 3265/3266/3225 3463/3477/3433
f 3465/3479/3435 3466/3480/3436 3467/3481/3437
f 3467/3481/3437 3267/3268/3227 3465/3479/3435
f 3467/3481/3437 3468/3482/3438 3469/3483/3439
f 3469/3483/3439 3269/3270/3229 3467/3481/3437
f 3469/3483/3439 3470/3484/3440 3471/3485/3441
f 3471/3485/3441 3271/3272/3231 3469/3483/3439
f 3471/3485/3441 3472/3486/3442 3473/3487/3443
f 3473/3487/3443 3273/3274/3233 3471/3485/3441
f 3472/3486/3442 3475/3488/3444 3473/3487/3443
f 3473/3487/3443 3277/3279/3238 3275/3276/3235
f 3474/3489/3445 3477/3490/3446 3475/3488/3444
f 3475/3488/3444 3279/3281/3240 3277/3279/3238
f 3476/3491/3447 3479/3492/3448 3477/3490/3446
f 3477/3490/3446 3281/3283/3242 3279/3281/3240
f 3478/3493/3449 3481/3494/3450 3479/3492/3448
f 3479/3492/3448 3283/3285/3244 3281/3283/3242
f 3480/3495/3451 3483/3496/3452 3481/3494/3450
f 3481/3494/3450 3285/3287/3246 3283/3285/3244
f 3482/3497/3453 3485/3498/3454 3483/3496/3452
f 3483/3496/3452 3287/3289/3248 3285/3287/3246
f 3484/3499/3455 3487/3500/3456 3485/3498/3454
f 3485/3498/3454 3289/3291/3250 3287/3289/3248
f 3486/3501/3457 3489/3502/3458 3487/3500/3456
f 3487/3500/3456 3291/3293/3252 3289/3291/3250
f 3488/3503/3459 3491/3504/3460 3489/3502/3458
f 3489/3502/3458 3293/3295/3254 3291/3293/3252
f 3490/3505/3461 3493/3506/3462 3491/3504/3460
f 3491/3504/3460 3295/3297/3256 3293/3295/3254
f 3492/3507/3463 3495/3508/3464 3493/3506/3462
f 3493/3506/3462 3297/3299/3258 3295/3297/3256
f 3494/3509/3465 3497/3510/3466 3495/3508/3464
f 3495/3508/3464 3299/3301/3260 3297/3299/3258
f 3496/3511/3467 3499/3512/3468 3497/3510/3466
f 3497/3510/3466 3301/3303/3262 3299/3301/3260
f 3498/3513/3469 3501/3514/3470 3499/3512/3468
f 3499/3512/3468 3303/3305/3264 3301/3303/3262
f 3500/3515/3471 3503/3516/3472 3501/3514/3470
f 3501/3514/3470 3305/3308/3267 3303/3305/3264
f 3502/3517/3473 3505/3518/3474 3503/3516/3472
f 3503/3516/3472 3307/3519/3475 3305/3308/3267
f 3504/3520/3476 3507/3521/3477 3505/3518/3474
f 3505/3518/3474 3508/3522/3478 3307/3519/3475
f 3310/3312/3271 3307/3519/3475 3508/3522/3478
f 3507/3521/3477 3510/3523/3479 3508/3522/3478
f 3508/3522/3478 3312/3315/3274 3310/3312/3271
f 3509/3524/3480 3512/3525/3481 3510/3523/3479
f 3510/3523/3479 3314/3526/3482 3312/3315/3274
f 3511/3527/3483 3514/3528/3484 3512/3525/3481
f 3512/3525/3481 3515/3529/3485 3314/3526/3482
f 3317/3319/3278 3314/3526/3482 3515/3529/3485
f 3514/3528/3484 3517/3530/3486 3515/3529/3485
f 3515/3529/3485 3319/3321/3280 3317/3319/3278
f 3516/3531/3487 3519/3532/3488 3517/3530/3486
f 3517/3530/3486 3321/3323/3282 3319/3321/3280
f 3518/3533/3489 3521/3534/3490 3519/3532/3488
f 3519/3532/3488 3323/3326/3285 3321/3323/3282
f 3520/3535/3491 3523/3536/3492 3521/3534/3490
f 3521/3534/3490 3325/3537/3493 3323/3326/3285
f 3522/3538/3494 3525/3539/3495 3523/3536/3492
f 3523/3536/3492 3526/3540/3496 3325/3537/3493
f 3328/3330/3289 3325/3537/3493 3526/3540/3496
f 3525/3539/3495 3528/3541/3497 3526/3540/3496
f 3526/3540/3496 3330/3332/3291 3328/3330/3289
f 3527/3542/3498 3530/3543/3499 3528/3541/3497
f 3528/3541/3497 3332/3334/3293 3330/3332/3291
f 3529/3544/3500 3532/3545/3501 3530/3543/3499
f 3530/3543/3499 3334/3336/3295 3332/3334/3293
f 3531/3546/3502 3339/3342/3301 3532/3545/3501
f 3532/3545/3501 3336/3339/3298 3334/3336/3295
f 3533/3547/3503 3534/3548/3504 3535/3549/3505
f 3535/3549/3505 3537/3550/3506 3533/3547/3503
f 3533/3547/3503 3340/3343/3302 3339/3342/3301
f 3536/3551/3507 3539/3552/3508 3537/3550/3506
f 3539/3552/3508 3340/3343/3302 3537/3550/3506
f 3538/3553/3509 3541/3554/3510 3539/3552/3508
f 3541/3554/3510 3341/3344/3303 3539/3552/3508
f 3540/3555/3511 3543/3556/3512 3541/3554/3510
f 3541/3554/3510 3345/3348/3307 3343/3346/3305
f 3542/3557/3513 3545/3558/3514 3543/3556/3512
f 3543/3556/3512 3546/3559/3515 3345/3348/3307
f 3546/3559/3515 3547/3560/3516 3368/3561/3517
f 3368/3561/3517 3348/3351/3310 3546/3559/3515
f 3546/3559/3515 3346/3349/3308 3345/3348/3307
f 3547/3560/3516 3544/3562/3518 3548/3563/3519
f 3548/3563/3519 3371/3380/3339 3547/3560/3516
f 3547/3560/3516 3369/3377/3336 3368/3561/3517
f 3549/3564/3520 3550/3565/3521 3551/3566/3522
f 3551/3566/3522 3374/3567/3343 3549/3564/3520
f 3549/3564/3520 3372/3381/3340 3371/3380/3339
f 3552/3568/3523 3553/3569/3524 3554/3570/3525
f 3554/3571/3525 3377/3390/3346 3552/3572/3523
f 3552/3572/3523 3375/3388/3344 3374/3387/3343
f 3555/3573/3526 3556/3574/3527 3557/3575/3528
f 3557/3575/3528 3380/3393/3349 3555/3573/3526
f 3555/3573/3526 3378/3391/3347 3377/3390/3346
f 3558/3576/3529 3559/3577/3530 3560/3578/3531
f 3560/3578/3531 3383/3396/3352 3558/3576/3529
f 3558/3576/3529 3381/3394/3350 3380/3393/3349
f 3561/3579/3532 3562/3580/3533 3563/3581/3534
f 3561/3579/3532 3564/3582/3535 3386/3399/3355
f 3561/3579/3532 3384/3397/3353 3383/3396/3352
f 3563/3581/3534 3566/3583/3536 3564/3582/3535
f 3564/3582/3535 3567/3584/3537 3389/3585/3538
f 3389/3585/3538 3386/3399/3355 3564/3582/3535
f 3566/3583/3536 3569/3586/3539 3567/3584/3537
f 3567/3584/3537 3570/3587/3540 3392/3588/3541
f 3392/3588/3541 3389/3585/3538 3567/3584/3537
f 3569/3586/3539 3572/3589/3542 3570/3587/3540
f 3570/3587/3540 3573/3590/3543 3395/3591/3544
f 3395/3591/3544 3392/3588/3541 3570/3587/3540
f 3572/3589/3542 3575/3592/3545 3573/3590/3543
f 3573/3590/3543 3576/3593/3546 3398/3594/3547
f 3398/3594/3547 3395/3591/3544 3573/3590/3543
f 3575/3592/3545 3578/3595/3548 3576/3593/3546
f 3576/3593/3546 3579/3596/3549 3401/3597/3550
f 3401/3597/3550 3398/3594/3547 3576/3593/3546
f 3578/3595/3548 3581/3598/3551 3579/3596/3549
f 3579/3596/3549 3582/3599/3552 3404/3600/3553
f 3404/3600/3553 3401/3597/3550 3579/3596/3549
f 3581/3598/3551 3584/3601/3554 3582/3599/3552
f 3582/3599/3552 3585/3602/3555 3407/3603/3556
f 3407/3603/3556 3404/3600/3553 3582/3599/3552
f 3584/3601/3554 3587/3604/3557 3585/3602/3555
f 3585/3602/3555 3588/3605/3558 3410/3606/3559
f 3410/3606/3559 3407/3603/3556 3585/3602/3555
f 3587/3604/3557 3590/3607/3560 3588/3605/3558
f 3588/3605/3558 3591/3608/3561 3413/3609/3562
f 3413/3609/3562 3410/3606/3559 3588/3605/3558
f 3590/3607/3560 3593/3610/3563 3591/3608/3561
f 3591/3608/3561 3594/3611/3564 3416/3612/3565
f 3416/3612/3565 3413/3609/3562 3591/3608/3561
f 3594/3611/3564 3595/3613/3566 3596/3614/3567
f 3596/3614/3567 3419/3431/3387 3594/3611/3564
f 3594/3611/3564 3417/3428/3384 3416/3612/3565
f 3597/3615/3568 3598/3616/3569 3599/3617/3570
f 3599/3617/3570 3422/3434/3390 3597/3615/3568
f 3597/3615/3568 3420/3432/3388 3419/3431/3387
f 3600/3618/3571 3601/3619/3572 3602/3620/3573
f 3602/3620/3573 3425/3437/3393 3600/3618/3571
f 3600/3618/3571 3423/3435/3391 3422/3434/3390
f 3602/3620/3573 3603/3621/3574 3604/3622/3575
f 3604/3622/3575 3427/3439/3395 3602/3620/3573
f 3604/3622/3575 3605/3623/3576 3606/3624/3577
f 3606/3624/3577 3429/3441/3397 3604/3622/3575
f 3606/3624/3577 3607/3625/3578 3608/3626/3579
f 3608/3626/3579 3431/3443/3399 3606/3624/3577
f 3609/3627/3580 3610/3628/3581 3611/3629/3582
f 3611/3629/3582 3434/3447/3403 3609/3627/3580
f 3609/3627/3580 3432/3444/3400 3431/3443/3399
f 3612/3630/3583 3613/3631/3584 3614/3632/3585
f 3614/3632/3585 3437/3451/3407 3612/3630/3583
f 3612/3630/3583 3435/3448/3404 3434/3447/3403
f 3615/3633/3586 3438/3452/3408 3437/3451/3407
f 3615/3633/3586 3616/3634/3587 3617/3635/3588
f 3617/3635/3588 3440/3454/3410 3615/3633/3586
f 3618/3636/3589 3441/3455/3411 3440/3454/3410
f 3618/3636/3589 3619/3637/3590 3620/3638/3591
f 3620/3638/3591 3443/3457/3413 3618/3636/3589
f 3621/3639/3592 3444/3458/3414 3443/3457/3413
f 3621/3639/3592 3622/3640/3593 3623/3641/3594
f 3623/3641/3594 3446/3460/3416 3621/3639/3592
f 3623/3641/3594 3624/3642/3595 3625/3643/3596
f 3625/3643/3596 3448/3462/3418 3623/3641/3594
f 3626/3644/3597 3449/3463/3419 3448/3462/3418
f 3626/3644/3597 3627/3645/3598 3628/3646/3599
f 3628/3646/3599 3451/3465/3421 3626/3644/3597
f 3629/3647/3600 3452/3466/3422 3451/3465/3421
f 3629/3647/3600 3630/3648/3601 3631/3649/3602
f 3631/3649/3602 3454/3468/3424 3629/3647/3600
f 3631/3649/3602 3632/3650/3603 3633/3651/3604
f 3633/3651/3604 3456/3470/3426 3631/3649/3602
f 3633/3651/3604 3634/3652/3605 3635/3653/3606
f 3635/3653/3606 3458/3472/3428 3633/3651/3604
f 3635/3653/3606 3636/3654/3607 3637/3655/3608
f 3637/3655/3608 3460/3474/3430 3635/3653/3606
f 3637/3655/3608 3638/3656/3609 3639/3657/3610
f 3639/3657/3610 3462/3476/3432 3637/3655/3608
f 3639/3657/3610 3640/3658/3611 3641/3659/3612
f 3641/3659/3612 3464/3478/3434 3639/3657/3610
f 3641/3659/3612 3642/3660/3613 3643/3661/3614
f 3643/3661/3614 3466/3480/3436 3641/3659/3612
f 3643/3661/3614 3644/3662/3615 3645/3663/3616
f 3645/3663/3616 3468/3482/3438 3643/3661/3614
f 3645/3663/3616 3646/3664/3617 3647/3665/3618
f 3647/3665/3618 3470/3484/3440 3645/3663/3616
f 3647/3665/3618 3648/3666/3619 3649/3667/3620
f 3647/3665/3618 3474/3489/3445 3472/3486/3442
f 3648/3666/3619 3651/3668/3621 3649/3667/3620
f 3649/3667/3620 3476/3491/3447 3474/3489/3445
f 3650/3669/3610 3653/3670/3622 3651/3668/3621
f 3651/3668/3621 3478/3493/3449 3476/3491/3447
f 3652/3671/3623 3655/3672/3624 3653/3670/3622
f 3653/3670/3622 3480/3495/3451 3478/3493/3449
f 3654/3673/3625 3657/3674/3626 3655/3672/3624
f 3655/3672/3624 3482/3497/3453 3480/3495/3451
f 3656/3675/3627 3659/3676/3628 3657/3674/3626
f 3657/3674/3626 3484/3499/3455 3482/3497/3453
f 3658/3677/3629 3661/3678/3630 3659/3676/3628
f 3659/3676/3628 3486/3501/3457 3484/3499/3455
f 3660/3679/3631 3663/3680/3632 3661/3678/3630
f 3661/3678/3630 3488/3503/3459 3486/3501/3457
f 3662/3681/3633 3665/3682/3634 3663/3680/3632
f 3663/3680/3632 3490/3505/3461 3488/3503/3459
f 3664/3683/3635 3667/3684/3636 3665/3682/3634
f 3665/3682/3634 3492/3507/3463 3490/3505/3461
f 3666/3685/3637 3669/3686/3638 3667/3684/3636
f 3667/3684/3636 3494/3509/3465 3492/3507/3463
f 3668/3687/3639 3671/3688/3640 3669/3686/3638
f 3669/3686/3638 3496/3511/3467 3494/3509/3465
f 3670/3689/3641 3673/3690/3642 3671/3688/3640
f 3671/3688/3640 3498/3513/3469 3496/3511/3467
f 3672/3691/3643 3675/3692/3644 3673/3690/3642
f 3673/3690/3642 3500/3515/3471 3498/3513/3469
f 3674/3693/3645 3677/3694/3646 3675/3692/3644
f 3675/3692/3644 3502/3517/3473 3500/3515/3471
f 3676/3695/3647 3679/3696/3648 3677/3694/3646
f 3677/3694/3646 3504/3520/3476 3502/3517/3473
f 3678/3697/3649 3681/3698/3650 3679/3696/3648
f 3679/3696/3648 3506/3699/3651 3504/3520/3476
f 3680/3700/3652 3683/3701/3653 3681/3698/3650
f 3681/3698/3650 3684/3702/3654 3506/3699/3651
f 3509/3524/3480 3506/3699/3651 3684/3702/3654
f 3683/3701/3653 3686/3703/3655 3684/3702/3654
f 3684/3702/3654 3511/3527/3483 3509/3524/3480
f 3685/3704/3656 3688/3705/3657 3686/3703/3655
f 3686/3703/3655 3513/3706/3658 3511/3527/3483
f 3687/3707/3659 3690/3708/3660 3688/3705/3657
f 3688/3705/3657 3691/3709/3661 3513/3706/3658
f 3516/3531/3487 3513/3706/3658 3691/3709/3661
f 3690/3708/3660 3693/3710/3662 3691/3709/3661
f 3691/3709/3661 3518/3533/3489 3516/3531/3487
f 3692/3711/3663 3695/3712/3664 3693/3710/3662
f 3693/3710/3662 3520/3535/3491 3518/3533/3489
f 3694/3713/3665 3697/3714/3666 3695/3712/3664
f 3695/3712/3664 3522/3538/3494 3520/3535/3491
f 3696/3715/3667 3699/3716/3668 3697/3714/3666
f 3697/3714/3666 3524/3717/3669 3522/3538/3494
f 3698/3718/3670 3701/3719/3671 3699/3716/3668
f 3699/3716/3668 3702/3720/3672 3524/3717/3669
f 3527/3542/3498 3524/3717/3669 3702/3720/3672
f 3701/3719/3671 3704/3721/3673 3702/3720/3672
f 3702/3720/3672 3529/3544/3500 3527/3542/3498
f 3703/3722/3674 3534/3548/3504 3704/3721/3673
f 3704/3721/3673 3531/3546/3502 3529/3544/3500
f 3705/3723/3675 3706/3724/3676 3707/3725/3677
f 3707/3725/3677 3709/3726/3678 3705/3723/3675
f 3705/3723/3675 3535/3549/3505 3534/3548/3504
f 3708/3727/3679 3711/3728/3680 3709/3726/3678
f 3709/3726/3678 3536/3551/3507 3535/3549/3505
f 3710/3729/3681 3713/3730/3682 3711/3728/3680
f 3711/3728/3680 3538/3553/3509 3536/3551/3507
f 3712/3731/3683 3715/3732/3684 3713/3730/3682
f 3713/3730/3682 3540/3555/3511 3538/3553/3509
f 3714/3733/3685 3717/3734/3686 3715/3732/3684
f 3715/3732/3684 3542/3557/3513 3540/3555/3511
f 3716/3735/3687 3719/3736/3688 3717/3734/3686
f 3717/3734/3686 3544/3562/3518 3542/3557/3513
f 3718/3737/3689 3550/3565/3521 3719/3736/3688
f 3719/3736/3688 3548/3563/3519 3544/3562/3518
f 3720/3738/3690 3721/3739/3691 3722/3740/3692
f 3722/3740/3692 3553/3569/3524 3720/3738/3690
f 3720/3738/3690 3551/3566/3522 3550/3565/3521
f 3723/3741/3693 14/3/3 13/2/2
f 13/2/2 3556/3742/3527 3723/3741/3693
f 3723/3741/3693 3554/3570/3525 3553/3569/3524
f 3724/3743/3694 12/5/5 3725/3744/3695
f 3725/3744/3695 3559/3577/3530 3724/3743/3694
f 3724/3743/3694 3557/3575/3528 3556/3574/3527
f 3725/3744/3695 3728/3745/3696 3726/3746/3697
f 3726/3746/3697 3729/3747/3698 3562/3580/3533
f 3726/3746/3697 3560/3578/3531 3559/3577/3530
f 3728/3745/3696 3731/3748/3699 3729/3747/3698
f 3729/3747/3698 3732/3749/3700 3565/3750/3701
f 3565/3750/3701 3562/3580/3533 3729/3747/3698
f 3731/3748/3699 3734/3751/3702 3732/3749/3700
f 3732/3749/3700 3735/3752/3703 3568/3753/3704
f 3568/3753/3704 3565/3750/3701 3732/3749/3700
f 3734/3751/3702 3737/3754/3705 3735/3752/3703
f 3735/3752/3703 3738/3755/3706 3571/3756/3707
f 3571/3756/3707 3568/3753/3704 3735/3752/3703
f 3737/3754/3705 3740/3757/3708 3738/3755/3706
f 3738/3755/3706 3741/3758/3709 3574/3759/3710
f 3574/3759/3710 3571/3756/3707 3738/3755/3706
f 3740/3757/3708 3743/3760/3711 3741/3758/3709
f 3741/3758/3709 3744/3761/3712 3577/3762/3713
f 3577/3762/3713 3574/3759/3710 3741/3758/3709
f 3743/3760/3711 3746/3763/3714 3744/3761/3712
f 3744/3761/3712 3747/3764/3715 3580/3765/3716
f 3580/3765/3716 3577/3762/3713 3744/3761/3712
f 3746/3763/3714 3749/3766/3717 3747/3764/3715
f 3747/3764/3715 3750/3767/3718 3583/3768/3719
f 3583/3768/3719 3580/3765/3716 3747/3764/3715
f 3749/3766/3717 3752/3769/3720 3750/3767/3718
f 3750/3767/3718 3753/3770/3721 3586/3771/3722
f 3586/3771/3722 3583/3768/3719 3750/3767/3718
f 3752/3769/3720 3755/3772/3723 3753/3770/3721
f 3753/3770/3721 3756/3773/3724 3589/3774/3725
f 3589/3774/3725 3586/3771/3722 3753/3770/3721
f 3755/3772/3723 3758/3775/3726 3756/3773/3724
f 3756/3773/3724 3759/3776/3727 3592/3777/3728
f 3592/3777/3728 3589/3774/3725 3756/3773/3724
f 3758/3775/3726 3761/3778/3729 3759/3776/3727
f 3761/3778/3729 3595/3613/3566 3759/3776/3727
f 3759/3776/3727 3593/3610/3563 3592/3777/3728
f 3762/3779/3730 3763/3780/3731 3764/3781/3732
f 3764/3781/3732 3598/3616/3569 3762/3779/3730
f 3762/3779/3730 3596/3614/3567 3595/3613/3566
f 3765/3782/3733 3766/3783/3734 3767/3784/3735
f 3767/3784/3735 3601/3619/3572 3765/3782/3733
f 3765/3782/3733 3599/3617/3570 3598/3616/3569
f 3767/3784/3735 3768/3785/3736 3769/3786/3737
f 3769/3786/3737 3603/3621/3574 3767/3784/3735
f 3769/3786/3737 3770/3787/3738 3771/3788/3739
f 3771/3788/3739 3605/3623/3576 3769/3786/3737
f 3771/3788/3739 3772/3789/3740 3773/3790/3741
f 3773/3790/3741 3607/3625/3578 3771/3788/3739
f 3774/3791/3742 3775/3792/3743 3776/3793/3744
f 3776/3793/3744 3610/3628/3581 3774/3791/3742
f 3774/3791/3742 3608/3626/3579 3607/3625/3578
f 3777/3794/3745 3778/3795/3746 3779/3796/3747
f 3779/3796/3747 3613/3631/3584 3777/3794/3745
f 3777/3794/3745 3611/3629/3582 3610/3628/3581
f 3780/3797/3748 3781/3798/3749 3782/3799/3750
f 3782/3799/3750 3616/3634/3587 3780/3797/3748
f 3780/3797/3748 3614/3632/3585 3613/3631/3584
f 3783/3800/3751 3617/3635/3588 3616/3634/3587
f 3783/3800/3751 3784/3801/3752 3785/3802/3753
f 3785/3802/3753 3619/3637/3590 3783/3800/3751
f 3786/3803/3754 3620/3638/3591 3619/3637/3590
f 3786/3803/3754 3787/3804/3755 3788/3805/3756
f 3788/3805/3756 3622/3640/3593 3786/3803/3754
f 3788/3805/3756 3789/3806/3757 3790/3807/3758
f 3790/3807/3758 3624/3642/3595 3788/3805/3756
f 3791/3808/3759 3625/3643/3596 3624/3642/3595
f 3791/3808/3759 3792/3809/3760 3793/3810/3761
f 3793/3810/3761 3627/3645/3598 3791/3808/3759
f 3794/3811/3762 3628/3646/3599 3627/3645/3598
f 3794/3811/3762 3795/3812/3763 3796/3813/3764
f 3796/3813/3764 3630/3648/3601 3794/3811/3762
f 3796/3813/3764 3797/3814/3765 3798/3815/3766
f 3798/3815/3766 3632/3650/3603 3796/3813/3764
f 3798/3815/3766 3799/3816/3767 3800/3817/3768
f 3800/3817/3768 3634/3652/3605 3798/3815/3766
f 3800/3817/3768 3801/3818/3769 3802/3819/3770
f 3802/3819/3770 3636/3654/3607 3800/3817/3768
f 3802/3819/3770 3803/3820/3771 3804/3821/3772
f 3804/3821/3772 3638/3656/3609 3802/3819/3770
f 3804/3821/3772 3805/3822/3773 3806/3823/3774
f 3806/3823/3774 3640/3658/3611 3804/3821/3772
f 3806/3823/3774 3807/3824/3775 3808/3825/3776
f 3808/3825/3776 3642/3660/3613 3806/3823/3774
f 3808/3825/3776 3809/3826/3777 3810/3827/3778
f 3810/3827/3778 3644/3662/3615 3808/3825/3776
f 3810/3827/3778 3811/3828/3779 3812/3829/3778
f 3812/3829/3778 3646/3664/3617 3810/3827/3778
f 3812/3829/3778 3813/3830/3780 3814/3831/3781
f 3814/3831/3781 3648/3666/3619 3812/3829/3778
f 3814/3831/3781 3815/3832/3782 3816/3833/3783
f 3814/3831/3781 3652/3671/3623 3650/3669/3610
f 3816/3833/3783 3817/3834/3784 3818/3835/3785
f 3816/3833/3783 3654/3673/3625 3652/3671/3623
f 3818/3835/3785 3819/3836/3786 3820/3837/3787
f 3818/3835/3785 3656/3675/3627 3654/3673/3625
f 3820/3837/3787 3821/3838/3788 3822/3839/3789
f 3820/3837/3787 3658/3677/3629 3656/3675/3627
f 3822/3839/3789 3823/3840/3790 3824/3841/3791
f 3824/3841/3791 3658/3677/3629 3822/3839/3789
f 3824/3841/3791 3825/3842/3792 3826/3843/3793
f 3826/3843/3793 3660/3679/3631 3824/3841/3791
f 3826/3843/3793 3827/3844/3794 3828/3845/3795
f 3828/3845/3795 3662/3681/3633 3826/3843/3793
f 3828/3845/3795 3829/3846/3796 3830/3847/3797
f 3828/3845/3795 3666/3685/3637 3664/3683/3635
f 3830/3847/3797 3831/3848/3798 3832/3849/3799
f 3830/3847/3797 3668/3687/3639 3666/3685/3637
f 3832/3849/3799 3833/3850/3800 3834/3851/3801
f 3832/3849/3799 3670/3689/3641 3668/3687/3639
f 3833/3850/3800 3836/3852/3802 3834/3851/3801
f 3834/3851/3801 3672/3691/3643 3670/3689/3641
f 3835/3853/3803 3838/3854/3804 3836/3852/3802
f 3836/3852/3802 3674/3693/3645 3672/3691/3643
f 3837/3855/3805 3840/3856/3806 3838/3854/3804
f 3838/3854/3804 3676/3695/3647 3674/3693/3645
f 3839/3857/3807 3842/3858/3808 3840/3856/3806
f 3840/3856/3806 3678/3697/3649 3676/3695/3647
f 3841/3859/3809 3844/3860/3810 3842/3858/3808
f 3842/3858/3808 3680/3700/3652 3678/3697/3649
f 3843/3861/3811 3846/3862/3812 3844/3860/3810
f 3844/3860/3810 3682/3863/3813 3680/3700/3652
f 3845/3864/3814 3848/3865/3815 3846/3862/3812
f 3846/3862/3812 3849/3866/3816 3682/3863/3813
f 3685/3704/3656 3682/3863/3813 3849/3866/3816
f 3848/3865/3815 3851/3867/3817 3849/3866/3816
f 3849/3866/3816 3687/3707/3659 3685/3704/3656
f 3850/3868/3818 3853/3869/3819 3851/3867/3817
f 3851/3867/3817 3689/3870/3820 3687/3707/3659
f 3852/3871/3821 3855/3872/3822 3853/3869/3819
f 3853/3869/3819 3856/3873/3823 3689/3870/3820
f 3692/3711/3663 3689/3870/3820 3856/3873/3823
f 3855/3872/3822 3858/3874/3824 3856/3873/3823
f 3856/3873/3823 3694/3713/3665 3692/3711/3663
f 3857/3875/3825 3860/3876/3826 3858/3874/3824
f 3858/3874/3824 3696/3715/3667 3694/3713/3665
f 3859/3877/3827 3862/3878/3828 3860/3876/3826
f 3860/3876/3826 3698/3718/3670 3696/3715/3667
f 3861/3879/3829 3864/3880/3830 3862/3878/3828
f 3862/3878/3828 3700/3881/3831 3698/3718/3670
f 3863/3882/3832 3866/3883/3833 3864/3880/3830
f 3864/3880/3830 3706/3724/3676 3700/3881/3831
f 3865/3884/3834 3868/3885/3835 3866/3883/3833
f 3866/3883/3833 3707/3725/3677 3706/3724/3676
f 3867/3886/3836 3870/3887/3837 3868/3885/3835
f 3868/3885/3835 3708/3727/3679 3707/3725/3677
f 3869/3888/3838 3872/3889/3839 3870/3887/3837
f 3870/3887/3837 3710/3729/3681 3708/3727/3679
f 3871/3890/3840 3874/3891/3841 3872/3889/3839
f 3872/3889/3839 3712/3731/3683 3710/3729/3681
f 3873/3892/3842 3876/3893/3843 3874/3891/3841
f 3874/3891/3841 3714/3733/3685 3712/3731/3683
f 3875/3894/3844 3878/3895/3845 3876/3893/3843
f 3876/3893/3843 3716/3735/3687 3714/3733/3685
f 3877/3896/3846 3721/3739/3691 3878/3895/3845
f 3878/3895/3845 3718/3737/3689 3716/3735/3687
f 3879/3897/3847 3880/3898/3848 15/3899/3849
f 15/3899/3849 14/3/3 3879/3897/3847
f 3879/3897/3847 3722/3740/3692 3721/3739/3691
f 3877/3896/3846 3881/3900/3850 3880/3898/3848
f 3880/3898/3848 3882/3901/3851 3883/3902/3852
f 3883/3902/3852 15/3899/3849 3880/3898/3848
f 3883/3902/3852 3884/3903/3853 3885/3904/3854
f 3885/3904/3854 16/4/4 3883/3902/3852
f 3885/3904/3854 3886/3905/3855 3730/3906/3856
f 3730/3906/3856 3727/3907/3857 3885/3904/3854
f 3884/3903/3853 3888/3908/3858 3886/3905/3855
f 3886/3905/3855 3889/3909/3859 3733/3910/3860
f 3733/3910/3860 3730/3906/3856 3886/3905/3855
f 3888/3908/3858 3891/3911/3861 3889/3909/3859
f 3889/3909/3859 3892/3912/3862 3736/3913/3863
f 3736/3913/3863 3733/3910/3860 3889/3909/3859
f 3891/3911/3861 3894/3914/3864 3892/3912/3862
f 3892/3912/3862 3895/3915/3865 3739/3916/3866
f 3739/3916/3866 3736/3913/3863 3892/3912/3862
f 3894/3914/3864 3897/3917/3867 3895/3915/3865
f 3895/3915/3865 3898/3918/3868 3742/3919/3869
f 3742/3919/3869 3739/3916/3866 3895/3915/3865
f 3897/3917/3867 3900/3920/3870 3898/3918/3868
f 3898/3918/3868 3901/3921/3871 3745/3922/3872
f 3745/3922/3872 3742/3919/3869 3898/3918/3868
f 3900/3920/3870 3903/3923/3873 3901/3921/3871
f 3901/3921/3871 3904/3924/3874 3748/3925/3875
f 3748/3925/3875 3745/3922/3872 3901/3921/3871
f 3903/3923/3873 3906/3926/3876 3904/3924/3874
f 3904/3924/3874 3907/3927/3877 3751/3928/3878
f 3751/3928/3878 3748/3925/3875 3904/3924/3874
f 3907/3927/3877 3908/3929/3879 3909/3930/3880
f 3909/3930/3880 3754/3931/3881 3907/3927/3877
f 3907/3927/3877 3752/3769/3720 3751/3928/3878
f 3910/3932/3882 3911/3933/3883 3912/3934/3884
f 3912/3934/3884 3757/3935/3885 3910/3932/3882
f 3910/3932/3882 3755/3772/3723 3754/3931/3881
f 3913/3936/3886 3914/3937/3887 3915/3938/3888
f 3913/3936/3886 3916/3939/3889 3760/3940/3890
f 3760/3940/3890 3757/3935/3885 3913/3936/3886
f 3916/3939/3889 3917/3941/3891 3918/3942/3892
f 3918/3942/3892 3763/3780/3731 3916/3939/3889
f 3916/3939/3889 3761/3778/3729 3760/3940/3890
f 3919/3943/3893 3920/3944/3894 3921/3945/3895
f 3921/3945/3895 3766/3783/3734 3919/3943/3893
f 3919/3943/3893 3764/3781/3732 3763/3780/3731
f 3921/3945/3895 3922/3946/3896 3923/3947/3897
f 3923/3947/3897 3768/3785/3736 3921/3945/3895
f 3923/3947/3897 3924/3948/3898 3925/3949/3899
f 3925/3949/3899 3770/3787/3738 3923/3947/3897
f 3925/3949/3899 3926/3950/3900 3927/3951/3901
f 3927/3951/3901 3772/3789/3740 3925/3949/3899
f 3928/3952/3902 3929/3953/3903 3930/3954/3904
f 3930/3954/3904 3775/3792/3743 3928/3952/3902
f 3928/3952/3902 3773/3790/3741 3772/3789/3740
f 3931/3955/3905 3932/3956/3906 3933/3957/3907
f 3933/3957/3907 3778/3795/3746 3931/3955/3905
f 3931/3955/3905 3776/3793/3744 3775/3792/3743
f 3934/3958/3908 3935/3959/3909 3936/3960/3910
f 3936/3960/3910 3781/3798/3749 3934/3958/3908
f 3934/3958/3908 3779/3796/3747 3778/3795/3746
f 3937/3961/3911 3938/3962/3912 3939/3963/3913
f 3939/3963/3913 3784/3801/3752 3937/3961/3911
f 3937/3961/3911 3782/3799/3750 3781/3798/3749
f 3940/3964/3914 3785/3802/3753 3784/3801/3752
f 3940/3964/3914 3941/3965/3915 3942/3966/3916
f 3942/3966/3916 3787/3804/3755 3940/3964/3914
f 3942/3966/3916 3943/3967/3917 3944/3968/3918
f 3944/3968/3918 3789/3806/3757 3942/3966/3916
f 3945/3969/3919 3790/3807/3758 3789/3806/3757
f 3945/3969/3919 3946/3970/3920 3947/3971/3921
f 3947/3971/3921 3792/3809/3760 3945/3969/3919
f 3948/3972/3922 3793/3810/3761 3792/3809/3760
f 3948/3972/3922 3949/3973/3923 3950/3974/3924
f 3950/3974/3924 3795/3812/3763 3948/3972/3922
f 3950/3974/3924 3951/3975/3925 3952/3976/3926
f 3952/3976/3926 3797/3814/3765 3950/3974/3924
f 3952/3976/3926 3953/3977/3927 3954/3978/3928
f 3954/3978/3928 3799/3816/3767 3952/3976/3926
f 3954/3978/3928 3955/3979/3929 3956/3980/3930
f 3956/3980/3930 3801/3818/3769 3954/3978/3928
f 3956/3980/3930 3957/3981/3931 3958/3982/3932
f 3958/3982/3932 3803/3820/3771 3956/3980/3930
f 3958/3982/3932 3959/3983/3933 3960/3984/3934
f 3960/3984/3934 3805/3822/3773 3958/3982/3932
f 3960/3984/3934 3961/3985/3925 3962/3986/3935
f 3962/3986/3935 3807/3824/3775 3960/3984/3934
f 3962/3986/3935 3963/3987/3936 3964/3988/3937
f 3964/3988/3937 3809/3826/3777 3962/3986/3935
f 3964/3988/3937 3965/3989/3938 3966/3990/3939
f 3966/3990/3939 3811/3828/3779 3964/3988/3937
f 3966/3990/3939 3967/3991/3940 3968/3992/3941
f 3968/3992/3941 3813/3830/3780 3966/3990/3939
f 3968/3992/3941 3969/3993/3942 3970/3994/3943
f 3970/3994/3943 3815/3832/3782 3968/3992/3941
f 3970/3994/3943 3971/3995/3944 3972/3996/3945
f 3972/3996/3945 3817/3834/3784 3970/3994/3943
f 3972/3996/3945 3973/3997/3946 3974/3998/3947
f 3974/3998/3947 3819/3836/3786 3972/3996/3945
f 3974/3998/3947 3975/3999/3948 3976/4000/3949
f 3976/4000/3949 3821/3838/3788 3974/3998/3947
f 3976/4000/3949 3977/4001/3950 3978/4002/3951
f 3978/4002/3951 3823/3840/3790 3976/4000/3949
f 3978/4002/3951 3979/4003/3952 3980/4004/3953
f 3980/4004/3953 3825/3842/3792 3978/4002/3951
f 3980/4004/3953 3981/4005/3954 3982/4006/3955
f 3982/4006/3955 3827/3844/3794 3980/4004/3953
f 3982/4006/3955 3983/4007/3956 3984/4008/3957
f 3984/4008/3957 3829/3846/3796 3982/4006/3955
f 3984/4008/3957 3985/4009/3958 3986/4010/3959
f 3986/4010/3959 3831/3848/3798 3984/4008/3957
f 3986/4010/3959 3987/4011/3960 3988/4012/3961
f 3988/4012/3961 3833/3850/3800 3986/4010/3959
f 3987/4011/3960 3990/4013/3962 3988/4012/3961
f 3988/4012/3961 3837/3855/3805 3835/3853/3803
f 3989/4014/3963 3992/4015/3964 3990/4013/3962
f 3990/4013/3962 3839/3857/3807 3837/3855/3805
f 3991/4016/3965 3994/4017/3966 3992/4015/3964
f 3992/4015/3964 3841/3859/3809 3839/3857/3807
f 3993/4018/3967 3996/4019/3968 3994/4017/3966
f 3994/4017/3966 3843/3861/3811 3841/3859/3809
f 3995/4020/3969 3998/4021/3970 3996/4019/3968
f 3996/4019/3968 3845/3864/3814 3843/3861/3811
f 3997/4022/3971 4000/4023/3972 3998/4021/3970
f 3998/4021/3970 3847/4024/3973 3845/3864/3814
f 3999/4025/3974 4002/4026/3975 4000/4023/3972
f 4000/4023/3972 4003/4027/3976 3847/4024/3973
f 3850/3868/3818 3847/4024/3973 4003/4027/3976
f 4002/4026/3975 4005/4028/3977 4003/4027/3976
f 4003/4027/3976 3852/3871/3821 3850/3868/3818
f 4004/4029/3978 4007/4030/3979 4005/4028/3977
f 4005/4028/3977 3854/4031/3980 3852/3871/3821
f 4006/4032/3981 4009/4033/3982 4007/4030/3979
f 4007/4030/3979 4010/4034/3983 3854/4031/3980
f 3857/3875/3825 3854/4031/3980 4010/4034/3983
f 4009/4033/3982 4012/4035/3984 4010/4034/3983
f 4010/4034/3983 3859/3877/3827 3857/3875/3825
f 4011/4036/3985 4014/4037/3986 4012/4035/3984
f 4012/4035/3984 3861/3879/3829 3859/3877/3827
f 4013/4038/3987 4016/4039/3988 4014/4037/3986
f 4014/4037/3986 3863/3882/3832 3861/3879/3829
f 4015/4040/3989 4018/4041/3990 4016/4039/3988
f 4016/4039/3988 3865/3884/3834 3863/3882/3832
f 4017/4042/3991 4020/4043/3992 4018/4041/3990
f 4018/4041/3990 3867/3886/3836 3865/3884/3834
f 4019/4044/3993 4022/4045/3994 4020/4043/3992
f 4020/4043/3992 3869/3888/3838 3867/3886/3836
f 4021/4046/3995 4024/4047/3996 4022/4045/3994
f 4022/4045/3994 3871/3890/3840 3869/3888/3838
f 4023/4048/3997 4026/4049/3998 4024/4047/3996
f 4024/4047/3996 3873/3892/3842 3871/3890/3840
f 4025/4050/3999 3881/3900/3850 4026/4049/3998
f 4026/4049/3998 3875/3894/3844 3873/3892/3842
f 4025/4050/3999 4027/4051/4000 3887/4052/4001
f 3887/4052/4001 3882/3901/3851 4025/4050/3999
f 4023/4048/3997 4028/4053/4002 4027/4051/4000
f 4027/4051/4000 4029/4054/4003 3890/4055/4004
f 3890/4055/4004 3887/4052/4001 4027/4051/4000
f 4028/4053/4002 4031/4056/4005 4029/4054/4003
f 4029/4054/4003 4032/4057/4006 3893/4058/4007
f 3893/4058/4007 3890/4055/4004 4029/4054/4003
f 4031/4056/4005 4034/4059/4008 4032/4057/4006
f 4032/4057/4006 4035/4060/4009 3896/4061/4010
f 3896/4061/4010 3893/4058/4007 4032/4057/4006
f 4034/4059/4008 4037/4062/4011 4035/4060/4009
f 4035/4060/4009 4038/4063/4012 3899/4064/4013
f 3899/4064/4013 3896/4061/4010 4035/4060/4009
f 4037/4062/4011 4040/4065/4014 4038/4063/4012
f 4038/4063/4012 4041/4066/4015 3902/4067/4016
f 3902/4067/4016 3899/4064/4013 4038/4063/4012
f 4040/4065/4014 4043/4068/4017 4041/4066/4015
f 4041/4066/4015 4044/4069/4018 3905/4070/4019
f 3905/4070/4019 3902/4067/4016 4041/4066/4015
f 4043/4068/4017 4046/4071/4020 4044/4069/4018
f 4046/4071/4020 3908/3929/3879 4044/4069/4018
f 3908/3929/3879 3905/4070/4019 4044/4069/4018
f 4047/4072/4021 4048/4073/4022 4049/4074/4023
f 4049/4074/4023 3911/3933/3883 4047/4072/4021
f 4047/4072/4021 3909/3930/3880 3908/3929/3879
f 4050/4075/4024 4051/4076/4025 4052/4077/4026
f 4052/4077/4026 3914/3937/3887 4050/4075/4024
f 4050/4075/4024 3912/3934/3884 3911/3933/3883
f 4053/4078/4027 4054/4079/4028 4055/4080/4029
f 4055/4080/4029 3917/3941/3891 4053/4078/4027
f 4053/4078/4027 3915/3938/3888 3914/3937/3887
f 4056/4081/4030 4057/4082/4031 4058/4083/4032
f 4058/4083/4032 3920/3944/3894 4056/4081/4030
f 4056/4081/4030 3918/3942/3892 3917/3941/3891
f 4058/4083/4032 4059/4084/4033 4060/4085/4034
f 4060/4085/4034 3922/3946/3896 4058/4083/4032
f 4060/4085/4034 4061/4086/4035 4062/4087/4036
f 4062/4087/4036 3924/3948/3898 4060/4085/4034
f 4062/4087/4036 4063/4088/4037 4064/4089/4038
f 4064/4089/4038 3926/3950/3900 4062/4087/4036
f 4065/4090/4039 4066/4091/4040 4067/4092/4041
f 4067/4092/4041 3929/3953/3903 4065/4090/4039
f 4065/4090/4039 3927/3951/3901 3926/3950/3900
f 4068/4093/4042 4069/4094/4043 4070/4095/4044
f 4070/4095/4044 3932/3956/3906 4068/4093/4042
f 4068/4093/4042 3930/3954/3904 3929/3953/3903
f 4071/4096/4045 4072/4097/4046 4073/4098/4047
f 4073/4098/4047 3935/3959/3909 4071/4096/4045
f 4071/4096/4045 3933/3957/3907 3932/3956/3906
f 4074/4099/4048 4075/4100/4049 4076/4101/4050
f 4076/4101/4050 3938/3962/3912 4074/4099/4048
f 4074/4099/4048 3936/3960/3910 3935/3959/3909
f 4077/4102/4051 4078/4103/4052 4079/4104/4053
f 4079/4104/4053 3941/3965/3915 4077/4102/4051
f 4077/4102/4051 3939/3963/3913 3938/3962/3912
f 4079/4104/4053 4080/4105/4054 4081/4106/4055
f 4081/4106/4055 3943/3967/3917 4079/4104/4053
f 4082/4107/4056 4083/4108/4057 4084/4109/4058
f 4084/4109/4058 3946/3970/3920 4082/4107/4056
f 4082/4107/4056 3944/3968/3918 3943/3967/3917
f 4085/4110/4059 3947/3971/3921 3946/3970/3920
f 4085/4110/4059 4086/4111/4060 4087/4112/4061
f 4087/4112/4061 3949/3973/3923 4085/4110/4059
f 4087/4112/4061 62/55/55 67/54/54
f 67/54/54 3951/3975/3925 4087/4112/4061
f 4088/4113/4062 62/55/55 4086/4111/4060
f 4084/4109/4058 4088/4113/4062 4086/4111/4060
f 4089/4114/4063 63/50/50 4088/4113/4062
f 4088/4113/4062 4091/4115/4064 4089/4114/4063
f 4092/4116/4065 4089/4114/4063 4091/4115/4064
f 4083/4108/4057 4080/4105/4054 4091/4115/4064
f 4091/4115/4064 4094/4117/4066 4092/4116/4065
f 4095/4118/4067 4092/4116/4065 4094/4117/4066
f 4080/4105/4054 4097/4119/4068 4094/4117/4066
f 4097/4119/4068 4095/4118/4067 4094/4117/4066
f 4098/4120/4069 4100/4121/4070 4095/4118/4067
f 4098/4120/4069 4075/4100/4049 4101/4122/4071
f 4101/4122/4071 4099/4123/4072 4098/4120/4069
f 4102/4124/4073 4104/4125/4074 4099/4123/4072
f 4102/4124/4073 4072/4097/4046 4105/4126/4075
f 4105/4126/4075 4103/4127/4076 4102/4124/4073
f 4106/4128/4077 4108/4129/4078 4103/4127/4076
f 4106/4128/4077 4069/4094/4043 4109/4130/4079
f 4109/4130/4079 4107/4131/4080 4106/4128/4077
f 4110/4132/4081 4112/4133/4082 4107/4131/4080
f 4110/4132/4081 4066/4091/4040 4113/4134/4083
f 4113/4134/4083 4111/4135/4084 4110/4132/4081
f 4114/4136/4085 4116/4137/4086 4111/4135/4084
f 4114/4136/4085 4063/4088/4037 4117/4138/4087
f 4117/4138/4087 4115/4139/4088 4114/4136/4085
f 4118/4140/4089 4120/4141/4090 4115/4139/4088
f 4118/4140/4089 4121/4142/4091 4122/4143/4092
f 4122/4143/4092 4119/4144/4093 4118/4140/4089
f 4123/4145/4094 4125/4146/4095 4119/4144/4093
f 4123/4145/4094 4126/4147/4096 4127/4148/4097
f 4127/4148/4097 4124/4149/4098 4123/4145/4094
f 4128/4150/4099 4130/4151/4100 4124/4149/4098
f 4128/4150/4099 4131/4152/4101 4132/4153/4102
f 4132/4153/4102 4129/4154/4103 4128/4150/4099
f 4133/4155/4104 4135/4156/4105 4129/4154/4103
f 4133/4155/4104 4136/4157/4106 4137/4158/4107
f 4137/4158/4107 4134/4159/4108 4133/4155/4104
f 4139/4160/4109 4134/4159/4108 4138/4161/4110
f 4137/4158/4107 4142/4162/4111 4138/4161/4110
f 4138/4161/4110 4143/4163/4112 4139/4160/4109
f 4144/4164/4113 4139/4160/4109 4143/4163/4112
f 4142/4162/4111 4146/4165/4114 4143/4163/4112
f 4143/4163/4112 4147/4166/4115 4144/4164/4113
f 4006/4032/3981 4144/4164/4113 4147/4166/4115
f 4146/4165/4114 4149/4167/4116 4147/4166/4115
f 4147/4166/4115 4008/4168/4117 4006/4032/3981
f 4148/4169/4118 4151/4170/4119 4149/4167/4116
f 4149/4167/4116 4152/4171/4120 4008/4168/4117
f 4011/4036/3985 4008/4168/4117 4152/4171/4120
f 4151/4170/4119 4154/4172/4121 4152/4171/4120
f 4152/4171/4120 4013/4038/3987 4011/4036/3985
f 4153/4173/4122 4156/4174/4123 4154/4172/4121
f 4154/4172/4121 4015/4040/3989 4013/4038/3987
f 4155/4175/4124 4157/4176/4125 4156/4174/4123
f 4156/4174/4123 4017/4042/3991 4015/4040/3989
f 4033/4177/4126 4030/4178/4127 4157/4176/4125
f 4157/4176/4125 4019/4044/3993 4017/4042/3991
f 4155/4175/4124 4158/4179/4128 4036/4180/4129
f 4036/4180/4129 4033/4177/4126 4155/4175/4124
f 4153/4173/4122 4150/4181/4130 4158/4179/4128
f 4158/4179/4128 4159/4182/4131 4039/4183/4132
f 4039/4183/4132 4036/4180/4129 4158/4179/4128
f 4150/4181/4130 4160/4184/4133 4159/4182/4131
f 4159/4182/4131 4161/4185/4134 4042/4186/4135
f 4042/4186/4135 4039/4183/4132 4159/4182/4131
f 4160/4184/4133 4162/4187/4136 4161/4185/4134
f 4162/4187/4136 4045/4188/4137 4161/4185/4134
f 4045/4188/4137 4042/4186/4135 4161/4185/4134
f 4163/4189/4138 4141/4190/4139 4164/4191/4140
f 4164/4191/4140 4048/4073/4022 4163/4189/4138
f 4163/4189/4138 4046/4071/4020 4045/4188/4137
f 4165/4192/4141 4136/4157/4106 4166/4193/4142
f 4166/4193/4142 4051/4076/4025 4165/4192/4141
f 4165/4192/4141 4049/4074/4023 4048/4073/4022
f 4167/4194/4143 4131/4152/4101 4168/4195/4144
f 4168/4195/4144 4054/4079/4028 4167/4194/4143
f 4167/4194/4143 4052/4077/4026 4051/4076/4025
f 4169/4196/4145 4126/4147/4096 4170/4197/4146
f 4170/4197/4146 4057/4082/4031 4169/4196/4145
f 4169/4196/4145 4055/4080/4029 4054/4079/4028
f 4170/4197/4146 4122/4143/4092 4121/4142/4091
f 4121/4142/4091 4059/4084/4033 4170/4197/4146
f 4168/4195/4144 4127/4148/4097 4126/4147/4096
f 4166/4193/4142 4132/4153/4102 4131/4152/4101
f 4164/4191/4140 4137/4158/4107 4136/4157/4106
f 4145/4198/4147 4141/4190/4139 4162/4187/4136
f 4148/4169/4118 4145/4198/4147 4160/4184/4133
f 4004/4029/3978 4001/4199/4148 4144/4164/4113
f 3999/4025/3974 4171/4200/4149 4140/4201/4150
f 4140/4201/4150 4135/4156/4105 4134/4159/4108
f 4140/4201/4150 4001/4199/4148 3999/4025/3974
f 3997/4022/3971 4172/4202/4151 4171/4200/4149
f 4172/4202/4151 4135/4156/4105 4171/4200/4149
f 4173/4203/4152 4174/4204/4153 4175/4205/4154
f 4175/4205/4154 4130/4151/4100 4173/4203/4152
f 4173/4203/4152 4129/4154/4103 4135/4156/4105
f 4176/4206/4155 4177/4207/4156 4178/4208/4157
f 4178/4208/4157 4125/4146/4095 4176/4206/4155
f 4176/4206/4155 4124/4149/4098 4130/4151/4100
f 4179/4209/4158 4180/4210/4159 4181/4211/4160
f 4181/4211/4160 4120/4141/4090 4179/4209/4158
f 4179/4209/4158 4119/4144/4093 4125/4146/4095
f 4182/4212/4161 4183/4213/4162 4184/4214/4163
f 4184/4214/4163 4116/4137/4086 4182/4212/4161
f 4182/4212/4161 4115/4139/4088 4120/4141/4090
f 4185/4215/4164 4186/4216/4165 4187/4217/4166
f 4187/4217/4166 4112/4133/4082 4185/4215/4164
f 4185/4215/4164 4111/4135/4084 4116/4137/4086
f 4188/4218/4167 4189/4219/4168 4190/4220/4169
f 4190/4220/4169 4108/4129/4078 4188/4218/4167
f 4188/4218/4167 4107/4131/4080 4112/4133/4082
f 4191/4221/4170 4192/4222/4171 4193/4223/4172
f 4193/4223/4172 4104/4125/4074 4191/4221/4170
f 4191/4221/4170 4103/4127/4076 4108/4129/4078
f 4194/4224/4173 4195/4225/4174 4196/4226/4175
f 4196/4226/4175 4100/4121/4070 4194/4224/4173
f 4194/4224/4173 4099/4123/4072 4104/4125/4074
f 4196/4226/4175 4199/4227/4176 4197/4228/4177
f 4197/4228/4177 4200/4229/4178 4096/4230/4179
f 4096/4230/4179 4100/4121/4070 4197/4228/4177
f 4199/4227/4176 4202/4231/4180 4200/4229/4178
f 4200/4229/4178 4203/4232/4181 4093/4233/4182
f 4093/4233/4182 4096/4230/4179 4200/4229/4178
f 4203/4232/4181 4205/4234/4183 4090/4235/4184
f 4090/4235/4184 4093/4233/4182 4203/4232/4181
f 4202/4231/4180 4204/4236/4185 4203/4232/4181
f 4206/4237/4186 4208/4238/4187 4204/4236/4185
f 4206/4237/4186 4201/4239/3924 4209/4240/4188
f 4209/4240/4188 4207/4241/4189 4206/4237/4186
f 4210/4242/4190 3963/3987/3936 4207/4241/4189
f 4210/4242/4190 4211/4243/4191 4212/4244/4192
f 4212/4244/4192 3965/3989/3938 4210/4242/4190
f 4212/4244/4192 4213/4245/4193 4214/4246/4194
f 4214/4246/4194 3967/3991/3940 4212/4244/4192
f 4214/4246/4194 4215/4247/4195 4216/4248/4196
f 4216/4248/4196 3969/3993/3942 4214/4246/4194
f 4216/4248/4196 4217/4249/4197 4218/4250/4198
f 4218/4250/4198 3971/3995/3944 4216/4248/4196
f 4218/4250/4198 4219/4251/4199 4220/4252/4200
f 4220/4252/4200 3973/3997/3946 4218/4250/4198
f 4220/4252/4200 4221/4253/4201 4222/4254/4202
f 4222/4254/4202 3975/3999/3948 4220/4252/4200
f 4222/4254/4202 4223/4255/4203 4224/4256/4204
f 4224/4256/4204 3977/4001/3950 4222/4254/4202
f 4224/4256/4204 4225/4257/4205 4226/4258/4206
f 4226/4258/4206 3979/4003/3952 4224/4256/4204
f 4226/4258/4206 4227/4259/4207 4228/4260/4208
f 4228/4260/4208 3981/4005/3954 4226/4258/4206
f 4228/4260/4208 4229/4261/4209 4230/4262/4210
f 4230/4262/4210 3983/4007/3956 4228/4260/4208
f 4230/4262/4210 4231/4263/4211 4232/4264/4212
f 4232/4264/4212 3985/4009/3958 4230/4262/4210
f 4232/4264/4212 4233/4265/4213 4234/4266/4214
f 4234/4266/4214 3987/4011/3960 4232/4264/4212
f 4234/4266/4214 4177/4207/4156 4235/4267/4215
f 4234/4266/4214 3991/4016/3965 3989/4014/3963
f 4235/4267/4215 4175/4205/4154 4174/4204/4153
f 4235/4267/4215 3993/4018/3967 3991/4016/3965
f 4231/4263/4211 4180/4210/4159 4233/4265/4213
f 4233/4265/4213 4178/4208/4157 4177/4207/4156
f 4236/4268/4216 4229/4261/4209 4237/4269/4217
f 4237/4269/4217 4183/4213/4162 4236/4268/4216
f 4236/4268/4216 4181/4211/4160 4180/4210/4159
f 4238/4270/4218 4239/4271/4219 4240/4272/4220
f 4240/4272/4220 4186/4216/4165 4238/4270/4218
f 4238/4270/4218 4184/4214/4163 4183/4213/4162
f 4241/4273/4221 4242/4274/4222 4243/4275/4223
f 4243/4275/4223 4189/4219/4168 4241/4273/4221
f 4241/4273/4221 4187/4217/4166 4186/4216/4165
f 4244/4276/4224 57/44/44 4245/4277/4225
f 4245/4277/4225 4192/4222/4171 4244/4276/4224
f 4244/4276/4224 4190/4220/4169 4189/4219/4168
f 4246/4278/4226 4247/4279/4227 4248/4280/4228
f 4248/4280/4228 4195/4225/4174 4246/4278/4226
f 4246/4278/4226 4193/4223/4172 4192/4222/4171
f 4249/4281/4229 4251/4282/4230 4198/4283/4231
f 4249/4281/4229 4196/4226/4175 4195/4225/4174
f 4248/4280/4228 4250/4284/4232 4249/4281/4229
f 4252/4285/4233 4213/4245/4193 4250/4284/4232
f 4252/4285/4233 4247/4279/4227 4253/4286/4234
f 4253/4286/4234 4215/4247/4195 4252/4285/4233
f 4253/4286/4234 56/47/47 60/46/46
f 60/46/46 4217/4249/4197 4253/4286/4234
f 4251/4282/4230 4209/4240/4188 4201/4239/3924
f 4201/4239/3924 4198/4283/4231 4251/4282/4230
f 4250/4284/4232 4211/4243/4191 4251/4282/4230
f 4245/4277/4225 56/47/47 4247/4279/4227
f 4243/4275/4223 58/45/45 57/44/44
f 4242/4274/4222 61/4287/4235 58/45/45
f 4240/4272/4220 4254/4288/4236 4242/4274/4222
f 4254/4288/4236 4223/4255/4203 61/4287/4235
f 4239/4271/4219 4225/4257/4205 4254/4288/4236
f 4237/4269/4217 4227/4259/4207 4239/4271/4219
f 4221/4253/4201 61/4287/4235 4223/4255/4203
f 4219/4251/4199 59/48/48 4221/4253/4201
f 4208/4238/4187 3959/3983/3933 4255/4289/4237
f 4255/4289/4237 4204/4236/4185 4208/4238/4187
f 4207/4241/4189 3961/3985/3925 4208/4238/4187
f 4255/4289/4237 3957/3981/3931 65/52/52
f 65/52/52 4205/4234/4183 4255/4289/4237
f 64/51/51 4090/4235/4184 4205/4234/4183
f 4174/4204/4153 3995/4020/3969 3993/4018/3967
f 4117/4138/4087 4061/4086/4035 4121/4142/4091
f 4113/4134/4083 4064/4089/4038 4063/4088/4037
f 4109/4130/4079 4067/4092/4041 4066/4091/4040
f 4105/4126/4075 4070/4095/4044 4069/4094/4043
f 4101/4122/4071 4073/4098/4047 4072/4097/4046
f 4097/4119/4068 4076/4101/4050 4075/4100/4049
f 4030/4178/4127 4021/4046/3995 4019/4044/3993
f 3955/3979/3929 65/52/52 3957/3981/3931
f 3953/3977/3927 66/53/53 3955/3979/3929
f 3727/3907/3857 12/5/5 16/4/4
f 3703/3722/3674 3700/3881/3831 3706/3724/3676
f 3152/4290/4238 2973/4291/2953 3153/3150/3113
f 3152/4290/4238 3147/4292/4239 4256/4293/4240
f 4256/4293/4240 2975/2989/2955 3152/4290/4238
f 4256/4293/4240 4257/4294/4241 4258/4295/4242
f 4258/4295/4242 2977/2992/2957 4256/4293/4240
f 4257/4294/4241 4260/4296/4243 4258/4295/4242
f 4258/4295/4242 2981/2996/2961 2979/2994/2959
f 4259/4297/4244 4262/4298/4245 4260/4296/4243
f 4260/4296/4243 2983/2998/2963 2981/2996/2961
f 4261/4299/4246 4264/4300/4247 4262/4298/4245
f 4262/4298/4245 2985/3001/2966 2983/2998/2963
f 4263/4301/4248 4266/4302/4249 4264/4300/4247
f 4264/4300/4247 2987/3003/2968 2985/3001/2966
f 4265/4303/4250 4268/4304/4251 4266/4302/4249
f 4266/4302/4249 2989/3005/2970 2987/3003/2968
f 4267/4305/4252 4270/4306/4253 4268/4304/4251
f 4268/4304/4251 2991/3008/2973 2989/3005/2970
f 4269/4307/4254 4272/4308/4255 4270/4306/4253
f 4270/4306/4253 2993/3010/2975 2991/3008/2973
f 4271/4309/4256 4274/4310/4257 4272/4308/4255
f 4272/4308/4255 2995/4311/4258 2993/3010/2975
f 4273/4312/4259 4276/4313/4260 4274/4310/4257
f 4274/4310/4257 4277/4314/4261 2995/4311/4258
f 4276/4313/4260 3003/3019/2984 4277/4314/4261
f 4277/4314/4261 3000/3016/2981 2998/3014/2979
f 2998/3014/2979 2995/4311/4258 4277/4314/4261
f 4278/4315/4262 4275/4316/4263 4279/4317/4264
f 4279/4317/4264 3006/3022/2987 4278/4315/4262
f 4278/4315/4262 3004/3020/2985 3003/3019/2984
f 4280/4318/4265 4281/4319/4266 4282/4320/4267
f 4280/4318/4265 4283/4321/4268 4284/4322/4269
f 4280/4318/4265 3007/3023/2988 3006/3022/2987
f 4284/4322/4269 4285/4323/4270 4286/4324/4271
f 4284/4322/4269 3008/3025/2990 3007/3023/2988
f 4286/4324/4271 3015/3034/2999 3013/3032/2997
f 3013/3032/2997 3008/3025/2990 4286/4324/4271
f 4283/4321/4268 4288/4325/4272 4285/4323/4270
f 4285/4323/4270 3017/3036/3001 3015/3034/2999
f 4287/4326/4273 4290/4327/4274 4288/4325/4272
f 4288/4325/4272 3019/3038/3003 3017/3036/3001
f 4289/4328/4275 4292/4329/4276 4290/4327/4274
f 4290/4327/4274 3021/3040/3005 3019/3038/3003
f 4291/4330/4277 4294/4331/4278 4292/4329/4276
f 4292/4329/4276 3023/3043/3008 3021/3040/3005
f 4293/4332/4279 4296/4333/4280 4294/4331/4278
f 4294/4331/4278 3025/4334/4281 3023/3043/3008
f 4296/4333/4280 4297/4335/4282 4298/4336/4283
f 4298/4336/4283 3025/4334/4281 4296/4333/4280
f 4298/4336/4283 4299/4337/4284 4300/4338/4285
f 4300/4338/4285 3027/3045/3010 4298/4336/4283
f 4300/4338/4285 4301/4339/4286 4302/4340/4287
f 4302/4340/4287 3029/3047/3012 4300/4338/4285
f 4303/4341/4288 4304/4342/4289 4305/4343/4290
f 4305/4343/4290 3032/3050/3015 4303/4341/4288
f 4303/4341/4288 3030/3048/3013 3029/3047/3012
f 4306/4344/4291 4307/4345/4292 4308/4346/4293
f 4308/4346/4293 3035/3053/3018 4306/4344/4291
f 4306/4344/4291 3033/3051/3016 3032/3050/3015
f 4309/4347/4294 4310/4348/4295 4311/4349/4296
f 4311/4349/4296 3038/3056/3021 4309/4347/4294
f 4309/4347/4294 3036/3054/3019 3035/3053/3018
f 4311/4349/4296 4312/4350/4297 4313/4351/4298
f 4313/4351/4298 3040/3058/3023 4311/4349/4296
f 4312/4350/4297 4315/4352/4299 4313/4351/4298
f 4315/4352/4299 3042/3060/3025 4313/4351/4298
f 4314/4353/4300 4317/4354/4301 4315/4352/4299
f 4317/4354/4301 3044/3062/3027 4315/4352/4299
f 4316/4355/4302 4318/4356/4303 4317/4354/4301
f 4317/4354/4301 33/21/21 36/23/23
f 3067/4357/4304 3062/4358/4305 4318/4356/4303
f 3062/4358/4305 33/21/21 4318/4356/4303
f 3072/4359/4306 3067/4357/4304 4316/4355/4302
f 4316/4355/4302 4319/4360/4307 3072/4359/4306
f 3077/4361/4308 3072/4359/4306 4319/4360/4307
f 4314/4353/4300 4320/4362/4309 4319/4360/4307
f 4319/4360/4307 4321/4363/4310 3077/4361/4308
f 3082/4364/4311 3077/4361/4308 4321/4363/4310
f 4320/4362/4309 4323/4365/4312 4321/4363/4310
f 4321/4363/4310 4324/4366/4313 3082/4364/4311
f 3087/4367/4314 3082/4364/4311 4324/4366/4313
f 4324/4366/4313 4325/4368/4315 4326/4369/4316
f 4326/4369/4316 3087/4367/4314 4324/4366/4313
f 4327/4370/4317 3088/3092/3057 3087/4367/4314
f 4327/4370/4317 4328/4371/4318 4329/4372/4319
f 4329/4372/4319 3092/3095/3060 4327/4370/4317
f 4330/4373/4320 3093/3096/3061 3092/3095/3060
f 4330/4373/4320 4331/4374/4321 4332/4375/4322
f 4332/4375/4322 3097/3099/3064 4330/4373/4320
f 4333/4376/4323 3098/3100/3065 3097/3099/3064
f 4333/4376/4323 4334/4377/4324 4335/4378/4325
f 4335/4378/4325 3102/3104/3069 4333/4376/4323
f 4336/4379/4326 3103/3105/3070 3102/3104/3069
f 4336/4379/4326 4337/4380/4327 4338/4381/4328
f 4338/4381/4328 3107/3109/3074 4336/4379/4326
f 4339/4382/4329 3108/3110/3075 3107/3109/3074
f 4338/4381/4328 4341/4383/4330 4339/4382/4329
f 4339/4382/4329 4342/4384/4331 3112/3114/3079
f 3117/3119/3084 3112/3114/3079 4342/4384/4331
f 4341/4383/4330 4344/4385/4332 4342/4384/4331
f 4342/4384/4331 4345/4386/4333 3117/3119/3084
f 3122/3124/3089 3117/3119/3084 4345/4386/4333
f 4344/4385/4332 4347/4387/4334 4345/4386/4333
f 4345/4386/4333 4348/4388/4335 3122/3124/3089
f 4348/4388/4335 3123/3125/3090 3122/3124/3089
f 4347/4387/4334 4350/4389/4336 4348/4388/4335
f 4350/4389/4336 3127/3129/3094 4348/4388/4335
f 4351/4390/4337 3128/3130/3095 3127/3129/3094
f 4351/4390/4337 4352/4391/4338 4353/4392/4339
f 4353/4392/4339 3132/3134/3099 4351/4390/4337
f 4354/4393/4340 3133/3135/3100 3132/3134/3099
f 4354/4393/4340 4355/4394/4341 4356/4395/4342
f 4356/4395/4342 3137/3138/3103 4354/4393/4340
f 4357/4396/4343 3138/3139/3104 3137/3138/3103
f 4357/4396/4343 4261/4299/4246 4259/4297/4244
f 4259/4297/4244 3142/4397/4344 4357/4396/4343
f 4356/4395/4342 4263/4301/4248 4261/4299/4246
f 4353/4392/4339 4358/4398/4345 4355/4394/4341
f 4355/4394/4341 4265/4303/4250 4263/4301/4248
f 4352/4391/4338 4360/4399/4346 4358/4398/4345
f 4358/4398/4345 4267/4305/4252 4265/4303/4250
f 4360/4399/4346 4361/4400/4347 4362/4401/4348
f 4360/4399/4346 4269/4307/4254 4267/4305/4252
f 4362/4401/4348 4363/4402/4349 4364/4403/4350
f 4362/4401/4348 4271/4309/4256 4269/4307/4254
f 4364/4403/4350 4365/4404/4351 4366/4405/4352
f 4364/4403/4350 4273/4312/4259 4271/4309/4256
f 4365/4404/4351 4368/4406/4353 4366/4405/4352
f 4366/4405/4352 4275/4316/4263 4273/4312/4259
f 4367/4407/4354 4281/4319/4266 4368/4406/4353
f 4368/4406/4353 4279/4317/4264 4275/4316/4263
f 4367/4407/4354 4371/4408/4355 4369/4409/4356
f 4369/4409/4356 4372/4410/4357 4373/4411/4358
f 4373/4411/4358 4281/4319/4266 4369/4409/4356
f 4373/4411/4358 4289/4328/4275 4287/4326/4273
f 4287/4326/4273 4282/4320/4267 4373/4411/4358
f 4371/4408/4355 4375/4412/4359 4372/4410/4357
f 4372/4410/4357 4291/4330/4277 4289/4328/4275
f 4374/4413/4360 4377/4414/4361 4375/4412/4359
f 4375/4412/4359 4293/4332/4279 4291/4330/4277
f 4377/4414/4361 4378/4415/4362 4379/4416/4363
f 4379/4416/4363 4293/4332/4279 4377/4414/4361
f 4379/4416/4363 4380/4417/4364 4381/4418/4365
f 4381/4418/4365 4295/4419/4366 4379/4416/4363
f 4381/4418/4365 4334/4377/4324 4382/4420/4367
f 4382/4420/4367 4297/4335/4282 4381/4418/4365
f 4382/4420/4367 4332/4375/4322 4331/4374/4321
f 4331/4374/4321 4299/4337/4284 4382/4420/4367
f 4380/4417/4364 4335/4378/4325 4334/4377/4324
f 4378/4415/4362 4337/4380/4327 4380/4417/4364
f 4340/4421/4368 4337/4380/4327 4383/4422/4369
f 4378/4415/4362 4384/4423/4370 4383/4422/4369
f 4383/4422/4369 4385/4424/4371 4340/4421/4368
f 4343/4425/4372 4340/4421/4368 4385/4424/4371
f 4384/4423/4370 4387/4426/4373 4385/4424/4371
f 4385/4424/4371 4388/4427/4374 4343/4425/4372
f 4346/4428/4375 4343/4425/4372 4388/4427/4374
f 4387/4426/4373 4390/4429/4376 4388/4427/4374
f 4388/4427/4374 4391/4430/4377 4346/4428/4375
f 4349/4431/4378 4346/4428/4375 4391/4430/4377
f 4390/4429/4376 4361/4400/4347 4391/4430/4377
f 4391/4430/4377 4359/4432/4379 4349/4431/4378
f 4389/4433/4380 4363/4402/4349 4390/4429/4376
f 4389/4433/4380 4386/4434/4381 4370/4435/4382
f 4370/4435/4382 4365/4404/4351 4389/4433/4380
f 4386/4434/4381 4376/4436/4383 4374/4413/4360
f 4374/4413/4360 4370/4435/4382 4386/4434/4381
f 4359/4432/4379 4350/4389/4336 4349/4431/4378
f 4329/4372/4319 4301/4339/4286 4331/4374/4321
f 4326/4369/4316 4304/4342/4289 4328/4371/4318
f 4328/4371/4318 4302/4340/4287 4301/4339/4286
f 4325/4368/4315 4322/4437/4384 4307/4345/4292
f 4325/4368/4315 4305/4343/4290 4304/4342/4289
f 4322/4437/4384 4312/4350/4297 4310/4348/4295
f 4310/4348/4295 4307/4345/4292 4322/4437/4384
f 3147/4292/4239 3142/4397/4344 4257/4294/4241
f 3062/4358/4305 3049/3067/3032 34/4438/4385
f 3047/3065/3030 34/4438/4385 3049/3067/3032
f 3045/3063/3028 36/23/23 35/22/22
f 2939/3370/3329 24/4439/4386 19/8/8
f 2934/3338/3297 24/4439/4386 2935/2945/2912
f 2764/2775/2742 2758/2768/2735 2757/2767/2734
f 2583/2587/2556 2321/2323/2294 4392/4440/4387
f 4392/4440/4387 2577/2585/2554 2583/2587/2556
f 2582/2590/2559 2323/2325/2296 2583/2587/2556
f 4392/4440/4387 2319/2321/2292 2318/2320/2291
f 2318/2320/2291 2578/2582/2551 4392/4440/4387
f 4393/4441/4388 2316/2318/2289 2315/2317/2288
f 2315/2317/2288 2573/2577/2546 4393/4441/4388
f 4393/4441/4388 2572/2580/2549 2578/2582/2551
f 4394/4442/4389 2313/2314/2285 2312/4443/4390
f 2312/4443/4390 55/42/42 4394/4442/4389
f 4394/4442/4389 2568/2575/2544 2573/2577/2546
f 2515/2787/2754 32/19/19 29/16/16
f 2312/4443/4390 52/40/40 6/39/39
f 2308/2309/2280 53/2558/2527 52/40/40
f 2195/2447/2418 45/33/33 44/32/32
f 2189/2437/2408 47/34/34 2190/2185/2158
f 1602/1599/1576 70/58/58 1841/1842/1817
f 1834/2070/2043 1829/1827/1802 1828/1826/1801
f 1600/1597/1574 72/60/60 71/59/59
f 157/167/167 76/151/151 75/63/63
f 1/1/1 12/5/5 13/2/2
f 1/1/1 15/3899/3849 16/4/4
f 2/6/6 17/10/10 18/7/7
f 20/9/9 21/3356/3315 17/10/10
f 2/6/6 22/13/13 23/11/11
f 19/8/8 24/4439/4386 25/12/12
f 25/12/12 26/3340/3299 22/13/13
f 3/14/14 27/18/18 28/15/15
f 3/14/14 30/20/20 31/17/17
f 3/14/14 29/16/16 32/19/19
f 33/21/21 34/4438/4385 35/22/22
f 4/24/24 37/28/28 38/25/25
f 4/24/24 40/30/30 41/27/27
f 4/24/24 39/26/26 42/29/29
f 5/31/31 43/36/36 44/32/32
f 45/33/33 46/2188/2161 47/34/34
f 5/31/31 47/34/34 48/35/35
f 49/37/37 50/2563/2532 51/38/38
f 52/40/40 53/2558/2527 49/37/37
f 6/39/39 51/38/38 54/41/41
f 7/43/43 56/47/47 57/44/44
f 7/43/43 59/48/48 60/46/46
f 58/45/45 61/4287/4235 59/48/48
f 8/49/49 62/55/55 63/50/50
f 8/49/49 64/51/51 65/52/52
f 8/49/49 66/53/53 67/54/54
f 9/56/56 68/1832/1807 69/57/57
f 9/56/56 70/58/58 71/59/59
f 10/61/61 73/66/66 74/62/62
f 75/63/63 76/151/151 77/64/64
f 10/61/61 77/64/64 78/65/65
f 79/67/67 80/212/212 81/68/68
f 11/69/69 81/68/68 82/70/70
f 11/69/69 83/71/71 84/72/72
f 84/72/72 85/75/75 86/73/73
f 87/74/74 88/206/206 79/67/67
f 83/71/71 89/77/77 85/75/75
f 83/71/71 82/70/70 90/76/76
f 89/77/77 90/76/76 91/78/78
f 89/77/77 92/79/79 93/80/80
f 93/80/80 94/83/83 95/81/81
f 96/82/82 86/73/73 85/75/75
f 92/79/79 97/85/85 94/83/83
f 92/79/79 91/78/78 98/84/84
f 97/85/85 98/84/84 99/86/86
f 97/85/85 100/87/87 101/88/88
f 101/88/88 102/91/91 103/89/89
f 104/90/90 95/81/81 94/83/83
f 100/87/87 105/93/93 102/91/91
f 100/87/87 99/86/86 106/92/92
f 105/93/93 106/92/92 107/94/94
f 105/93/93 108/95/95 109/96/96
f 109/96/96 110/99/99 111/97/97
f 112/98/98 103/89/89 102/91/91
f 108/95/95 113/101/101 110/99/99
f 108/95/95 107/94/94 114/100/100
f 113/101/101 114/100/100 115/102/102
f 113/101/101 116/103/103 117/104/104
f 118/105/105 111/97/97 110/99/99
f 117/104/104 116/103/103 119/106/106
f 120/107/107 121/110/110 118/105/105
f 122/108/108 123/116/116 124/109/109
f 124/109/109 125/187/187 118/105/105
f 121/110/110 120/107/107 126/111/111
f 120/107/107 119/106/106 127/112/112
f 126/111/111 127/112/112 128/113/113
f 129/114/114 130/115/115 122/108/108
f 130/115/115 131/119/119 123/116/116
f 130/115/115 129/114/114 132/117/117
f 133/118/118 134/122/122 131/119/119
f 135/120/120 136/131/131 137/121/121
f 134/122/122 137/121/121 138/123/123
f 134/122/122 133/118/118 139/124/124
f 133/118/118 132/117/117 140/125/125
f 139/124/124 140/125/125 141/126/126
f 142/127/127 143/130/130 135/120/120
f 144/128/128 145/137/137 146/129/129
f 143/130/130 146/129/129 136/131/131
f 143/130/130 142/127/127 147/132/132
f 142/127/127 141/126/126 148/133/133
f 147/132/132 148/133/133 149/134/134
f 150/135/135 151/136/136 144/128/128
f 151/136/136 152/140/140 145/137/137
f 151/136/136 150/135/135 153/138/138
f 154/139/139 155/143/143 152/140/140
f 156/141/141 157/167/167 158/142/142
f 155/143/143 158/142/142 159/144/144
f 155/143/143 154/139/139 160/145/145
f 154/139/139 153/138/138 161/146/146
f 160/145/145 161/146/146 162/147/147
f 163/148/148 76/151/151 156/141/141
f 163/148/148 162/147/147 164/149/149
f 165/150/150 77/64/64 76/151/151
f 165/150/150 164/149/149 166/152/152
f 167/153/153 78/65/65 77/64/64
f 167/153/153 166/152/152 168/154/154
f 169/155/155 170/156/156 78/65/65
f 170/156/156 169/155/155 171/157/157
f 172/158/158 173/160/160 174/159/159
f 170/156/156 174/159/159 73/66/66
f 173/160/160 175/278/278 176/161/161
f 174/159/159 176/161/161 74/62/62
f 176/161/161 175/278/278 177/162/162
f 178/163/163 179/164/164 74/62/62
f 179/164/164 178/163/163 180/165/165
f 181/166/166 158/142/142 157/167/167
f 179/164/164 157/167/167 75/63/63
f 181/166/166 180/165/165 182/168/168
f 183/169/169 159/144/144 158/142/142
f 183/169/169 182/168/168 184/170/170
f 185/171/171 186/172/172 159/144/144
f 186/172/172 185/171/171 187/173/173
f 188/174/174 146/129/129 145/137/137
f 186/172/172 145/137/137 152/140/140
f 188/174/174 187/173/173 189/175/175
f 190/176/176 136/131/131 146/129/129
f 190/176/176 189/175/175 191/177/177
f 192/178/178 137/121/121 136/131/131
f 192/178/178 191/177/177 193/179/179
f 194/180/180 138/123/123 137/121/121
f 194/180/180 193/179/179 195/181/181
f 196/182/182 197/183/183 138/123/123
f 197/183/183 196/182/182 198/184/184
f 199/185/185 124/109/109 123/116/116
f 197/183/183 123/116/116 131/119/119
f 198/184/184 200/188/188 201/186/186
f 199/185/185 201/186/186 125/187/187
f 200/188/188 202/306/306 203/189/189
f 201/186/186 203/189/189 204/190/190
f 203/189/189 205/192/192 206/191/191
f 204/190/190 206/191/191 112/98/98
f 111/97/97 118/105/105 125/187/187
f 205/192/192 207/194/194 208/193/193
f 206/191/191 208/193/193 103/89/89
f 207/194/194 209/196/196 210/195/195
f 208/193/193 210/195/195 104/90/90
f 209/196/196 211/198/198 212/197/197
f 210/195/195 212/197/197 95/81/81
f 211/198/198 213/200/200 214/199/199
f 212/197/197 214/199/199 96/82/82
f 213/200/200 215/202/202 216/201/201
f 214/199/199 216/201/201 86/73/73
f 215/202/202 217/204/204 218/203/203
f 216/201/201 218/203/203 87/74/74
f 217/204/204 219/207/207 220/205/205
f 218/203/203 220/205/205 88/206/206
f 219/207/207 221/325/325 222/208/208
f 220/205/205 222/208/208 223/209/209
f 222/208/208 224/331/331 225/210/210
f 223/209/209 225/210/210 226/211/211
f 80/212/212 79/67/67 88/206/206
f 225/210/210 227/334/334 228/213/213
f 226/211/211 228/213/213 229/214/214
f 230/215/215 81/68/68 80/212/212
f 230/215/215 229/214/214 231/216/216
f 232/217/217 82/70/70 81/68/68
f 232/217/217 231/216/216 233/218/218
f 234/219/219 90/76/76 82/70/70
f 234/219/219 233/218/218 235/220/220
f 236/221/221 91/78/78 90/76/76
f 236/221/221 235/220/220 237/222/222
f 238/223/223 98/84/84 91/78/78
f 238/223/223 237/222/222 239/224/224
f 240/225/225 99/86/86 98/84/84
f 240/225/225 239/224/224 241/226/226
f 242/227/227 106/92/92 99/86/86
f 242/227/227 241/226/226 243/228/228
f 244/229/229 107/94/94 106/92/92
f 244/229/229 243/228/228 245/230/230
f 246/231/231 114/100/100 107/94/94
f 246/231/231 245/230/230 247/232/232
f 248/233/233 115/102/102 114/100/100
f 248/233/233 247/232/232 249/234/234
f 250/235/235 251/236/236 115/102/102
f 251/236/236 119/106/106 116/103/103
f 251/236/236 250/235/235 252/237/237
f 253/238/238 127/112/112 119/106/106
f 253/238/238 252/237/237 254/239/239
f 255/240/240 128/113/113 127/112/112
f 255/240/240 254/239/239 256/241/241
f 257/242/242 258/243/243 128/113/113
f 258/243/243 132/117/117 129/114/114
f 258/243/243 257/242/242 259/244/244
f 260/245/245 140/125/125 132/117/117
f 260/245/245 259/244/244 261/246/246
f 262/247/247 141/126/126 140/125/125
f 262/247/247 261/246/246 263/248/248
f 264/249/249 148/133/133 141/126/126
f 264/249/249 263/248/248 265/250/250
f 266/251/251 149/134/134 148/133/133
f 266/251/251 265/250/250 267/252/252
f 268/253/253 269/254/254 149/134/134
f 269/254/254 153/138/138 150/135/135
f 269/254/254 268/253/253 270/255/255
f 271/256/256 161/146/146 153/138/138
f 271/256/256 270/255/255 272/257/257
f 273/258/258 162/147/147 161/146/146
f 273/258/258 272/257/257 274/259/259
f 275/260/260 164/149/149 162/147/147
f 275/260/260 274/259/259 276/261/261
f 277/262/262 166/152/152 164/149/149
f 277/262/262 276/261/261 278/263/263
f 279/264/264 168/154/154 166/152/152
f 279/264/264 278/263/263 280/265/265
f 281/266/266 282/267/267 168/154/154
f 282/267/267 171/157/157 169/155/155
f 282/267/267 281/266/266 283/268/268
f 284/269/269 285/270/270 171/157/157
f 285/270/270 284/269/269 286/271/271
f 287/272/272 288/274/274 289/273/273
f 285/270/270 289/273/273 172/158/158
f 288/274/274 290/276/276 291/275/275
f 289/273/273 291/275/275 173/160/160
f 290/276/276 292/407/407 293/277/277
f 291/275/275 293/277/277 175/278/278
f 293/277/277 292/407/407 294/279/279
f 295/280/280 177/162/162 175/278/278
f 295/280/280 294/279/279 296/281/281
f 297/282/282 298/283/283 177/162/162
f 298/283/283 297/282/282 299/284/284
f 300/285/285 182/168/168 180/165/165
f 298/283/283 180/165/165 178/163/163
f 300/285/285 299/284/284 301/286/286
f 302/287/287 184/170/170 182/168/168
f 302/287/287 301/286/286 303/288/288
f 304/289/289 305/290/290 184/170/170
f 305/290/290 304/289/289 306/291/291
f 307/292/292 189/175/175 187/173/173
f 305/290/290 187/173/173 185/171/171
f 307/292/292 306/291/291 308/293/293
f 309/294/294 191/177/177 189/175/175
f 309/294/294 308/293/293 310/295/295
f 311/296/296 193/179/179 191/177/177
f 311/296/296 310/295/295 312/297/297
f 313/298/298 195/181/181 193/179/179
f 313/298/298 312/297/297 314/299/299
f 315/300/300 316/301/301 195/181/181
f 316/301/301 315/300/300 317/302/302
f 316/301/301 318/303/303 200/188/188
f 316/301/301 198/184/184 196/182/182
f 318/303/303 317/302/302 319/304/304
f 318/303/303 320/305/305 202/306/306
f 320/305/305 319/304/304 321/307/307
f 320/305/305 322/308/308 323/309/309
f 322/308/308 324/311/311 325/310/310
f 323/309/309 325/310/310 207/194/194
f 205/192/192 203/189/189 202/306/306
f 324/311/311 326/313/313 327/312/312
f 325/310/310 327/312/312 209/196/196
f 326/313/313 328/315/315 329/314/314
f 327/312/312 329/314/314 211/198/198
f 328/315/315 330/317/317 331/316/316
f 329/314/314 331/316/316 213/200/200
f 330/317/317 332/319/319 333/318/318
f 331/316/316 333/318/318 215/202/202
f 332/319/319 334/321/321 335/320/320
f 333/318/318 335/320/320 217/204/204
f 334/321/321 336/323/323 337/322/322
f 335/320/320 337/322/322 219/207/207
f 336/323/323 338/326/326 339/324/324
f 337/322/322 339/324/324 221/325/325
f 338/326/326 340/456/455 341/327/327
f 339/324/324 341/327/327 342/328/328
f 341/327/327 343/462/461 344/329/329
f 342/328/328 344/329/329 345/330/330
f 224/331/331 222/208/208 221/325/325
f 344/329/329 346/465/464 347/332/332
f 345/330/330 347/332/332 348/333/333
f 227/334/334 225/210/210 224/331/331
f 347/332/332 349/468/467 350/335/335
f 348/333/333 350/335/335 351/336/336
f 352/337/337 228/213/213 227/334/334
f 352/337/337 351/336/336 353/338/338
f 354/339/339 229/214/214 228/213/213
f 354/339/339 353/338/338 355/340/340
f 356/341/341 231/216/216 229/214/214
f 356/341/341 355/340/340 357/342/342
f 358/343/343 233/218/218 231/216/216
f 358/343/343 357/342/342 359/344/344
f 360/345/345 235/220/220 233/218/218
f 360/345/345 359/344/344 361/346/346
f 362/347/347 237/222/222 235/220/220
f 362/347/347 361/346/346 363/348/348
f 364/349/349 239/224/224 237/222/222
f 364/349/349 363/348/348 365/350/350
f 366/351/351 241/226/226 239/224/224
f 366/351/351 365/350/350 367/352/352
f 368/353/353 243/228/228 241/226/226
f 368/353/353 367/352/352 369/354/354
f 370/355/355 245/230/230 243/228/228
f 370/355/355 369/354/354 371/356/356
f 372/357/357 247/232/232 245/230/230
f 372/357/357 371/356/356 373/358/358
f 374/359/359 249/234/234 247/232/232
f 374/359/359 373/358/358 375/360/360
f 376/361/361 377/362/362 249/234/234
f 377/362/362 252/237/237 250/235/235
f 377/362/362 376/361/361 378/363/363
f 379/364/364 254/239/239 252/237/237
f 378/363/363 380/366/366 381/365/365
f 379/364/364 381/365/365 256/241/241
f 380/366/366 382/505/504 383/367/367
f 381/365/365 383/367/367 384/368/368
f 384/368/368 259/244/244 257/242/242
f 383/367/367 385/370/370 386/369/369
f 386/369/369 261/246/246 259/244/244
f 385/370/370 387/510/509 388/371/371
f 388/371/371 263/248/248 261/246/246
f 388/371/371 387/510/509 389/372/372
f 390/373/373 265/250/250 263/248/248
f 390/373/373 389/372/372 391/374/374
f 392/375/375 267/252/252 265/250/250
f 392/375/375 391/374/374 393/376/376
f 394/377/377 395/378/378 267/252/252
f 395/378/378 270/255/255 268/253/253
f 395/378/378 394/377/377 396/379/379
f 397/380/380 272/257/257 270/255/255
f 397/380/380 396/379/379 398/381/381
f 399/382/382 274/259/259 272/257/257
f 399/382/382 398/381/381 400/383/383
f 401/384/384 276/261/261 274/259/259
f 401/384/384 400/383/383 402/385/385
f 403/386/386 278/263/263 276/261/261
f 403/386/386 402/385/385 404/387/387
f 405/388/388 280/265/265 278/263/263
f 405/388/388 404/387/387 406/389/389
f 407/390/390 408/391/391 280/265/265
f 408/391/391 283/268/268 281/266/266
f 408/391/391 407/390/390 409/392/392
f 410/393/393 411/394/394 283/268/268
f 411/394/394 286/271/271 284/269/269
f 411/394/394 410/393/393 412/395/395
f 413/396/396 414/397/397 286/271/271
f 414/397/397 413/396/396 415/398/398
f 416/399/399 417/401/401 418/400/400
f 414/397/397 418/400/400 287/272/272
f 417/401/401 419/403/403 420/402/402
f 418/400/400 420/402/402 288/274/274
f 419/403/403 421/405/405 422/404/404
f 420/402/402 422/404/404 290/276/276
f 421/405/405 423/408/408 424/406/406
f 422/404/404 424/406/406 292/407/407
f 423/408/408 425/555/554 426/409/409
f 424/406/406 426/409/409 294/279/279
f 426/409/409 425/555/554 427/410/410
f 428/411/411 296/281/281 294/279/279
f 428/411/411 427/410/410 429/412/412
f 430/413/413 431/414/414 296/281/281
f 431/414/414 430/413/413 432/415/415
f 433/416/416 301/286/286 299/284/284
f 431/414/414 299/284/284 297/282/282
f 433/416/416 432/415/415 434/417/417
f 435/418/418 303/288/288 301/286/286
f 435/418/418 434/417/417 436/419/419
f 437/420/420 438/421/421 303/288/288
f 438/421/421 437/420/420 439/422/422
f 440/423/423 308/293/293 306/291/291
f 438/421/421 306/291/291 304/289/289
f 440/423/423 439/422/422 441/424/424
f 442/425/425 310/295/295 308/293/293
f 442/425/425 441/424/424 443/426/426
f 444/427/427 312/297/297 310/295/295
f 444/427/427 443/426/426 445/428/428
f 446/429/429 314/299/299 312/297/297
f 446/429/429 445/428/428 447/430/430
f 448/431/431 449/435/432 314/299/299
f 449/432/432 448/593/431 450/433/433
f 451/434/434 319/304/304 317/302/302
f 449/435/432 317/302/302 315/300/300
f 451/434/434 450/433/433 452/436/435
f 453/437/436 321/307/307 319/304/304
f 453/437/436 452/436/435 454/438/437
f 455/439/438 456/441/440 321/307/307
f 455/439/438 457/442/441 458/440/439
f 456/441/440 458/440/439 326/313/313
f 324/311/311 322/308/308 321/307/307
f 457/442/441 459/444/443 460/443/442
f 458/440/439 460/443/442 328/315/315
f 459/444/443 461/446/445 462/445/444
f 460/443/442 462/445/444 330/317/317
f 461/446/445 463/448/447 464/447/446
f 462/445/444 464/447/446 332/319/319
f 463/448/447 465/450/449 466/449/448
f 464/447/446 466/449/448 334/321/321
f 465/450/449 467/452/451 468/451/450
f 466/449/448 468/451/450 336/323/323
f 467/452/451 469/454/453 470/453/452
f 468/451/450 470/453/452 338/326/326
f 469/454/453 471/457/456 472/455/454
f 470/453/452 472/455/454 340/456/455
f 471/457/456 473/613/601 474/458/457
f 472/455/454 474/458/457 475/459/458
f 474/458/457 476/619/607 477/460/459
f 475/459/458 477/460/459 478/461/460
f 343/462/461 341/327/327 340/456/455
f 477/460/459 479/623/611 480/463/462
f 478/461/460 480/463/462 481/464/463
f 346/465/464 344/329/329 343/462/461
f 481/464/463 480/463/462 482/466/465
f 483/467/466 484/469/468 349/468/467
f 349/468/467 347/332/332 346/465/464
f 484/469/468 483/467/466 485/470/469
f 486/471/470 487/636/624 488/472/471
f 488/472/471 350/335/335 349/468/467
f 488/472/471 487/636/624 489/473/472
f 490/474/473 351/336/336 350/335/335
f 490/474/473 489/473/472 491/475/474
f 492/476/475 353/338/338 351/336/336
f 492/476/475 491/475/474 493/477/476
f 494/478/477 355/340/340 353/338/338
f 494/478/477 493/477/476 495/479/478
f 496/480/479 357/342/342 355/340/340
f 496/480/479 495/479/478 497/481/480
f 498/482/481 359/344/344 357/342/342
f 498/482/481 497/481/480 499/483/482
f 500/484/483 361/346/346 359/344/344
f 500/484/483 499/483/482 501/485/484
f 502/486/485 363/348/348 361/346/346
f 502/486/485 501/485/484 503/487/486
f 504/488/487 365/350/350 363/348/348
f 504/488/487 503/487/486 505/489/488
f 506/490/489 367/352/352 365/350/350
f 506/490/489 505/489/488 507/491/490
f 508/492/491 369/354/354 367/352/352
f 508/492/491 507/491/490 509/493/492
f 510/494/493 371/356/356 369/354/354
f 510/494/493 509/493/492 511/495/494
f 512/496/495 373/358/358 371/356/356
f 512/496/495 511/495/494 513/497/496
f 514/498/497 375/360/360 373/358/358
f 514/498/497 513/497/496 515/499/498
f 516/500/499 517/501/500 375/360/360
f 517/501/500 378/363/363 376/361/361
f 516/500/499 518/503/502 519/502/501
f 517/501/500 519/502/501 380/366/366
f 518/503/502 520/506/505 521/504/503
f 519/502/501 521/504/503 382/505/504
f 520/506/505 522/670/658 523/507/506
f 521/504/503 523/507/506 524/508/507
f 385/370/370 383/367/367 382/505/504
f 523/507/506 525/511/510 526/509/508
f 524/508/507 526/509/508 387/510/509
f 525/511/510 527/675/663 528/512/511
f 528/512/511 389/372/372 387/510/509
f 528/512/511 527/675/663 529/513/512
f 530/514/513 391/374/374 389/372/372
f 530/514/513 529/513/512 531/515/514
f 532/516/515 393/376/376 391/374/374
f 532/516/515 531/515/514 533/517/516
f 534/518/517 535/519/518 393/376/376
f 535/519/518 396/379/379 394/377/377
f 535/519/518 534/518/517 536/520/519
f 537/521/520 398/381/381 396/379/379
f 537/521/520 536/520/519 538/522/521
f 539/523/522 400/383/383 398/381/381
f 539/523/522 538/522/521 540/524/523
f 541/525/524 402/385/385 400/383/383
f 541/525/524 540/524/523 542/526/525
f 543/527/526 404/387/387 402/385/385
f 543/527/526 542/526/525 544/528/527
f 545/529/528 406/389/389 404/387/387
f 545/529/528 544/528/527 546/530/529
f 547/531/530 548/532/531 406/389/389
f 548/532/531 409/392/392 407/390/390
f 548/532/531 547/531/530 549/533/532
f 550/534/533 551/535/534 409/392/392
f 551/535/534 412/395/395 410/393/393
f 551/535/534 550/534/533 552/536/535
f 553/537/536 554/538/537 412/395/395
f 554/538/537 415/398/398 413/396/396
f 554/538/537 553/537/536 555/539/538
f 556/540/539 557/541/540 415/398/398
f 557/541/540 556/540/539 558/542/541
f 559/543/542 560/545/544 561/544/543
f 557/541/540 561/544/543 416/399/399
f 560/545/544 562/547/546 563/546/545
f 561/544/543 563/546/545 417/401/401
f 562/547/546 564/549/548 565/548/547
f 563/546/545 565/548/547 419/403/403
f 564/549/548 566/551/550 567/550/549
f 565/548/547 567/550/549 421/405/405
f 566/551/550 568/723/711 569/552/551
f 567/550/549 569/552/551 423/408/408
f 569/552/551 568/723/711 570/553/552
f 569/552/551 571/554/553 425/555/554
f 571/554/553 570/553/552 572/556/555
f 573/557/556 427/410/410 425/555/554
f 573/557/556 572/556/555 574/558/557
f 575/559/558 429/412/412 427/410/410
f 575/559/558 574/558/557 576/560/559
f 577/561/560 578/566/561 429/412/412
f 578/562/561 577/739/560 579/563/562
f 580/564/563 434/569/417 432/565/415
f 578/566/561 432/415/415 430/413/413
f 580/564/563 579/563/562 581/567/564
f 582/568/565 436/572/419 434/569/417
f 582/568/565 581/567/564 583/570/566
f 584/571/567 585/573/568 436/572/419
f 585/573/568 584/571/567 586/574/569
f 587/576/570 441/424/424 439/422/422
f 585/577/568 439/422/422 437/420/420
f 587/575/570 586/574/569 588/578/571
f 589/580/572 443/426/426 441/424/424
f 589/579/572 588/578/571 590/581/573
f 591/583/574 445/428/428 443/426/426
f 591/582/574 590/581/573 592/584/575
f 593/586/576 447/430/430 445/428/428
f 593/585/576 592/584/575 594/587/577
f 595/588/578 596/590/579 447/589/430
f 596/590/579 595/588/578 597/591/580
f 598/592/581 452/436/435 450/433/433
f 596/590/579 450/433/433 448/593/431
f 598/592/581 597/591/580 599/594/582
f 600/595/583 454/438/437 452/436/435
f 599/594/582 601/759/744 602/596/584
f 602/596/584 603/598/586 454/438/437
f 602/596/584 604/599/587 605/597/585
f 603/598/586 605/597/585 459/444/443
f 457/442/441 455/439/438 454/438/437
f 604/599/587 606/601/589 607/600/588
f 605/597/585 607/600/588 461/446/445
f 606/601/589 608/603/591 609/602/590
f 607/600/588 609/602/590 463/448/447
f 608/603/591 610/605/593 611/604/592
f 609/602/590 611/604/592 465/450/449
f 610/605/593 612/607/595 613/606/594
f 611/604/592 613/606/594 467/452/451
f 612/607/595 614/609/597 615/608/596
f 613/606/594 615/608/596 469/454/453
f 614/609/597 616/611/599 617/610/598
f 615/608/596 617/610/598 471/457/456
f 616/611/599 618/614/602 619/612/600
f 617/610/598 619/612/600 473/613/601
f 618/614/602 620/778/763 621/615/603
f 619/612/600 621/615/603 622/616/604
f 622/616/604 621/615/603 623/617/605
f 624/618/606 625/620/608 476/619/607
f 476/619/607 474/458/457 473/613/601
f 625/620/608 624/618/606 626/621/609
f 627/622/610 628/624/612 479/623/611
f 625/620/608 479/623/611 477/460/459
f 628/624/612 627/622/610 629/625/613
f 630/626/614 631/627/615 482/466/465
f 628/624/612 482/466/465 480/463/462
f 631/627/615 630/626/614 632/628/616
f 633/629/617 634/630/618 485/470/469
f 631/627/615 485/470/469 483/467/466
f 634/630/618 633/629/617 635/631/619
f 636/632/620 637/634/622 638/633/621
f 634/630/618 638/633/621 486/471/470
f 637/634/622 639/637/625 640/635/623
f 638/633/621 640/635/623 487/636/624
f 639/637/625 641/806/791 642/638/626
f 640/635/623 642/638/626 489/473/472
f 642/638/626 641/806/791 643/639/627
f 644/640/628 491/475/474 489/473/472
f 644/640/628 643/639/627 645/641/629
f 646/642/630 493/477/476 491/475/474
f 646/642/630 645/641/629 647/643/631
f 648/644/632 495/479/478 493/477/476
f 648/644/632 647/643/631 649/645/633
f 650/646/634 497/481/480 495/479/478
f 650/646/634 649/645/633 651/647/635
f 652/648/636 499/483/482 497/481/480
f 652/648/636 651/647/635 653/649/637
f 654/650/638 501/485/484 499/483/482
f 654/650/638 653/649/637 655/651/639
f 656/652/640 503/487/486 501/485/484
f 656/652/640 655/651/639 657/653/641
f 658/654/642 505/489/488 503/487/486
f 658/654/642 657/653/641 659/655/643
f 660/656/644 507/491/490 505/489/488
f 660/656/644 659/655/643 661/657/645
f 662/658/646 509/493/492 507/491/490
f 662/658/646 661/657/645 663/659/647
f 664/660/648 511/495/494 509/493/492
f 664/660/648 663/659/647 665/661/649
f 666/662/650 513/497/496 511/495/494
f 666/662/650 665/661/649 667/663/651
f 668/664/652 515/499/498 513/497/496
f 667/663/651 669/834/819 670/665/653
f 668/664/652 670/665/653 671/666/654
f 518/503/502 516/500/499 515/499/498
f 670/665/653 672/668/656 673/667/655
f 671/666/654 673/667/655 520/506/505
f 672/668/656 674/671/659 675/669/657
f 673/667/655 675/669/657 522/670/658
f 674/671/659 676/841/826 677/672/660
f 675/669/657 677/672/660 678/673/661
f 525/511/510 523/507/506 522/670/658
f 677/672/660 679/847/832 680/674/662
f 678/673/661 680/674/662 527/675/663
f 680/674/662 679/847/832 681/676/664
f 682/677/665 529/513/512 527/675/663
f 682/677/665 681/676/664 683/678/666
f 684/679/667 531/515/514 529/513/512
f 684/679/667 683/678/666 685/680/668
f 686/681/669 533/517/516 531/515/514
f 686/681/669 685/680/668 687/682/670
f 688/683/671 689/684/672 533/517/516
f 689/684/672 536/520/519 534/518/517
f 689/684/672 688/683/671 690/685/673
f 691/686/674 538/522/521 536/520/519
f 691/686/674 690/685/673 692/687/675
f 693/688/676 540/524/523 538/522/521
f 693/688/676 692/687/675 694/689/677
f 695/690/678 542/526/525 540/524/523
f 695/690/678 694/689/677 696/691/679
f 697/692/680 544/528/527 542/526/525
f 697/692/680 696/691/679 698/693/681
f 699/694/682 546/530/529 544/528/527
f 699/694/682 698/693/681 700/695/683
f 701/696/684 702/697/685 546/530/529
f 702/697/685 549/533/532 547/531/530
f 702/697/685 701/696/684 703/698/686
f 704/699/687 705/700/688 549/533/532
f 705/700/688 552/536/535 550/534/533
f 705/700/688 704/699/687 706/701/689
f 707/702/690 708/703/691 552/536/535
f 708/703/691 555/539/538 553/537/536
f 708/703/691 707/702/690 709/704/692
f 710/705/693 711/706/694 555/539/538
f 711/706/694 558/542/541 556/540/539
f 711/706/694 710/705/693 712/707/695
f 713/708/696 714/709/697 558/542/541
f 714/709/697 713/708/696 715/710/698
f 716/711/699 717/713/701 718/712/700
f 714/709/697 718/712/700 559/543/542
f 717/713/701 719/715/703 720/714/702
f 718/712/700 720/714/702 560/545/544
f 719/715/703 721/717/705 722/716/704
f 720/714/702 722/716/704 562/547/546
f 721/717/705 723/719/707 724/718/706
f 722/716/704 724/718/706 564/549/548
f 723/719/707 725/898/883 726/720/708
f 724/718/706 726/720/708 566/551/550
f 726/720/708 725/898/883 727/721/709
f 726/720/708 728/722/710 568/723/711
f 728/722/710 727/721/709 729/724/712
f 730/725/713 570/553/552 568/723/711
f 730/725/713 729/724/712 731/726/714
f 732/727/715 572/556/555 570/553/552
f 732/727/715 731/726/714 733/728/716
f 734/729/717 574/558/557 572/556/555
f 734/729/717 733/728/716 735/730/718
f 736/731/719 576/560/559 574/558/557
f 736/732/719 735/912/718 737/733/720
f 738/734/721 739/736/722 576/735/559
f 739/736/722 738/734/721 740/737/723
f 741/738/724 581/567/564 579/563/562
f 739/736/722 579/563/562 577/739/560
f 741/738/724 740/737/723 742/740/725
f 743/741/726 583/570/566 581/567/564
f 743/741/726 742/740/725 744/742/727
f 745/743/728 746/744/729 583/570/566
f 746/744/729 745/743/728 747/745/730
f 748/746/731 588/578/571 586/574/569
f 746/744/729 586/574/569 584/571/567
f 748/746/731 747/745/730 749/747/732
f 750/748/733 590/581/573 588/578/571
f 750/748/733 749/747/732 751/749/734
f 752/750/735 592/584/575 590/581/573
f 752/750/735 751/749/734 753/751/736
f 754/752/737 594/587/577 592/584/575
f 754/752/737 753/751/736 755/753/738
f 756/754/739 757/755/740 594/587/577
f 757/755/740 756/754/739 758/756/741
f 759/757/742 599/594/582 597/591/580
f 757/755/740 597/591/580 595/588/578
f 758/756/741 760/760/745 761/758/743
f 759/757/742 761/758/743 601/759/744
f 760/760/745 762/937/920 763/761/746
f 761/758/743 763/761/746 764/762/747
f 763/761/746 765/764/749 766/763/748
f 764/762/747 766/763/748 606/601/589
f 604/599/587 602/596/584 601/759/744
f 765/764/749 767/766/751 768/765/750
f 766/763/748 768/765/750 608/603/591
f 767/766/751 769/768/753 770/767/752
f 768/765/750 770/767/752 610/605/593
f 769/768/753 771/770/755 772/769/754
f 770/767/752 772/769/754 612/607/595
f 771/770/755 773/772/757 774/771/756
f 772/769/754 774/771/756 614/609/597
f 773/772/757 775/774/759 776/773/758
f 774/771/756 776/773/758 616/611/599
f 775/774/759 777/776/761 778/775/760
f 776/773/758 778/775/760 618/614/602
f 777/776/761 779/779/764 780/777/762
f 778/775/760 780/777/762 620/778/763
f 779/779/764 781/956/939 782/780/765
f 782/780/765 783/781/766 620/778/763
f 783/781/766 782/780/765 784/782/767
f 785/783/768 786/784/769 623/617/605
f 783/781/766 623/617/605 621/615/603
f 786/784/769 785/783/768 787/785/770
f 788/786/771 789/787/772 626/621/609
f 786/784/769 626/621/609 624/618/606
f 789/787/772 788/786/771 790/788/773
f 791/789/774 792/790/775 629/625/613
f 789/787/772 629/625/613 627/622/610
f 792/790/775 791/789/774 793/791/776
f 794/792/777 795/793/778 632/628/616
f 792/790/775 632/628/616 630/626/614
f 795/793/778 794/792/777 796/794/779
f 797/795/780 798/796/781 635/631/619
f 795/793/778 635/631/619 633/629/617
f 798/796/781 797/795/780 799/797/782
f 800/798/783 801/800/785 802/799/784
f 798/796/781 802/799/784 636/632/620
f 801/800/785 803/802/787 804/801/786
f 802/799/784 804/801/786 637/634/622
f 803/802/787 805/804/789 806/803/788
f 804/801/786 806/803/788 639/637/625
f 805/804/789 807/807/792 808/805/790
f 806/803/788 808/805/790 641/806/791
f 807/807/792 809/809/794 810/808/793
f 808/805/790 810/808/793 643/639/627
f 809/809/794 811/992/975 812/810/795
f 812/810/795 645/641/629 643/639/627
f 812/810/795 811/992/975 813/811/796
f 814/812/797 647/643/631 645/641/629
f 814/812/797 813/811/796 815/813/798
f 816/814/799 649/645/633 647/643/631
f 816/814/799 815/813/798 817/815/800
f 818/816/801 651/647/635 649/645/633
f 818/816/801 817/815/800 819/817/802
f 820/818/803 653/649/637 651/647/635
f 820/818/803 819/817/802 821/819/804
f 822/820/805 655/651/639 653/649/637
f 822/820/805 821/819/804 823/821/806
f 824/822/807 657/653/641 655/651/639
f 824/822/807 823/821/806 825/823/808
f 826/824/809 659/655/643 657/653/641
f 826/824/809 825/823/808 827/825/810
f 828/826/811 661/657/645 659/655/643
f 828/826/811 827/825/810 829/827/812
f 830/828/813 663/659/647 661/657/645
f 830/828/813 829/827/812 831/829/814
f 832/830/815 665/661/649 663/659/647
f 832/830/815 831/829/814 833/831/816
f 834/832/817 667/663/651 665/661/649
f 833/831/816 835/835/820 836/833/818
f 834/832/817 836/833/818 669/834/819
f 835/835/820 837/1018/1001 838/836/821
f 836/833/818 838/836/821 839/837/822
f 672/668/656 670/665/653 669/834/819
f 838/836/821 840/1022/1005 841/838/823
f 839/837/822 841/838/823 674/671/659
f 841/838/823 840/1022/1005 842/839/824
f 841/838/823 843/840/825 676/841/826
f 843/840/825 842/839/824 844/842/827
f 845/843/828 846/844/829 676/841/826
f 846/844/829 679/847/832 677/672/660
f 846/844/829 845/843/828 847/845/830
f 848/846/831 681/676/664 679/847/832
f 848/846/831 847/845/830 849/848/833
f 850/849/834 683/678/666 681/676/664
f 850/849/834 849/848/833 851/850/835
f 852/851/836 685/680/668 683/678/666
f 852/851/836 851/850/835 853/852/837
f 854/853/838 687/682/670 685/680/668
f 854/853/838 853/852/837 855/854/839
f 856/855/840 857/856/841 687/682/670
f 857/856/841 690/685/673 688/683/671
f 857/856/841 856/855/840 858/857/842
f 859/858/843 692/687/675 690/685/673
f 859/858/843 858/857/842 860/859/844
f 861/860/845 694/689/677 692/687/675
f 861/860/845 860/859/844 862/861/846
f 863/862/847 696/691/679 694/689/677
f 863/862/847 862/861/846 864/863/848
f 865/864/849 698/693/681 696/691/679
f 865/864/849 864/863/848 866/865/850
f 867/866/851 700/695/683 698/693/681
f 867/866/851 866/865/850 868/867/852
f 869/868/853 870/869/854 700/695/683
f 870/869/854 703/698/686 701/696/684
f 870/869/854 869/868/853 871/870/855
f 872/871/856 873/872/857 703/698/686
f 873/872/857 706/701/689 704/699/687
f 873/872/857 872/871/856 874/873/858
f 875/874/859 876/875/860 706/701/689
f 876/875/860 709/704/692 707/702/690
f 876/875/860 875/874/859 877/876/861
f 878/877/862 879/878/863 709/704/692
f 879/878/863 712/707/695 710/705/693
f 879/878/863 878/877/862 880/879/864
f 881/880/865 882/881/866 712/707/695
f 882/881/866 715/710/698 713/708/696
f 882/881/866 881/880/865 883/882/867
f 884/883/868 885/884/869 715/710/698
f 885/884/869 884/883/868 886/885/870
f 887/886/871 888/888/873 889/887/872
f 885/884/869 889/887/872 716/711/699
f 888/888/873 890/890/875 891/889/874
f 889/887/872 891/889/874 717/713/701
f 890/890/875 892/892/877 893/891/876
f 891/889/874 893/891/876 719/715/703
f 892/892/877 894/894/879 895/893/878
f 893/891/876 895/893/878 721/717/705
f 894/894/879 896/896/881 897/895/880
f 895/893/878 897/895/880 723/719/707
f 896/896/881 898/899/884 899/897/882
f 897/895/880 899/897/882 725/898/883
f 898/899/884 900/1091/1074 901/900/885
f 901/900/885 727/721/709 725/898/883
f 901/900/885 900/1091/1074 902/901/886
f 903/902/887 729/724/712 727/721/709
f 903/902/887 902/901/886 904/903/888
f 905/904/889 731/726/714 729/724/712
f 905/904/889 904/903/888 906/905/890
f 907/906/891 733/728/716 731/726/714
f 907/906/891 906/905/890 908/907/892
f 909/908/893 735/730/718 733/728/716
f 909/909/893 908/1103/892 910/910/894
f 911/911/895 737/733/720 735/912/718
f 911/911/895 910/910/894 912/913/896
f 913/914/897 914/915/898 737/733/720
f 914/915/898 913/914/897 915/916/899
f 916/917/900 742/740/725 740/737/723
f 914/915/898 740/737/723 738/734/721
f 916/917/900 915/916/899 917/918/901
f 918/919/902 744/742/727 742/740/725
f 918/919/902 917/918/901 919/920/903
f 920/921/904 921/922/905 744/742/727
f 921/922/905 920/921/904 922/923/906
f 923/924/907 749/747/732 747/745/730
f 921/922/905 747/745/730 745/743/728
f 923/924/907 922/923/906 924/925/908
f 925/926/909 751/749/734 749/747/732
f 925/926/909 924/925/908 926/927/910
f 927/928/911 753/751/736 751/749/734
f 927/928/911 926/927/910 928/929/912
f 929/930/913 755/753/738 753/751/736
f 929/930/913 928/929/912 930/931/914
f 931/932/915 932/934/917 755/753/738
f 931/932/915 933/935/918 934/933/916
f 932/934/917 934/933/916 760/760/745
f 932/934/917 758/756/741 756/754/739
f 933/935/918 935/938/921 936/936/919
f 934/933/916 936/936/919 762/937/920
f 935/938/921 937/1130/1111 938/939/922
f 936/936/919 938/939/922 939/940/923
f 938/939/922 940/942/925 941/941/924
f 939/940/923 941/941/924 767/766/751
f 765/764/749 763/761/746 762/937/920
f 940/942/925 942/944/927 943/943/926
f 941/941/924 943/943/926 769/768/753
f 942/944/927 944/946/929 945/945/928
f 943/943/926 945/945/928 771/770/755
f 944/946/929 946/948/931 947/947/930
f 945/945/928 947/947/930 773/772/757
f 946/948/931 948/950/933 949/949/932
f 947/947/930 949/949/932 775/774/759
f 948/950/933 950/952/935 951/951/934
f 949/949/932 951/951/934 777/776/761
f 950/952/935 952/954/937 953/953/936
f 951/951/934 953/953/936 779/779/764
f 952/954/937 954/957/940 955/955/938
f 953/953/936 955/955/938 781/956/939
f 954/957/940 956/1149/1130 957/958/941
f 955/955/938 957/958/941 958/959/942
f 957/958/941 959/1155/1136 960/960/943
f 960/960/943 961/961/944 784/782/767
f 958/959/942 784/782/767 782/780/765
f 961/961/944 960/960/943 962/962/945
f 963/963/946 964/964/947 787/785/770
f 961/961/944 787/785/770 785/783/768
f 964/964/947 963/963/946 965/965/948
f 966/966/949 967/967/950 790/788/773
f 964/964/947 790/788/773 788/786/771
f 967/967/950 966/966/949 968/968/951
f 969/969/952 970/970/953 793/791/776
f 967/967/950 793/791/776 791/789/774
f 970/970/953 969/969/952 971/971/954
f 972/972/955 973/973/956 796/794/779
f 970/970/953 796/794/779 794/792/777
f 973/973/956 972/972/955 974/974/957
f 975/975/958 976/976/959 799/797/782
f 973/973/956 799/797/782 797/795/780
f 976/976/959 975/975/958 977/977/960
f 978/978/961 979/980/963 980/979/962
f 976/976/959 980/979/962 800/798/783
f 979/980/963 981/982/965 982/981/964
f 980/979/962 982/981/964 801/800/785
f 981/982/965 983/984/967 984/983/966
f 982/981/964 984/983/966 803/802/787
f 983/984/967 985/986/969 986/985/968
f 984/983/966 986/985/968 805/804/789
f 985/986/969 987/988/971 988/987/970
f 986/985/968 988/987/970 807/807/792
f 987/988/971 989/990/973 990/989/972
f 988/987/970 990/989/972 809/809/794
f 989/990/973 991/993/976 992/991/974
f 990/989/972 992/991/974 811/992/975
f 991/993/976 993/995/978 994/994/977
f 992/991/974 994/994/977 813/811/796
f 993/995/978 995/997/980 996/996/979
f 994/994/977 996/996/979 815/813/798
f 995/997/980 997/999/982 998/998/981
f 996/996/979 998/998/981 817/815/800
f 997/999/982 999/1199/1180 1000/1000/983
f 998/998/981 1000/1000/983 819/817/802
f 1000/1000/983 999/1199/1180 1001/1001/984
f 1002/1002/985 821/819/804 819/817/802
f 1002/1002/985 1001/1001/984 1003/1003/986
f 1004/1004/987 823/821/806 821/819/804
f 1004/1004/987 1003/1003/986 1005/1005/988
f 1006/1006/989 825/823/808 823/821/806
f 1006/1006/989 1005/1005/988 1007/1007/990
f 1008/1008/991 827/825/810 825/823/808
f 1008/1008/991 1007/1007/990 1009/1009/992
f 1010/1010/993 829/827/812 827/825/810
f 1010/1010/993 1009/1009/992 1011/1011/994
f 1012/1012/995 831/829/814 829/827/812
f 1012/1012/995 1011/1011/994 1013/1013/996
f 1014/1014/997 833/831/816 831/829/814
f 1013/1013/996 1015/1016/999 1016/1015/998
f 1014/1014/997 1016/1015/998 835/835/820
f 1015/1016/999 1017/1019/1002 1018/1017/1000
f 1016/1015/998 1018/1017/1000 837/1018/1001
f 1017/1019/1002 1019/1217/1198 1020/1020/1003
f 1018/1017/1000 1020/1020/1003 1021/1021/1004
f 840/1022/1005 838/836/821 837/1018/1001
f 1021/1021/1004 1020/1020/1003 1022/1023/1006
f 1023/1024/1007 842/839/824 840/1022/1005
f 1023/1024/1007 1022/1023/1006 1024/1025/1008
f 1025/1026/1009 844/842/827 842/839/824
f 1025/1026/1009 1024/1025/1008 1026/1027/1010
f 1027/1028/1011 1028/1029/1012 844/842/827
f 1028/1029/1012 847/845/830 845/843/828
f 1028/1029/1012 1027/1028/1011 1029/1030/1013
f 1030/1031/1014 849/848/833 847/845/830
f 1030/1031/1014 1029/1030/1013 1031/1032/1015
f 1032/1033/1016 851/850/835 849/848/833
f 1032/1033/1016 1031/1032/1015 1033/1034/1017
f 1034/1035/1018 853/852/837 851/850/835
f 1034/1035/1018 1033/1034/1017 1035/1036/1019
f 1036/1037/1020 855/854/839 853/852/837
f 1036/1037/1020 1035/1036/1019 1037/1038/1021
f 1038/1039/1022 1039/1040/1023 855/854/839
f 1039/1040/1023 858/857/842 856/855/840
f 1039/1040/1023 1038/1039/1022 1040/1041/1024
f 1041/1042/1025 860/859/844 858/857/842
f 1041/1042/1025 1040/1041/1024 1042/1043/1026
f 1043/1044/1027 862/861/846 860/859/844
f 1043/1044/1027 1042/1043/1026 1044/1045/1028
f 1045/1046/1029 864/863/848 862/861/846
f 1045/1046/1029 1044/1045/1028 1046/1047/1030
f 1047/1048/1031 866/865/850 864/863/848
f 1047/1048/1031 1046/1047/1030 1048/1049/1032
f 1049/1050/1033 868/867/852 866/865/850
f 1049/1050/1033 1048/1049/1032 1050/1051/1034
f 1051/1052/1035 1052/1053/1036 868/867/852
f 1052/1053/1036 871/870/855 869/868/853
f 1052/1053/1036 1051/1052/1035 1053/1054/1037
f 1054/1055/1038 1055/1056/1039 871/870/855
f 1055/1056/1039 874/873/858 872/871/856
f 1055/1056/1039 1054/1055/1038 1056/1057/1040
f 1057/1058/1041 1058/1059/1042 874/873/858
f 1058/1059/1042 877/876/861 875/874/859
f 1058/1059/1042 1057/1058/1041 1059/1060/1043
f 1060/1061/1044 1061/1062/1045 877/876/861
f 1061/1062/1045 880/879/864 878/877/862
f 1061/1062/1045 1060/1061/1044 1062/1063/1046
f 1063/1064/1047 1064/1065/1048 880/879/864
f 1064/1065/1048 883/882/867 881/880/865
f 1064/1065/1048 1063/1064/1047 1065/1066/1049
f 1066/1067/1050 1067/1068/1051 883/882/867
f 1067/1068/1051 886/885/870 884/883/868
f 1067/1068/1051 1066/1067/1050 1068/1069/1052
f 1069/1070/1053 1070/1071/1054 886/885/870
f 1070/1071/1054 1071/1074/1057 887/886/871
f 1070/1071/1054 1069/1070/1053 1072/1072/1055
f 1073/1073/1056 1074/1075/1058 1071/1074/1057
f 1074/1075/1058 1073/1073/1056 1075/1076/1059
f 1076/1077/1060 1077/1281/1262 1078/1078/1061
f 1074/1075/1058 1078/1078/1061 1079/1079/1062
f 1078/1078/1061 1080/1081/1064 1081/1080/1063
f 1079/1079/1062 1081/1080/1063 890/890/875
f 888/888/873 887/886/871 1071/1074/1057
f 1080/1081/1064 1082/1083/1066 1083/1082/1065
f 1081/1080/1063 1083/1082/1065 892/892/877
f 1082/1083/1066 1084/1085/1068 1085/1084/1067
f 1083/1082/1065 1085/1084/1067 894/894/879
f 1084/1085/1068 1086/1087/1070 1087/1086/1069
f 1085/1084/1067 1087/1086/1069 896/896/881
f 1086/1087/1070 1088/1089/1072 1089/1088/1071
f 1087/1086/1069 1089/1088/1071 898/899/884
f 1088/1089/1072 1090/1092/1075 1091/1090/1073
f 1089/1088/1071 1091/1090/1073 900/1091/1074
f 1090/1092/1075 1092/1094/1077 1093/1093/1076
f 1091/1090/1073 1093/1093/1076 902/901/886
f 1092/1094/1077 1094/1096/1079 1095/1095/1078
f 1095/1095/1078 904/903/888 902/901/886
f 1094/1096/1079 1096/1300/1281 1097/1097/1080
f 1097/1097/1080 906/905/890 904/903/888
f 1097/1097/1080 1096/1300/1281 1098/1098/1081
f 1099/1099/1082 908/907/892 906/905/890
f 1099/1100/1082 1098/1306/1081 1100/1101/1083
f 1101/1102/1084 910/910/894 908/1103/892
f 1101/1102/1084 1100/1101/1083 1102/1104/1085
f 1103/1105/1086 912/913/896 910/910/894
f 1103/1105/1086 1102/1104/1085 1104/1106/1087
f 1105/1107/1088 1106/1108/1089 912/913/896
f 1106/1108/1089 1105/1107/1088 1107/1109/1090
f 1108/1110/1091 917/918/901 915/916/899
f 1106/1108/1089 915/916/899 913/914/897
f 1108/1110/1091 1107/1109/1090 1109/1111/1092
f 1110/1112/1093 919/920/903 917/918/901
f 1110/1112/1093 1109/1111/1092 1111/1113/1094
f 1112/1114/1095 1113/1115/1096 919/920/903
f 1113/1115/1096 1112/1114/1095 1114/1116/1097
f 1115/1117/1098 924/925/908 922/923/906
f 1113/1115/1096 922/923/906 920/921/904
f 1115/1117/1098 1114/1116/1097 1116/1118/1099
f 1117/1119/1100 926/927/910 924/925/908
f 1117/1119/1100 1116/1118/1099 1118/1120/1101
f 1119/1121/1102 928/929/912 926/927/910
f 1119/1121/1102 1118/1120/1101 1120/1122/1103
f 1121/1123/1104 930/931/914 928/929/912
f 1121/1123/1104 1120/1122/1103 1122/1124/1105
f 1123/1125/1106 1124/1127/1108 930/931/914
f 1123/1125/1106 1125/1128/1109 1126/1126/1107
f 1124/1127/1108 1126/1126/1107 935/938/921
f 933/935/918 931/932/915 930/931/914
f 1125/1128/1109 1127/1131/1112 1128/1129/1110
f 1126/1126/1107 1128/1129/1110 937/1130/1111
f 1127/1131/1112 1129/1333/1312 1130/1132/1113
f 1128/1129/1110 1130/1132/1113 1131/1133/1114
f 1130/1132/1113 1132/1135/1116 1133/1134/1115
f 1131/1133/1114 1133/1134/1115 942/944/927
f 940/942/925 938/939/922 937/1130/1111
f 1132/1135/1116 1134/1137/1118 1135/1136/1117
f 1133/1134/1115 1135/1136/1117 944/946/929
f 1134/1137/1118 1136/1139/1120 1137/1138/1119
f 1135/1136/1117 1137/1138/1119 946/948/931
f 1136/1139/1120 1138/1141/1122 1139/1140/1121
f 1137/1138/1119 1139/1140/1121 948/950/933
f 1138/1141/1122 1140/1143/1124 1141/1142/1123
f 1139/1140/1121 1141/1142/1123 950/952/935
f 1140/1143/1124 1142/1145/1126 1143/1144/1125
f 1141/1142/1123 1143/1144/1125 952/954/937
f 1142/1145/1126 1144/1147/1128 1145/1146/1127
f 1143/1144/1125 1145/1146/1127 954/957/940
f 1144/1147/1128 1146/1150/1131 1147/1148/1129
f 1145/1146/1127 1147/1148/1129 956/1149/1130
f 1146/1150/1131 1148/1352/1331 1149/1151/1132
f 1147/1148/1129 1149/1151/1132 1150/1152/1133
f 1149/1151/1132 1151/1358/1337 1152/1153/1134
f 1150/1152/1133 1152/1153/1134 1153/1154/1135
f 959/1155/1136 957/958/941 956/1149/1130
f 1152/1153/1134 1154/1361/1340 1155/1156/1137
f 1153/1154/1135 1155/1156/1137 1156/1157/1138
f 962/962/945 960/960/943 959/1155/1136
f 1155/1156/1137 1157/1364/1343 1158/1158/1139
f 1158/1158/1139 1159/1159/1140 965/965/948
f 1156/1157/1138 965/965/948 963/963/946
f 1159/1159/1140 1158/1158/1139 1160/1160/1141
f 1161/1161/1142 1162/1162/1143 968/968/951
f 1159/1159/1140 968/968/951 966/966/949
f 1162/1162/1143 1161/1161/1142 1163/1163/1144
f 1164/1164/1145 1165/1165/1146 971/971/954
f 1162/1162/1143 971/971/954 969/969/952
f 1165/1165/1146 1164/1164/1145 1166/1166/1147
f 1167/1167/1148 1168/1168/1149 974/974/957
f 1165/1165/1146 974/974/957 972/972/955
f 1168/1168/1149 1167/1167/1148 1169/1169/1150
f 1170/1170/1151 1171/1171/1152 977/977/960
f 1168/1168/1149 977/977/960 975/975/958
f 1171/1171/1152 1170/1170/1151 1172/1172/1153
f 1173/1173/1154 1174/1175/1156 1175/1174/1155
f 1171/1171/1152 1175/1174/1155 978/978/961
f 1174/1175/1156 1176/1177/1158 1177/1176/1157
f 1175/1174/1155 1177/1176/1157 979/980/963
f 1176/1177/1158 1178/1179/1160 1179/1178/1159
f 1177/1176/1157 1179/1178/1159 981/982/965
f 1178/1179/1160 1180/1181/1162 1181/1180/1161
f 1179/1178/1159 1181/1180/1161 983/984/967
f 1180/1181/1162 1182/1183/1164 1183/1182/1163
f 1181/1180/1161 1183/1182/1163 985/986/969
f 1182/1183/1164 1184/1185/1166 1185/1184/1165
f 1183/1182/1163 1185/1184/1165 987/988/971
f 1184/1185/1166 1186/1396/1375 1187/1186/1167
f 1185/1184/1165 1187/1186/1167 989/990/973
f 1187/1186/1167 1186/1396/1375 1188/1187/1168
f 1189/1188/1169 991/993/976 989/990/973
f 1189/1188/1169 1188/1187/1168 1190/1189/1170
f 1191/1190/1171 993/995/978 991/993/976
f 1191/1190/1171 1190/1189/1170 1192/1191/1172
f 1193/1192/1173 995/997/980 993/995/978
f 1193/1192/1173 1192/1191/1172 1194/1193/1174
f 1193/1192/1173 1195/1194/1175 997/999/982
f 1195/1194/1175 1194/1193/1174 1196/1195/1176
f 1197/1196/1177 999/1199/1180 997/999/982
f 1197/1196/1177 1196/1195/1176 1198/1197/1178
f 1199/1198/1179 1001/1001/984 999/1199/1180
f 1199/1198/1179 1198/1197/1178 1200/1200/1181
f 1201/1201/1182 1003/1003/986 1001/1001/984
f 1201/1201/1182 1200/1200/1181 1202/1202/1183
f 1203/1203/1184 1005/1005/988 1003/1003/986
f 1203/1203/1184 1202/1202/1183 1204/1204/1185
f 1205/1205/1186 1007/1007/990 1005/1005/988
f 1205/1205/1186 1204/1204/1185 1206/1206/1187
f 1207/1207/1188 1009/1009/992 1007/1007/990
f 1207/1207/1188 1206/1206/1187 1208/1208/1189
f 1209/1209/1190 1011/1011/994 1009/1009/992
f 1208/1208/1189 1210/1211/1192 1211/1210/1191
f 1209/1209/1190 1211/1210/1191 1013/1013/996
f 1210/1211/1192 1212/1213/1194 1213/1212/1193
f 1211/1210/1191 1213/1212/1193 1015/1016/999
f 1212/1213/1194 1214/1215/1196 1215/1214/1195
f 1213/1212/1193 1215/1214/1195 1017/1019/1002
f 1214/1215/1196 1216/1218/1199 1217/1216/1197
f 1215/1214/1195 1217/1216/1197 1019/1217/1198
f 1216/1218/1199 1218/1428/1407 1219/1219/1200
f 1217/1216/1197 1219/1219/1200 1220/1220/1201
f 1022/1023/1006 1020/1020/1003 1019/1217/1198
f 1220/1220/1201 1219/1219/1200 1221/1221/1202
f 1222/1222/1203 1024/1025/1008 1022/1023/1006
f 1222/1222/1203 1221/1221/1202 1223/1223/1204
f 1224/1224/1205 1026/1027/1010 1024/1025/1008
f 1224/1224/1205 1223/1223/1204 1225/1225/1206
f 1226/1226/1207 1227/1227/1208 1026/1027/1010
f 1227/1227/1208 1029/1030/1013 1027/1028/1011
f 1227/1227/1208 1226/1226/1207 1228/1228/1209
f 1229/1229/1210 1031/1032/1015 1029/1030/1013
f 1229/1229/1210 1228/1228/1209 1230/1230/1211
f 1231/1231/1212 1033/1034/1017 1031/1032/1015
f 1231/1231/1212 1230/1230/1211 1232/1232/1213
f 1233/1233/1214 1035/1036/1019 1033/1034/1017
f 1233/1233/1214 1232/1232/1213 1234/1234/1215
f 1235/1235/1216 1037/1038/1021 1035/1036/1019
f 1235/1235/1216 1234/1234/1215 1236/1236/1217
f 1237/1237/1218 1238/1238/1219 1037/1038/1021
f 1238/1238/1219 1040/1041/1024 1038/1039/1022
f 1238/1238/1219 1237/1237/1218 1239/1239/1220
f 1240/1240/1221 1042/1043/1026 1040/1041/1024
f 1240/1240/1221 1239/1239/1220 1241/1241/1222
f 1242/1242/1223 1044/1045/1028 1042/1043/1026
f 1242/1242/1223 1241/1241/1222 1243/1243/1224
f 1244/1244/1225 1046/1047/1030 1044/1045/1028
f 1244/1244/1225 1243/1243/1224 1245/1245/1226
f 1246/1246/1227 1048/1049/1032 1046/1047/1030
f 1246/1246/1227 1245/1245/1226 1247/1247/1228
f 1248/1248/1229 1050/1051/1034 1048/1049/1032
f 1248/1248/1229 1247/1247/1228 1249/1249/1230
f 1250/1250/1231 1251/1251/1232 1050/1051/1034
f 1251/1251/1232 1053/1054/1037 1051/1052/1035
f 1251/1251/1232 1250/1250/1231 1252/1252/1233
f 1253/1253/1234 1254/1254/1235 1053/1054/1037
f 1254/1254/1235 1056/1057/1040 1054/1055/1038
f 1254/1254/1235 1253/1253/1234 1255/1255/1236
f 1256/1256/1237 1257/1257/1238 1056/1057/1040
f 1257/1257/1238 1059/1060/1043 1057/1058/1041
f 1257/1257/1238 1256/1256/1237 1258/1258/1239
f 1259/1259/1240 1260/1260/1241 1059/1060/1043
f 1260/1260/1241 1062/1063/1046 1060/1061/1044
f 1260/1260/1241 1259/1259/1240 1261/1261/1242
f 1262/1262/1243 1263/1263/1244 1062/1063/1046
f 1263/1263/1244 1065/1066/1049 1063/1064/1047
f 1263/1263/1244 1262/1262/1243 1264/1264/1245
f 1265/1265/1246 1266/1266/1247 1065/1066/1049
f 1266/1266/1247 1068/1069/1052 1066/1067/1050
f 1266/1266/1247 1265/1265/1246 1267/1267/1248
f 1268/1268/1249 1269/1269/1250 1068/1069/1052
f 1269/1269/1250 1072/1072/1055 1069/1070/1053
f 1269/1269/1250 1268/1268/1249 1270/1270/1251
f 1271/1271/1252 1272/1272/1253 1072/1072/1055
f 1272/1272/1253 1075/1076/1059 1073/1073/1056
f 1272/1272/1253 1271/1271/1252 1273/1273/1254
f 1274/1274/1255 1275/1275/1256 1075/1076/1059
f 1275/1275/1256 1274/1274/1255 1276/1276/1257
f 1277/1277/1258 1278/1279/1260 1279/1278/1259
f 1275/1275/1256 1279/1278/1259 1076/1077/1060
f 1278/1279/1260 1280/1282/1263 1281/1280/1261
f 1279/1278/1259 1281/1280/1261 1077/1281/1262
f 1280/1282/1263 1282/1497/1476 1283/1283/1264
f 1281/1280/1261 1283/1283/1264 1284/1284/1265
f 1283/1283/1264 1285/1286/1267 1286/1285/1266
f 1284/1284/1265 1286/1285/1266 1082/1083/1066
f 1080/1081/1064 1078/1078/1061 1077/1281/1262
f 1285/1286/1267 1287/1288/1269 1288/1287/1268
f 1286/1285/1266 1288/1287/1268 1084/1085/1068
f 1287/1288/1269 1289/1290/1271 1290/1289/1270
f 1288/1287/1268 1290/1289/1270 1086/1087/1070
f 1289/1290/1271 1291/1292/1273 1292/1291/1272
f 1290/1289/1270 1292/1291/1272 1088/1089/1072
f 1291/1292/1273 1293/1294/1275 1294/1293/1274
f 1292/1291/1272 1294/1293/1274 1090/1092/1075
f 1293/1294/1275 1295/1296/1277 1296/1295/1276
f 1294/1293/1274 1296/1295/1276 1092/1094/1077
f 1295/1296/1277 1297/1298/1279 1298/1297/1278
f 1296/1295/1276 1298/1297/1278 1094/1096/1079
f 1297/1298/1279 1299/1301/1282 1300/1299/1280
f 1298/1297/1278 1300/1299/1280 1096/1300/1281
f 1299/1301/1282 1301/1516/1495 1302/1302/1283
f 1300/1299/1280 1302/1302/1283 1098/1098/1081
f 1302/1303/1283 1301/1520/1495 1303/1304/1284
f 1304/1305/1285 1100/1101/1083 1098/1306/1081
f 1304/1305/1285 1303/1304/1284 1305/1307/1286
f 1306/1308/1287 1102/1104/1085 1100/1101/1083
f 1306/1308/1287 1305/1307/1286 1307/1309/1288
f 1308/1310/1289 1104/1106/1087 1102/1104/1085
f 1308/1310/1289 1307/1309/1288 1309/1311/1290
f 1310/1312/1291 1311/1313/1292 1104/1106/1087
f 1311/1313/1292 1310/1312/1291 1312/1314/1293
f 1313/1315/1294 1109/1111/1092 1107/1109/1090
f 1311/1313/1292 1107/1109/1090 1105/1107/1088
f 1312/1314/1293 1314/1317/1296 1315/1316/1295
f 1315/1316/1295 1111/1113/1094 1109/1111/1092
f 1314/1317/1296 1316/1532/1509 1317/1318/1297
f 1317/1318/1297 1318/1319/1298 1111/1113/1094
f 1318/1319/1298 1317/1318/1297 1319/1320/1299
f 1320/1321/1300 1116/1118/1099 1114/1116/1097
f 1318/1319/1298 1114/1116/1097 1112/1114/1095
f 1319/1320/1299 1321/1323/1302 1322/1322/1301
f 1322/1322/1301 1118/1120/1101 1116/1118/1099
f 1321/1323/1302 1323/1325/1304 1324/1324/1303
f 1322/1322/1301 1324/1324/1303 1120/1122/1103
f 1323/1325/1304 1325/1327/1306 1326/1326/1305
f 1324/1324/1303 1326/1326/1305 1122/1124/1105
f 1325/1327/1306 1327/1543/1520 1328/1328/1307
f 1326/1326/1305 1328/1328/1307 1329/1329/1308
f 1328/1328/1307 1330/1331/1310 1331/1330/1309
f 1329/1329/1308 1331/1330/1309 1127/1131/1112
f 1125/1128/1109 1123/1125/1106 1122/1124/1105
f 1330/1331/1310 1332/1334/1313 1333/1332/1311
f 1331/1330/1309 1333/1332/1311 1129/1333/1312
f 1332/1334/1313 1334/1550/1527 1335/1335/1314
f 1333/1332/1311 1335/1335/1314 1336/1336/1315
f 1335/1335/1314 1337/1338/1317 1338/1337/1316
f 1336/1336/1315 1338/1337/1316 1134/1137/1118
f 1132/1135/1116 1130/1132/1113 1129/1333/1312
f 1337/1338/1317 1339/1340/1319 1340/1339/1318
f 1338/1337/1316 1340/1339/1318 1136/1139/1120
f 1339/1340/1319 1341/1342/1321 1342/1341/1320
f 1340/1339/1318 1342/1341/1320 1138/1141/1122
f 1341/1342/1321 1343/1344/1323 1344/1343/1322
f 1342/1341/1320 1344/1343/1322 1140/1143/1124
f 1343/1344/1323 1345/1346/1325 1346/1345/1324
f 1344/1343/1322 1346/1345/1324 1142/1145/1126
f 1345/1346/1325 1347/1348/1327 1348/1347/1326
f 1346/1345/1324 1348/1347/1326 1144/1147/1128
f 1347/1348/1327 1349/1350/1329 1350/1349/1328
f 1348/1347/1326 1350/1349/1328 1146/1150/1131
f 1349/1350/1329 1351/1353/1332 1352/1351/1330
f 1350/1349/1328 1352/1351/1330 1148/1352/1331
f 1351/1353/1332 1353/1569/1546 1354/1354/1333
f 1352/1351/1330 1354/1354/1333 1355/1355/1334
f 1354/1354/1333 1356/1575/1552 1357/1356/1335
f 1355/1355/1334 1357/1356/1335 1358/1357/1336
f 1151/1358/1337 1149/1151/1132 1148/1352/1331
f 1357/1356/1335 1359/1578/1555 1360/1359/1338
f 1358/1357/1336 1360/1359/1338 1361/1360/1339
f 1154/1361/1340 1152/1153/1134 1151/1358/1337
f 1360/1359/1338 1362/1581/1558 1363/1362/1341
f 1361/1360/1339 1363/1362/1341 1364/1363/1342
f 1157/1364/1343 1155/1156/1137 1154/1361/1340
f 1363/1362/1341 1365/1584/1561 1366/1365/1344
f 1364/1363/1342 1366/1365/1344 1367/1366/1345
f 1160/1160/1141 1158/1158/1139 1157/1364/1343
f 1367/1366/1345 1366/1365/1344 1368/1367/1346
f 1369/1368/1347 1370/1369/1348 1163/1163/1144
f 1367/1366/1345 1163/1163/1144 1161/1161/1142
f 1370/1369/1348 1369/1368/1347 1371/1370/1349
f 1372/1371/1350 1373/1372/1351 1166/1166/1147
f 1370/1369/1348 1166/1166/1147 1164/1164/1145
f 1373/1372/1351 1372/1371/1350 1374/1373/1352
f 1375/1374/1353 1376/1375/1354 1169/1169/1150
f 1373/1372/1351 1169/1169/1150 1167/1167/1148
f 1376/1375/1354 1375/1374/1353 1377/1376/1355
f 1378/1377/1356 1379/1378/1357 1172/1172/1153
f 1376/1375/1354 1172/1172/1153 1170/1170/1151
f 1379/1378/1357 1378/1377/1356 1380/1379/1358
f 1381/1380/1359 1382/1382/1361 1383/1381/1360
f 1379/1378/1357 1383/1381/1360 1173/1173/1154
f 1382/1382/1361 1384/1384/1363 1385/1383/1362
f 1383/1381/1360 1385/1383/1362 1174/1175/1156
f 1384/1384/1363 1386/1386/1365 1387/1385/1364
f 1385/1383/1362 1387/1385/1364 1176/1177/1158
f 1386/1386/1365 1388/1388/1367 1389/1387/1366
f 1387/1385/1364 1389/1387/1366 1178/1179/1160
f 1388/1388/1367 1390/1390/1369 1391/1389/1368
f 1389/1387/1366 1391/1389/1368 1180/1181/1162
f 1390/1390/1369 1392/1392/1371 1393/1391/1370
f 1391/1389/1368 1393/1391/1370 1182/1183/1164
f 1392/1392/1371 1394/1394/1373 1395/1393/1372
f 1393/1391/1370 1395/1393/1372 1184/1185/1166
f 1394/1394/1373 1396/1397/1376 1397/1395/1374
f 1395/1393/1372 1397/1395/1374 1186/1396/1375
f 1396/1397/1376 1398/1399/1378 1399/1398/1377
f 1399/1398/1377 1188/1187/1168 1186/1396/1375
f 1398/1399/1378 1400/1401/1380 1401/1400/1379
f 1401/1400/1379 1190/1189/1170 1188/1187/1168
f 1400/1401/1380 1402/1623/1600 1403/1402/1381
f 1403/1402/1381 1192/1191/1172 1190/1189/1170
f 1403/1402/1381 1402/1623/1600 1404/1403/1382
f 1405/1404/1383 1194/1193/1174 1192/1191/1172
f 1405/1404/1383 1404/1403/1382 1406/1405/1384
f 1407/1406/1385 1196/1195/1176 1194/1193/1174
f 1407/1406/1385 1406/1405/1384 1408/1407/1386
f 1409/1408/1387 1198/1197/1178 1196/1195/1176
f 1409/1408/1387 1408/1407/1386 1410/1409/1388
f 1411/1410/1389 1200/1200/1181 1198/1197/1178
f 1411/1410/1389 1410/1409/1388 1412/1411/1390
f 1413/1412/1391 1202/1202/1183 1200/1200/1181
f 1413/1412/1391 1412/1411/1390 1414/1413/1392
f 1415/1414/1393 1204/1204/1185 1202/1202/1183
f 1415/1414/1393 1414/1413/1392 1416/1415/1394
f 1417/1416/1395 1206/1206/1187 1204/1204/1185
f 1416/1415/1394 1418/1418/1397 1419/1417/1396
f 1417/1416/1395 1419/1417/1396 1208/1208/1189
f 1418/1418/1397 1420/1420/1399 1421/1419/1398
f 1419/1417/1396 1421/1419/1398 1210/1211/1192
f 1420/1420/1399 1422/1422/1401 1423/1421/1400
f 1421/1419/1398 1423/1421/1400 1212/1213/1194
f 1422/1422/1401 1424/1424/1403 1425/1423/1402
f 1423/1421/1400 1425/1423/1402 1214/1215/1196
f 1424/1424/1403 1426/1426/1405 1427/1425/1404
f 1425/1423/1402 1427/1425/1404 1216/1218/1199
f 1426/1426/1405 1428/1429/1408 1429/1427/1406
f 1427/1425/1404 1429/1427/1406 1218/1428/1407
f 1428/1429/1408 1430/1652/1629 1431/1430/1409
f 1431/1430/1409 1432/1431/1410 1218/1428/1407
f 1432/1431/1410 1221/1221/1202 1219/1219/1200
f 1432/1431/1410 1431/1430/1409 1433/1432/1411
f 1434/1433/1412 1223/1223/1204 1221/1221/1202
f 1434/1433/1412 1433/1432/1411 1435/1434/1413
f 1436/1435/1414 1225/1225/1206 1223/1223/1204
f 1436/1435/1414 1435/1434/1413 1437/1436/1415
f 1438/1437/1416 1439/1438/1417 1225/1225/1206
f 1439/1438/1417 1228/1228/1209 1226/1226/1207
f 1439/1438/1417 1438/1437/1416 1440/1439/1418
f 1441/1440/1419 1230/1230/1211 1228/1228/1209
f 1441/1440/1419 1440/1439/1418 1442/1441/1420
f 1443/1442/1421 1232/1232/1213 1230/1230/1211
f 1443/1442/1421 1442/1441/1420 1444/1443/1422
f 1445/1444/1423 1234/1234/1215 1232/1232/1213
f 1444/1443/1422 1446/1446/1425 1447/1445/1424
f 1447/1445/1424 1236/1236/1217 1234/1234/1215
f 1446/1446/1425 1448/1669/1646 1449/1447/1426
f 1447/1445/1424 1449/1447/1426 1450/1448/1427
f 1450/1448/1427 1239/1239/1220 1237/1237/1218
f 1449/1447/1426 1451/1450/1429 1452/1449/1428
f 1452/1449/1428 1241/1241/1222 1239/1239/1220
f 1451/1450/1429 1453/1674/1651 1454/1451/1430
f 1454/1451/1430 1243/1243/1224 1241/1241/1222
f 1454/1451/1430 1453/1674/1651 1455/1452/1431
f 1456/1453/1432 1245/1245/1226 1243/1243/1224
f 1456/1453/1432 1455/1452/1431 1457/1454/1433
f 1458/1455/1434 1247/1247/1228 1245/1245/1226
f 1458/1455/1434 1457/1454/1433 1459/1456/1435
f 1460/1457/1436 1249/1249/1230 1247/1247/1228
f 1460/1457/1436 1459/1456/1435 1461/1458/1437
f 1462/1459/1438 1463/1460/1439 1249/1249/1230
f 1463/1460/1439 1252/1252/1233 1250/1250/1231
f 1463/1460/1439 1462/1459/1438 1464/1461/1440
f 1465/1462/1441 1466/1463/1442 1252/1252/1233
f 1466/1463/1442 1255/1255/1236 1253/1253/1234
f 1466/1463/1442 1465/1462/1441 1467/1464/1443
f 1468/1465/1444 1469/1466/1445 1255/1255/1236
f 1469/1466/1445 1258/1258/1239 1256/1256/1237
f 1469/1466/1445 1468/1465/1444 1470/1467/1446
f 1471/1468/1447 1472/1469/1448 1258/1258/1239
f 1472/1469/1448 1261/1261/1242 1259/1259/1240
f 1472/1469/1448 1471/1468/1447 1473/1470/1449
f 1474/1471/1450 1475/1472/1451 1261/1261/1242
f 1475/1472/1451 1264/1264/1245 1262/1262/1243
f 1475/1472/1451 1474/1471/1450 1476/1473/1452
f 1477/1474/1453 1478/1475/1454 1264/1264/1245
f 1478/1475/1454 1267/1267/1248 1265/1265/1246
f 1478/1475/1454 1477/1474/1453 1479/1476/1455
f 1480/1477/1456 1481/1478/1457 1267/1267/1248
f 1481/1478/1457 1270/1270/1251 1268/1268/1249
f 1481/1478/1457 1480/1477/1456 1482/1479/1458
f 1483/1480/1459 1484/1481/1460 1270/1270/1251
f 1484/1481/1460 1273/1273/1254 1271/1271/1252
f 1484/1481/1460 1483/1480/1459 1485/1482/1461
f 1486/1483/1462 1487/1484/1463 1273/1273/1254
f 1487/1484/1463 1276/1276/1257 1274/1274/1255
f 1487/1484/1463 1486/1483/1462 1488/1485/1464
f 1489/1486/1465 1490/1487/1466 1276/1276/1257
f 1490/1487/1466 1489/1486/1465 1491/1488/1467
f 1492/1489/1468 1493/1491/1470 1494/1490/1469
f 1490/1487/1466 1494/1490/1469 1277/1277/1258
f 1493/1491/1470 1495/1493/1472 1496/1492/1471
f 1494/1490/1469 1496/1492/1471 1278/1279/1260
f 1495/1493/1472 1497/1495/1474 1498/1494/1473
f 1496/1492/1471 1498/1494/1473 1280/1282/1263
f 1497/1495/1474 1499/1498/1477 1500/1496/1475
f 1498/1494/1473 1500/1496/1475 1282/1497/1476
f 1499/1498/1477 1501/1726/1703 1502/1499/1478
f 1500/1496/1475 1502/1499/1478 1503/1500/1479
f 1502/1499/1478 1504/1502/1481 1505/1501/1480
f 1503/1500/1479 1505/1501/1480 1287/1288/1269
f 1285/1286/1267 1283/1283/1264 1282/1497/1476
f 1504/1502/1481 1506/1504/1483 1507/1503/1482
f 1505/1501/1480 1507/1503/1482 1289/1290/1271
f 1506/1504/1483 1508/1506/1485 1509/1505/1484
f 1507/1503/1482 1509/1505/1484 1291/1292/1273
f 1508/1506/1485 1510/1508/1487 1511/1507/1486
f 1509/1505/1484 1511/1507/1486 1293/1294/1275
f 1510/1508/1487 1512/1510/1489 1513/1509/1488
f 1511/1507/1486 1513/1509/1488 1295/1296/1277
f 1512/1510/1489 1514/1512/1491 1515/1511/1490
f 1513/1509/1488 1515/1511/1490 1297/1298/1279
f 1514/1512/1491 1516/1741/1718 1517/1513/1492
f 1515/1511/1490 1517/1513/1492 1299/1301/1282
f 1517/1513/1492 1516/1741/1718 1518/1514/1493
f 1517/1513/1492 1519/1515/1494 1301/1516/1495
f 1519/1517/1494 1518/1747/1493 1520/1518/1496
f 1521/1519/1497 1303/1304/1284 1301/1520/1495
f 1521/1519/1497 1520/1518/1496 1522/1521/1498
f 1523/1522/1499 1305/1307/1286 1303/1304/1284
f 1523/1522/1499 1522/1521/1498 1524/1523/1500
f 1523/1522/1499 1525/1524/1501 1307/1309/1288
f 1525/1524/1501 1524/1523/1500 1526/1525/1502
f 1525/1524/1501 1527/1526/1503 1309/1311/1290
f 1526/1525/1502 1528/1759/1734 1529/1527/1504
f 1527/1526/1503 1529/1527/1504 1530/1528/1505
f 1529/1527/1504 1531/1530/1507 1532/1529/1506
f 1530/1528/1505 1532/1529/1506 1314/1317/1296
f 1312/1314/1293 1310/1312/1291 1309/1311/1290
f 1531/1530/1507 1533/1533/1510 1534/1531/1508
f 1532/1529/1506 1534/1531/1508 1316/1532/1509
f 1533/1533/1510 1535/1763/1738 1536/1534/1511
f 1534/1531/1508 1536/1534/1511 1537/1535/1512
f 1536/1534/1511 1538/1537/1514 1539/1536/1513
f 1537/1535/1512 1539/1536/1513 1321/1323/1302
f 1319/1320/1299 1317/1318/1297 1316/1532/1509
f 1538/1537/1514 1540/1539/1516 1541/1538/1515
f 1539/1536/1513 1541/1538/1515 1323/1325/1304
f 1540/1539/1516 1542/1541/1518 1543/1540/1517
f 1541/1538/1515 1543/1540/1517 1325/1327/1306
f 1542/1541/1518 1544/1544/1521 1545/1542/1519
f 1543/1540/1517 1545/1542/1519 1327/1543/1520
f 1544/1544/1521 1546/1774/1749 1547/1545/1522
f 1545/1542/1519 1547/1545/1522 1548/1546/1523
f 1547/1545/1522 1549/1548/1525 1550/1547/1524
f 1548/1546/1523 1550/1547/1524 1332/1334/1313
f 1330/1331/1310 1328/1328/1307 1327/1543/1520
f 1549/1548/1525 1551/1551/1528 1552/1549/1526
f 1550/1547/1524 1552/1549/1526 1334/1550/1527
f 1551/1551/1528 1553/1781/1756 1554/1552/1529
f 1552/1549/1526 1554/1552/1529 1555/1553/1530
f 1554/1552/1529 1556/1555/1532 1557/1554/1531
f 1555/1553/1530 1557/1554/1531 1339/1340/1319
f 1337/1338/1317 1335/1335/1314 1334/1550/1527
f 1556/1555/1532 1558/1557/1534 1559/1556/1533
f 1557/1554/1531 1559/1556/1533 1341/1342/1321
f 1558/1557/1534 1560/1559/1536 1561/1558/1535
f 1559/1556/1533 1561/1558/1535 1343/1344/1323
f 1560/1559/1536 1562/1561/1538 1563/1560/1537
f 1561/1558/1535 1563/1560/1537 1345/1346/1325
f 1562/1561/1538 1564/1563/1540 1565/1562/1539
f 1563/1560/1537 1565/1562/1539 1347/1348/1327
f 1564/1563/1540 1566/1565/1542 1567/1564/1541
f 1565/1562/1539 1567/1564/1541 1349/1350/1329
f 1566/1565/1542 1568/1567/1544 1569/1566/1543
f 1567/1564/1541 1569/1566/1543 1351/1353/1332
f 1568/1567/1544 1570/1570/1547 1571/1568/1545
f 1569/1566/1543 1571/1568/1545 1353/1569/1546
f 1570/1570/1547 1572/1800/1775 1573/1571/1548
f 1571/1568/1545 1573/1571/1548 1574/1572/1549
f 1573/1571/1548 1575/1806/1781 1576/1573/1550
f 1574/1572/1549 1576/1573/1550 1577/1574/1551
f 1356/1575/1552 1354/1354/1333 1353/1569/1546
f 1576/1573/1550 1578/1809/1784 1579/1576/1553
f 1577/1574/1551 1579/1576/1553 1580/1577/1554
f 1359/1578/1555 1357/1356/1335 1356/1575/1552
f 1579/1576/1553 1581/1812/1787 1582/1579/1556
f 1580/1577/1554 1582/1579/1556 1583/1580/1557
f 1362/1581/1558 1360/1359/1338 1359/1578/1555
f 1582/1579/1556 1584/1815/1790 1585/1582/1559
f 1583/1580/1557 1585/1582/1559 1586/1583/1560
f 1365/1584/1561 1363/1362/1341 1362/1581/1558
f 1585/1582/1559 1587/1819/1794 1588/1585/1562
f 1586/1583/1560 1588/1585/1562 1589/1586/1563
f 1368/1367/1346 1366/1365/1344 1365/1584/1561
f 1589/1586/1563 1588/1585/1562 1590/1587/1564
f 1591/1588/1565 1592/1589/1566 1371/1370/1349
f 1589/1586/1563 1371/1370/1349 1369/1368/1347
f 1592/1589/1566 1591/1588/1565 1593/1590/1567
f 1594/1591/1568 1595/1592/1569 1374/1373/1352
f 1592/1589/1566 1374/1373/1352 1372/1371/1350
f 1595/1592/1569 1594/1591/1568 1596/1593/1570
f 1597/1594/1571 1598/1595/1572 1377/1376/1355
f 1595/1592/1569 1377/1376/1355 1375/1374/1353
f 1598/1595/1572 1597/1594/1571 1599/1596/1573
f 1600/1597/1574 1601/1598/1575 1380/1379/1358
f 1598/1595/1572 1380/1379/1358 1378/1377/1356
f 1601/1598/1575 1600/1597/1574 71/59/59
f 1602/1599/1576 1603/1601/1578 1604/1600/1577
f 1601/1598/1575 1604/1600/1577 1381/1380/1359
f 1603/1601/1578 1605/1603/1580 1606/1602/1579
f 1604/1600/1577 1606/1602/1579 1382/1382/1361
f 1605/1603/1580 1607/1605/1582 1608/1604/1581
f 1606/1602/1579 1608/1604/1581 1384/1384/1363
f 1607/1605/1582 1609/1607/1584 1610/1606/1583
f 1608/1604/1581 1610/1606/1583 1386/1386/1365
f 1609/1607/1584 1611/1609/1586 1612/1608/1585
f 1610/1606/1583 1612/1608/1585 1388/1388/1367
f 1611/1609/1586 1613/1611/1588 1614/1610/1587
f 1612/1608/1585 1614/1610/1587 1390/1390/1369
f 1613/1611/1588 1615/1613/1590 1616/1612/1589
f 1614/1610/1587 1616/1612/1589 1392/1392/1371
f 1615/1613/1590 1617/1615/1592 1618/1614/1591
f 1616/1612/1589 1618/1614/1591 1394/1394/1373
f 1617/1615/1592 1619/1617/1594 1620/1616/1593
f 1618/1614/1591 1620/1616/1593 1396/1397/1376
f 1619/1617/1594 1621/1619/1596 1622/1618/1595
f 1620/1616/1593 1622/1618/1595 1398/1399/1378
f 1621/1619/1596 1623/1621/1598 1624/1620/1597
f 1622/1618/1595 1624/1620/1597 1400/1401/1380
f 1623/1621/1598 1625/1624/1601 1626/1622/1599
f 1624/1620/1597 1626/1622/1599 1402/1623/1600
f 1625/1624/1601 1627/1626/1603 1628/1625/1602
f 1626/1622/1599 1628/1625/1602 1404/1403/1382
f 1627/1626/1603 1629/1628/1605 1630/1627/1604
f 1628/1625/1602 1630/1627/1604 1406/1405/1384
f 1629/1628/1605 1631/1630/1607 1632/1629/1606
f 1630/1627/1604 1632/1629/1606 1408/1407/1386
f 1631/1630/1607 1633/1632/1609 1634/1631/1608
f 1632/1629/1606 1634/1631/1608 1410/1409/1388
f 1633/1632/1609 1635/1634/1611 1636/1633/1610
f 1636/1633/1610 1412/1411/1390 1410/1409/1388
f 1635/1634/1611 1637/1636/1613 1638/1635/1612
f 1638/1635/1612 1414/1413/1392 1412/1411/1390
f 1637/1636/1613 1639/1638/1615 1640/1637/1614
f 1638/1635/1612 1640/1637/1614 1416/1415/1394
f 1639/1638/1615 1641/1640/1617 1642/1639/1616
f 1640/1637/1614 1642/1639/1616 1418/1418/1397
f 1641/1640/1617 1643/1642/1619 1644/1641/1618
f 1642/1639/1616 1644/1641/1618 1420/1420/1399
f 1643/1642/1619 1645/1644/1621 1646/1643/1620
f 1644/1641/1618 1646/1643/1620 1422/1422/1401
f 1645/1644/1621 1647/1646/1623 1648/1645/1622
f 1646/1643/1620 1648/1645/1622 1424/1424/1403
f 1647/1646/1623 1649/1648/1625 1650/1647/1624
f 1648/1645/1622 1650/1647/1624 1426/1426/1405
f 1649/1648/1625 1651/1650/1627 1652/1649/1626
f 1650/1647/1624 1652/1649/1626 1428/1429/1408
f 1651/1650/1627 1653/1653/1630 1654/1651/1628
f 1652/1649/1626 1654/1651/1628 1430/1652/1629
f 1653/1653/1630 1655/1892/1867 1656/1654/1631
f 1654/1651/1628 1656/1654/1631 1657/1655/1632
f 1433/1432/1411 1431/1430/1409 1430/1652/1629
f 1656/1654/1631 1658/1657/1634 1659/1656/1633
f 1657/1655/1632 1659/1656/1633 1435/1434/1413
f 1658/1657/1634 1660/1659/1636 1661/1658/1635
f 1659/1656/1633 1661/1658/1635 1437/1436/1415
f 1660/1659/1636 1662/1899/1874 1663/1660/1637
f 1661/1658/1635 1663/1660/1637 1664/1661/1638
f 1664/1661/1638 1440/1439/1418 1438/1437/1416
f 1663/1660/1637 1665/1663/1640 1666/1662/1639
f 1666/1662/1639 1442/1441/1420 1440/1439/1418
f 1665/1663/1640 1667/1665/1642 1668/1664/1641
f 1666/1662/1639 1668/1664/1641 1444/1443/1422
f 1667/1665/1642 1669/1667/1644 1670/1666/1643
f 1668/1664/1641 1670/1666/1643 1446/1446/1425
f 1669/1667/1644 1671/1670/1647 1672/1668/1645
f 1670/1666/1643 1672/1668/1645 1448/1669/1646
f 1671/1670/1647 1673/1910/1885 1674/1671/1648
f 1672/1668/1645 1674/1671/1648 1675/1672/1649
f 1451/1450/1429 1449/1447/1426 1448/1669/1646
f 1674/1671/1648 1676/1675/1652 1677/1673/1650
f 1675/1672/1649 1677/1673/1650 1453/1674/1651
f 1676/1675/1652 1678/1677/1654 1679/1676/1653
f 1677/1673/1650 1679/1676/1653 1455/1452/1431
f 1678/1677/1654 1680/1679/1656 1681/1678/1655
f 1679/1676/1653 1681/1678/1655 1457/1454/1433
f 1680/1679/1656 1682/1681/1658 1683/1680/1657
f 1683/1680/1657 1459/1456/1435 1457/1454/1433
f 1682/1681/1658 1684/1683/1660 1685/1682/1659
f 1685/1682/1659 1461/1458/1437 1459/1456/1435
f 1684/1683/1660 1686/1923/1898 1687/1684/1661
f 1687/1684/1661 1688/1685/1662 1461/1458/1437
f 1688/1685/1662 1464/1461/1440 1462/1459/1438
f 1688/1685/1662 1687/1684/1661 1689/1686/1663
f 1690/1687/1664 1691/1688/1665 1464/1461/1440
f 1691/1688/1665 1467/1464/1443 1465/1462/1441
f 1691/1688/1665 1690/1687/1664 1692/1689/1666
f 1693/1690/1667 1694/1691/1668 1467/1464/1443
f 1694/1691/1668 1470/1467/1446 1468/1465/1444
f 1693/1690/1667 1695/1931/1906 1696/1692/1669
f 1696/1692/1669 1697/1693/1670 1470/1467/1446
f 1697/1693/1670 1473/1470/1449 1471/1468/1447
f 1696/1692/1669 1698/1934/1909 1699/1694/1671
f 1699/1694/1671 1700/1695/1672 1473/1470/1449
f 1700/1695/1672 1476/1473/1452 1474/1471/1450
f 1699/1694/1671 1701/1937/1912 1702/1696/1673
f 1702/1696/1673 1703/1697/1674 1476/1473/1452
f 1703/1697/1674 1479/1476/1455 1477/1474/1453
f 1703/1697/1674 1702/1696/1673 1704/1698/1675
f 1705/1699/1676 1706/1700/1677 1479/1476/1455
f 1706/1700/1677 1482/1479/1458 1480/1477/1456
f 1706/1700/1677 1705/1699/1676 1707/1701/1678
f 1708/1702/1679 1709/1703/1680 1482/1479/1458
f 1709/1703/1680 1485/1482/1461 1483/1480/1459
f 1709/1703/1680 1708/1702/1679 1710/1704/1681
f 1711/1705/1682 1712/1706/1683 1485/1482/1461
f 1712/1706/1683 1488/1485/1464 1486/1483/1462
f 1712/1706/1683 1711/1705/1682 1713/1707/1684
f 1714/1708/1685 1715/1709/1686 1488/1485/1464
f 1715/1709/1686 1491/1488/1467 1489/1486/1465
f 1715/1709/1686 1714/1708/1685 1716/1710/1687
f 1717/1711/1688 1718/1712/1689 1491/1488/1467
f 1718/1712/1689 1717/1711/1688 1719/1713/1690
f 1720/1714/1691 1721/1716/1693 1722/1715/1692
f 1718/1712/1689 1722/1715/1692 1492/1489/1468
f 1721/1716/1693 1723/1718/1695 1724/1717/1694
f 1722/1715/1692 1724/1717/1694 1493/1491/1470
f 1723/1718/1695 1725/1720/1697 1726/1719/1696
f 1724/1717/1694 1726/1719/1696 1495/1493/1472
f 1725/1720/1697 1727/1722/1699 1728/1721/1698
f 1726/1719/1696 1728/1721/1698 1497/1495/1474
f 1727/1722/1699 1729/1724/1701 1730/1723/1700
f 1728/1721/1698 1730/1723/1700 1499/1498/1477
f 1729/1724/1701 1731/1727/1704 1732/1725/1702
f 1730/1723/1700 1732/1725/1702 1501/1726/1703
f 1731/1727/1704 1733/1967/1942 1734/1728/1705
f 1732/1725/1702 1734/1728/1705 1735/1729/1706
f 1734/1728/1705 1736/1731/1708 1737/1730/1707
f 1735/1729/1706 1737/1730/1707 1506/1504/1483
f 1504/1502/1481 1502/1499/1478 1501/1726/1703
f 1736/1731/1708 1738/1733/1710 1739/1732/1709
f 1737/1730/1707 1739/1732/1709 1508/1506/1485
f 1738/1733/1710 1740/1735/1712 1741/1734/1711
f 1739/1732/1709 1741/1734/1711 1510/1508/1487
f 1740/1735/1712 1742/1737/1714 1743/1736/1713
f 1741/1734/1711 1743/1736/1713 1512/1510/1489
f 1742/1737/1714 1744/1981/1956 1745/1738/1715
f 1743/1736/1713 1745/1738/1715 1514/1512/1491
f 1745/1738/1715 1744/1981/1956 1746/1739/1716
f 1745/1738/1715 1747/1740/1717 1516/1741/1718
f 1747/1740/1717 1746/1739/1716 1748/1742/1719
f 1749/1743/1720 1518/1514/1493 1516/1741/1718
f 1749/1744/1720 1748/1987/1719 1750/1745/1721
f 1751/1746/1722 1520/1518/1496 1518/1747/1493
f 1751/1746/1722 1750/1745/1721 1752/1748/1723
f 1753/1749/1724 1522/1521/1498 1520/1518/1496
f 1753/1749/1724 1752/1748/1723 1754/1750/1725
f 1755/1751/1726 1524/1523/1500 1522/1521/1498
f 1755/1751/1726 1754/1750/1725 1756/1752/1727
f 1757/1753/1728 1526/1525/1502 1524/1523/1500
f 1757/1753/1728 1756/1752/1727 1758/1754/1729
f 1759/1755/1730 1528/1759/1734 1526/1525/1502
f 1759/1755/1730 1758/1754/1729 1760/1756/1731
f 1759/1755/1730 1761/1757/1732 1762/1758/1733
f 1761/1757/1732 1763/1761/1736 1764/1760/1735
f 1762/1758/1733 1764/1760/1735 1533/1533/1510
f 1531/1530/1507 1529/1527/1504 1528/1759/1734
f 1763/1761/1736 1765/1764/1739 1766/1762/1737
f 1764/1760/1735 1766/1762/1737 1535/1763/1738
f 1765/1764/1739 1767/2004/1977 1768/1765/1740
f 1766/1762/1737 1768/1765/1740 1769/1766/1741
f 1768/1765/1740 1770/1768/1743 1771/1767/1742
f 1769/1766/1741 1771/1767/1742 1540/1539/1516
f 1538/1537/1514 1536/1534/1511 1535/1763/1738
f 1770/1768/1743 1772/1770/1745 1773/1769/1744
f 1771/1767/1742 1773/1769/1744 1542/1541/1518
f 1772/1770/1745 1774/1772/1747 1775/1771/1746
f 1773/1769/1744 1775/1771/1746 1544/1544/1521
f 1774/1772/1747 1776/1775/1750 1777/1773/1748
f 1775/1771/1746 1777/1773/1748 1546/1774/1749
f 1776/1775/1750 1778/2015/1988 1779/1776/1751
f 1777/1773/1748 1779/1776/1751 1780/1777/1752
f 1779/1776/1751 1781/1779/1754 1782/1778/1753
f 1780/1777/1752 1782/1778/1753 1551/1551/1528
f 1549/1548/1525 1547/1545/1522 1546/1774/1749
f 1781/1779/1754 1783/1782/1757 1784/1780/1755
f 1782/1778/1753 1784/1780/1755 1553/1781/1756
f 1783/1782/1757 1785/2022/1995 1786/1783/1758
f 1784/1780/1755 1786/1783/1758 1787/1784/1759
f 1786/1783/1758 1788/1786/1761 1789/1785/1760
f 1787/1784/1759 1789/1785/1760 1558/1557/1534
f 1556/1555/1532 1554/1552/1529 1553/1781/1756
f 1788/1786/1761 1790/1788/1763 1791/1787/1762
f 1789/1785/1760 1791/1787/1762 1560/1559/1536
f 1790/1788/1763 1792/1790/1765 1793/1789/1764
f 1791/1787/1762 1793/1789/1764 1562/1561/1538
f 1792/1790/1765 1794/1792/1767 1795/1791/1766
f 1793/1789/1764 1795/1791/1766 1564/1563/1540
f 1794/1792/1767 1796/1794/1769 1797/1793/1768
f 1795/1791/1766 1797/1793/1768 1566/1565/1542
f 1796/1794/1769 1798/1796/1771 1799/1795/1770
f 1797/1793/1768 1799/1795/1770 1568/1567/1544
f 1798/1796/1771 1800/1798/1773 1801/1797/1772
f 1799/1795/1770 1801/1797/1772 1570/1570/1547
f 1800/1798/1773 1802/1801/1776 1803/1799/1774
f 1801/1797/1772 1803/1799/1774 1572/1800/1775
f 1802/1801/1776 1804/2041/2014 1805/1802/1777
f 1803/1799/1774 1805/1802/1777 1806/1803/1778
f 1805/1802/1777 1807/2047/2020 1808/1804/1779
f 1806/1803/1778 1808/1804/1779 1809/1805/1780
f 1575/1806/1781 1573/1571/1548 1572/1800/1775
f 1808/1804/1779 1810/2050/2023 1811/1807/1782
f 1809/1805/1780 1811/1807/1782 1812/1808/1783
f 1578/1809/1784 1576/1573/1550 1575/1806/1781
f 1811/1807/1782 1813/2053/2026 1814/1810/1785
f 1812/1808/1783 1814/1810/1785 1815/1811/1786
f 1581/1812/1787 1579/1576/1553 1578/1809/1784
f 1814/1810/1785 1816/2055/2028 1817/1813/1788
f 1815/1811/1786 1817/1813/1788 1818/1814/1789
f 1584/1815/1790 1582/1579/1556 1581/1812/1787
f 1818/1814/1789 1817/1813/1788 1819/1816/1791
f 1818/1814/1789 1820/1817/1792 1821/1818/1793
f 1587/1819/1794 1585/1582/1559 1584/1815/1790
f 1821/1818/1793 1820/1817/1792 1822/1820/1795
f 1823/1821/1796 1824/1822/1797 1590/1587/1564
f 1590/1587/1564 1588/1585/1562 1587/1819/1794
f 1824/1822/1797 1823/1821/1796 1825/1823/1798
f 1826/1824/1799 1827/1825/1800 1593/1590/1567
f 1824/1822/1797 1593/1590/1567 1591/1588/1565
f 1827/1825/1800 1826/1824/1799 1828/1826/1801
f 1829/1827/1802 1830/1828/1803 1596/1593/1570
f 1827/1825/1800 1596/1593/1570 1594/1591/1568
f 1830/1828/1803 1829/1827/1802 1831/1829/1804
f 1832/1830/1805 72/60/60 1599/1596/1573
f 1830/1828/1803 1599/1596/1573 1597/1594/1571
f 1832/1830/1805 1831/1829/1804 1833/1831/1806
f 68/1832/1807 9/56/56 72/60/60
f 1831/1829/1804 1834/2070/2043 1835/1833/1808
f 1833/1831/1806 1835/1833/1808 1836/1834/1809
f 1837/1835/1810 69/57/57 68/1832/1807
f 1837/1835/1810 1836/1834/1809 1838/1836/1811
f 1839/1837/1812 1840/1838/1813 69/57/57
f 1840/1838/1813 1841/1842/1817 70/58/58
f 1840/1838/1813 1839/1837/1812 1842/1839/1814
f 1840/1838/1813 1843/1840/1815 1844/1841/1816
f 1603/1601/1578 1602/1599/1576 1841/1842/1817
f 1843/1840/1815 1845/1844/1819 1846/1843/1818
f 1844/1841/1816 1846/1843/1818 1605/1603/1580
f 1845/1844/1819 1847/2085/2058 1848/1845/1820
f 1846/1843/1818 1848/1845/1820 1607/1605/1582
f 1848/1845/1820 1847/2085/2058 1849/1846/1821
f 1848/1845/1820 1850/1847/1822 1609/1607/1584
f 1849/1846/1821 1851/1849/1824 1852/1848/1823
f 1850/1847/1822 1852/1848/1823 1611/1609/1586
f 1851/1849/1824 1853/1851/1826 1854/1850/1825
f 1852/1848/1823 1854/1850/1825 1613/1611/1588
f 1853/1851/1826 1855/2094/2067 1856/1852/1827
f 1854/1850/1825 1856/1852/1827 1615/1613/1590
f 1856/1852/1827 1855/2094/2067 1857/1853/1828
f 1856/1852/1827 1858/1854/1829 1617/1615/1592
f 1857/1853/1828 1859/1856/1831 1860/1855/1830
f 1858/1854/1829 1860/1855/1830 1619/1617/1594
f 1859/1856/1831 1861/1858/1833 1862/1857/1832
f 1860/1855/1830 1862/1857/1832 1621/1619/1596
f 1861/1858/1833 1863/1860/1835 1864/1859/1834
f 1862/1857/1832 1864/1859/1834 1623/1621/1598
f 1863/1860/1835 1865/1862/1837 1866/1861/1836
f 1864/1859/1834 1866/1861/1836 1625/1624/1601
f 1865/1862/1837 1867/1864/1839 1868/1863/1838
f 1866/1861/1836 1868/1863/1838 1627/1626/1603
f 1867/1864/1839 1869/1866/1841 1870/1865/1840
f 1868/1863/1838 1870/1865/1840 1629/1628/1605
f 1869/1866/1841 1871/1868/1843 1872/1867/1842
f 1870/1865/1840 1872/1867/1842 1631/1630/1607
f 1871/1868/1843 1873/1870/1845 1874/1869/1844
f 1872/1867/1842 1874/1869/1844 1633/1632/1609
f 1873/1870/1845 1875/1872/1847 1876/1871/1846
f 1874/1869/1844 1876/1871/1846 1635/1634/1611
f 1875/1872/1847 1877/1874/1849 1878/1873/1848
f 1876/1871/1846 1878/1873/1848 1637/1636/1613
f 1877/1874/1849 1879/1876/1851 1880/1875/1850
f 1878/1873/1848 1880/1875/1850 1639/1638/1615
f 1879/1876/1851 1881/1878/1853 1882/1877/1852
f 1880/1875/1850 1882/1877/1852 1641/1640/1617
f 1881/1878/1853 1883/1880/1855 1884/1879/1854
f 1882/1877/1852 1884/1879/1854 1643/1642/1619
f 1883/1880/1855 1885/1882/1857 1886/1881/1856
f 1884/1879/1854 1886/1881/1856 1645/1644/1621
f 1885/1882/1857 1887/1884/1859 1888/1883/1858
f 1886/1881/1856 1888/1883/1858 1647/1646/1623
f 1887/1884/1859 1889/1886/1861 1890/1885/1860
f 1888/1883/1858 1890/1885/1860 1649/1648/1625
f 1889/1886/1861 1891/1888/1863 1892/1887/1862
f 1890/1885/1860 1892/1887/1862 1651/1650/1627
f 1891/1888/1863 1893/1890/1865 1894/1889/1864
f 1892/1887/1862 1894/1889/1864 1653/1653/1630
f 1893/1890/1865 1895/1893/1868 1896/1891/1866
f 1894/1889/1864 1896/1891/1866 1655/1892/1867
f 1895/1893/1868 1897/2134/2107 1898/1894/1869
f 1896/1891/1866 1898/1894/1869 1899/1895/1870
f 1658/1657/1634 1656/1654/1631 1655/1892/1867
f 1898/1894/1869 1900/1897/1872 1901/1896/1871
f 1899/1895/1870 1901/1896/1871 1660/1659/1636
f 1900/1897/1872 1902/1900/1875 1903/1898/1873
f 1901/1896/1871 1903/1898/1873 1662/1899/1874
f 1902/1900/1875 1904/2141/2114 1905/1901/1876
f 1903/1898/1873 1905/1901/1876 1906/1902/1877
f 1665/1663/1640 1663/1660/1637 1662/1899/1874
f 1905/1901/1876 1907/1904/1879 1908/1903/1878
f 1906/1902/1877 1908/1903/1878 1667/1665/1642
f 1907/1904/1879 1909/1906/1881 1910/1905/1880
f 1908/1903/1878 1910/1905/1880 1669/1667/1644
f 1909/1906/1881 1911/1908/1883 1912/1907/1882
f 1910/1905/1880 1912/1907/1882 1671/1670/1647
f 1911/1908/1883 1913/1911/1886 1914/1909/1884
f 1912/1907/1882 1914/1909/1884 1673/1910/1885
f 1913/1911/1886 1915/2152/2125 1916/1912/1887
f 1914/1909/1884 1916/1912/1887 1917/1913/1888
f 1676/1675/1652 1674/1671/1648 1673/1910/1885
f 1916/1912/1887 1918/1915/1890 1919/1914/1889
f 1917/1913/1888 1919/1914/1889 1678/1677/1654
f 1918/1915/1890 1920/1917/1892 1921/1916/1891
f 1919/1914/1889 1921/1916/1891 1680/1679/1656
f 1920/1917/1892 1922/1919/1894 1923/1918/1893
f 1921/1916/1891 1923/1918/1893 1682/1681/1658
f 1922/1919/1894 1924/1921/1896 1925/1920/1895
f 1923/1918/1893 1925/1920/1895 1684/1683/1660
f 1924/1921/1896 1926/1924/1899 1927/1922/1897
f 1925/1920/1895 1927/1922/1897 1686/1923/1898
f 1926/1924/1899 1928/2165/2138 1929/1925/1900
f 1927/1922/1897 1929/1925/1900 1930/1926/1901
f 1689/1686/1663 1687/1684/1661 1686/1923/1898
f 1929/1925/1900 1931/2169/2142 1932/1927/1902
f 1930/1926/1901 1932/1927/1902 1933/1928/1903
f 1692/1689/1666 1690/1687/1664 1689/1686/1663
f 1932/1927/1902 1934/2172/2145 1935/1929/1904
f 1933/1928/1903 1935/1929/1904 1936/1930/1905
f 1695/1931/1906 1693/1690/1667 1692/1689/1666
f 1935/1929/1904 1937/2175/2148 1938/1932/1907
f 1936/1930/1905 1938/1932/1907 1939/1933/1908
f 1698/1934/1909 1696/1692/1669 1695/1931/1906
f 1938/1932/1907 1940/2178/2151 1941/1935/1910
f 1939/1933/1908 1941/1935/1910 1942/1936/1911
f 1701/1937/1912 1699/1694/1671 1698/1934/1909
f 1941/1935/1910 1943/2181/2154 1944/1938/1913
f 1942/1936/1911 1944/1938/1913 1945/1939/1914
f 1704/1698/1675 1702/1696/1673 1701/1937/1912
f 1944/1938/1913 1946/2184/2157 1947/1940/1915
f 1945/1939/1914 1947/1940/1915 1948/1941/1916
f 1707/1701/1678 1705/1699/1676 1704/1698/1675
f 1947/1940/1915 1949/2187/2160 1950/1942/1917
f 1948/1941/1916 1950/1942/1917 1951/1943/1918
f 1951/1943/1918 1710/1704/1681 1708/1702/1679
f 1950/1942/1917 1952/2190/2163 1953/1944/1919
f 1951/1943/1918 1953/1944/1919 1954/1945/1920
f 1954/1945/1920 1713/1707/1684 1711/1705/1682
f 1953/1944/1919 1955/2193/2166 1956/1946/1921
f 1954/1945/1920 1956/1946/1921 1957/1947/1922
f 1716/1710/1687 1714/1708/1685 1713/1707/1684
f 1956/1946/1921 1958/2196/2169 1959/1948/1923
f 1957/1947/1922 1959/1948/1923 1960/1949/1924
f 1719/1713/1690 1717/1711/1688 1716/1710/1687
f 1959/1948/1923 1961/2201/2174 1962/1950/1925
f 1960/1949/1924 1962/1950/1925 1963/1951/1926
f 1964/1952/1927 1720/1714/1691 1719/1713/1690
f 1962/1950/1925 42/29/29 39/26/26
f 1963/1951/1926 39/26/26 38/25/25
f 1964/1952/1927 38/25/25 1965/1953/1928
f 1964/1952/1927 1966/1954/1929 1721/1716/1693
f 1966/1954/1929 1965/1953/1928 1967/1955/1930
f 1966/1954/1929 1968/1956/1931 1723/1718/1695
f 1968/1956/1931 1967/1955/1930 1969/1957/1932
f 1968/1956/1931 1970/1958/1933 1725/1720/1697
f 1970/1958/1933 1969/1957/1932 1971/1959/1934
f 1970/1958/1933 1972/1960/1935 1727/1722/1699
f 1972/1960/1935 1971/1959/1934 1973/1961/1936
f 1972/1960/1935 1974/1962/1937 1729/1724/1701
f 1974/1962/1937 1973/1961/1936 1975/1963/1938
f 1974/1962/1937 1976/1964/1939 1731/1727/1704
f 1976/1964/1939 1975/1963/1938 1977/1965/1940
f 1976/1964/1939 1978/1966/1941 1733/1967/1942
f 1978/1966/1941 1977/1965/1940 1979/1968/1943
f 1980/1969/1944 1981/1970/1945 1733/1967/1942
f 1981/1970/1945 1980/1969/1944 1982/1971/1946
f 1981/1970/1945 1983/1972/1947 1738/1733/1710
f 1736/1731/1708 1734/1728/1705 1733/1967/1942
f 1983/1972/1947 1982/1971/1946 1984/1973/1948
f 1983/1972/1947 1985/1974/1949 1740/1735/1712
f 1985/1974/1949 1984/1973/1948 1986/1975/1950
f 1987/1976/1951 1742/1737/1714 1740/1735/1712
f 1987/1976/1951 1986/1975/1950 1988/1977/1952
f 1989/1978/1953 1744/1981/1956 1742/1737/1714
f 1989/1978/1953 1988/1977/1952 1990/1979/1954
f 1991/1980/1955 1746/1739/1716 1744/1981/1956
f 1991/1980/1955 1990/1979/1954 1992/1982/1957
f 1993/1983/1958 1748/1742/1719 1746/1739/1716
f 1993/1984/1958 1992/2240/1957 1994/1985/1959
f 1995/1986/1960 1750/1745/1721 1748/1987/1719
f 1995/1986/1960 1994/1985/1959 1996/1988/1961
f 1997/1989/1962 1752/1748/1723 1750/1745/1721
f 1997/1989/1962 1996/1988/1961 1998/1990/1963
f 1999/1991/1964 1754/1750/1725 1752/1748/1723
f 1999/1991/1964 1998/1990/1963 2000/1992/1965
f 2001/1993/1966 1756/1752/1727 1754/1750/1725
f 2001/1993/1966 2000/1992/1965 2002/1994/1967
f 2003/1995/1968 1758/1754/1729 1756/1752/1727
f 2003/1995/1968 2002/1994/1967 2004/1996/1969
f 2005/1997/1970 1760/1756/1731 1758/1754/1729
f 2005/1997/1970 2004/1996/1969 2006/1998/1971
f 2007/1999/1972 2008/2001/1974 1760/1756/1731
f 2007/1999/1972 2009/2002/1975 2010/2000/1973
f 2008/2001/1974 2010/2000/1973 1765/1764/1739
f 1763/1761/1736 1761/1757/1732 1760/1756/1731
f 2009/2002/1975 2011/2005/1978 2012/2003/1976
f 2010/2000/1973 2012/2003/1976 1767/2004/1977
f 2011/2005/1978 2013/2259/2230 2014/2006/1979
f 2012/2003/1976 2014/2006/1979 2015/2007/1980
f 2014/2006/1979 2016/2009/1982 2017/2008/1981
f 2015/2007/1980 2017/2008/1981 1772/1770/1745
f 1770/1768/1743 1768/1765/1740 1767/2004/1977
f 2016/2009/1982 2018/2011/1984 2019/2010/1983
f 2017/2008/1981 2019/2010/1983 1774/1772/1747
f 2018/2011/1984 2020/2013/1986 2021/2012/1985
f 2019/2010/1983 2021/2012/1985 1776/1775/1750
f 2020/2013/1986 2022/2016/1989 2023/2014/1987
f 2021/2012/1985 2023/2014/1987 1778/2015/1988
f 2022/2016/1989 2024/2270/2241 2025/2017/1990
f 2023/2014/1987 2025/2017/1990 2026/2018/1991
f 2025/2017/1990 2027/2020/1993 2028/2019/1992
f 2026/2018/1991 2028/2019/1992 1783/1782/1757
f 1781/1779/1754 1779/1776/1751 1778/2015/1988
f 2027/2020/1993 2029/2023/1996 2030/2021/1994
f 2028/2019/1992 2030/2021/1994 1785/2022/1995
f 2029/2023/1996 2031/2277/2248 2032/2024/1997
f 2030/2021/1994 2032/2024/1997 2033/2025/1998
f 2032/2024/1997 2034/2027/2000 2035/2026/1999
f 2033/2025/1998 2035/2026/1999 1790/1788/1763
f 1788/1786/1761 1786/1783/1758 1785/2022/1995
f 2034/2027/2000 2036/2029/2002 2037/2028/2001
f 2035/2026/1999 2037/2028/2001 1792/1790/1765
f 2036/2029/2002 2038/2031/2004 2039/2030/2003
f 2037/2028/2001 2039/2030/2003 1794/1792/1767
f 2038/2031/2004 2040/2033/2006 2041/2032/2005
f 2039/2030/2003 2041/2032/2005 1796/1794/1769
f 2040/2033/2006 2042/2035/2008 2043/2034/2007
f 2041/2032/2005 2043/2034/2007 1798/1796/1771
f 2042/2035/2008 2044/2037/2010 2045/2036/2009
f 2043/2034/2007 2045/2036/2009 1800/1798/1773
f 2044/2037/2010 2046/2039/2012 2047/2038/2011
f 2045/2036/2009 2047/2038/2011 1802/1801/1776
f 2046/2039/2012 2048/2042/2015 2049/2040/2013
f 2047/2038/2011 2049/2040/2013 1804/2041/2014
f 2048/2042/2015 2050/2296/2267 2051/2043/2016
f 2049/2040/2013 2051/2043/2016 2052/2044/2017
f 2051/2043/2016 2053/2302/2273 2054/2045/2018
f 2052/2044/2017 2054/2045/2018 2055/2046/2019
f 1807/2047/2020 1805/1802/1777 1804/2041/2014
f 2054/2045/2018 2056/2306/2277 2057/2048/2021
f 2055/2046/2019 2057/2048/2021 2058/2049/2022
f 1810/2050/2023 1808/1804/1779 1807/2047/2020
f 2057/2048/2021 2059/2310/2281 2060/2051/2024
f 2058/2049/2022 2060/2051/2024 2061/2052/2025
f 1813/2053/2026 1811/1807/1782 1810/2050/2023
f 2060/2051/2024 2062/2313/2284 2063/2054/2027
f 2063/2054/2027 2064/2056/2029 1816/2055/2028
f 1816/2055/2028 1814/1810/1785 1813/2053/2026
f 2064/2056/2029 2063/2054/2027 2065/2057/2030
f 2066/2058/2031 2067/2059/2032 1819/1816/1791
f 2064/2056/2029 1819/1816/1791 1817/1813/1788
f 2067/2059/2032 2066/2058/2031 2068/2060/2033
f 2069/2061/2034 2070/2062/2035 1822/1820/1795
f 2067/2059/2032 1822/1820/1795 1820/1817/1792
f 2070/2062/2035 2069/2061/2034 2071/2063/2036
f 2072/2064/2037 2073/2065/2038 1825/1823/1798
f 2070/2062/2035 1825/1823/1798 1823/1821/1796
f 2073/2065/2038 2072/2064/2037 2074/2066/2039
f 2075/2067/2040 1834/2070/2043 1828/1826/1801
f 2073/2065/2038 1828/1826/1801 1826/1824/1799
f 2075/2067/2040 2074/2066/2039 2076/2068/2041
f 2077/2069/2042 1835/1833/1808 1834/2070/2043
f 2077/2069/2042 2076/2068/2041 2078/2071/2044
f 2079/2072/2045 1836/1834/1809 1835/1833/1808
f 2079/2072/2045 2078/2071/2044 2080/2073/2046
f 2081/2074/2047 1838/1836/1811 1836/1834/1809
f 2081/2074/2047 2080/2073/2046 2082/2075/2048
f 2083/2076/2049 2084/2077/2050 1838/1836/1811
f 2084/2077/2050 1842/1839/1814 1839/1837/1812
f 2084/2077/2050 2083/2076/2049 2085/2078/2051
f 2086/2079/2052 2087/2080/2053 1842/1839/1814
f 2087/2080/2053 1845/1844/1819 1843/1840/1815
f 2087/2080/2053 2086/2079/2052 2088/2081/2054
f 2089/2082/2055 1847/2085/2058 1845/1844/1819
f 2089/2082/2055 2088/2081/2054 2090/2083/2056
f 2091/2084/2057 1849/1846/1821 1847/2085/2058
f 2091/2084/2057 2090/2083/2056 2092/2086/2059
f 2093/2087/2060 1851/1849/1824 1849/1846/1821
f 2093/2087/2060 2092/2086/2059 2094/2088/2061
f 2095/2089/2062 1853/1851/1826 1851/1849/1824
f 2095/2089/2062 2094/2088/2061 2096/2090/2063
f 2097/2091/2064 1855/2094/2067 1853/1851/1826
f 2097/2091/2064 2096/2090/2063 2098/2092/2065
f 2099/2093/2066 1857/1853/1828 1855/2094/2067
f 2099/2093/2066 2098/2092/2065 2100/2095/2068
f 2101/2096/2069 1859/1856/1831 1857/1853/1828
f 2101/2096/2069 2100/2095/2068 2102/2097/2070
f 2103/2098/2071 1861/1858/1833 1859/1856/1831
f 2103/2098/2071 2102/2097/2070 2104/2099/2072
f 2105/2100/2073 1863/1860/1835 1861/1858/1833
f 2105/2100/2073 2104/2099/2072 2106/2101/2074
f 2107/2102/2075 1865/1862/1837 1863/1860/1835
f 2107/2102/2075 2106/2101/2074 2108/2103/2076
f 2109/2104/2077 1867/1864/1839 1865/1862/1837
f 2109/2104/2077 2108/2103/2076 2110/2105/2078
f 2109/2104/2077 2111/2106/2079 1869/1866/1841
f 2110/2105/2078 2112/2108/2081 2113/2107/2080
f 2111/2106/2079 2113/2107/2080 1871/1868/1843
f 2112/2108/2081 2114/2110/2083 2115/2109/2082
f 2113/2107/2080 2115/2109/2082 1873/1870/1845
f 2114/2110/2083 2116/2112/2085 2117/2111/2084
f 2115/2109/2082 2117/2111/2084 1875/1872/1847
f 2116/2112/2085 2118/2114/2087 2119/2113/2086
f 2117/2111/2084 2119/2113/2086 1877/1874/1849
f 2118/2114/2087 2120/2116/2089 2121/2115/2088
f 2119/2113/2086 2121/2115/2088 1879/1876/1851
f 2120/2116/2089 2122/2118/2091 2123/2117/2090
f 2121/2115/2088 2123/2117/2090 1881/1878/1853
f 2122/2118/2091 2124/2120/2093 2125/2119/2092
f 2123/2117/2090 2125/2119/2092 1883/1880/1855
f 2124/2120/2093 2126/2122/2095 2127/2121/2094
f 2125/2119/2092 2127/2121/2094 1885/1882/1857
f 2126/2122/2095 2128/2124/2097 2129/2123/2096
f 2127/2121/2094 2129/2123/2096 1887/1884/1859
f 2128/2124/2097 2130/2126/2099 2131/2125/2098
f 2129/2123/2096 2131/2125/2098 1889/1886/1861
f 2130/2126/2099 2132/2128/2101 2133/2127/2100
f 2131/2125/2098 2133/2127/2100 1891/1888/1863
f 2132/2128/2101 2134/2130/2103 2135/2129/2102
f 2133/2127/2100 2135/2129/2102 1893/1890/1865
f 2134/2130/2103 2136/2132/2105 2137/2131/2104
f 2135/2129/2102 2137/2131/2104 1895/1893/1868
f 2136/2132/2105 2138/2135/2108 2139/2133/2106
f 2137/2131/2104 2139/2133/2106 1897/2134/2107
f 2138/2135/2108 2140/2387/2358 2141/2136/2109
f 2139/2133/2106 2141/2136/2109 2142/2137/2110
f 1900/1897/1872 1898/1894/1869 1897/2134/2107
f 2141/2136/2109 2143/2139/2112 2144/2138/2111
f 2142/2137/2110 2144/2138/2111 1902/1900/1875
f 2143/2139/2112 2145/2142/2115 2146/2140/2113
f 2144/2138/2111 2146/2140/2113 1904/2141/2114
f 2145/2142/2115 2147/2394/2365 2148/2143/2116
f 2146/2140/2113 2148/2143/2116 2149/2144/2117
f 1907/1904/1879 1905/1901/1876 1904/2141/2114
f 2148/2143/2116 2150/2146/2119 2151/2145/2118
f 2149/2144/2117 2151/2145/2118 1909/1906/1881
f 2150/2146/2119 2152/2148/2121 2153/2147/2120
f 2151/2145/2118 2153/2147/2120 1911/1908/1883
f 2152/2148/2121 2154/2150/2123 2155/2149/2122
f 2153/2147/2120 2155/2149/2122 1913/1911/1886
f 2154/2150/2123 2156/2153/2126 2157/2151/2124
f 2155/2149/2122 2157/2151/2124 1915/2152/2125
f 2156/2153/2126 2158/2405/2376 2159/2154/2127
f 2157/2151/2124 2159/2154/2127 2160/2155/2128
f 1918/1915/1890 1916/1912/1887 1915/2152/2125
f 2159/2154/2127 2161/2157/2130 2162/2156/2129
f 2160/2155/2128 2162/2156/2129 1920/1917/1892
f 2161/2157/2130 2163/2159/2132 2164/2158/2131
f 2162/2156/2129 2164/2158/2131 1922/1919/1894
f 2163/2159/2132 2165/2161/2134 2166/2160/2133
f 2164/2158/2131 2166/2160/2133 1924/1921/1896
f 2165/2161/2134 2167/2163/2136 2168/2162/2135
f 2166/2160/2133 2168/2162/2135 1926/1924/1899
f 2167/2163/2136 2169/2166/2139 2170/2164/2137
f 2168/2162/2135 2170/2164/2137 1928/2165/2138
f 2169/2166/2139 2171/2418/2389 2172/2167/2140
f 2170/2164/2137 2172/2167/2140 2173/2168/2141
f 1931/2169/2142 1929/1925/1900 1928/2165/2138
f 2172/2167/2140 2174/2422/2393 2175/2170/2143
f 2173/2168/2141 2175/2170/2143 2176/2171/2144
f 1934/2172/2145 1932/1927/1902 1931/2169/2142
f 2175/2170/2143 2177/2425/2396 2178/2173/2146
f 2176/2171/2144 2178/2173/2146 2179/2174/2147
f 1937/2175/2148 1935/1929/1904 1934/2172/2145
f 2178/2173/2146 2180/2428/2399 2181/2176/2149
f 2179/2174/2147 2181/2176/2149 2182/2177/2150
f 1940/2178/2151 1938/1932/1907 1937/2175/2148
f 2181/2176/2149 2183/2431/2402 2184/2179/2152
f 2182/2177/2150 2184/2179/2152 2185/2180/2153
f 1943/2181/2154 1941/1935/1910 1940/2178/2151
f 2184/2179/2152 2186/2434/2405 2187/2182/2155
f 2185/2180/2153 2187/2182/2155 2188/2183/2156
f 1946/2184/2157 1944/1938/1913 1943/2181/2154
f 2187/2182/2155 2189/2437/2408 2190/2185/2158
f 2188/2183/2156 2190/2185/2158 2191/2186/2159
f 1949/2187/2160 1947/1940/1915 1946/2184/2157
f 2190/2185/2158 47/34/34 46/2188/2161
f 2191/2186/2159 46/2188/2161 2192/2189/2162
f 1952/2190/2163 1950/1942/1917 1949/2187/2160
f 46/2188/2161 45/33/33 2193/2191/2164
f 2192/2189/2162 2193/2191/2164 2194/2192/2165
f 1955/2193/2166 1953/1944/1919 1952/2190/2163
f 2193/2191/2164 2195/2447/2418 2196/2194/2167
f 2194/2192/2165 2196/2194/2167 2197/2195/2168
f 1958/2196/2169 1956/1946/1921 1955/2193/2166
f 2196/2194/2167 2198/2446/2417 2199/2197/2170
f 2197/2195/2168 2199/2197/2170 2200/2198/2171
f 2199/2197/2170 2201/2450/2421 2202/2199/2172
f 2200/2198/2171 2202/2199/2172 2203/2200/2173
f 1961/2201/2174 1959/1948/1923 1958/2196/2169
f 2202/2199/2172 2204/2452/2423 2205/2202/2175
f 2203/2200/2173 2205/2202/2175 40/30/30
f 42/29/29 1962/1950/1925 1961/2201/2174
f 2205/2202/2175 2204/2452/2423 2206/2203/2176
f 2207/2204/2177 41/27/27 40/30/30
f 2207/2204/2177 2206/2203/2176 2208/2205/2178
f 2209/2206/2179 2210/2207/2180 41/27/27
f 2210/2207/2180 2209/2206/2179 2211/2208/2181
f 2212/2209/2182 2213/2211/2184 2214/2210/2183
f 2210/2207/2180 2214/2210/2183 37/28/28
f 2213/2211/2184 1967/1955/1930 1965/1953/1928
f 2214/2210/2183 1965/1953/1928 38/25/25
f 2213/2211/2184 2212/2209/2182 2215/2212/2185
f 2216/2213/2186 1969/1957/1932 1967/1955/1930
f 2216/2213/2186 2215/2212/2185 2217/2214/2187
f 2218/2215/2188 1971/1959/1934 1969/1957/1932
f 2218/2215/2188 2217/2214/2187 2219/2216/2189
f 2220/2217/2190 1973/1961/1936 1971/1959/1934
f 2220/2217/2190 2219/2216/2189 2221/2218/2191
f 2222/2219/2192 1975/1963/1938 1973/1961/1936
f 2222/2219/2192 2221/2218/2191 2223/2220/2193
f 2224/2221/2194 1977/1965/1940 1975/1963/1938
f 2224/2221/2194 2223/2220/2193 2225/2222/2195
f 2226/2223/2196 1979/1968/1943 1977/1965/1940
f 2226/2223/2196 2225/2222/2195 2227/2224/2197
f 2228/2225/2198 2229/2226/2199 1979/1968/1943
f 2229/2226/2199 2228/2225/2198 2230/2227/2200
f 2231/2228/2201 1984/1973/1948 1982/1971/1946
f 2229/2226/2199 1982/1971/1946 1980/1969/1944
f 2231/2228/2201 2230/2227/2200 2232/2229/2202
f 2233/2230/2203 1986/1975/1950 1984/1973/1948
f 2233/2230/2203 2232/2229/2202 2234/2231/2204
f 2235/2232/2205 1988/1977/1952 1986/1975/1950
f 2235/2232/2205 2234/2231/2204 2236/2233/2206
f 2237/2234/2207 1990/1979/1954 1988/1977/1952
f 2237/2234/2207 2236/2233/2206 2238/2235/2208
f 2239/2236/2209 1992/1982/1957 1990/1979/1954
f 2239/2237/2209 2238/2487/2208 2240/2238/2210
f 2241/2239/2211 1994/1985/1959 1992/2240/1957
f 2241/2239/2211 2240/2238/2210 2242/2241/2212
f 2243/2242/2213 1996/1988/1961 1994/1985/1959
f 2243/2242/2213 2242/2241/2212 2244/2243/2214
f 2245/2244/2215 1998/1990/1963 1996/1988/1961
f 2245/2244/2215 2244/2243/2214 2246/2245/2216
f 2247/2246/2217 2000/1992/1965 1998/1990/1963
f 2247/2246/2217 2246/2245/2216 2248/2247/2218
f 2249/2248/2219 2002/1994/1967 2000/1992/1965
f 2249/2248/2219 2248/2247/2218 2250/2249/2220
f 2251/2250/2221 2004/1996/1969 2002/1994/1967
f 2251/2250/2221 2250/2249/2220 2252/2251/2222
f 2253/2252/2223 2006/1998/1971 2004/1996/1969
f 2253/2252/2223 2252/2251/2222 2254/2253/2224
f 2253/2252/2223 2255/2254/2225 2256/2255/2226
f 2255/2254/2225 2257/2257/2228 2258/2256/2227
f 2256/2255/2226 2258/2256/2227 2011/2005/1978
f 2009/2002/1975 2007/1999/1972 2006/1998/1971
f 2257/2257/2228 2259/2260/2231 2260/2258/2229
f 2258/2256/2227 2260/2258/2229 2013/2259/2230
f 2259/2260/2231 2261/2507/2476 2262/2261/2232
f 2260/2258/2229 2262/2261/2232 2263/2262/2233
f 2262/2261/2232 2264/2264/2235 2265/2263/2234
f 2263/2262/2233 2265/2263/2234 2018/2011/1984
f 2016/2009/1982 2014/2006/1979 2013/2259/2230
f 2264/2264/2235 2266/2266/2237 2267/2265/2236
f 2265/2263/2234 2267/2265/2236 2020/2013/1986
f 2266/2266/2237 2268/2268/2239 2269/2267/2238
f 2267/2265/2236 2269/2267/2238 2022/2016/1989
f 2268/2268/2239 2270/2271/2242 2271/2269/2240
f 2269/2267/2238 2271/2269/2240 2024/2270/2241
f 2270/2271/2242 2272/2518/2487 2273/2272/2243
f 2271/2269/2240 2273/2272/2243 2274/2273/2244
f 2273/2272/2243 2275/2275/2246 2276/2274/2245
f 2274/2273/2244 2276/2274/2245 2029/2023/1996
f 2027/2020/1993 2025/2017/1990 2024/2270/2241
f 2275/2275/2246 2277/2278/2249 2278/2276/2247
f 2276/2274/2245 2278/2276/2247 2031/2277/2248
f 2277/2278/2249 2279/2525/2494 2280/2279/2250
f 2278/2276/2247 2280/2279/2250 2281/2280/2251
f 2280/2279/2250 2282/2282/2253 2283/2281/2252
f 2281/2280/2251 2283/2281/2252 2036/2029/2002
f 2034/2027/2000 2032/2024/1997 2031/2277/2248
f 2282/2282/2253 2284/2284/2255 2285/2283/2254
f 2283/2281/2252 2285/2283/2254 2038/2031/2004
f 2284/2284/2255 2286/2286/2257 2287/2285/2256
f 2285/2283/2254 2287/2285/2256 2040/2033/2006
f 2286/2286/2257 2288/2288/2259 2289/2287/2258
f 2287/2285/2256 2289/2287/2258 2042/2035/2008
f 2288/2288/2259 2290/2290/2261 2291/2289/2260
f 2289/2287/2258 2291/2289/2260 2044/2037/2010
f 2290/2290/2261 2292/2292/2263 2293/2291/2262
f 2291/2289/2260 2293/2291/2262 2046/2039/2012
f 2292/2292/2263 2294/2294/2265 2295/2293/2264
f 2293/2291/2262 2295/2293/2264 2048/2042/2015
f 2294/2294/2265 2296/2297/2268 2297/2295/2266
f 2295/2293/2264 2297/2295/2266 2050/2296/2267
f 2296/2297/2268 2298/2544/2513 2299/2298/2269
f 2297/2295/2266 2299/2298/2269 2300/2299/2270
f 2300/2299/2270 2299/2298/2269 2301/2300/2271
f 2302/2301/2272 2303/2303/2274 2053/2302/2273
f 2053/2302/2273 2051/2043/2016 2050/2296/2267
f 2303/2303/2274 2302/2301/2272 2304/2304/2275
f 2305/2305/2276 2306/2307/2278 2056/2306/2277
f 2056/2306/2277 2054/2045/2018 2053/2302/2273
f 2306/2307/2278 2305/2305/2276 2307/2308/2279
f 2308/2309/2280 2309/2312/2283 2059/2310/2281
f 2059/2310/2281 2057/2048/2021 2056/2306/2277
f 2308/2309/2280 52/40/40 2310/2311/2282
f 2310/2311/2282 2311/2315/2286 2062/2313/2284
f 2309/2312/2283 2062/2313/2284 2060/2051/2024
f 2310/2311/2282 2312/4443/4390 2313/2314/2285
f 2313/2314/2285 2314/2316/2287 2065/2057/2030
f 2311/2315/2286 2065/2057/2030 2063/2054/2027
f 2314/2316/2287 2313/2314/2285 2315/2317/2288
f 2316/2318/2289 2317/2319/2290 2068/2060/2033
f 2314/2316/2287 2068/2060/2033 2066/2058/2031
f 2317/2319/2290 2316/2318/2289 2318/2320/2291
f 2319/2321/2292 2320/2322/2293 2071/2063/2036
f 2317/2319/2290 2071/2063/2036 2069/2061/2034
f 2320/2322/2293 2319/2321/2292 2321/2323/2294
f 2322/2324/2295 2076/2068/2041 2074/2066/2039
f 2320/2322/2293 2074/2066/2039 2072/2064/2037
f 2322/2324/2295 2321/2323/2294 2323/2325/2296
f 2324/2326/2297 2078/2071/2044 2076/2068/2041
f 2324/2326/2297 2323/2325/2296 2325/2327/2298
f 2326/2328/2299 2080/2073/2046 2078/2071/2044
f 2326/2328/2299 2325/2327/2298 2327/2329/2300
f 2328/2330/2301 2082/2075/2048 2080/2073/2046
f 2328/2330/2301 2327/2329/2300 2329/2331/2302
f 2330/2332/2303 2331/2333/2304 2082/2075/2048
f 2331/2333/2304 2085/2078/2051 2083/2076/2049
f 2331/2333/2304 2330/2332/2303 2332/2334/2305
f 2333/2335/2306 2334/2336/2307 2085/2078/2051
f 2334/2336/2307 2088/2081/2054 2086/2079/2052
f 2334/2336/2307 2333/2335/2306 2335/2337/2308
f 2336/2338/2309 2090/2083/2056 2088/2081/2054
f 2336/2338/2309 2335/2337/2308 2337/2339/2310
f 2338/2340/2311 2092/2086/2059 2090/2083/2056
f 2338/2340/2311 2337/2339/2310 2339/2341/2312
f 2340/2342/2313 2094/2088/2061 2092/2086/2059
f 2340/2342/2313 2339/2341/2312 2341/2343/2314
f 2342/2344/2315 2096/2090/2063 2094/2088/2061
f 2342/2344/2315 2341/2343/2314 2343/2345/2316
f 2344/2346/2317 2098/2092/2065 2096/2090/2063
f 2344/2346/2317 2343/2345/2316 2345/2347/2318
f 2346/2348/2319 2100/2095/2068 2098/2092/2065
f 2346/2348/2319 2345/2347/2318 2347/2349/2320
f 2348/2350/2321 2102/2097/2070 2100/2095/2068
f 2348/2350/2321 2347/2349/2320 2349/2351/2322
f 2350/2352/2323 2104/2099/2072 2102/2097/2070
f 2350/2352/2323 2349/2351/2322 2351/2353/2324
f 2352/2354/2325 2106/2101/2074 2104/2099/2072
f 2352/2354/2325 2351/2353/2324 2353/2355/2326
f 2354/2356/2327 2108/2103/2076 2106/2101/2074
f 2354/2356/2327 2353/2355/2326 2355/2357/2328
f 2356/2358/2329 2110/2105/2078 2108/2103/2076
f 2356/2358/2329 2355/2357/2328 2357/2359/2330
f 2358/2360/2331 2112/2108/2081 2110/2105/2078
f 2358/2360/2331 2357/2359/2330 2359/2361/2332
f 2360/2362/2333 2114/2110/2083 2112/2108/2081
f 2360/2362/2333 2359/2361/2332 2361/2363/2334
f 2362/2364/2335 2116/2112/2085 2114/2110/2083
f 2361/2363/2334 2363/2366/2337 2364/2365/2336
f 2362/2364/2335 2364/2365/2336 2118/2114/2087
f 2363/2366/2337 2365/2368/2339 2366/2367/2338
f 2364/2365/2336 2366/2367/2338 2120/2116/2089
f 2365/2368/2339 2367/2370/2341 2368/2369/2340
f 2366/2367/2338 2368/2369/2340 2122/2118/2091
f 2367/2370/2341 2369/2372/2343 2370/2371/2342
f 2368/2369/2340 2370/2371/2342 2124/2120/2093
f 2369/2372/2343 2371/2374/2345 2372/2373/2344
f 2370/2371/2342 2372/2373/2344 2126/2122/2095
f 2371/2374/2345 2373/2637/2606 2374/2375/2346
f 2372/2373/2344 2374/2375/2346 2128/2124/2097
f 2374/2375/2346 2373/2637/2606 2375/2376/2347
f 2374/2375/2346 2376/2377/2348 2130/2126/2099
f 2376/2377/2348 2375/2376/2347 2377/2378/2349
f 2376/2377/2348 2378/2379/2350 2132/2128/2101
f 2377/2378/2349 2379/2381/2352 2380/2380/2351
f 2378/2379/2350 2380/2380/2351 2134/2130/2103
f 2379/2381/2352 2381/2383/2354 2382/2382/2353
f 2380/2380/2351 2382/2382/2353 2136/2132/2105
f 2381/2383/2354 2383/2385/2356 2384/2384/2355
f 2382/2382/2353 2384/2384/2355 2138/2135/2108
f 2383/2385/2356 2385/2388/2359 2386/2386/2357
f 2384/2384/2355 2386/2386/2357 2140/2387/2358
f 2385/2388/2359 2387/2651/2620 2388/2389/2360
f 2386/2386/2357 2388/2389/2360 2389/2390/2361
f 2143/2139/2112 2141/2136/2109 2140/2387/2358
f 2388/2389/2360 2390/2392/2363 2391/2391/2362
f 2389/2390/2361 2391/2391/2362 2145/2142/2115
f 2390/2392/2363 2392/2395/2366 2393/2393/2364
f 2391/2391/2362 2393/2393/2364 2147/2394/2365
f 2392/2395/2366 2394/2658/2627 2395/2396/2367
f 2393/2393/2364 2395/2396/2367 2396/2397/2368
f 2150/2146/2119 2148/2143/2116 2147/2394/2365
f 2395/2396/2367 2397/2399/2370 2398/2398/2369
f 2396/2397/2368 2398/2398/2369 2152/2148/2121
f 2397/2399/2370 2399/2401/2372 2400/2400/2371
f 2398/2398/2369 2400/2400/2371 2154/2150/2123
f 2399/2401/2372 2401/2403/2374 2402/2402/2373
f 2400/2400/2371 2402/2402/2373 2156/2153/2126
f 2401/2403/2374 2403/2406/2377 2404/2404/2375
f 2402/2402/2373 2404/2404/2375 2158/2405/2376
f 2403/2406/2377 2405/2669/2638 2406/2407/2378
f 2404/2404/2375 2406/2407/2378 2407/2408/2379
f 2161/2157/2130 2159/2154/2127 2158/2405/2376
f 2406/2407/2378 2408/2410/2381 2409/2409/2380
f 2407/2408/2379 2409/2409/2380 2163/2159/2132
f 2408/2410/2381 2410/2412/2383 2411/2411/2382
f 2409/2409/2380 2411/2411/2382 2165/2161/2134
f 2410/2412/2383 2412/2414/2385 2413/2413/2384
f 2411/2411/2382 2413/2413/2384 2167/2163/2136
f 2412/2414/2385 2414/2416/2387 2415/2415/2386
f 2413/2413/2384 2415/2415/2386 2169/2166/2139
f 2414/2416/2387 2416/2419/2390 2417/2417/2388
f 2415/2415/2386 2417/2417/2388 2171/2418/2389
f 2416/2419/2390 2418/2682/2651 2419/2420/2391
f 2417/2417/2388 2419/2420/2391 2420/2421/2392
f 2174/2422/2393 2172/2167/2140 2171/2418/2389
f 2419/2420/2391 2421/2686/2655 2422/2423/2394
f 2420/2421/2392 2422/2423/2394 2423/2424/2395
f 2177/2425/2396 2175/2170/2143 2174/2422/2393
f 2422/2423/2394 2424/2689/2658 2425/2426/2397
f 2423/2424/2395 2425/2426/2397 2426/2427/2398
f 2180/2428/2399 2178/2173/2146 2177/2425/2396
f 2425/2426/2397 2427/2692/2661 2428/2429/2400
f 2426/2427/2398 2428/2429/2400 2429/2430/2401
f 2183/2431/2402 2181/2176/2149 2180/2428/2399
f 2428/2429/2400 2430/2695/2664 2431/2432/2403
f 2429/2430/2401 2431/2432/2403 2432/2433/2404
f 2186/2434/2405 2184/2179/2152 2183/2431/2402
f 2431/2432/2403 2433/2698/2667 2434/2435/2406
f 2432/2433/2404 2434/2435/2406 2435/2436/2407
f 2189/2437/2408 2187/2182/2155 2186/2434/2405
f 2434/2435/2406 2436/2439/2410 2437/2438/2409
f 2435/2436/2407 2437/2438/2409 48/35/35
f 2436/2439/2410 2438/2441/2412 2439/2440/2411
f 2437/2438/2409 2439/2440/2411 43/36/36
f 2438/2441/2412 2440/2704/2673 2441/2442/2413
f 2441/2442/2413 44/32/32 43/36/36
f 2441/2442/2413 2440/2704/2673 2442/2443/2414
f 2443/2444/2415 2195/2447/2418 44/32/32
f 2443/2444/2415 2442/2443/2414 2444/2445/2416
f 2198/2446/2417 2196/2194/2167 2195/2447/2418
f 2442/2443/2414 2445/2706/2675 2446/2448/2419
f 2444/2445/2416 2446/2448/2419 2447/2449/2420
f 2201/2450/2421 2199/2197/2170 2198/2446/2417
f 2446/2448/2419 2448/2710/2679 2449/2451/2422
f 2447/2449/2420 2449/2451/2422 2206/2203/2176
f 2204/2452/2423 2202/2199/2172 2201/2450/2421
f 2449/2451/2422 2448/2710/2679 2450/2453/2424
f 2451/2454/2425 2208/2205/2178 2206/2203/2176
f 2451/2454/2425 2450/2453/2424 2452/2455/2426
f 2453/2456/2427 2454/2457/2428 2208/2205/2178
f 2454/2457/2428 2453/2456/2427 2455/2458/2429
f 2456/2459/2430 2457/2460/2431 2211/2208/2181
f 2454/2457/2428 2211/2208/2181 2209/2206/2179
f 2457/2460/2431 2456/2459/2430 2458/2461/2432
f 2459/2462/2433 2217/2214/2187 2215/2212/2185
f 2457/2460/2431 2215/2212/2185 2212/2209/2182
f 2459/2462/2433 2458/2461/2432 2460/2463/2434
f 2461/2464/2435 2219/2216/2189 2217/2214/2187
f 2461/2464/2435 2460/2463/2434 2462/2465/2436
f 2463/2466/2437 2221/2218/2191 2219/2216/2189
f 2463/2466/2437 2462/2465/2436 2464/2467/2438
f 2465/2468/2439 2223/2220/2193 2221/2218/2191
f 2465/2468/2439 2464/2467/2438 2466/2469/2440
f 2467/2470/2441 2225/2222/2195 2223/2220/2193
f 2467/2470/2441 2466/2469/2440 2468/2471/2442
f 2469/2472/2443 2227/2224/2197 2225/2222/2195
f 2469/2472/2443 2468/2471/2442 2470/2473/2444
f 2471/2474/2445 2472/2475/2446 2227/2224/2197
f 2472/2475/2446 2471/2474/2445 2473/2476/2447
f 2474/2477/2448 2232/2229/2202 2230/2227/2200
f 2472/2475/2446 2230/2227/2200 2228/2225/2198
f 2474/2477/2448 2473/2476/2447 2475/2478/2449
f 2476/2479/2450 2234/2231/2204 2232/2229/2202
f 2476/2479/2450 2475/2478/2449 2477/2480/2451
f 2478/2481/2452 2236/2233/2206 2234/2231/2204
f 2478/2481/2452 2477/2480/2451 2479/2482/2453
f 2480/2483/2454 2238/2235/2208 2236/2233/2206
f 2480/2484/2454 2479/2743/2453 2481/2485/2455
f 2482/2486/2456 2240/2238/2210 2238/2487/2208
f 2482/2486/2456 2481/2485/2455 2483/2488/2457
f 2484/2489/2458 2242/2241/2212 2240/2238/2210
f 2484/2489/2458 2483/2488/2457 2485/2490/2459
f 2486/2491/2460 2244/2243/2214 2242/2241/2212
f 2486/2491/2460 2485/2490/2459 2487/2492/2461
f 2488/2493/2462 2246/2245/2216 2244/2243/2214
f 2488/2493/2462 2487/2492/2461 2489/2494/2463
f 2490/2495/2464 2248/2247/2218 2246/2245/2216
f 2490/2495/2464 2489/2494/2463 2491/2496/2465
f 2492/2497/2466 2250/2249/2220 2248/2247/2218
f 2492/2497/2466 2491/2496/2465 2493/2498/2467
f 2494/2499/2468 2252/2251/2222 2250/2249/2220
f 2494/2499/2468 2493/2498/2467 2495/2500/2469
f 2496/2501/2470 2254/2253/2224 2252/2251/2222
f 2495/2500/2469 2497/2759/2726 2498/2502/2471
f 2496/2501/2470 2498/2502/2471 2499/2503/2472
f 2498/2502/2471 2500/2505/2474 2501/2504/2473
f 2499/2503/2472 2501/2504/2473 2259/2260/2231
f 2257/2257/2228 2255/2254/2225 2254/2253/2224
f 2500/2505/2474 2502/2508/2477 2503/2506/2475
f 2501/2504/2473 2503/2506/2475 2261/2507/2476
f 2502/2508/2477 2504/2769/2736 2505/2509/2478
f 2503/2506/2475 2505/2509/2478 2506/2510/2479
f 2505/2509/2478 2507/2512/2481 2508/2511/2480
f 2506/2510/2479 2508/2511/2480 2266/2266/2237
f 2264/2264/2235 2262/2261/2232 2261/2507/2476
f 2507/2512/2481 2509/2514/2483 2510/2513/2482
f 2508/2511/2480 2510/2513/2482 2268/2268/2239
f 2509/2514/2483 2511/2516/2485 2512/2515/2484
f 2510/2513/2482 2512/2515/2484 2270/2271/2242
f 2511/2516/2485 2513/2519/2488 2514/2517/2486
f 2512/2515/2484 2514/2517/2486 2272/2518/2487
f 2513/2519/2488 2515/2787/2754 2516/2520/2489
f 2514/2517/2486 2516/2520/2489 2517/2521/2490
f 2516/2520/2489 2518/2523/2492 2519/2522/2491
f 2517/2521/2490 2519/2522/2491 2277/2278/2249
f 2275/2275/2246 2273/2272/2243 2272/2518/2487
f 2518/2523/2492 2520/2526/2495 2521/2524/2493
f 2519/2522/2491 2521/2524/2493 2279/2525/2494
f 2520/2526/2495 2522/2788/2755 2523/2527/2496
f 2521/2524/2493 2523/2527/2496 2524/2528/2497
f 2523/2527/2496 2525/2530/2499 2526/2529/2498
f 2524/2528/2497 2526/2529/2498 2284/2284/2255
f 2282/2282/2253 2280/2279/2250 2279/2525/2494
f 2525/2530/2499 2527/2532/2501 2528/2531/2500
f 2526/2529/2498 2528/2531/2500 2286/2286/2257
f 2527/2532/2501 2529/2534/2503 2530/2533/2502
f 2528/2531/2500 2530/2533/2502 2288/2288/2259
f 2529/2534/2503 2531/2536/2505 2532/2535/2504
f 2530/2533/2502 2532/2535/2504 2290/2290/2261
f 2531/2536/2505 2533/2538/2507 2534/2537/2506
f 2532/2535/2504 2534/2537/2506 2292/2292/2263
f 2533/2538/2507 2535/2540/2509 2536/2539/2508
f 2534/2537/2506 2536/2539/2508 2294/2294/2265
f 2535/2540/2509 2537/2542/2511 2538/2541/2510
f 2536/2539/2508 2538/2541/2510 2296/2297/2268
f 2537/2542/2511 2539/2804/2771 2540/2543/2512
f 2538/2541/2510 2540/2543/2512 2298/2544/2513
f 2540/2543/2512 2539/2804/2771 2541/2545/2514
f 2542/2546/2515 2543/2547/2516 2298/2544/2513
f 2543/2547/2516 2542/2546/2515 2544/2548/2517
f 2545/2549/2518 2546/2550/2519 2301/2300/2271
f 2543/2547/2516 2301/2300/2271 2299/2298/2269
f 2546/2550/2519 2545/2549/2518 2547/2551/2520
f 2548/2552/2521 2549/2553/2522 2304/2304/2275
f 2546/2550/2519 2304/2304/2275 2302/2301/2272
f 2549/2553/2522 2548/2552/2521 2550/2554/2523
f 2551/2555/2524 53/2558/2527 2307/2308/2279
f 2549/2553/2522 2307/2308/2279 2305/2305/2276
f 2551/2555/2524 2550/2554/2523 2552/2556/2525
f 2553/2557/2526 49/37/37 53/2558/2527
f 2553/2557/2526 2552/2556/2525 2554/2559/2528
f 2555/2560/2529 50/2563/2532 49/37/37
f 2555/2560/2529 2554/2559/2528 2556/2561/2530
f 2557/2562/2531 2558/2564/2533 50/2563/2532
f 2558/2564/2533 2557/2562/2531 2559/2565/2534
f 2560/2566/2535 2561/2568/2537 2562/2567/2536
f 2558/2564/2533 2562/2567/2536 51/38/38
f 2561/2568/2537 2563/2570/2539 2564/2569/2538
f 2562/2567/2536 2564/2569/2538 54/41/41
f 2563/2570/2539 2565/2837/2804 2566/2571/2540
f 2564/2569/2538 2566/2571/2540 2567/2572/2541
f 2567/2572/2541 2568/2575/2544 55/42/42
f 2567/2572/2541 2566/2571/2540 2569/2573/2542
f 2570/2574/2543 2571/2576/2545 2568/2575/2544
f 2571/2576/2545 2572/2580/2549 2573/2577/2546
f 2571/2576/2545 2570/2574/2543 2574/2578/2547
f 2575/2579/2548 2576/2581/2550 2572/2580/2549
f 2576/2581/2550 2577/2585/2554 2578/2582/2551
f 2576/2581/2550 2575/2579/2548 2579/2583/2552
f 2580/2584/2553 2581/2586/2555 2577/2585/2554
f 2581/2586/2555 2582/2590/2559 2583/2587/2556
f 2581/2586/2555 2580/2584/2553 2584/2588/2557
f 2585/2589/2558 2586/2591/2560 2582/2590/2559
f 2586/2591/2560 2327/2329/2300 2325/2327/2298
f 2586/2591/2560 2585/2589/2558 2587/2592/2561
f 2588/2593/2562 2329/2331/2302 2327/2329/2300
f 2588/2593/2562 2587/2592/2561 2589/2594/2563
f 2590/2595/2564 2591/2596/2565 2329/2331/2302
f 2591/2596/2565 2332/2334/2305 2330/2332/2303
f 2591/2596/2565 2590/2595/2564 2592/2597/2566
f 2593/2598/2567 2594/2599/2568 2332/2334/2305
f 2594/2599/2568 2335/2337/2308 2333/2335/2306
f 2594/2599/2568 2593/2598/2567 2595/2600/2569
f 2596/2601/2570 2337/2339/2310 2335/2337/2308
f 2596/2601/2570 2595/2600/2569 2597/2602/2571
f 2598/2603/2572 2339/2341/2312 2337/2339/2310
f 2598/2603/2572 2597/2602/2571 2599/2604/2573
f 2600/2605/2574 2341/2343/2314 2339/2341/2312
f 2600/2605/2574 2599/2604/2573 2601/2606/2575
f 2602/2607/2576 2343/2345/2316 2341/2343/2314
f 2602/2607/2576 2601/2606/2575 2603/2608/2577
f 2604/2609/2578 2345/2347/2318 2343/2345/2316
f 2604/2609/2578 2603/2608/2577 2605/2610/2579
f 2606/2611/2580 2347/2349/2320 2345/2347/2318
f 2606/2611/2580 2605/2610/2579 2607/2612/2581
f 2608/2613/2582 2349/2351/2322 2347/2349/2320
f 2608/2613/2582 2607/2612/2581 2609/2614/2583
f 2610/2615/2584 2351/2353/2324 2349/2351/2322
f 2610/2615/2584 2609/2614/2583 2611/2616/2585
f 2612/2617/2586 2353/2355/2326 2351/2353/2324
f 2612/2617/2586 2611/2616/2585 2613/2618/2587
f 2614/2619/2588 2355/2357/2328 2353/2355/2326
f 2614/2619/2588 2613/2618/2587 2615/2620/2589
f 2616/2621/2590 2357/2359/2330 2355/2357/2328
f 2616/2621/2590 2615/2620/2589 2617/2622/2591
f 2618/2623/2592 2359/2361/2332 2357/2359/2330
f 2618/2623/2592 2617/2622/2591 2619/2624/2593
f 2620/2625/2594 2361/2363/2334 2359/2361/2332
f 2619/2624/2593 2621/2627/2596 2622/2626/2595
f 2620/2625/2594 2622/2626/2595 2363/2366/2337
f 2621/2627/2596 2623/2629/2598 2624/2628/2597
f 2622/2626/2595 2624/2628/2597 2365/2368/2339
f 2623/2629/2598 2625/2631/2600 2626/2630/2599
f 2624/2628/2597 2626/2630/2599 2367/2370/2341
f 2625/2631/2600 2627/2633/2602 2628/2632/2601
f 2626/2630/2599 2628/2632/2601 2369/2372/2343
f 2627/2633/2602 2629/2635/2604 2630/2634/2603
f 2628/2632/2601 2630/2634/2603 2371/2374/2345
f 2629/2635/2604 2631/2895/2862 2632/2636/2605
f 2630/2634/2603 2632/2636/2605 2373/2637/2606
f 2632/2636/2605 2631/2895/2862 2633/2638/2607
f 2634/2639/2608 2375/2376/2347 2373/2637/2606
f 2634/2639/2608 2633/2638/2607 2635/2640/2609
f 2636/2641/2610 2377/2378/2349 2375/2376/2347
f 2635/2640/2609 2637/2643/2612 2638/2642/2611
f 2636/2641/2610 2638/2642/2611 2379/2381/2352
f 2637/2643/2612 2639/2645/2614 2640/2644/2613
f 2638/2642/2611 2640/2644/2613 2381/2383/2354
f 2639/2645/2614 2641/2647/2616 2642/2646/2615
f 2640/2644/2613 2642/2646/2615 2383/2385/2356
f 2641/2647/2616 2643/2649/2618 2644/2648/2617
f 2642/2646/2615 2644/2648/2617 2385/2388/2359
f 2643/2649/2618 2645/2652/2621 2646/2650/2619
f 2644/2648/2617 2646/2650/2619 2387/2651/2620
f 2645/2652/2621 2647/2912/2879 2648/2653/2622
f 2646/2650/2619 2648/2653/2622 2649/2654/2623
f 2390/2392/2363 2388/2389/2360 2387/2651/2620
f 2648/2653/2622 2650/2656/2625 2651/2655/2624
f 2649/2654/2623 2651/2655/2624 2392/2395/2366
f 2650/2656/2625 2652/2659/2628 2653/2657/2626
f 2651/2655/2624 2653/2657/2626 2394/2658/2627
f 2652/2659/2628 2654/2919/2886 2655/2660/2629
f 2653/2657/2626 2655/2660/2629 2656/2661/2630
f 2397/2399/2370 2395/2396/2367 2394/2658/2627
f 2655/2660/2629 2657/2663/2632 2658/2662/2631
f 2656/2661/2630 2658/2662/2631 2399/2401/2372
f 2657/2663/2632 2659/2665/2634 2660/2664/2633
f 2658/2662/2631 2660/2664/2633 2401/2403/2374
f 2659/2665/2634 2661/2667/2636 2662/2666/2635
f 2660/2664/2633 2662/2666/2635 2403/2406/2377
f 2661/2667/2636 2663/2670/2639 2664/2668/2637
f 2662/2666/2635 2664/2668/2637 2405/2669/2638
f 2663/2670/2639 2665/2930/2897 2666/2671/2640
f 2664/2668/2637 2666/2671/2640 2667/2672/2641
f 2408/2410/2381 2406/2407/2378 2405/2669/2638
f 2666/2671/2640 2668/2674/2643 2669/2673/2642
f 2667/2672/2641 2669/2673/2642 2410/2412/2383
f 2668/2674/2643 2670/2676/2645 2671/2675/2644
f 2669/2673/2642 2671/2675/2644 2412/2414/2385
f 2670/2676/2645 2672/2678/2647 2673/2677/2646
f 2671/2675/2644 2673/2677/2646 2414/2416/2387
f 2672/2678/2647 2674/2680/2649 2675/2679/2648
f 2673/2677/2646 2675/2679/2648 2416/2419/2390
f 2674/2680/2649 2676/2683/2652 2677/2681/2650
f 2675/2679/2648 2677/2681/2650 2418/2682/2651
f 2676/2683/2652 2678/2943/2910 2679/2684/2653
f 2677/2681/2650 2679/2684/2653 2680/2685/2654
f 2421/2686/2655 2419/2420/2391 2418/2682/2651
f 2679/2684/2653 2681/2947/2914 2682/2687/2656
f 2680/2685/2654 2682/2687/2656 2683/2688/2657
f 2424/2689/2658 2422/2423/2394 2421/2686/2655
f 2682/2687/2656 2684/2950/2917 2685/2690/2659
f 2683/2688/2657 2685/2690/2659 2686/2691/2660
f 2427/2692/2661 2425/2426/2397 2424/2689/2658
f 2685/2690/2659 2687/2953/2920 2688/2693/2662
f 2686/2691/2660 2688/2693/2662 2689/2694/2663
f 2430/2695/2664 2428/2429/2400 2427/2692/2661
f 2688/2693/2662 2690/2956/2923 2691/2696/2665
f 2689/2694/2663 2691/2696/2665 2692/2697/2666
f 2433/2698/2667 2431/2432/2403 2430/2695/2664
f 2691/2696/2665 2693/2959/2926 2694/2699/2668
f 2692/2697/2666 2694/2699/2668 2695/2700/2669
f 2436/2439/2410 2434/2435/2406 2433/2698/2667
f 2694/2699/2668 2696/2702/2671 2697/2701/2670
f 2695/2700/2669 2697/2701/2670 2438/2441/2412
f 2696/2702/2671 2698/2705/2674 2699/2703/2672
f 2697/2701/2670 2699/2703/2672 2440/2704/2673
f 2698/2705/2674 2700/2707/2676 2445/2706/2675
f 2699/2703/2672 2445/2706/2675 2442/2443/2414
f 2700/2707/2676 2698/2705/2674 2701/2708/2677
f 2702/2709/2678 2450/2453/2424 2448/2710/2679
f 2700/2707/2676 2448/2710/2679 2446/2448/2419
f 2702/2709/2678 2701/2708/2677 2703/2711/2680
f 2704/2712/2681 2452/2455/2426 2450/2453/2424
f 2704/2712/2681 2703/2711/2680 2705/2713/2682
f 2706/2714/2683 2707/2715/2684 2452/2455/2426
f 2707/2715/2684 2706/2714/2683 2708/2716/2685
f 2709/2717/2686 2710/2718/2687 2455/2458/2429
f 2707/2715/2684 2455/2458/2429 2453/2456/2427
f 2710/2718/2687 2709/2717/2686 2711/2719/2688
f 2712/2720/2689 2460/2463/2434 2458/2461/2432
f 2710/2718/2687 2458/2461/2432 2456/2459/2430
f 2712/2720/2689 2711/2719/2688 2713/2721/2690
f 2714/2722/2691 2462/2465/2436 2460/2463/2434
f 2714/2722/2691 2713/2721/2690 2715/2723/2692
f 2716/2724/2693 2464/2467/2438 2462/2465/2436
f 2716/2724/2693 2715/2723/2692 2717/2725/2694
f 2718/2726/2695 2466/2469/2440 2464/2467/2438
f 2718/2726/2695 2717/2725/2694 2719/2727/2696
f 2720/2728/2697 2468/2471/2442 2466/2469/2440
f 2720/2728/2697 2719/2727/2696 2721/2729/2698
f 2722/2730/2699 2470/2473/2444 2468/2471/2442
f 2722/2730/2699 2721/2729/2698 2723/2731/2700
f 2724/2732/2701 2725/2733/2702 2470/2473/2444
f 2725/2733/2702 2724/2732/2701 2726/2734/2703
f 2727/2735/2704 2475/2478/2449 2473/2476/2447
f 2725/2733/2702 2473/2476/2447 2471/2474/2445
f 2727/2735/2704 2726/2734/2703 2728/2736/2705
f 2729/2737/2706 2477/2480/2451 2475/2478/2449
f 2729/2737/2706 2728/2736/2705 2730/2738/2707
f 2731/2739/2708 2479/2482/2453 2477/2480/2451
f 2731/2740/2708 2730/2991/2707 2732/2741/2709
f 2733/2742/2710 2481/2485/2455 2479/2743/2453
f 2733/2742/2710 2732/2741/2709 2734/2744/2711
f 2735/2745/2712 2483/2488/2457 2481/2485/2455
f 2735/2745/2712 2734/2744/2711 2736/2746/2713
f 2737/2747/2714 2485/2490/2459 2483/2488/2457
f 2737/2747/2714 2736/2746/2713 2738/2748/2715
f 2739/2749/2716 2487/2492/2461 2485/2490/2459
f 2739/2749/2716 2738/2748/2715 2740/2750/2717
f 2741/2751/2718 2489/2494/2463 2487/2492/2461
f 2741/2751/2718 2740/2750/2717 2742/2752/2719
f 2743/2753/2720 2491/2496/2465 2489/2494/2463
f 2743/2753/2720 2742/2752/2719 2744/2754/2721
f 2745/2755/2722 2493/2498/2467 2491/2496/2465
f 2745/2755/2722 2744/2754/2721 2746/2756/2723
f 2747/2757/2724 2495/2500/2469 2493/2498/2467
f 2746/2756/2723 2748/3007/2972 2749/2758/2725
f 2747/2757/2724 2749/2758/2725 2497/2759/2726
f 2749/2758/2725 2748/3007/2972 2750/2760/2727
f 2751/2761/2728 2752/2762/2729 2497/2759/2726
f 2752/2762/2729 2751/2761/2728 2753/2763/2730
f 2754/2764/2731 2502/2508/2477 2500/2505/2474
f 2500/2505/2474 2498/2502/2471 2497/2759/2726
f 2754/2764/2731 2753/2763/2730 2755/2765/2732
f 2756/2766/2733 2504/2769/2736 2502/2508/2477
f 2756/2766/2733 2755/2765/2732 2757/2767/2734
f 2758/2768/2735 2759/2770/2737 2504/2769/2736
f 2759/2770/2737 2758/2768/2735 2760/2771/2738
f 2761/2772/2739 2509/2514/2483 2507/2512/2481
f 2507/2512/2481 2505/2509/2478 2504/2769/2736
f 2760/2771/2738 2762/2774/2741 2763/2773/2740
f 2763/2773/2740 2511/2516/2485 2509/2514/2483
f 2762/2774/2741 30/20/20 32/19/19
f 2763/2773/2740 32/19/19 2513/2519/2488
f 2762/2774/2741 2760/2771/2738 2764/2775/2742
f 2765/2776/2743 31/17/17 30/20/20
f 2764/2775/2742 2766/3017/2982 2767/2777/2744
f 2767/2777/2744 2768/2778/2745 31/17/17
f 2768/2778/2745 2767/2777/2744 2769/2779/2746
f 2770/2780/2747 2771/3027/2992 2772/2781/2748
f 2768/2778/2745 2772/2781/2748 27/18/18
f 2772/2781/2748 2771/3027/2992 2773/2782/2749
f 2774/2783/2750 28/15/15 27/18/18
f 2774/2783/2750 2773/2782/2749 2775/2784/2751
f 2776/2785/2752 2777/2786/2753 28/15/15
f 2777/2786/2753 2515/2787/2754 29/16/16
f 2777/2786/2753 2776/2785/2752 2520/2526/2495
f 2518/2523/2492 2516/2520/2489 2515/2787/2754
f 2776/2785/2752 2775/2784/2751 2522/2788/2755
f 2773/2782/2749 2778/3029/2994 2779/2789/2756
f 2775/2784/2751 2779/2789/2756 2780/2790/2757
f 2779/2789/2756 2781/2792/2759 2782/2791/2758
f 2780/2790/2757 2782/2791/2758 2527/2532/2501
f 2525/2530/2499 2523/2527/2496 2522/2788/2755
f 2781/2792/2759 2783/2794/2761 2784/2793/2760
f 2782/2791/2758 2784/2793/2760 2529/2534/2503
f 2783/2794/2761 2785/2796/2763 2786/2795/2762
f 2784/2793/2760 2786/2795/2762 2531/2536/2505
f 2785/2796/2763 2787/2798/2765 2788/2797/2764
f 2786/2795/2762 2788/2797/2764 2533/2538/2507
f 2787/2798/2765 2789/2800/2767 2790/2799/2766
f 2788/2797/2764 2790/2799/2766 2535/2540/2509
f 2789/2800/2767 2791/2802/2769 2792/2801/2768
f 2790/2799/2766 2792/2801/2768 2537/2542/2511
f 2791/2802/2769 2793/3042/3007 2794/2803/2770
f 2792/2801/2768 2794/2803/2770 2539/2804/2771
f 2794/2803/2770 2793/3042/3007 2795/2805/2772
f 2796/2806/2773 2541/2545/2514 2539/2804/2771
f 2796/2806/2773 2795/2805/2772 2797/2807/2774
f 2798/2808/2775 2799/2809/2776 2541/2545/2514
f 2799/2809/2776 2798/2808/2775 2800/2810/2777
f 2801/2811/2778 2802/2812/2779 2544/2548/2517
f 2799/2809/2776 2544/2548/2517 2542/2546/2515
f 2802/2812/2779 2801/2811/2778 2803/2813/2780
f 2804/2814/2781 2805/2815/2782 2547/2551/2520
f 2802/2812/2779 2547/2551/2520 2545/2549/2518
f 2805/2815/2782 2804/2814/2781 2806/2816/2783
f 2807/2817/2784 2552/2556/2525 2550/2554/2523
f 2805/2815/2782 2550/2554/2523 2548/2552/2521
f 2807/2817/2784 2806/2816/2783 2808/2818/2785
f 2809/2819/2786 2554/2559/2528 2552/2556/2525
f 2809/2819/2786 2808/2818/2785 2810/2820/2787
f 2811/2821/2788 2556/2561/2530 2554/2559/2528
f 2811/2821/2788 2810/2820/2787 2812/2822/2789
f 2813/2823/2790 2814/2824/2791 2556/2561/2530
f 2814/2824/2791 2813/2823/2790 2815/2825/2792
f 2816/2826/2793 2817/2827/2794 2559/2565/2534
f 2814/2824/2791 2559/2565/2534 2557/2562/2531
f 2817/2827/2794 2816/2826/2793 2818/2828/2795
f 2819/2829/2796 2820/2831/2798 2821/2830/2797
f 2817/2827/2794 2821/2830/2797 2560/2566/2535
f 2820/2831/2798 2822/2833/2800 2823/2832/2799
f 2821/2830/2797 2823/2832/2799 2561/2568/2537
f 2822/2833/2800 2824/2835/2802 2825/2834/2801
f 2823/2832/2799 2825/2834/2801 2563/2570/2539
f 2824/2835/2802 2826/2838/2805 2827/2836/2803
f 2825/2834/2801 2827/2836/2803 2565/2837/2804
f 2826/2838/2805 2828/3232/3191 2829/2839/2806
f 2827/2836/2803 2829/2839/2806 2830/2840/2807
f 2569/2573/2542 2566/2571/2540 2565/2837/2804
f 2829/2839/2806 2831/3236/3195 2832/2841/2808
f 2832/2841/2808 2833/2842/2809 2569/2573/2542
f 2833/2842/2809 2574/2578/2547 2570/2574/2543
f 2833/2842/2809 2832/2841/2808 2834/2843/2810
f 2835/2844/2811 2836/2845/2812 2574/2578/2547
f 2836/2845/2812 2579/2583/2552 2575/2579/2548
f 2836/2845/2812 2835/2844/2811 2837/2846/2813
f 2838/2847/2814 2839/2848/2815 2579/2583/2552
f 2839/2848/2815 2584/2588/2557 2580/2584/2553
f 2839/2848/2815 2838/2847/2814 2840/2849/2816
f 2841/2850/2817 2842/2851/2818 2584/2588/2557
f 2842/2851/2818 2587/2592/2561 2585/2589/2558
f 2842/2851/2818 2841/2850/2817 2843/2852/2819
f 2844/2853/2820 2589/2594/2563 2587/2592/2561
f 2844/2853/2820 2843/2852/2819 2845/2854/2821
f 2846/2855/2822 2847/2856/2823 2589/2594/2563
f 2847/2856/2823 2592/2597/2566 2590/2595/2564
f 2847/2856/2823 2846/2855/2822 2848/2857/2824
f 2849/2858/2825 2850/2859/2826 2592/2597/2566
f 2850/2859/2826 2595/2600/2569 2593/2598/2567
f 2850/2859/2826 2849/2858/2825 2851/2860/2827
f 2852/2861/2828 2597/2602/2571 2595/2600/2569
f 2852/2861/2828 2851/2860/2827 2853/2862/2829
f 2854/2863/2830 2599/2604/2573 2597/2602/2571
f 2854/2863/2830 2853/2862/2829 2855/2864/2831
f 2856/2865/2832 2601/2606/2575 2599/2604/2573
f 2856/2865/2832 2855/2864/2831 2857/2866/2833
f 2858/2867/2834 2603/2608/2577 2601/2606/2575
f 2858/2867/2834 2857/2866/2833 2859/2868/2835
f 2860/2869/2836 2605/2610/2579 2603/2608/2577
f 2860/2869/2836 2859/2868/2835 2861/2870/2837
f 2862/2871/2838 2607/2612/2581 2605/2610/2579
f 2862/2871/2838 2861/2870/2837 2863/2872/2839
f 2864/2873/2840 2609/2614/2583 2607/2612/2581
f 2864/2873/2840 2863/2872/2839 2865/2874/2841
f 2866/2875/2842 2611/2616/2585 2609/2614/2583
f 2866/2875/2842 2865/2874/2841 2867/2876/2843
f 2868/2877/2844 2613/2618/2587 2611/2616/2585
f 2868/2877/2844 2867/2876/2843 2869/2878/2845
f 2870/2879/2846 2615/2620/2589 2613/2618/2587
f 2870/2879/2846 2869/2878/2845 2871/2880/2847
f 2872/2881/2848 2617/2622/2591 2615/2620/2589
f 2872/2881/2848 2871/2880/2847 2873/2882/2849
f 2874/2883/2850 2619/2624/2593 2617/2622/2591
f 2873/2882/2849 2875/2885/2852 2876/2884/2851
f 2874/2883/2850 2876/2884/2851 2621/2627/2596
f 2875/2885/2852 2877/2887/2854 2878/2886/2853
f 2876/2884/2851 2878/2886/2853 2623/2629/2598
f 2877/2887/2854 2879/2889/2856 2880/2888/2855
f 2878/2886/2853 2880/2888/2855 2625/2631/2600
f 2879/2889/2856 2881/2891/2858 2882/2890/2857
f 2880/2888/2855 2882/2890/2857 2627/2633/2602
f 2881/2891/2858 2883/2893/2860 2884/2892/2859
f 2882/2890/2857 2884/2892/2859 2629/2635/2604
f 2883/2893/2860 2885/2896/2863 2886/2894/2861
f 2884/2892/2859 2886/2894/2861 2631/2895/2862
f 2885/2896/2863 2887/2898/2865 2888/2897/2864
f 2886/2894/2861 2888/2897/2864 2633/2638/2607
f 2887/2898/2865 2889/2900/2867 2890/2899/2866
f 2890/2899/2866 2635/2640/2609 2633/2638/2607
f 2889/2900/2867 2891/2902/2869 2892/2901/2868
f 2890/2899/2866 2892/2901/2868 2637/2643/2612
f 2891/2902/2869 2893/2904/2871 2894/2903/2870
f 2892/2901/2868 2894/2903/2870 2639/2645/2614
f 2893/2904/2871 2895/2906/2873 2896/2905/2872
f 2894/2903/2870 2896/2905/2872 2641/2647/2616
f 2895/2906/2873 2897/2908/2875 2898/2907/2874
f 2896/2905/2872 2898/2907/2874 2643/2649/2618
f 2897/2908/2875 2899/2910/2877 2900/2909/2876
f 2898/2907/2874 2900/2909/2876 2645/2652/2621
f 2899/2910/2877 2901/2913/2880 2902/2911/2878
f 2900/2909/2876 2902/2911/2878 2647/2912/2879
f 2901/2913/2880 2903/3307/3266 2904/2914/2881
f 2902/2911/2878 2904/2914/2881 2905/2915/2882
f 2650/2656/2625 2648/2653/2622 2647/2912/2879
f 2904/2914/2881 2906/2917/2884 2907/2916/2883
f 2905/2915/2882 2907/2916/2883 2652/2659/2628
f 2906/2917/2884 2908/2920/2887 2909/2918/2885
f 2907/2916/2883 2909/2918/2885 2654/2919/2886
f 2908/2920/2887 2910/3314/3273 2911/2921/2888
f 2909/2918/2885 2911/2921/2888 2912/2922/2889
f 2657/2663/2632 2655/2660/2629 2654/2919/2886
f 2911/2921/2888 2913/2924/2891 2914/2923/2890
f 2912/2922/2889 2914/2923/2890 2659/2665/2634
f 2913/2924/2891 2915/2926/2893 2916/2925/2892
f 2914/2923/2890 2916/2925/2892 2661/2667/2636
f 2915/2926/2893 2917/2928/2895 2918/2927/2894
f 2916/2925/2892 2918/2927/2894 2663/2670/2639
f 2917/2928/2895 2919/2931/2898 2920/2929/2896
f 2918/2927/2894 2920/2929/2896 2665/2930/2897
f 2919/2931/2898 2921/3325/3284 2922/2932/2899
f 2920/2929/2896 2922/2932/2899 2923/2933/2900
f 2668/2674/2643 2666/2671/2640 2665/2930/2897
f 2922/2932/2899 2924/2935/2902 2925/2934/2901
f 2923/2933/2900 2925/2934/2901 2670/2676/2645
f 2924/2935/2902 2926/2937/2904 2927/2936/2903
f 2925/2934/2901 2927/2936/2903 2672/2678/2647
f 2926/2937/2904 2928/2939/2906 2929/2938/2905
f 2927/2936/2903 2929/2938/2905 2674/2680/2649
f 2928/2939/2906 2930/2941/2908 2931/2940/2907
f 2929/2938/2905 2931/2940/2907 2676/2683/2652
f 2930/2941/2908 2932/2944/2911 2933/2942/2909
f 2931/2940/2907 2933/2942/2909 2678/2943/2910
f 2932/2944/2911 2934/3338/3297 2935/2945/2912
f 2933/2942/2909 2935/2945/2912 2936/2946/2913
f 2681/2947/2914 2679/2684/2653 2678/2943/2910
f 2935/2945/2912 24/4439/4386 2937/2948/2915
f 2936/2946/2913 2937/2948/2915 2938/2949/2916
f 2684/2950/2917 2682/2687/2656 2681/2947/2914
f 2937/2948/2915 2939/3370/3329 2940/2951/2918
f 2938/2949/2916 2940/2951/2918 2941/2952/2919
f 2687/2953/2920 2685/2690/2659 2684/2950/2917
f 2940/2951/2918 2942/3367/3326 2943/2954/2921
f 2941/2952/2919 2943/2954/2921 2944/2955/2922
f 2690/2956/2923 2688/2693/2662 2687/2953/2920
f 2943/2954/2921 2945/2963/2930 2946/2957/2924
f 2944/2955/2922 2946/2957/2924 2947/2958/2925
f 2693/2959/2926 2691/2696/2665 2690/2956/2923
f 2946/2957/2924 2948/2962/2929 2949/2960/2927
f 2947/2958/2925 2949/2960/2927 2950/2961/2928
f 2696/2702/2671 2694/2699/2668 2693/2959/2926
f 2949/2960/2927 2703/2711/2680 2701/2708/2677
f 2950/2961/2928 2701/2708/2677 2698/2705/2674
f 2948/2962/2929 2705/2713/2682 2703/2711/2680
f 2948/2962/2929 2946/2957/2924 2945/2963/2930
f 2951/2964/2931 2952/2965/2932 2705/2713/2682
f 2952/2965/2932 2951/2964/2931 2953/2966/2933
f 2954/2967/2934 2955/2968/2935 2708/2716/2685
f 2952/2965/2932 2708/2716/2685 2706/2714/2683
f 2955/2968/2935 2954/2967/2934 2956/2969/2936
f 2957/2970/2937 2713/2721/2690 2711/2719/2688
f 2955/2968/2935 2711/2719/2688 2709/2717/2686
f 2957/2970/2937 2956/2969/2936 2958/2971/2938
f 2959/2972/2939 2715/2723/2692 2713/2721/2690
f 2959/2972/2939 2958/2971/2938 2960/2973/2940
f 2961/2974/2941 2717/2725/2694 2715/2723/2692
f 2961/2974/2941 2960/2973/2940 2962/2975/2942
f 2963/2976/2943 2719/2727/2696 2717/2725/2694
f 2963/2976/2943 2962/2975/2942 2964/2977/2944
f 2965/2978/2945 2721/2729/2698 2719/2727/2696
f 2965/2978/2945 2964/2977/2944 2966/2979/2946
f 2967/2980/2947 2723/2731/2700 2721/2729/2698
f 2967/2980/2947 2966/2979/2946 2968/2981/2948
f 2969/2982/2949 2970/2983/2950 2723/2731/2700
f 2970/2983/2950 2969/2982/2949 2971/2984/2951
f 2972/2985/2952 2728/2736/2705 2726/2734/2703
f 2970/2983/2950 2726/2734/2703 2724/2732/2701
f 2972/2985/2952 2971/2984/2951 2973/2986/2953
f 2974/2987/2954 2730/2738/2707 2728/2736/2705
f 2974/2988/2954 2973/4291/2953 2975/2989/2955
f 2976/2990/2956 2732/2741/2709 2730/2991/2707
f 2976/2990/2956 2975/2989/2955 2977/2992/2957
f 2978/2993/2958 2734/2744/2711 2732/2741/2709
f 2978/2993/2958 2977/2992/2957 2979/2994/2959
f 2980/2995/2960 2736/2746/2713 2734/2744/2711
f 2980/2995/2960 2979/2994/2959 2981/2996/2961
f 2982/2997/2962 2738/2748/2715 2736/2746/2713
f 2982/2997/2962 2981/2996/2961 2983/2998/2963
f 2984/2999/2964 2740/2750/2717 2738/2748/2715
f 2983/2998/2963 2985/3001/2966 2986/3000/2965
f 2986/3000/2965 2742/2752/2719 2740/2750/2717
f 2985/3001/2966 2987/3003/2968 2988/3002/2967
f 2988/3002/2967 2744/2754/2721 2742/2752/2719
f 2987/3003/2968 2989/3005/2970 2990/3004/2969
f 2988/3002/2967 2990/3004/2969 2746/2756/2723
f 2989/3005/2970 2991/3008/2973 2992/3006/2971
f 2990/3004/2969 2992/3006/2971 2748/3007/2972
f 2991/3008/2973 2993/3010/2975 2994/3009/2974
f 2992/3006/2971 2994/3009/2974 2750/2760/2727
f 2993/3010/2975 2995/4311/4258 2996/3011/2976
f 2994/3009/2974 2996/3011/2976 2997/3012/2977
f 2996/3011/2976 2998/3014/2979 2999/3013/2978
f 2999/3013/2978 2755/2765/2732 2753/2763/2730
f 2997/3012/2977 2753/2763/2730 2751/2761/2728
f 2998/3014/2979 3000/3016/2981 3001/3015/2980
f 3001/3015/2980 2757/2767/2734 2755/2765/2732
f 3000/3016/2981 3002/3018/2983 2766/3017/2982
f 2766/3017/2982 2764/2775/2742 2757/2767/2734
f 3002/3018/2983 3000/3016/2981 3003/3019/2984
f 3004/3020/2985 3005/3021/2986 2769/2779/2746
f 3002/3018/2983 2769/2779/2746 2767/2777/2744
f 3005/3021/2986 3004/3020/2985 3006/3022/2987
f 3007/3023/2988 3008/3025/2990 3009/3024/2989
f 3005/3021/2986 3009/3024/2989 2770/2780/2747
f 3008/3025/2990 3010/3030/2995 3011/3026/2991
f 3009/3024/2989 3011/3026/2991 2771/3027/2992
f 3011/3026/2991 3010/3030/2995 3012/3028/2993
f 2778/3029/2994 2773/2782/2749 2771/3027/2992
f 3010/3030/2995 3013/3032/2997 3014/3031/2996
f 3012/3028/2993 3014/3031/2996 2783/2794/2761
f 2781/2792/2759 2779/2789/2756 2778/3029/2994
f 3013/3032/2997 3015/3034/2999 3016/3033/2998
f 3014/3031/2996 3016/3033/2998 2785/2796/2763
f 3015/3034/2999 3017/3036/3001 3018/3035/3000
f 3016/3033/2998 3018/3035/3000 2787/2798/2765
f 3017/3036/3001 3019/3038/3003 3020/3037/3002
f 3018/3035/3000 3020/3037/3002 2789/2800/2767
f 3019/3038/3003 3021/3040/3005 3022/3039/3004
f 3020/3037/3002 3022/3039/3004 2791/2802/2769
f 3021/3040/3005 3023/3043/3008 3024/3041/3006
f 3022/3039/3004 3024/3041/3006 2793/3042/3007
f 3023/3043/3008 3025/4334/4281 3026/3044/3009
f 3024/3041/3006 3026/3044/3009 2795/2805/2772
f 3026/3044/3009 3025/4334/4281 3027/3045/3010
f 3028/3046/3011 2797/2807/2774 2795/2805/2772
f 3028/3046/3011 3027/3045/3010 3029/3047/3012
f 3030/3048/3013 3031/3049/3014 2797/2807/2774
f 3031/3049/3014 3030/3048/3013 3032/3050/3015
f 3033/3051/3016 3034/3052/3017 2800/2810/2777
f 3031/3049/3014 2800/2810/2777 2798/2808/2775
f 3034/3052/3017 3033/3051/3016 3035/3053/3018
f 3036/3054/3019 3037/3055/3020 2803/2813/2780
f 3034/3052/3017 2803/2813/2780 2801/2811/2778
f 3037/3055/3020 3036/3054/3019 3038/3056/3021
f 3039/3057/3022 2808/2818/2785 2806/2816/2783
f 3037/3055/3020 2806/2816/2783 2804/2814/2781
f 3039/3057/3022 3038/3056/3021 3040/3058/3023
f 3041/3059/3024 2810/2820/2787 2808/2818/2785
f 3041/3059/3024 3040/3058/3023 3042/3060/3025
f 3043/3061/3026 2812/2822/2789 2810/2820/2787
f 3043/3061/3026 3042/3060/3025 3044/3062/3027
f 3045/3063/3028 3046/3064/3029 2812/2822/2789
f 3046/3064/3029 3045/3063/3028 35/22/22
f 3047/3065/3030 3048/3066/3031 2815/2825/2792
f 3046/3064/3029 2815/2825/2792 2813/2823/2790
f 3048/3066/3031 3047/3065/3030 3049/3067/3032
f 3050/3068/3033 3051/3071/3036 2818/2828/2795
f 3048/3066/3031 2818/2828/2795 2816/2826/2793
f 3052/3069/3034 3053/3222/3181 3054/3070/3035
f 3051/3071/3036 3054/3070/3035 2819/2829/2796
f 3051/3071/3036 3050/3068/3033 3055/3072/3037
f 3056/3073/3038 3057/3218/3177 3052/3069/3034
f 3050/3068/3033 3049/3067/3032 3058/3074/3039
f 3055/3072/3037 3058/3074/3039 3059/3075/3040
f 3060/3076/3041 3061/3215/3174 3056/3073/3038
f 3058/3074/3039 3062/4358/4305 3063/3077/3042
f 3059/3075/3040 3063/3077/3042 3064/3078/3043
f 3065/3079/3044 3066/3212/3171 3060/3076/3041
f 3063/3077/3042 3067/4357/4304 3068/3080/3045
f 3064/3078/3043 3068/3080/3045 3069/3081/3046
f 3070/3082/3047 3071/3209/3168 3065/3079/3044
f 3068/3080/3045 3072/4359/4306 3073/3083/3048
f 3069/3081/3046 3073/3083/3048 3074/3084/3049
f 3075/3085/3050 3076/3206/3165 3070/3082/3047
f 3073/3083/3048 3077/4361/4308 3078/3086/3051
f 3074/3084/3049 3078/3086/3051 3079/3087/3052
f 3080/3088/3053 3081/3203/3162 3075/3085/3050
f 3078/3086/3051 3082/4364/4311 3083/3089/3054
f 3079/3087/3052 3083/3089/3054 3084/3090/3055
f 3085/3091/3056 3086/3200/3159 3080/3088/3053
f 3083/3089/3054 3087/4367/4314 3088/3092/3057
f 3084/3090/3055 3088/3092/3057 3089/3093/3058
f 3090/3094/3059 3091/3197/3156 3085/3091/3056
f 3089/3093/3058 3088/3092/3057 3092/3095/3060
f 3093/3096/3061 3094/3097/3062 3090/3094/3059
f 3094/3097/3062 3095/3101/3066 3096/3098/3063
f 3094/3097/3062 3093/3096/3061 3097/3099/3064
f 3098/3100/3065 3099/3102/3067 3095/3101/3066
f 3099/3102/3067 3100/3106/3071 3101/3103/3068
f 3099/3102/3067 3098/3100/3065 3102/3104/3069
f 3103/3105/3070 3104/3107/3072 3100/3106/3071
f 3104/3107/3072 3105/3111/3076 3106/3108/3073
f 3104/3107/3072 3103/3105/3070 3107/3109/3074
f 3108/3110/3075 3109/3112/3077 3105/3111/3076
f 3109/3112/3077 3110/3116/3081 3111/3113/3078
f 3109/3112/3077 3108/3110/3075 3112/3114/3079
f 3113/3115/3080 3114/3117/3082 3110/3116/3081
f 3114/3117/3082 3115/3121/3086 3116/3118/3083
f 3114/3117/3082 3113/3115/3080 3117/3119/3084
f 3118/3120/3085 3119/3122/3087 3115/3121/3086
f 3119/3122/3087 3120/3126/3091 3121/3123/3088
f 3119/3122/3087 3118/3120/3085 3122/3124/3089
f 3123/3125/3090 3124/3127/3092 3120/3126/3091
f 3124/3127/3092 3125/3131/3096 3126/3128/3093
f 3124/3127/3092 3123/3125/3090 3127/3129/3094
f 3128/3130/3095 3129/3133/3098 3125/3131/3096
f 3130/3132/3097 3131/3174/3133 3125/3131/3096
f 3129/3133/3098 3128/3130/3095 3132/3134/3099
f 3129/3133/3098 3133/3135/3100 3134/3136/3101
f 3135/3137/3102 3136/3171/3130 3130/3132/3097
f 3134/3136/3101 3133/3135/3100 3137/3138/3103
f 3134/3136/3101 3138/3139/3104 3139/3140/3105
f 3140/3141/3106 3141/3166/3127 3135/3137/3102
f 3138/3139/3104 3142/4397/4344 3143/3142/3107
f 3139/3140/3105 3143/3142/3107 3144/3143/3108
f 3145/3144/3109 3146/3167/3124 3140/3141/3106
f 3143/3142/3107 3147/4292/4239 3148/3145/3110
f 3144/3143/3108 3148/3145/3110 3149/3146/3111
f 3150/3147/3112 3151/3156/3118 3145/3148/3109
f 3148/3145/3110 3152/4290/4238 3153/3150/3113
f 3149/3149/3111 3153/3152/3113 3154/3151/3114
f 2968/2981/2948 3155/3155/3117 3150/3147/3112
f 3153/3152/3113 2973/2986/2953 2971/2984/2951
f 3154/3151/3114 2971/2984/2951 2969/2982/2949
f 3156/3153/3115 3157/3157/3119 3158/3154/3116
f 3155/3155/3117 3158/3154/3116 3151/3156/3118
f 3155/3155/3117 2968/2981/2948 2966/2979/2946
f 3157/3157/3119 3159/3357/3316 3160/3158/3120
f 3158/3154/3116 3160/3158/3120 3161/3159/3121
f 3160/3158/3120 3162/3373/3332 3163/3160/3122
f 3161/3159/3121 3163/3160/3122 3164/3161/3123
f 3146/3162/3124 3145/3148/3109 3151/3156/3118
f 3163/3160/3122 3165/3376/3335 3166/3163/3125
f 3164/3164/3123 3166/3168/3125 3167/3165/3126
f 3141/3166/3127 3140/3141/3106 3146/3167/3124
f 3166/3168/3125 3168/3385/3338 3169/3169/3128
f 3167/3165/3126 3169/3169/3128 3170/3170/3129
f 3136/3171/3130 3135/3137/3102 3141/3166/3127
f 3169/3169/3128 3171/3383/3341 3172/3172/3131
f 3170/3170/3129 3172/3172/3131 3173/3173/3132
f 3131/3174/3133 3130/3132/3097 3136/3171/3130
f 3173/3173/3132 3172/3172/3131 3174/3175/3134
f 3175/3176/3135 3176/3177/3136 3126/3128/3093
f 3126/3128/3093 3125/3131/3096 3131/3174/3133
f 3176/3177/3136 3175/3176/3135 3177/3178/3137
f 3178/3179/3138 3179/3180/3139 3121/3123/3088
f 3176/3177/3136 3121/3123/3088 3120/3126/3091
f 3179/3180/3139 3178/3179/3138 3180/3181/3140
f 3181/3182/3141 3182/3183/3142 3116/3118/3083
f 3179/3180/3139 3116/3118/3083 3115/3121/3086
f 3182/3183/3142 3181/3182/3141 3183/3184/3143
f 3184/3185/3144 3185/3186/3145 3111/3113/3078
f 3182/3183/3142 3111/3113/3078 3110/3116/3081
f 3185/3186/3145 3184/3185/3144 3186/3187/3146
f 3187/3188/3147 3188/3189/3148 3106/3108/3073
f 3185/3186/3145 3106/3108/3073 3105/3111/3076
f 3188/3189/3148 3187/3188/3147 3189/3190/3149
f 3190/3191/3150 3191/3193/3152 3101/3103/3068
f 3188/3189/3148 3101/3103/3068 3100/3106/3071
f 3190/3191/3150 3192/3406/3362 3193/3192/3151
f 3191/3193/3152 3193/3192/3151 3194/3194/3153
f 3191/3193/3152 3096/3098/3063 3095/3101/3066
f 3193/3192/3151 3195/3409/3365 3196/3195/3154
f 3194/3194/3153 3196/3195/3154 3197/3196/3155
f 3091/3197/3156 3090/3094/3059 3096/3098/3063
f 3196/3195/3154 3198/3412/3368 3199/3198/3157
f 3197/3196/3155 3199/3198/3157 3200/3199/3158
f 3086/3200/3159 3085/3091/3056 3091/3197/3156
f 3199/3198/3157 3201/3415/3371 3202/3201/3160
f 3200/3199/3158 3202/3201/3160 3203/3202/3161
f 3081/3203/3162 3080/3088/3053 3086/3200/3159
f 3202/3201/3160 3204/3418/3374 3205/3204/3163
f 3203/3202/3161 3205/3204/3163 3206/3205/3164
f 3076/3206/3165 3075/3085/3050 3081/3203/3162
f 3205/3204/3163 3207/3421/3377 3208/3207/3166
f 3206/3205/3164 3208/3207/3166 3209/3208/3167
f 3071/3209/3168 3070/3082/3047 3076/3206/3165
f 3208/3207/3166 3210/3424/3380 3211/3210/3169
f 3209/3208/3167 3211/3210/3169 3212/3211/3170
f 3066/3212/3171 3065/3079/3044 3071/3209/3168
f 3211/3210/3169 3213/3427/3383 3214/3213/3172
f 3212/3211/3170 3214/3213/3172 3215/3214/3173
f 3061/3215/3174 3060/3076/3041 3066/3212/3171
f 3214/3213/3172 3216/3430/3386 3217/3216/3175
f 3215/3214/3173 3217/3216/3175 3218/3217/3176
f 3057/3218/3177 3056/3073/3038 3061/3215/3174
f 3218/3217/3176 3217/3216/3175 3219/3219/3178
f 3218/3217/3176 3220/3220/3179 3221/3221/3180
f 3053/3222/3181 3052/3069/3034 3057/3218/3177
f 3221/3221/3180 3220/3220/3179 3222/3223/3182
f 3221/3221/3180 3223/3224/3183 3224/3225/3184
f 3225/3226/3185 3054/3070/3035 3053/3222/3181
f 2820/2831/2798 2819/2829/2796 3054/3070/3035
f 3225/3226/3185 3224/3225/3184 2822/2833/2800
f 3223/3224/3183 3226/3228/3187 3227/3227/3186
f 3224/3225/3184 3227/3227/3186 2824/2835/2802
f 3226/3228/3187 3228/3230/3189 3229/3229/3188
f 3227/3227/3186 3229/3229/3188 2826/2838/2805
f 3228/3230/3189 3230/3233/3192 3231/3231/3190
f 3229/3229/3188 3231/3231/3190 2828/3232/3191
f 3230/3233/3192 3232/3445/3401 3233/3234/3193
f 3231/3231/3190 3233/3234/3193 3234/3235/3194
f 2831/3236/3195 2829/2839/2806 2828/3232/3191
f 3233/3234/3193 3235/3449/3405 3236/3237/3196
f 3234/3235/3194 3236/3237/3196 3237/3238/3197
f 2834/2843/2810 2832/2841/2808 2831/3236/3195
f 3237/3238/3197 3236/3237/3196 3238/3239/3198
f 3239/3240/3199 3240/3241/3200 2834/2843/2810
f 3240/3241/3200 2837/2846/2813 2835/2844/2811
f 3240/3241/3200 3239/3240/3199 3241/3242/3201
f 3242/3243/3202 3243/3244/3203 2837/2846/2813
f 3243/3244/3203 2840/2849/2816 2838/2847/2814
f 3243/3244/3203 3242/3243/3202 3244/3245/3204
f 3245/3246/3205 3246/3247/3206 2840/2849/2816
f 3246/3247/3206 2843/2852/2819 2841/2850/2817
f 3246/3247/3206 3245/3246/3205 3247/3248/3207
f 3248/3249/3208 2845/2854/2821 2843/2852/2819
f 3248/3249/3208 3247/3248/3207 3249/3250/3209
f 3250/3251/3210 3251/3252/3211 2845/2854/2821
f 3251/3252/3211 2848/2857/2824 2846/2855/2822
f 3251/3252/3211 3250/3251/3210 3252/3253/3212
f 3253/3254/3213 3254/3255/3214 2848/2857/2824
f 3254/3255/3214 2851/2860/2827 2849/2858/2825
f 3254/3255/3214 3253/3254/3213 3255/3256/3215
f 3256/3257/3216 2853/2862/2829 2851/2860/2827
f 3256/3257/3216 3255/3256/3215 3257/3258/3217
f 3258/3259/3218 2855/2864/2831 2853/2862/2829
f 3258/3259/3218 3257/3258/3217 3259/3260/3219
f 3260/3261/3220 2857/2866/2833 2855/2864/2831
f 3260/3261/3220 3259/3260/3219 3261/3262/3221
f 3262/3263/3222 2859/2868/2835 2857/2866/2833
f 3262/3263/3222 3261/3262/3221 3263/3264/3223
f 3264/3265/3224 2861/2870/2837 2859/2868/2835
f 3264/3265/3224 3263/3264/3223 3265/3266/3225
f 3266/3267/3226 2863/2872/2839 2861/2870/2837
f 3266/3267/3226 3265/3266/3225 3267/3268/3227
f 3268/3269/3228 2865/2874/2841 2863/2872/2839
f 3268/3269/3228 3267/3268/3227 3269/3270/3229
f 3270/3271/3230 2867/2876/2843 2865/2874/2841
f 3270/3271/3230 3269/3270/3229 3271/3272/3231
f 3272/3273/3232 2869/2878/2845 2867/2876/2843
f 3272/3273/3232 3271/3272/3231 3273/3274/3233
f 3274/3275/3234 2871/2880/2847 2869/2878/2845
f 3274/3275/3234 3273/3274/3233 3275/3276/3235
f 3276/3277/3236 2873/2882/2849 2871/2880/2847
f 3275/3276/3235 3277/3279/3238 3278/3278/3237
f 3276/3277/3236 3278/3278/3237 2875/2885/2852
f 3277/3279/3238 3279/3281/3240 3280/3280/3239
f 3278/3278/3237 3280/3280/3239 2877/2887/2854
f 3279/3281/3240 3281/3283/3242 3282/3282/3241
f 3280/3280/3239 3282/3282/3241 2879/2889/2856
f 3281/3283/3242 3283/3285/3244 3284/3284/3243
f 3282/3282/3241 3284/3284/3243 2881/2891/2858
f 3283/3285/3244 3285/3287/3246 3286/3286/3245
f 3284/3284/3243 3286/3286/3245 2883/2893/2860
f 3285/3287/3246 3287/3289/3248 3288/3288/3247
f 3286/3286/3245 3288/3288/3247 2885/2896/2863
f 3287/3289/3248 3289/3291/3250 3290/3290/3249
f 3288/3288/3247 3290/3290/3249 2887/2898/2865
f 3289/3291/3250 3291/3293/3252 3292/3292/3251
f 3290/3290/3249 3292/3292/3251 2889/2900/2867
f 3291/3293/3252 3293/3295/3254 3294/3294/3253
f 3292/3292/3251 3294/3294/3253 2891/2902/2869
f 3293/3295/3254 3295/3297/3256 3296/3296/3255
f 3294/3294/3253 3296/3296/3255 2893/2904/2871
f 3295/3297/3256 3297/3299/3258 3298/3298/3257
f 3296/3296/3255 3298/3298/3257 2895/2906/2873
f 3297/3299/3258 3299/3301/3260 3300/3300/3259
f 3298/3298/3257 3300/3300/3259 2897/2908/2875
f 3299/3301/3260 3301/3303/3262 3302/3302/3261
f 3300/3300/3259 3302/3302/3261 2899/2910/2877
f 3301/3303/3262 3303/3305/3264 3304/3304/3263
f 3302/3302/3261 3304/3304/3263 2901/2913/2880
f 3303/3305/3264 3305/3308/3267 3306/3306/3265
f 3304/3304/3263 3306/3306/3265 2903/3307/3266
f 3305/3308/3267 3307/3519/3475 3308/3309/3268
f 3306/3306/3265 3308/3309/3268 3309/3310/3269
f 2906/2917/2884 2904/2914/2881 2903/3307/3266
f 3308/3309/3268 3310/3312/3271 3311/3311/3270
f 3309/3310/3269 3311/3311/3270 2908/2920/2887
f 3310/3312/3271 3312/3315/3274 3313/3313/3272
f 3311/3311/3270 3313/3313/3272 2910/3314/3273
f 3312/3315/3274 3314/3526/3482 3315/3316/3275
f 3313/3313/3272 3315/3316/3275 3316/3317/3276
f 2913/2924/2891 2911/2921/2888 2910/3314/3273
f 3315/3316/3275 3317/3319/3278 3318/3318/3277
f 3316/3317/3276 3318/3318/3277 2915/2926/2893
f 3317/3319/3278 3319/3321/3280 3320/3320/3279
f 3318/3318/3277 3320/3320/3279 2917/2928/2895
f 3319/3321/3280 3321/3323/3282 3322/3322/3281
f 3320/3320/3279 3322/3322/3281 2919/2931/2898
f 3321/3323/3282 3323/3326/3285 3324/3324/3283
f 3322/3322/3281 3324/3324/3283 2921/3325/3284
f 3323/3326/3285 3325/3537/3493 3326/3327/3286
f 3324/3324/3283 3326/3327/3286 3327/3328/3287
f 2924/2935/2902 2922/2932/2899 2921/3325/3284
f 3326/3327/3286 3328/3330/3289 3329/3329/3288
f 3327/3328/3287 3329/3329/3288 2926/2937/2904
f 3328/3330/3289 3330/3332/3291 3331/3331/3290
f 3329/3329/3288 3331/3331/3290 2928/2939/2906
f 3330/3332/3291 3332/3334/3293 3333/3333/3292
f 3331/3331/3290 3333/3333/3292 2930/2941/2908
f 3332/3334/3293 3334/3336/3295 3335/3335/3294
f 3333/3333/3292 3335/3335/3294 2932/2944/2911
f 3334/3336/3295 3336/3339/3298 3337/3337/3296
f 3335/3335/3294 3337/3337/3296 2934/3338/3297
f 3336/3339/3298 3338/3341/3300 26/3340/3299
f 3337/3337/3296 26/3340/3299 25/12/12
f 3338/3341/3300 3336/3339/3298 3339/3342/3301
f 3338/3341/3300 3340/3343/3302 3341/3344/3303
f 3342/3345/3304 22/13/13 26/3340/3299
f 3342/3345/3304 3341/3344/3303 3343/3346/3305
f 3344/3347/3306 23/11/11 22/13/13
f 3344/3347/3306 3343/3346/3305 3345/3348/3307
f 3346/3349/3308 3347/3350/3309 23/11/11
f 3347/3350/3309 3346/3349/3308 3348/3351/3310
f 3349/3352/3311 3350/3354/3313 3351/3353/3312
f 3347/3350/3309 3351/3353/3312 20/9/9
f 3350/3354/3313 3159/3357/3316 3352/3355/3314
f 3351/3353/3312 3352/3355/3314 21/3356/3315
f 3159/3357/3316 3157/3157/3119 3353/3358/3317
f 3352/3355/3314 3353/3358/3317 3354/3359/3318
f 3355/3360/3319 17/10/10 21/3356/3315
f 3353/3358/3317 3356/3371/3330 3357/3361/3320
f 3354/3359/3318 3357/3361/3320 3358/3362/3321
f 3359/3363/3322 3360/3365/3324 3355/3360/3319
f 3357/3361/3320 2962/2975/2942 2960/2973/2940
f 3358/3362/3321 2960/2973/2940 2958/2971/2938
f 3361/3364/3323 3362/3369/3328 18/7/7
f 3360/3365/3324 18/7/7 17/10/10
f 3360/3365/3324 3359/3363/3322 3363/3366/3325
f 2953/2966/2933 3364/3368/3327 3361/3364/3323
f 3359/3363/3322 2958/2971/2938 2956/2969/2936
f 3363/3366/3325 2956/2969/2936 2954/2967/2934
f 2945/2963/2930 2943/2954/2921 2942/3367/3326
f 3364/3368/3327 2942/3367/3326 3362/3369/3328
f 3364/3368/3327 2953/2966/2933 2951/2964/2931
f 2942/3367/3326 2940/2951/2918 2939/3370/3329
f 3362/3369/3328 2939/3370/3329 19/8/8
f 3356/3371/3330 2964/2977/2944 2962/2975/2942
f 3356/3371/3330 3353/3358/3317 3157/3157/3119
f 3156/3153/3115 2966/2979/2946 2964/2977/2944
f 3350/3354/3313 3349/3352/3311 3365/3372/3331
f 3162/3373/3332 3160/3158/3120 3159/3357/3316
f 3349/3352/3311 3348/3351/3310 3366/3374/3333
f 3365/3372/3331 3366/3374/3333 3367/3375/3334
f 3165/3376/3335 3163/3160/3122 3162/3373/3332
f 3366/3374/3333 3368/3561/3517 3369/3377/3336
f 3367/3375/3334 3369/3377/3336 3370/3378/3337
f 3168/3379/3338 3166/3163/3125 3165/3376/3335
f 3370/3378/3337 3369/3377/3336 3371/3380/3339
f 3372/3382/3340 3373/3386/3342 3171/3383/3341
f 3171/3383/3341 3169/3169/3128 3168/3385/3338
f 3373/3386/3342 3372/3382/3340 3374/3387/3343
f 3375/3388/3344 3376/3389/3345 3174/3175/3134
f 3373/3386/3342 3174/3175/3134 3172/3172/3131
f 3376/3389/3345 3375/3388/3344 3377/3390/3346
f 3378/3391/3347 3379/3392/3348 3177/3178/3137
f 3376/3389/3345 3177/3178/3137 3175/3176/3135
f 3379/3392/3348 3378/3391/3347 3380/3393/3349
f 3381/3394/3350 3382/3395/3351 3180/3181/3140
f 3379/3392/3348 3180/3181/3140 3178/3179/3138
f 3382/3395/3351 3381/3394/3350 3383/3396/3352
f 3384/3397/3353 3385/3398/3354 3183/3184/3143
f 3382/3395/3351 3183/3184/3143 3181/3182/3141
f 3385/3398/3354 3384/3397/3353 3386/3399/3355
f 3387/3400/3356 3388/3402/3358 3186/3187/3146
f 3385/3398/3354 3186/3187/3146 3184/3185/3144
f 3387/3400/3356 3389/3585/3538 3390/3401/3357
f 3388/3402/3358 3390/3401/3357 3391/3403/3359
f 3388/3402/3358 3189/3190/3149 3187/3188/3147
f 3390/3401/3357 3392/3588/3541 3393/3404/3360
f 3391/3403/3359 3393/3404/3360 3394/3405/3361
f 3192/3406/3362 3190/3191/3150 3189/3190/3149
f 3393/3404/3360 3395/3591/3544 3396/3407/3363
f 3394/3405/3361 3396/3407/3363 3397/3408/3364
f 3195/3409/3365 3193/3192/3151 3192/3406/3362
f 3396/3407/3363 3398/3594/3547 3399/3410/3366
f 3397/3408/3364 3399/3410/3366 3400/3411/3367
f 3198/3412/3368 3196/3195/3154 3195/3409/3365
f 3399/3410/3366 3401/3597/3550 3402/3413/3369
f 3400/3411/3367 3402/3413/3369 3403/3414/3370
f 3201/3415/3371 3199/3198/3157 3198/3412/3368
f 3402/3413/3369 3404/3600/3553 3405/3416/3372
f 3403/3414/3370 3405/3416/3372 3406/3417/3373
f 3204/3418/3374 3202/3201/3160 3201/3415/3371
f 3405/3416/3372 3407/3603/3556 3408/3419/3375
f 3406/3417/3373 3408/3419/3375 3409/3420/3376
f 3207/3421/3377 3205/3204/3163 3204/3418/3374
f 3408/3419/3375 3410/3606/3559 3411/3422/3378
f 3409/3420/3376 3411/3422/3378 3412/3423/3379
f 3210/3424/3380 3208/3207/3166 3207/3421/3377
f 3411/3422/3378 3413/3609/3562 3414/3425/3381
f 3412/3423/3379 3414/3425/3381 3415/3426/3382
f 3213/3427/3383 3211/3210/3169 3210/3424/3380
f 3414/3425/3381 3416/3612/3565 3417/3428/3384
f 3415/3426/3382 3417/3428/3384 3418/3429/3385
f 3216/3430/3386 3214/3213/3172 3213/3427/3383
f 3418/3429/3385 3417/3428/3384 3419/3431/3387
f 3420/3432/3388 3421/3433/3389 3219/3219/3178
f 3418/3429/3385 3219/3219/3178 3217/3216/3175
f 3421/3433/3389 3420/3432/3388 3422/3434/3390
f 3423/3435/3391 3424/3436/3392 3222/3223/3182
f 3421/3433/3389 3222/3223/3182 3220/3220/3179
f 3424/3436/3392 3423/3435/3391 3425/3437/3393
f 3426/3438/3394 3228/3230/3189 3226/3228/3187
f 3424/3436/3392 3226/3228/3187 3223/3224/3183
f 3426/3438/3394 3425/3437/3393 3427/3439/3395
f 3426/3438/3394 3428/3440/3396 3230/3233/3192
f 3428/3440/3396 3427/3439/3395 3429/3441/3397
f 3430/3442/3398 3232/3445/3401 3230/3233/3192
f 3430/3442/3398 3429/3441/3397 3431/3443/3399
f 3432/3444/3400 3433/3446/3402 3232/3445/3401
f 3433/3446/3402 3432/3444/3400 3434/3447/3403
f 3435/3448/3404 3436/3450/3406 3235/3449/3405
f 3235/3449/3405 3233/3234/3193 3232/3445/3401
f 3436/3450/3406 3238/3239/3198 3236/3237/3196
f 3436/3450/3406 3435/3448/3404 3437/3451/3407
f 3438/3452/3408 3439/3453/3409 3238/3239/3198
f 3439/3453/3409 3241/3242/3201 3239/3240/3199
f 3439/3453/3409 3438/3452/3408 3440/3454/3410
f 3441/3455/3411 3442/3456/3412 3241/3242/3201
f 3442/3456/3412 3244/3245/3204 3242/3243/3202
f 3442/3456/3412 3441/3455/3411 3443/3457/3413
f 3444/3458/3414 3445/3459/3415 3244/3245/3204
f 3445/3459/3415 3247/3248/3207 3245/3246/3205
f 3445/3459/3415 3444/3458/3414 3446/3460/3416
f 3447/3461/3417 3249/3250/3209 3247/3248/3207
f 3447/3461/3417 3446/3460/3416 3448/3462/3418
f 3449/3463/3419 3450/3464/3420 3249/3250/3209
f 3450/3464/3420 3252/3253/3212 3250/3251/3210
f 3450/3464/3420 3449/3463/3419 3451/3465/3421
f 3452/3466/3422 3453/3467/3423 3252/3253/3212
f 3453/3467/3423 3255/3256/3215 3253/3254/3213
f 3453/3467/3423 3452/3466/3422 3454/3468/3424
f 3455/3469/3425 3257/3258/3217 3255/3256/3215
f 3455/3469/3425 3454/3468/3424 3456/3470/3426
f 3457/3471/3427 3259/3260/3219 3257/3258/3217
f 3457/3471/3427 3456/3470/3426 3458/3472/3428
f 3459/3473/3429 3261/3262/3221 3259/3260/3219
f 3459/3473/3429 3458/3472/3428 3460/3474/3430
f 3461/3475/3431 3263/3264/3223 3261/3262/3221
f 3461/3475/3431 3460/3474/3430 3462/3476/3432
f 3463/3477/3433 3265/3266/3225 3263/3264/3223
f 3463/3477/3433 3462/3476/3432 3464/3478/3434
f 3465/3479/3435 3267/3268/3227 3265/3266/3225
f 3465/3479/3435 3464/3478/3434 3466/3480/3436
f 3467/3481/3437 3269/3270/3229 3267/3268/3227
f 3467/3481/3437 3466/3480/3436 3468/3482/3438
f 3469/3483/3439 3271/3272/3231 3269/3270/3229
f 3469/3483/3439 3468/3482/3438 3470/3484/3440
f 3471/3485/3441 3273/3274/3233 3271/3272/3231
f 3471/3485/3441 3470/3484/3440 3472/3486/3442
f 3473/3487/3443 3275/3276/3235 3273/3274/3233
f 3472/3486/3442 3474/3489/3445 3475/3488/3444
f 3473/3487/3443 3475/3488/3444 3277/3279/3238
f 3474/3489/3445 3476/3491/3447 3477/3490/3446
f 3475/3488/3444 3477/3490/3446 3279/3281/3240
f 3476/3491/3447 3478/3493/3449 3479/3492/3448
f 3477/3490/3446 3479/3492/3448 3281/3283/3242
f 3478/3493/3449 3480/3495/3451 3481/3494/3450
f 3479/3492/3448 3481/3494/3450 3283/3285/3244
f 3480/3495/3451 3482/3497/3453 3483/3496/3452
f 3481/3494/3450 3483/3496/3452 3285/3287/3246
f 3482/3497/3453 3484/3499/3455 3485/3498/3454
f 3483/3496/3452 3485/3498/3454 3287/3289/3248
f 3484/3499/3455 3486/3501/3457 3487/3500/3456
f 3485/3498/3454 3487/3500/3456 3289/3291/3250
f 3486/3501/3457 3488/3503/3459 3489/3502/3458
f 3487/3500/3456 3489/3502/3458 3291/3293/3252
f 3488/3503/3459 3490/3505/3461 3491/3504/3460
f 3489/3502/3458 3491/3504/3460 3293/3295/3254
f 3490/3505/3461 3492/3507/3463 3493/3506/3462
f 3491/3504/3460 3493/3506/3462 3295/3297/3256
f 3492/3507/3463 3494/3509/3465 3495/3508/3464
f 3493/3506/3462 3495/3508/3464 3297/3299/3258
f 3494/3509/3465 3496/3511/3467 3497/3510/3466
f 3495/3508/3464 3497/3510/3466 3299/3301/3260
f 3496/3511/3467 3498/3513/3469 3499/3512/3468
f 3497/3510/3466 3499/3512/3468 3301/3303/3262
f 3498/3513/3469 3500/3515/3471 3501/3514/3470
f 3499/3512/3468 3501/3514/3470 3303/3305/3264
f 3500/3515/3471 3502/3517/3473 3503/3516/3472
f 3501/3514/3470 3503/3516/3472 3305/3308/3267
f 3502/3517/3473 3504/3520/3476 3505/3518/3474
f 3503/3516/3472 3505/3518/3474 3307/3519/3475
f 3504/3520/3476 3506/3699/3651 3507/3521/3477
f 3505/3518/3474 3507/3521/3477 3508/3522/3478
f 3310/3312/3271 3308/3309/3268 3307/3519/3475
f 3507/3521/3477 3509/3524/3480 3510/3523/3479
f 3508/3522/3478 3510/3523/3479 3312/3315/3274
f 3509/3524/3480 3511/3527/3483 3512/3525/3481
f 3510/3523/3479 3512/3525/3481 3314/3526/3482
f 3511/3527/3483 3513/3706/3658 3514/3528/3484
f 3512/3525/3481 3514/3528/3484 3515/3529/3485
f 3317/3319/3278 3315/3316/3275 3314/3526/3482
f 3514/3528/3484 3516/3531/3487 3517/3530/3486
f 3515/3529/3485 3517/3530/3486 3319/3321/3280
f 3516/3531/3487 3518/3533/3489 3519/3532/3488
f 3517/3530/3486 3519/3532/3488 3321/3323/3282
f 3518/3533/3489 3520/3535/3491 3521/3534/3490
f 3519/3532/3488 3521/3534/3490 3323/3326/3285
f 3520/3535/3491 3522/3538/3494 3523/3536/3492
f 3521/3534/3490 3523/3536/3492 3325/3537/3493
f 3522/3538/3494 3524/3717/3669 3525/3539/3495
f 3523/3536/3492 3525/3539/3495 3526/3540/3496
f 3328/3330/3289 3326/3327/3286 3325/3537/3493
f 3525/3539/3495 3527/3542/3498 3528/3541/3497
f 3526/3540/3496 3528/3541/3497 3330/3332/3291
f 3527/3542/3498 3529/3544/3500 3530/3543/3499
f 3528/3541/3497 3530/3543/3499 3332/3334/3293
f 3529/3544/3500 3531/3546/3502 3532/3545/3501
f 3530/3543/3499 3532/3545/3501 3334/3336/3295
f 3531/3546/3502 3533/3547/3503 3339/3342/3301
f 3532/3545/3501 3339/3342/3301 3336/3339/3298
f 3533/3547/3503 3531/3546/3502 3534/3548/3504
f 3535/3549/3505 3536/3551/3507 3537/3550/3506
f 3533/3547/3503 3537/3550/3506 3340/3343/3302
f 3536/3551/3507 3538/3553/3509 3539/3552/3508
f 3539/3552/3508 3341/3344/3303 3340/3343/3302
f 3538/3553/3509 3540/3555/3511 3541/3554/3510
f 3541/3554/3510 3343/3346/3305 3341/3344/3303
f 3540/3555/3511 3542/3557/3513 3543/3556/3512
f 3541/3554/3510 3543/3556/3512 3345/3348/3307
f 3542/3557/3513 3544/3562/3518 3545/3558/3514
f 3543/3556/3512 3545/3558/3514 3546/3559/3515
f 3546/3559/3515 3545/3558/3514 3547/3560/3516
f 3368/3561/3517 3366/3374/3333 3348/3351/3310
f 3546/3559/3515 3348/3351/3310 3346/3349/3308
f 3547/3560/3516 3545/3558/3514 3544/3562/3518
f 3548/3563/3519 3549/3564/3520 3371/3380/3339
f 3547/3560/3516 3371/3380/3339 3369/3377/3336
f 3549/3564/3520 3548/3563/3519 3550/3565/3521
f 3551/3566/3522 3552/3568/3523 3374/3567/3343
f 3549/3564/3520 3374/3567/3343 3372/3381/3340
f 3552/3568/3523 3551/3566/3522 3553/3569/3524
f 3554/3571/3525 3555/3573/3526 3377/3390/3346
f 3552/3572/3523 3377/3390/3346 3375/3388/3344
f 3555/3573/3526 3554/3571/3525 3556/3574/3527
f 3557/3575/3528 3558/3576/3529 3380/3393/3349
f 3555/3573/3526 3380/3393/3349 3378/3391/3347
f 3558/3576/3529 3557/3575/3528 3559/3577/3530
f 3560/3578/3531 3561/3579/3532 3383/3396/3352
f 3558/3576/3529 3383/3396/3352 3381/3394/3350
f 3561/3579/3532 3560/3578/3531 3562/3580/3533
f 3561/3579/3532 3563/3581/3534 3564/3582/3535
f 3561/3579/3532 3386/3399/3355 3384/3397/3353
f 3563/3581/3534 3565/3750/3701 3566/3583/3536
f 3564/3582/3535 3566/3583/3536 3567/3584/3537
f 3389/3585/3538 3387/3400/3356 3386/3399/3355
f 3566/3583/3536 3568/3753/3704 3569/3586/3539
f 3567/3584/3537 3569/3586/3539 3570/3587/3540
f 3392/3588/3541 3390/3401/3357 3389/3585/3538
f 3569/3586/3539 3571/3756/3707 3572/3589/3542
f 3570/3587/3540 3572/3589/3542 3573/3590/3543
f 3395/3591/3544 3393/3404/3360 3392/3588/3541
f 3572/3589/3542 3574/3759/3710 3575/3592/3545
f 3573/3590/3543 3575/3592/3545 3576/3593/3546
f 3398/3594/3547 3396/3407/3363 3395/3591/3544
f 3575/3592/3545 3577/3762/3713 3578/3595/3548
f 3576/3593/3546 3578/3595/3548 3579/3596/3549
f 3401/3597/3550 3399/3410/3366 3398/3594/3547
f 3578/3595/3548 3580/3765/3716 3581/3598/3551
f 3579/3596/3549 3581/3598/3551 3582/3599/3552
f 3404/3600/3553 3402/3413/3369 3401/3597/3550
f 3581/3598/3551 3583/3768/3719 3584/3601/3554
f 3582/3599/3552 3584/3601/3554 3585/3602/3555
f 3407/3603/3556 3405/3416/3372 3404/3600/3553
f 3584/3601/3554 3586/3771/3722 3587/3604/3557
f 3585/3602/3555 3587/3604/3557 3588/3605/3558
f 3410/3606/3559 3408/3419/3375 3407/3603/3556
f 3587/3604/3557 3589/3774/3725 3590/3607/3560
f 3588/3605/3558 3590/3607/3560 3591/3608/3561
f 3413/3609/3562 3411/3422/3378 3410/3606/3559
f 3590/3607/3560 3592/3777/3728 3593/3610/3563
f 3591/3608/3561 3593/3610/3563 3594/3611/3564
f 3416/3612/3565 3414/3425/3381 3413/3609/3562
f 3594/3611/3564 3593/3610/3563 3595/3613/3566
f 3596/3614/3567 3597/3615/3568 3419/3431/3387
f 3594/3611/3564 3419/3431/3387 3417/3428/3384
f 3597/3615/3568 3596/3614/3567 3598/3616/3569
f 3599/3617/3570 3600/3618/3571 3422/3434/3390
f 3597/3615/3568 3422/3434/3390 3420/3432/3388
f 3600/3618/3571 3599/3617/3570 3601/3619/3572
f 3602/3620/3573 3427/3439/3395 3425/3437/3393
f 3600/3618/3571 3425/3437/3393 3423/3435/3391
f 3602/3620/3573 3601/3619/3572 3603/3621/3574
f 3604/3622/3575 3429/3441/3397 3427/3439/3395
f 3604/3622/3575 3603/3621/3574 3605/3623/3576
f 3606/3624/3577 3431/3443/3399 3429/3441/3397
f 3606/3624/3577 3605/3623/3576 3607/3625/3578
f 3608/3626/3579 3609/3627/3580 3431/3443/3399
f 3609/3627/3580 3608/3626/3579 3610/3628/3581
f 3611/3629/3582 3612/3630/3583 3434/3447/3403
f 3609/3627/3580 3434/3447/3403 3432/3444/3400
f 3612/3630/3583 3611/3629/3582 3613/3631/3584
f 3614/3632/3585 3615/3633/3586 3437/3451/3407
f 3612/3630/3583 3437/3451/3407 3435/3448/3404
f 3615/3633/3586 3440/3454/3410 3438/3452/3408
f 3615/3633/3586 3614/3632/3585 3616/3634/3587
f 3617/3635/3588 3618/3636/3589 3440/3454/3410
f 3618/3636/3589 3443/3457/3413 3441/3455/3411
f 3618/3636/3589 3617/3635/3588 3619/3637/3590
f 3620/3638/3591 3621/3639/3592 3443/3457/3413
f 3621/3639/3592 3446/3460/3416 3444/3458/3414
f 3621/3639/3592 3620/3638/3591 3622/3640/3593
f 3623/3641/3594 3448/3462/3418 3446/3460/3416
f 3623/3641/3594 3622/3640/3593 3624/3642/3595
f 3625/3643/3596 3626/3644/3597 3448/3462/3418
f 3626/3644/3597 3451/3465/3421 3449/3463/3419
f 3626/3644/3597 3625/3643/3596 3627/3645/3598
f 3628/3646/3599 3629/3647/3600 3451/3465/3421
f 3629/3647/3600 3454/3468/3424 3452/3466/3422
f 3629/3647/3600 3628/3646/3599 3630/3648/3601
f 3631/3649/3602 3456/3470/3426 3454/3468/3424
f 3631/3649/3602 3630/3648/3601 3632/3650/3603
f 3633/3651/3604 3458/3472/3428 3456/3470/3426
f 3633/3651/3604 3632/3650/3603 3634/3652/3605
f 3635/3653/3606 3460/3474/3430 3458/3472/3428
f 3635/3653/3606 3634/3652/3605 3636/3654/3607
f 3637/3655/3608 3462/3476/3432 3460/3474/3430
f 3637/3655/3608 3636/3654/3607 3638/3656/3609
f 3639/3657/3610 3464/3478/3434 3462/3476/3432
f 3639/3657/3610 3638/3656/3609 3640/3658/3611
f 3641/3659/3612 3466/3480/3436 3464/3478/3434
f 3641/3659/3612 3640/3658/3611 3642/3660/3613
f 3643/3661/3614 3468/3482/3438 3466/3480/3436
f 3643/3661/3614 3642/3660/3613 3644/3662/3615
f 3645/3663/3616 3470/3484/3440 3468/3482/3438
f 3645/3663/3616 3644/3662/3615 3646/3664/3617
f 3647/3665/3618 3472/3486/3442 3470/3484/3440
f 3647/3665/3618 3646/3664/3617 3648/3666/3619
f 3647/3665/3618 3649/3667/3620 3474/3489/3445
f 3648/3666/3619 3650/3669/3610 3651/3668/3621
f 3649/3667/3620 3651/3668/3621 3476/3491/3447
f 3650/3669/3610 3652/3671/3623 3653/3670/3622
f 3651/3668/3621 3653/3670/3622 3478/3493/3449
f 3652/3671/3623 3654/3673/3625 3655/3672/3624
f 3653/3670/3622 3655/3672/3624 3480/3495/3451
f 3654/3673/3625 3656/3675/3627 3657/3674/3626
f 3655/3672/3624 3657/3674/3626 3482/3497/3453
f 3656/3675/3627 3658/3677/3629 3659/3676/3628
f 3657/3674/3626 3659/3676/3628 3484/3499/3455
f 3658/3677/3629 3660/3679/3631 3661/3678/3630
f 3659/3676/3628 3661/3678/3630 3486/3501/3457
f 3660/3679/3631 3662/3681/3633 3663/3680/3632
f 3661/3678/3630 3663/3680/3632 3488/3503/3459
f 3662/3681/3633 3664/3683/3635 3665/3682/3634
f 3663/3680/3632 3665/3682/3634 3490/3505/3461
f 3664/3683/3635 3666/3685/3637 3667/3684/3636
f 3665/3682/3634 3667/3684/3636 3492/3507/3463
f 3666/3685/3637 3668/3687/3639 3669/3686/3638
f 3667/3684/3636 3669/3686/3638 3494/3509/3465
f 3668/3687/3639 3670/3689/3641 3671/3688/3640
f 3669/3686/3638 3671/3688/3640 3496/3511/3467
f 3670/3689/3641 3672/3691/3643 3673/3690/3642
f 3671/3688/3640 3673/3690/3642 3498/3513/3469
f 3672/3691/3643 3674/3693/3645 3675/3692/3644
f 3673/3690/3642 3675/3692/3644 3500/3515/3471
f 3674/3693/3645 3676/3695/3647 3677/3694/3646
f 3675/3692/3644 3677/3694/3646 3502/3517/3473
f 3676/3695/3647 3678/3697/3649 3679/3696/3648
f 3677/3694/3646 3679/3696/3648 3504/3520/3476
f 3678/3697/3649 3680/3700/3652 3681/3698/3650
f 3679/3696/3648 3681/3698/3650 3506/3699/3651
f 3680/3700/3652 3682/3863/3813 3683/3701/3653
f 3681/3698/3650 3683/3701/3653 3684/3702/3654
f 3509/3524/3480 3507/3521/3477 3506/3699/3651
f 3683/3701/3653 3685/3704/3656 3686/3703/3655
f 3684/3702/3654 3686/3703/3655 3511/3527/3483
f 3685/3704/3656 3687/3707/3659 3688/3705/3657
f 3686/3703/3655 3688/3705/3657 3513/3706/3658
f 3687/3707/3659 3689/3870/3820 3690/3708/3660
f 3688/3705/3657 3690/3708/3660 3691/3709/3661
f 3516/3531/3487 3514/3528/3484 3513/3706/3658
f 3690/3708/3660 3692/3711/3663 3693/3710/3662
f 3691/3709/3661 3693/3710/3662 3518/3533/3489
f 3692/3711/3663 3694/3713/3665 3695/3712/3664
f 3693/3710/3662 3695/3712/3664 3520/3535/3491
f 3694/3713/3665 3696/3715/3667 3697/3714/3666
f 3695/3712/3664 3697/3714/3666 3522/3538/3494
f 3696/3715/3667 3698/3718/3670 3699/3716/3668
f 3697/3714/3666 3699/3716/3668 3524/3717/3669
f 3698/3718/3670 3700/3881/3831 3701/3719/3671
f 3699/3716/3668 3701/3719/3671 3702/3720/3672
f 3527/3542/3498 3525/3539/3495 3524/3717/3669
f 3701/3719/3671 3703/3722/3674 3704/3721/3673
f 3702/3720/3672 3704/3721/3673 3529/3544/3500
f 3703/3722/3674 3705/3723/3675 3534/3548/3504
f 3704/3721/3673 3534/3548/3504 3531/3546/3502
f 3705/3723/3675 3703/3722/3674 3706/3724/3676
f 3707/3725/3677 3708/3727/3679 3709/3726/3678
f 3705/3723/3675 3709/3726/3678 3535/3549/3505
f 3708/3727/3679 3710/3729/3681 3711/3728/3680
f 3709/3726/3678 3711/3728/3680 3536/3551/3507
f 3710/3729/3681 3712/3731/3683 3713/3730/3682
f 3711/3728/3680 3713/3730/3682 3538/3553/3509
f 3712/3731/3683 3714/3733/3685 3715/3732/3684
f 3713/3730/3682 3715/3732/3684 3540/3555/3511
f 3714/3733/3685 3716/3735/3687 3717/3734/3686
f 3715/3732/3684 3717/3734/3686 3542/3557/3513
f 3716/3735/3687 3718/3737/3689 3719/3736/3688
f 3717/3734/3686 3719/3736/3688 3544/3562/3518
f 3718/3737/3689 3720/3738/3690 3550/3565/3521
f 3719/3736/3688 3550/3565/3521 3548/3563/3519
f 3720/3738/3690 3718/3737/3689 3721/3739/3691
f 3722/3740/3692 3723/3741/3693 3553/3569/3524
f 3720/3738/3690 3553/3569/3524 3551/3566/3522
f 3723/3741/3693 3722/3740/3692 14/3/3
f 13/2/2 3724/3743/3694 3556/3742/3527
f 3723/3741/3693 3556/3742/3527 3554/3570/3525
f 3724/3743/3694 13/2/2 12/5/5
f 3725/3744/3695 3726/3746/3697 3559/3577/3530
f 3724/3743/3694 3559/3577/3530 3557/3575/3528
f 3725/3744/3695 3727/3907/3857 3728/3745/3696
f 3726/3746/3697 3728/3745/3696 3729/3747/3698
f 3726/3746/3697 3562/3580/3533 3560/3578/3531
f 3728/3745/3696 3730/3906/3856 3731/3748/3699
f 3729/3747/3698 3731/3748/3699 3732/3749/3700
f 3565/3750/3701 3563/3581/3534 3562/3580/3533
f 3731/3748/3699 3733/3910/3860 3734/3751/3702
f 3732/3749/3700 3734/3751/3702 3735/3752/3703
f 3568/3753/3704 3566/3583/3536 3565/3750/3701
f 3734/3751/3702 3736/3913/3863 3737/3754/3705
f 3735/3752/3703 3737/3754/3705 3738/3755/3706
f 3571/3756/3707 3569/3586/3539 3568/3753/3704
f 3737/3754/3705 3739/3916/3866 3740/3757/3708
f 3738/3755/3706 3740/3757/3708 3741/3758/3709
f 3574/3759/3710 3572/3589/3542 3571/3756/3707
f 3740/3757/3708 3742/3919/3869 3743/3760/3711
f 3741/3758/3709 3743/3760/3711 3744/3761/3712
f 3577/3762/3713 3575/3592/3545 3574/3759/3710
f 3743/3760/3711 3745/3922/3872 3746/3763/3714
f 3744/3761/3712 3746/3763/3714 3747/3764/3715
f 3580/3765/3716 3578/3595/3548 3577/3762/3713
f 3746/3763/3714 3748/3925/3875 3749/3766/3717
f 3747/3764/3715 3749/3766/3717 3750/3767/3718
f 3583/3768/3719 3581/3598/3551 3580/3765/3716
f 3749/3766/3717 3751/3928/3878 3752/3769/3720
f 3750/3767/3718 3752/3769/3720 3753/3770/3721
f 3586/3771/3722 3584/3601/3554 3583/3768/3719
f 3752/3769/3720 3754/3931/3881 3755/3772/3723
f 3753/3770/3721 3755/3772/3723 3756/3773/3724
f 3589/3774/3725 3587/3604/3557 3586/3771/3722
f 3755/3772/3723 3757/3935/3885 3758/3775/3726
f 3756/3773/3724 3758/3775/3726 3759/3776/3727
f 3592/3777/3728 3590/3607/3560 3589/3774/3725
f 3758/3775/3726 3760/3940/3890 3761/3778/3729
f 3761/3778/3729 3762/3779/3730 3595/3613/3566
f 3759/3776/3727 3595/3613/3566 3593/3610/3563
f 3762/3779/3730 3761/3778/3729 3763/3780/3731
f 3764/3781/3732 3765/3782/3733 3598/3616/3569
f 3762/3779/3730 3598/3616/3569 3596/3614/3567
f 3765/3782/3733 3764/3781/3732 3766/3783/3734
f 3767/3784/3735 3603/3621/3574 3601/3619/3572
f 3765/3782/3733 3601/3619/3572 3599/3617/3570
f 3767/3784/3735 3766/3783/3734 3768/3785/3736
f 3769/3786/3737 3605/3623/3576 3603/3621/3574
f 3769/3786/3737 3768/3785/3736 3770/3787/3738
f 3771/3788/3739 3607/3625/3578 3605/3623/3576
f 3771/3788/3739 3770/3787/3738 3772/3789/3740
f 3773/3790/3741 3774/3791/3742 3607/3625/3578
f 3774/3791/3742 3773/3790/3741 3775/3792/3743
f 3776/3793/3744 3777/3794/3745 3610/3628/3581
f 3774/3791/3742 3610/3628/3581 3608/3626/3579
f 3777/3794/3745 3776/3793/3744 3778/3795/3746
f 3779/3796/3747 3780/3797/3748 3613/3631/3584
f 3777/3794/3745 3613/3631/3584 3611/3629/3582
f 3780/3797/3748 3779/3796/3747 3781/3798/3749
f 3782/3799/3750 3783/3800/3751 3616/3634/3587
f 3780/3797/3748 3616/3634/3587 3614/3632/3585
f 3783/3800/3751 3619/3637/3590 3617/3635/3588
f 3783/3800/3751 3782/3799/3750 3784/3801/3752
f 3785/3802/3753 3786/3803/3754 3619/3637/3590
f 3786/3803/3754 3622/3640/3593 3620/3638/3591
f 3786/3803/3754 3785/3802/3753 3787/3804/3755
f 3788/3805/3756 3624/3642/3595 3622/3640/3593
f 3788/3805/3756 3787/3804/3755 3789/3806/3757
f 3790/3807/3758 3791/3808/3759 3624/3642/3595
f 3791/3808/3759 3627/3645/3598 3625/3643/3596
f 3791/3808/3759 3790/3807/3758 3792/3809/3760
f 3793/3810/3761 3794/3811/3762 3627/3645/3598
f 3794/3811/3762 3630/3648/3601 3628/3646/3599
f 3794/3811/3762 3793/3810/3761 3795/3812/3763
f 3796/3813/3764 3632/3650/3603 3630/3648/3601
f 3796/3813/3764 3795/3812/3763 3797/3814/3765
f 3798/3815/3766 3634/3652/3605 3632/3650/3603
f 3798/3815/3766 3797/3814/3765 3799/3816/3767
f 3800/3817/3768 3636/3654/3607 3634/3652/3605
f 3800/3817/3768 3799/3816/3767 3801/3818/3769
f 3802/3819/3770 3638/3656/3609 3636/3654/3607
f 3802/3819/3770 3801/3818/3769 3803/3820/3771
f 3804/3821/3772 3640/3658/3611 3638/3656/3609
f 3804/3821/3772 3803/3820/3771 3805/3822/3773
f 3806/3823/3774 3642/3660/3613 3640/3658/3611
f 3806/3823/3774 3805/3822/3773 3807/3824/3775
f 3808/3825/3776 3644/3662/3615 3642/3660/3613
f 3808/3825/3776 3807/3824/3775 3809/3826/3777
f 3810/3827/3778 3646/3664/3617 3644/3662/3615
f 3810/3827/3778 3809/3826/3777 3811/3828/3779
f 3812/3829/3778 3648/3666/3619 3646/3664/3617
f 3812/3829/3778 3811/3828/3779 3813/3830/3780
f 3814/3831/3781 3650/3669/3610 3648/3666/3619
f 3814/3831/3781 3813/3830/3780 3815/3832/3782
f 3814/3831/3781 3816/3833/3783 3652/3671/3623
f 3816/3833/3783 3815/3832/3782 3817/3834/3784
f 3816/3833/3783 3818/3835/3785 3654/3673/3625
f 3818/3835/3785 3817/3834/3784 3819/3836/3786
f 3818/3835/3785 3820/3837/3787 3656/3675/3627
f 3820/3837/3787 3819/3836/3786 3821/3838/3788
f 3820/3837/3787 3822/3839/3789 3658/3677/3629
f 3822/3839/3789 3821/3838/3788 3823/3840/3790
f 3824/3841/3791 3660/3679/3631 3658/3677/3629
f 3824/3841/3791 3823/3840/3790 3825/3842/3792
f 3826/3843/3793 3662/3681/3633 3660/3679/3631
f 3826/3843/3793 3825/3842/3792 3827/3844/3794
f 3828/3845/3795 3664/3683/3635 3662/3681/3633
f 3828/3845/3795 3827/3844/3794 3829/3846/3796
f 3828/3845/3795 3830/3847/3797 3666/3685/3637
f 3830/3847/3797 3829/3846/3796 3831/3848/3798
f 3830/3847/3797 3832/3849/3799 3668/3687/3639
f 3832/3849/3799 3831/3848/3798 3833/3850/3800
f 3832/3849/3799 3834/3851/3801 3670/3689/3641
f 3833/3850/3800 3835/3853/3803 3836/3852/3802
f 3834/3851/3801 3836/3852/3802 3672/3691/3643
f 3835/3853/3803 3837/3855/3805 3838/3854/3804
f 3836/3852/3802 3838/3854/3804 3674/3693/3645
f 3837/3855/3805 3839/3857/3807 3840/3856/3806
f 3838/3854/3804 3840/3856/3806 3676/3695/3647
f 3839/3857/3807 3841/3859/3809 3842/3858/3808
f 3840/3856/3806 3842/3858/3808 3678/3697/3649
f 3841/3859/3809 3843/3861/3811 3844/3860/3810
f 3842/3858/3808 3844/3860/3810 3680/3700/3652
f 3843/3861/3811 3845/3864/3814 3846/3862/3812
f 3844/3860/3810 3846/3862/3812 3682/3863/3813
f 3845/3864/3814 3847/4024/3973 3848/3865/3815
f 3846/3862/3812 3848/3865/3815 3849/3866/3816
f 3685/3704/3656 3683/3701/3653 3682/3863/3813
f 3848/3865/3815 3850/3868/3818 3851/3867/3817
f 3849/3866/3816 3851/3867/3817 3687/3707/3659
f 3850/3868/3818 3852/3871/3821 3853/3869/3819
f 3851/3867/3817 3853/3869/3819 3689/3870/3820
f 3852/3871/3821 3854/4031/3980 3855/3872/3822
f 3853/3869/3819 3855/3872/3822 3856/3873/3823
f 3692/3711/3663 3690/3708/3660 3689/3870/3820
f 3855/3872/3822 3857/3875/3825 3858/3874/3824
f 3856/3873/3823 3858/3874/3824 3694/3713/3665
f 3857/3875/3825 3859/3877/3827 3860/3876/3826
f 3858/3874/3824 3860/3876/3826 3696/3715/3667
f 3859/3877/3827 3861/3879/3829 3862/3878/3828
f 3860/3876/3826 3862/3878/3828 3698/3718/3670
f 3861/3879/3829 3863/3882/3832 3864/3880/3830
f 3862/3878/3828 3864/3880/3830 3700/3881/3831
f 3863/3882/3832 3865/3884/3834 3866/3883/3833
f 3864/3880/3830 3866/3883/3833 3706/3724/3676
f 3865/3884/3834 3867/3886/3836 3868/3885/3835
f 3866/3883/3833 3868/3885/3835 3707/3725/3677
f 3867/3886/3836 3869/3888/3838 3870/3887/3837
f 3868/3885/3835 3870/3887/3837 3708/3727/3679
f 3869/3888/3838 3871/3890/3840 3872/3889/3839
f 3870/3887/3837 3872/3889/3839 3710/3729/3681
f 3871/3890/3840 3873/3892/3842 3874/3891/3841
f 3872/3889/3839 3874/3891/3841 3712/3731/3683
f 3873/3892/3842 3875/3894/3844 3876/3893/3843
f 3874/3891/3841 3876/3893/3843 3714/3733/3685
f 3875/3894/3844 3877/3896/3846 3878/3895/3845
f 3876/3893/3843 3878/3895/3845 3716/3735/3687
f 3877/3896/3846 3879/3897/3847 3721/3739/3691
f 3878/3895/3845 3721/3739/3691 3718/3737/3689
f 3879/3897/3847 3877/3896/3846 3880/3898/3848
f 15/3899/3849 1/1/1 14/3/3
f 3879/3897/3847 14/3/3 3722/3740/3692
f 3877/3896/3846 3875/3894/3844 3881/3900/3850
f 3880/3898/3848 3881/3900/3850 3882/3901/3851
f 3883/3902/3852 16/4/4 15/3899/3849
f 3883/3902/3852 3882/3901/3851 3884/3903/3853
f 3885/3904/3854 3727/3907/3857 16/4/4
f 3885/3904/3854 3884/3903/3853 3886/3905/3855
f 3730/3906/3856 3728/3745/3696 3727/3907/3857
f 3884/3903/3853 3887/4052/4001 3888/3908/3858
f 3886/3905/3855 3888/3908/3858 3889/3909/3859
f 3733/3910/3860 3731/3748/3699 3730/3906/3856
f 3888/3908/3858 3890/4055/4004 3891/3911/3861
f 3889/3909/3859 3891/3911/3861 3892/3912/3862
f 3736/3913/3863 3734/3751/3702 3733/3910/3860
f 3891/3911/3861 3893/4058/4007 3894/3914/3864
f 3892/3912/3862 3894/3914/3864 3895/3915/3865
f 3739/3916/3866 3737/3754/3705 3736/3913/3863
f 3894/3914/3864 3896/4061/4010 3897/3917/3867
f 3895/3915/3865 3897/3917/3867 3898/3918/3868
f 3742/3919/3869 3740/3757/3708 3739/3916/3866
f 3897/3917/3867 3899/4064/4013 3900/3920/3870
f 3898/3918/3868 3900/3920/3870 3901/3921/3871
f 3745/3922/3872 3743/3760/3711 3742/3919/3869
f 3900/3920/3870 3902/4067/4016 3903/3923/3873
f 3901/3921/3871 3903/3923/3873 3904/3924/3874
f 3748/3925/3875 3746/3763/3714 3745/3922/3872
f 3903/3923/3873 3905/4070/4019 3906/3926/3876
f 3904/3924/3874 3906/3926/3876 3907/3927/3877
f 3751/3928/3878 3749/3766/3717 3748/3925/3875
f 3907/3927/3877 3906/3926/3876 3908/3929/3879
f 3909/3930/3880 3910/3932/3882 3754/3931/3881
f 3907/3927/3877 3754/3931/3881 3752/3769/3720
f 3910/3932/3882 3909/3930/3880 3911/3933/3883
f 3912/3934/3884 3913/3936/3886 3757/3935/3885
f 3910/3932/3882 3757/3935/3885 3755/3772/3723
f 3913/3936/3886 3912/3934/3884 3914/3937/3887
f 3913/3936/3886 3915/3938/3888 3916/3939/3889
f 3760/3940/3890 3758/3775/3726 3757/3935/3885
f 3916/3939/3889 3915/3938/3888 3917/3941/3891
f 3918/3942/3892 3919/3943/3893 3763/3780/3731
f 3916/3939/3889 3763/3780/3731 3761/3778/3729
f 3919/3943/3893 3918/3942/3892 3920/3944/3894
f 3921/3945/3895 3768/3785/3736 3766/3783/3734
f 3919/3943/3893 3766/3783/3734 3764/3781/3732
f 3921/3945/3895 3920/3944/3894 3922/3946/3896
f 3923/3947/3897 3770/3787/3738 3768/3785/3736
f 3923/3947/3897 3922/3946/3896 3924/3948/3898
f 3925/3949/3899 3772/3789/3740 3770/3787/3738
f 3925/3949/3899 3924/3948/3898 3926/3950/3900
f 3927/3951/3901 3928/3952/3902 3772/3789/3740
f 3928/3952/3902 3927/3951/3901 3929/3953/3903
f 3930/3954/3904 3931/3955/3905 3775/3792/3743
f 3928/3952/3902 3775/3792/3743 3773/3790/3741
f 3931/3955/3905 3930/3954/3904 3932/3956/3906
f 3933/3957/3907 3934/3958/3908 3778/3795/3746
f 3931/3955/3905 3778/3795/3746 3776/3793/3744
f 3934/3958/3908 3933/3957/3907 3935/3959/3909
f 3936/3960/3910 3937/3961/3911 3781/3798/3749
f 3934/3958/3908 3781/3798/3749 3779/3796/3747
f 3937/3961/3911 3936/3960/3910 3938/3962/3912
f 3939/3963/3913 3940/3964/3914 3784/3801/3752
f 3937/3961/3911 3784/3801/3752 3782/3799/3750
f 3940/3964/3914 3787/3804/3755 3785/3802/3753
f 3940/3964/3914 3939/3963/3913 3941/3965/3915
f 3942/3966/3916 3789/3806/3757 3787/3804/3755
f 3942/3966/3916 3941/3965/3915 3943/3967/3917
f 3944/3968/3918 3945/3969/3919 3789/3806/3757
f 3945/3969/3919 3792/3809/3760 3790/3807/3758
f 3945/3969/3919 3944/3968/3918 3946/3970/3920
f 3947/3971/3921 3948/3972/3922 3792/3809/3760
f 3948/3972/3922 3795/3812/3763 3793/3810/3761
f 3948/3972/3922 3947/3971/3921 3949/3973/3923
f 3950/3974/3924 3797/3814/3765 3795/3812/3763
f 3950/3974/3924 3949/3973/3923 3951/3975/3925
f 3952/3976/3926 3799/3816/3767 3797/3814/3765
f 3952/3976/3926 3951/3975/3925 3953/3977/3927
f 3954/3978/3928 3801/3818/3769 3799/3816/3767
f 3954/3978/3928 3953/3977/3927 3955/3979/3929
f 3956/3980/3930 3803/3820/3771 3801/3818/3769
f 3956/3980/3930 3955/3979/3929 3957/3981/3931
f 3958/3982/3932 3805/3822/3773 3803/3820/3771
f 3958/3982/3932 3957/3981/3931 3959/3983/3933
f 3960/3984/3934 3807/3824/3775 3805/3822/3773
f 3960/3984/3934 3959/3983/3933 3961/3985/3925
f 3962/3986/3935 3809/3826/3777 3807/3824/3775
f 3962/3986/3935 3961/3985/3925 3963/3987/3936
f 3964/3988/3937 3811/3828/3779 3809/3826/3777
f 3964/3988/3937 3963/3987/3936 3965/3989/3938
f 3966/3990/3939 3813/3830/3780 3811/3828/3779
f 3966/3990/3939 3965/3989/3938 3967/3991/3940
f 3968/3992/3941 3815/3832/3782 3813/3830/3780
f 3968/3992/3941 3967/3991/3940 3969/3993/3942
f 3970/3994/3943 3817/3834/3784 3815/3832/3782
f 3970/3994/3943 3969/3993/3942 3971/3995/3944
f 3972/3996/3945 3819/3836/3786 3817/3834/3784
f 3972/3996/3945 3971/3995/3944 3973/3997/3946
f 3974/3998/3947 3821/3838/3788 3819/3836/3786
f 3974/3998/3947 3973/3997/3946 3975/3999/3948
f 3976/4000/3949 3823/3840/3790 3821/3838/3788
f 3976/4000/3949 3975/3999/3948 3977/4001/3950
f 3978/4002/3951 3825/3842/3792 3823/3840/3790
f 3978/4002/3951 3977/4001/3950 3979/4003/3952
f 3980/4004/3953 3827/3844/3794 3825/3842/3792
f 3980/4004/3953 3979/4003/3952 3981/4005/3954
f 3982/4006/3955 3829/3846/3796 3827/3844/3794
f 3982/4006/3955 3981/4005/3954 3983/4007/3956
f 3984/4008/3957 3831/3848/3798 3829/3846/3796
f 3984/4008/3957 3983/4007/3956 3985/4009/3958
f 3986/4010/3959 3833/3850/3800 3831/3848/3798
f 3986/4010/3959 3985/4009/3958 3987/4011/3960
f 3988/4012/3961 3835/3853/3803 3833/3850/3800
f 3987/4011/3960 3989/4014/3963 3990/4013/3962
f 3988/4012/3961 3990/4013/3962 3837/3855/3805
f 3989/4014/3963 3991/4016/3965 3992/4015/3964
f 3990/4013/3962 3992/4015/3964 3839/3857/3807
f 3991/4016/3965 3993/4018/3967 3994/4017/3966
f 3992/4015/3964 3994/4017/3966 3841/3859/3809
f 3993/4018/3967 3995/4020/3969 3996/4019/3968
f 3994/4017/3966 3996/4019/3968 3843/3861/3811
f 3995/4020/3969 3997/4022/3971 3998/4021/3970
f 3996/4019/3968 3998/4021/3970 3845/3864/3814
f 3997/4022/3971 3999/4025/3974 4000/4023/3972
f 3998/4021/3970 4000/4023/3972 3847/4024/3973
f 3999/4025/3974 4001/4199/4148 4002/4026/3975
f 4000/4023/3972 4002/4026/3975 4003/4027/3976
f 3850/3868/3818 3848/3865/3815 3847/4024/3973
f 4002/4026/3975 4004/4029/3978 4005/4028/3977
f 4003/4027/3976 4005/4028/3977 3852/3871/3821
f 4004/4029/3978 4006/4032/3981 4007/4030/3979
f 4005/4028/3977 4007/4030/3979 3854/4031/3980
f 4006/4032/3981 4008/4168/4117 4009/4033/3982
f 4007/4030/3979 4009/4033/3982 4010/4034/3983
f 3857/3875/3825 3855/3872/3822 3854/4031/3980
f 4009/4033/3982 4011/4036/3985 4012/4035/3984
f 4010/4034/3983 4012/4035/3984 3859/3877/3827
f 4011/4036/3985 4013/4038/3987 4014/4037/3986
f 4012/4035/3984 4014/4037/3986 3861/3879/3829
f 4013/4038/3987 4015/4040/3989 4016/4039/3988
f 4014/4037/3986 4016/4039/3988 3863/3882/3832
f 4015/4040/3989 4017/4042/3991 4018/4041/3990
f 4016/4039/3988 4018/4041/3990 3865/3884/3834
f 4017/4042/3991 4019/4044/3993 4020/4043/3992
f 4018/4041/3990 4020/4043/3992 3867/3886/3836
f 4019/4044/3993 4021/4046/3995 4022/4045/3994
f 4020/4043/3992 4022/4045/3994 3869/3888/3838
f 4021/4046/3995 4023/4048/3997 4024/4047/3996
f 4022/4045/3994 4024/4047/3996 3871/3890/3840
f 4023/4048/3997 4025/4050/3999 4026/4049/3998
f 4024/4047/3996 4026/4049/3998 3873/3892/3842
f 4025/4050/3999 3882/3901/3851 3881/3900/3850
f 4026/4049/3998 3881/3900/3850 3875/3894/3844
f 4025/4050/3999 4023/4048/3997 4027/4051/4000
f 3887/4052/4001 3884/3903/3853 3882/3901/3851
f 4023/4048/3997 4021/4046/3995 4028/4053/4002
f 4027/4051/4000 4028/4053/4002 4029/4054/4003
f 3890/4055/4004 3888/3908/3858 3887/4052/4001
f 4028/4053/4002 4030/4178/4127 4031/4056/4005
f 4029/4054/4003 4031/4056/4005 4032/4057/4006
f 3893/4058/4007 3891/3911/3861 3890/4055/4004
f 4031/4056/4005 4033/4177/4126 4034/4059/4008
f 4032/4057/4006 4034/4059/4008 4035/4060/4009
f 3896/4061/4010 3894/3914/3864 3893/4058/4007
f 4034/4059/4008 4036/4180/4129 4037/4062/4011
f 4035/4060/4009 4037/4062/4011 4038/4063/4012
f 3899/4064/4013 3897/3917/3867 3896/4061/4010
f 4037/4062/4011 4039/4183/4132 4040/4065/4014
f 4038/4063/4012 4040/4065/4014 4041/4066/4015
f 3902/4067/4016 3900/3920/3870 3899/4064/4013
f 4040/4065/4014 4042/4186/4135 4043/4068/4017
f 4041/4066/4015 4043/4068/4017 4044/4069/4018
f 3905/4070/4019 3903/3923/3873 3902/4067/4016
f 4043/4068/4017 4045/4188/4137 4046/4071/4020
f 4046/4071/4020 4047/4072/4021 3908/3929/3879
f 3908/3929/3879 3906/3926/3876 3905/4070/4019
f 4047/4072/4021 4046/4071/4020 4048/4073/4022
f 4049/4074/4023 4050/4075/4024 3911/3933/3883
f 4047/4072/4021 3911/3933/3883 3909/3930/3880
f 4050/4075/4024 4049/4074/4023 4051/4076/4025
f 4052/4077/4026 4053/4078/4027 3914/3937/3887
f 4050/4075/4024 3914/3937/3887 3912/3934/3884
f 4053/4078/4027 4052/4077/4026 4054/4079/4028
f 4055/4080/4029 4056/4081/4030 3917/3941/3891
f 4053/4078/4027 3917/3941/3891 3915/3938/3888
f 4056/4081/4030 4055/4080/4029 4057/4082/4031
f 4058/4083/4032 3922/3946/3896 3920/3944/3894
f 4056/4081/4030 3920/3944/3894 3918/3942/3892
f 4058/4083/4032 4057/4082/4031 4059/4084/4033
f 4060/4085/4034 3924/3948/3898 3922/3946/3896
f 4060/4085/4034 4059/4084/4033 4061/4086/4035
f 4062/4087/4036 3926/3950/3900 3924/3948/3898
f 4062/4087/4036 4061/4086/4035 4063/4088/4037
f 4064/4089/4038 4065/4090/4039 3926/3950/3900
f 4065/4090/4039 4064/4089/4038 4066/4091/4040
f 4067/4092/4041 4068/4093/4042 3929/3953/3903
f 4065/4090/4039 3929/3953/3903 3927/3951/3901
f 4068/4093/4042 4067/4092/4041 4069/4094/4043
f 4070/4095/4044 4071/4096/4045 3932/3956/3906
f 4068/4093/4042 3932/3956/3906 3930/3954/3904
f 4071/4096/4045 4070/4095/4044 4072/4097/4046
f 4073/4098/4047 4074/4099/4048 3935/3959/3909
f 4071/4096/4045 3935/3959/3909 3933/3957/3907
f 4074/4099/4048 4073/4098/4047 4075/4100/4049
f 4076/4101/4050 4077/4102/4051 3938/3962/3912
f 4074/4099/4048 3938/3962/3912 3936/3960/3910
f 4077/4102/4051 4076/4101/4050 4078/4103/4052
f 4079/4104/4053 3943/3967/3917 3941/3965/3915
f 4077/4102/4051 3941/3965/3915 3939/3963/3913
f 4079/4104/4053 4078/4103/4052 4080/4105/4054
f 4081/4106/4055 4082/4107/4056 3943/3967/3917
f 4082/4107/4056 4081/4106/4055 4083/4108/4057
f 4084/4109/4058 4085/4110/4059 3946/3970/3920
f 4082/4107/4056 3946/3970/3920 3944/3968/3918
f 4085/4110/4059 3949/3973/3923 3947/3971/3921
f 4085/4110/4059 4084/4109/4058 4086/4111/4060
f 4087/4112/4061 3951/3975/3925 3949/3973/3923
f 4087/4112/4061 4086/4111/4060 62/55/55
f 67/54/54 3953/3977/3927 3951/3975/3925
f 4088/4113/4062 63/50/50 62/55/55
f 4084/4109/4058 4083/4108/4057 4088/4113/4062
f 4089/4114/4063 4090/4235/4184 63/50/50
f 4088/4113/4062 4083/4108/4057 4091/4115/4064
f 4092/4116/4065 4093/4233/4182 4089/4114/4063
f 4083/4108/4057 4081/4106/4055 4080/4105/4054
f 4091/4115/4064 4080/4105/4054 4094/4117/4066
f 4095/4118/4067 4096/4230/4179 4092/4116/4065
f 4080/4105/4054 4078/4103/4052 4097/4119/4068
f 4097/4119/4068 4098/4120/4069 4095/4118/4067
f 4098/4120/4069 4099/4123/4072 4100/4121/4070
f 4098/4120/4069 4097/4119/4068 4075/4100/4049
f 4101/4122/4071 4102/4124/4073 4099/4123/4072
f 4102/4124/4073 4103/4127/4076 4104/4125/4074
f 4102/4124/4073 4101/4122/4071 4072/4097/4046
f 4105/4126/4075 4106/4128/4077 4103/4127/4076
f 4106/4128/4077 4107/4131/4080 4108/4129/4078
f 4106/4128/4077 4105/4126/4075 4069/4094/4043
f 4109/4130/4079 4110/4132/4081 4107/4131/4080
f 4110/4132/4081 4111/4135/4084 4112/4133/4082
f 4110/4132/4081 4109/4130/4079 4066/4091/4040
f 4113/4134/4083 4114/4136/4085 4111/4135/4084
f 4114/4136/4085 4115/4139/4088 4116/4137/4086
f 4114/4136/4085 4113/4134/4083 4063/4088/4037
f 4117/4138/4087 4118/4140/4089 4115/4139/4088
f 4118/4140/4089 4119/4144/4093 4120/4141/4090
f 4118/4140/4089 4117/4138/4087 4121/4142/4091
f 4122/4143/4092 4123/4145/4094 4119/4144/4093
f 4123/4145/4094 4124/4149/4098 4125/4146/4095
f 4123/4145/4094 4122/4143/4092 4126/4147/4096
f 4127/4148/4097 4128/4150/4099 4124/4149/4098
f 4128/4150/4099 4129/4154/4103 4130/4151/4100
f 4128/4150/4099 4127/4148/4097 4131/4152/4101
f 4132/4153/4102 4133/4155/4104 4129/4154/4103
f 4133/4155/4104 4134/4159/4108 4135/4156/4105
f 4133/4155/4104 4132/4153/4102 4136/4157/4106
f 4137/4158/4107 4138/4161/4110 4134/4159/4108
f 4139/4160/4109 4140/4201/4150 4134/4159/4108
f 4137/4158/4107 4141/4190/4139 4142/4162/4111
f 4138/4161/4110 4142/4162/4111 4143/4163/4112
f 4144/4164/4113 4001/4199/4148 4139/4160/4109
f 4142/4162/4111 4145/4198/4147 4146/4165/4114
f 4143/4163/4112 4146/4165/4114 4147/4166/4115
f 4006/4032/3981 4004/4029/3978 4144/4164/4113
f 4146/4165/4114 4148/4169/4118 4149/4167/4116
f 4147/4166/4115 4149/4167/4116 4008/4168/4117
f 4148/4169/4118 4150/4181/4130 4151/4170/4119
f 4149/4167/4116 4151/4170/4119 4152/4171/4120
f 4011/4036/3985 4009/4033/3982 4008/4168/4117
f 4151/4170/4119 4153/4173/4122 4154/4172/4121
f 4152/4171/4120 4154/4172/4121 4013/4038/3987
f 4153/4173/4122 4155/4175/4124 4156/4174/4123
f 4154/4172/4121 4156/4174/4123 4015/4040/3989
f 4155/4175/4124 4033/4177/4126 4157/4176/4125
f 4156/4174/4123 4157/4176/4125 4017/4042/3991
f 4033/4177/4126 4031/4056/4005 4030/4178/4127
f 4157/4176/4125 4030/4178/4127 4019/4044/3993
f 4155/4175/4124 4153/4173/4122 4158/4179/4128
f 4036/4180/4129 4034/4059/4008 4033/4177/4126
f 4153/4173/4122 4151/4170/4119 4150/4181/4130
f 4158/4179/4128 4150/4181/4130 4159/4182/4131
f 4039/4183/4132 4037/4062/4011 4036/4180/4129
f 4150/4181/4130 4148/4169/4118 4160/4184/4133
f 4159/4182/4131 4160/4184/4133 4161/4185/4134
f 4042/4186/4135 4040/4065/4014 4039/4183/4132
f 4160/4184/4133 4145/4198/4147 4162/4187/4136
f 4162/4187/4136 4163/4189/4138 4045/4188/4137
f 4045/4188/4137 4043/4068/4017 4042/4186/4135
f 4163/4189/4138 4162/4187/4136 4141/4190/4139
f 4164/4191/4140 4165/4192/4141 4048/4073/4022
f 4163/4189/4138 4048/4073/4022 4046/4071/4020
f 4165/4192/4141 4164/4191/4140 4136/4157/4106
f 4166/4193/4142 4167/4194/4143 4051/4076/4025
f 4165/4192/4141 4051/4076/4025 4049/4074/4023
f 4167/4194/4143 4166/4193/4142 4131/4152/4101
f 4168/4195/4144 4169/4196/4145 4054/4079/4028
f 4167/4194/4143 4054/4079/4028 4052/4077/4026
f 4169/4196/4145 4168/4195/4144 4126/4147/4096
f 4170/4197/4146 4059/4084/4033 4057/4082/4031
f 4169/4196/4145 4057/4082/4031 4055/4080/4029
f 4170/4197/4146 4126/4147/4096 4122/4143/4092
f 4121/4142/4091 4061/4086/4035 4059/4084/4033
f 4168/4195/4144 4131/4152/4101 4127/4148/4097
f 4166/4193/4142 4136/4157/4106 4132/4153/4102
f 4164/4191/4140 4141/4190/4139 4137/4158/4107
f 4145/4198/4147 4142/4162/4111 4141/4190/4139
f 4148/4169/4118 4146/4165/4114 4145/4198/4147
f 4004/4029/3978 4002/4026/3975 4001/4199/4148
f 3999/4025/3974 3997/4022/3971 4171/4200/4149
f 4140/4201/4150 4171/4200/4149 4135/4156/4105
f 4140/4201/4150 4139/4160/4109 4001/4199/4148
f 3997/4022/3971 3995/4020/3969 4172/4202/4151
f 4172/4202/4151 4173/4203/4152 4135/4156/4105
f 4173/4203/4152 4172/4202/4151 4174/4204/4153
f 4175/4205/4154 4176/4206/4155 4130/4151/4100
f 4173/4203/4152 4130/4151/4100 4129/4154/4103
f 4176/4206/4155 4175/4205/4154 4177/4207/4156
f 4178/4208/4157 4179/4209/4158 4125/4146/4095
f 4176/4206/4155 4125/4146/4095 4124/4149/4098
f 4179/4209/4158 4178/4208/4157 4180/4210/4159
f 4181/4211/4160 4182/4212/4161 4120/4141/4090
f 4179/4209/4158 4120/4141/4090 4119/4144/4093
f 4182/4212/4161 4181/4211/4160 4183/4213/4162
f 4184/4214/4163 4185/4215/4164 4116/4137/4086
f 4182/4212/4161 4116/4137/4086 4115/4139/4088
f 4185/4215/4164 4184/4214/4163 4186/4216/4165
f 4187/4217/4166 4188/4218/4167 4112/4133/4082
f 4185/4215/4164 4112/4133/4082 4111/4135/4084
f 4188/4218/4167 4187/4217/4166 4189/4219/4168
f 4190/4220/4169 4191/4221/4170 4108/4129/4078
f 4188/4218/4167 4108/4129/4078 4107/4131/4080
f 4191/4221/4170 4190/4220/4169 4192/4222/4171
f 4193/4223/4172 4194/4224/4173 4104/4125/4074
f 4191/4221/4170 4104/4125/4074 4103/4127/4076
f 4194/4224/4173 4193/4223/4172 4195/4225/4174
f 4196/4226/4175 4197/4228/4177 4100/4121/4070
f 4194/4224/4173 4100/4121/4070 4099/4123/4072
f 4196/4226/4175 4198/4283/4231 4199/4227/4176
f 4197/4228/4177 4199/4227/4176 4200/4229/4178
f 4096/4230/4179 4095/4118/4067 4100/4121/4070
f 4199/4227/4176 4201/4239/3924 4202/4231/4180
f 4200/4229/4178 4202/4231/4180 4203/4232/4181
f 4093/4233/4182 4092/4116/4065 4096/4230/4179
f 4203/4232/4181 4204/4236/4185 4205/4234/4183
f 4090/4235/4184 4089/4114/4063 4093/4233/4182
f 4202/4231/4180 4206/4237/4186 4204/4236/4185
f 4206/4237/4186 4207/4241/4189 4208/4238/4187
f 4206/4237/4186 4202/4231/4180 4201/4239/3924
f 4209/4240/4188 4210/4242/4190 4207/4241/4189
f 4210/4242/4190 3965/3989/3938 3963/3987/3936
f 4210/4242/4190 4209/4240/4188 4211/4243/4191
f 4212/4244/4192 3967/3991/3940 3965/3989/3938
f 4212/4244/4192 4211/4243/4191 4213/4245/4193
f 4214/4246/4194 3969/3993/3942 3967/3991/3940
f 4214/4246/4194 4213/4245/4193 4215/4247/4195
f 4216/4248/4196 3971/3995/3944 3969/3993/3942
f 4216/4248/4196 4215/4247/4195 4217/4249/4197
f 4218/4250/4198 3973/3997/3946 3971/3995/3944
f 4218/4250/4198 4217/4249/4197 4219/4251/4199
f 4220/4252/4200 3975/3999/3948 3973/3997/3946
f 4220/4252/4200 4219/4251/4199 4221/4253/4201
f 4222/4254/4202 3977/4001/3950 3975/3999/3948
f 4222/4254/4202 4221/4253/4201 4223/4255/4203
f 4224/4256/4204 3979/4003/3952 3977/4001/3950
f 4224/4256/4204 4223/4255/4203 4225/4257/4205
f 4226/4258/4206 3981/4005/3954 3979/4003/3952
f 4226/4258/4206 4225/4257/4205 4227/4259/4207
f 4228/4260/4208 3983/4007/3956 3981/4005/3954
f 4228/4260/4208 4227/4259/4207 4229/4261/4209
f 4230/4262/4210 3985/4009/3958 3983/4007/3956
f 4230/4262/4210 4229/4261/4209 4231/4263/4211
f 4232/4264/4212 3987/4011/3960 3985/4009/3958
f 4232/4264/4212 4231/4263/4211 4233/4265/4213
f 4234/4266/4214 3989/4014/3963 3987/4011/3960
f 4234/4266/4214 4233/4265/4213 4177/4207/4156
f 4234/4266/4214 4235/4267/4215 3991/4016/3965
f 4235/4267/4215 4177/4207/4156 4175/4205/4154
f 4235/4267/4215 4174/4204/4153 3993/4018/3967
f 4231/4263/4211 4236/4268/4216 4180/4210/4159
f 4233/4265/4213 4180/4210/4159 4178/4208/4157
f 4236/4268/4216 4231/4263/4211 4229/4261/4209
f 4237/4269/4217 4238/4270/4218 4183/4213/4162
f 4236/4268/4216 4183/4213/4162 4181/4211/4160
f 4238/4270/4218 4237/4269/4217 4239/4271/4219
f 4240/4272/4220 4241/4273/4221 4186/4216/4165
f 4238/4270/4218 4186/4216/4165 4184/4214/4163
f 4241/4273/4221 4240/4272/4220 4242/4274/4222
f 4243/4275/4223 4244/4276/4224 4189/4219/4168
f 4241/4273/4221 4189/4219/4168 4187/4217/4166
f 4244/4276/4224 4243/4275/4223 57/44/44
f 4245/4277/4225 4246/4278/4226 4192/4222/4171
f 4244/4276/4224 4192/4222/4171 4190/4220/4169
f 4246/4278/4226 4245/4277/4225 4247/4279/4227
f 4248/4280/4228 4249/4281/4229 4195/4225/4174
f 4246/4278/4226 4195/4225/4174 4193/4223/4172
f 4249/4281/4229 4250/4284/4232 4251/4282/4230
f 4249/4281/4229 4198/4283/4231 4196/4226/4175
f 4248/4280/4228 4252/4285/4233 4250/4284/4232
f 4252/4285/4233 4215/4247/4195 4213/4245/4193
f 4252/4285/4233 4248/4280/4228 4247/4279/4227
f 4253/4286/4234 4217/4249/4197 4215/4247/4195
f 4253/4286/4234 4247/4279/4227 56/47/47
f 60/46/46 4219/4251/4199 4217/4249/4197
f 4251/4282/4230 4211/4243/4191 4209/4240/4188
f 4201/4239/3924 4199/4227/4176 4198/4283/4231
f 4250/4284/4232 4213/4245/4193 4211/4243/4191
f 4245/4277/4225 57/44/44 56/47/47
f 4243/4275/4223 4242/4274/4222 58/45/45
f 4242/4274/4222 4254/4288/4236 61/4287/4235
f 4240/4272/4220 4239/4271/4219 4254/4288/4236
f 4254/4288/4236 4225/4257/4205 4223/4255/4203
f 4239/4271/4219 4227/4259/4207 4225/4257/4205
f 4237/4269/4217 4229/4261/4209 4227/4259/4207
f 4221/4253/4201 59/48/48 61/4287/4235
f 4219/4251/4199 60/46/46 59/48/48
f 4208/4238/4187 3961/3985/3925 3959/3983/3933
f 4255/4289/4237 4205/4234/4183 4204/4236/4185
f 4207/4241/4189 3963/3987/3936 3961/3985/3925
f 4255/4289/4237 3959/3983/3933 3957/3981/3931
f 65/52/52 64/51/51 4205/4234/4183
f 64/51/51 63/50/50 4090/4235/4184
f 4174/4204/4153 4172/4202/4151 3995/4020/3969
f 4117/4138/4087 4063/4088/4037 4061/4086/4035
f 4113/4134/4083 4066/4091/4040 4064/4089/4038
f 4109/4130/4079 4069/4094/4043 4067/4092/4041
f 4105/4126/4075 4072/4097/4046 4070/4095/4044
f 4101/4122/4071 4075/4100/4049 4073/4098/4047
f 4097/4119/4068 4078/4103/4052 4076/4101/4050
f 4030/4178/4127 4028/4053/4002 4021/4046/3995
f 3955/3979/3929 66/53/53 65/52/52
f 3953/3977/3927 67/54/54 66/53/53
f 3727/3907/3857 3725/3744/3695 12/5/5
f 3703/3722/3674 3701/3719/3671 3700/3881/3831
f 3152/4290/4238 2975/2989/2955 2973/4291/2953
f 3152/4290/4238 3148/3145/3110 3147/4292/4239
f 4256/4293/4240 2977/2992/2957 2975/2989/2955
f 4256/4293/4240 3147/4292/4239 4257/4294/4241
f 4258/4295/4242 2979/2994/2959 2977/2992/2957
f 4257/4294/4241 4259/4297/4244 4260/4296/4243
f 4258/4295/4242 4260/4296/4243 2981/2996/2961
f 4259/4297/4244 4261/4299/4246 4262/4298/4245
f 4260/4296/4243 4262/4298/4245 2983/2998/2963
f 4261/4299/4246 4263/4301/4248 4264/4300/4247
f 4262/4298/4245 4264/4300/4247 2985/3001/2966
f 4263/4301/4248 4265/4303/4250 4266/4302/4249
f 4264/4300/4247 4266/4302/4249 2987/3003/2968
f 4265/4303/4250 4267/4305/4252 4268/4304/4251
f 4266/4302/4249 4268/4304/4251 2989/3005/2970
f 4267/4305/4252 4269/4307/4254 4270/4306/4253
f 4268/4304/4251 4270/4306/4253 2991/3008/2973
f 4269/4307/4254 4271/4309/4256 4272/4308/4255
f 4270/4306/4253 4272/4308/4255 2993/3010/2975
f 4271/4309/4256 4273/4312/4259 4274/4310/4257
f 4272/4308/4255 4274/4310/4257 2995/4311/4258
f 4273/4312/4259 4275/4316/4263 4276/4313/4260
f 4274/4310/4257 4276/4313/4260 4277/4314/4261
f 4276/4313/4260 4278/4315/4262 3003/3019/2984
f 4277/4314/4261 3003/3019/2984 3000/3016/2981
f 2998/3014/2979 2996/3011/2976 2995/4311/4258
f 4278/4315/4262 4276/4313/4260 4275/4316/4263
f 4279/4317/4264 4280/4318/4265 3006/3022/2987
f 4278/4315/4262 3006/3022/2987 3004/3020/2985
f 4280/4318/4265 4279/4317/4264 4281/4319/4266
f 4280/4318/4265 4282/4320/4267 4283/4321/4268
f 4280/4318/4265 4284/4322/4269 3007/3023/2988
f 4284/4322/4269 4283/4321/4268 4285/4323/4270
f 4284/4322/4269 4286/4324/4271 3008/3025/2990
f 4286/4324/4271 4285/4323/4270 3015/3034/2999
f 3013/3032/2997 3010/3030/2995 3008/3025/2990
f 4283/4321/4268 4287/4326/4273 4288/4325/4272
f 4285/4323/4270 4288/4325/4272 3017/3036/3001
f 4287/4326/4273 4289/4328/4275 4290/4327/4274
f 4288/4325/4272 4290/4327/4274 3019/3038/3003
f 4289/4328/4275 4291/4330/4277 4292/4329/4276
f 4290/4327/4274 4292/4329/4276 3021/3040/3005
f 4291/4330/4277 4293/4332/4279 4294/4331/4278
f 4292/4329/4276 4294/4331/4278 3023/3043/3008
f 4293/4332/4279 4295/4419/4366 4296/4333/4280
f 4294/4331/4278 4296/4333/4280 3025/4334/4281
f 4296/4333/4280 4295/4419/4366 4297/4335/4282
f 4298/4336/4283 3027/3045/3010 3025/4334/4281
f 4298/4336/4283 4297/4335/4282 4299/4337/4284
f 4300/4338/4285 3029/3047/3012 3027/3045/3010
f 4300/4338/4285 4299/4337/4284 4301/4339/4286
f 4302/4340/4287 4303/4341/4288 3029/3047/3012
f 4303/4341/4288 4302/4340/4287 4304/4342/4289
f 4305/4343/4290 4306/4344/4291 3032/3050/3015
f 4303/4341/4288 3032/3050/3015 3030/3048/3013
f 4306/4344/4291 4305/4343/4290 4307/4345/4292
f 4308/4346/4293 4309/4347/4294 3035/3053/3018
f 4306/4344/4291 3035/3053/3018 3033/3051/3016
f 4309/4347/4294 4308/4346/4293 4310/4348/4295
f 4311/4349/4296 3040/3058/3023 3038/3056/3021
f 4309/4347/4294 3038/3056/3021 3036/3054/3019
f 4311/4349/4296 4310/4348/4295 4312/4350/4297
f 4313/4351/4298 3042/3060/3025 3040/3058/3023
f 4312/4350/4297 4314/4353/4300 4315/4352/4299
f 4315/4352/4299 3044/3062/3027 3042/3060/3025
f 4314/4353/4300 4316/4355/4302 4317/4354/4301
f 4317/4354/4301 36/23/23 3044/3062/3027
f 4316/4355/4302 3067/4357/4304 4318/4356/4303
f 4317/4354/4301 4318/4356/4303 33/21/21
f 3067/4357/4304 3063/3077/3042 3062/4358/4305
f 3062/4358/4305 34/4438/4385 33/21/21
f 3072/4359/4306 3068/3080/3045 3067/4357/4304
f 4316/4355/4302 4314/4353/4300 4319/4360/4307
f 3077/4361/4308 3073/3083/3048 3072/4359/4306
f 4314/4353/4300 4312/4350/4297 4320/4362/4309
f 4319/4360/4307 4320/4362/4309 4321/4363/4310
f 3082/4364/4311 3078/3086/3051 3077/4361/4308
f 4320/4362/4309 4322/4437/4384 4323/4365/4312
f 4321/4363/4310 4323/4365/4312 4324/4366/4313
f 3087/4367/4314 3083/3089/3054 3082/4364/4311
f 4324/4366/4313 4323/4365/4312 4325/4368/4315
f 4326/4369/4316 4327/4370/4317 3087/4367/4314
f 4327/4370/4317 3092/3095/3060 3088/3092/3057
f 4327/4370/4317 4326/4369/4316 4328/4371/4318
f 4329/4372/4319 4330/4373/4320 3092/3095/3060
f 4330/4373/4320 3097/3099/3064 3093/3096/3061
f 4330/4373/4320 4329/4372/4319 4331/4374/4321
f 4332/4375/4322 4333/4376/4323 3097/3099/3064
f 4333/4376/4323 3102/3104/3069 3098/3100/3065
f 4333/4376/4323 4332/4375/4322 4334/4377/4324
f 4335/4378/4325 4336/4379/4326 3102/3104/3069
f 4336/4379/4326 3107/3109/3074 3103/3105/3070
f 4336/4379/4326 4335/4378/4325 4337/4380/4327
f 4338/4381/4328 4339/4382/4329 3107/3109/3074
f 4339/4382/4329 3112/3114/3079 3108/3110/3075
f 4338/4381/4328 4340/4421/4368 4341/4383/4330
f 4339/4382/4329 4341/4383/4330 4342/4384/4331
f 3117/3119/3084 3113/3115/3080 3112/3114/3079
f 4341/4383/4330 4343/4425/4372 4344/4385/4332
f 4342/4384/4331 4344/4385/4332 4345/4386/4333
f 3122/3124/3089 3118/3120/3085 3117/3119/3084
f 4344/4385/4332 4346/4428/4375 4347/4387/4334
f 4345/4386/4333 4347/4387/4334 4348/4388/4335
f 4348/4388/4335 3127/3129/3094 3123/3125/3090
f 4347/4387/4334 4349/4431/4378 4350/4389/4336
f 4350/4389/4336 4351/4390/4337 3127/3129/3094
f 4351/4390/4337 3132/3134/3099 3128/3130/3095
f 4351/4390/4337 4350/4389/4336 4352/4391/4338
f 4353/4392/4339 4354/4393/4340 3132/3134/3099
f 4354/4393/4340 3137/3138/3103 3133/3135/3100
f 4354/4393/4340 4353/4392/4339 4355/4394/4341
f 4356/4395/4342 4357/4396/4343 3137/3138/3103
f 4357/4396/4343 3142/4397/4344 3138/3139/3104
f 4357/4396/4343 4356/4395/4342 4261/4299/4246
f 4259/4297/4244 4257/4294/4241 3142/4397/4344
f 4356/4395/4342 4355/4394/4341 4263/4301/4248
f 4353/4392/4339 4352/4391/4338 4358/4398/4345
f 4355/4394/4341 4358/4398/4345 4265/4303/4250
f 4352/4391/4338 4359/4432/4379 4360/4399/4346
f 4358/4398/4345 4360/4399/4346 4267/4305/4252
f 4360/4399/4346 4359/4432/4379 4361/4400/4347
f 4360/4399/4346 4362/4401/4348 4269/4307/4254
f 4362/4401/4348 4361/4400/4347 4363/4402/4349
f 4362/4401/4348 4364/4403/4350 4271/4309/4256
f 4364/4403/4350 4363/4402/4349 4365/4404/4351
f 4364/4403/4350 4366/4405/4352 4273/4312/4259
f 4365/4404/4351 4367/4407/4354 4368/4406/4353
f 4366/4405/4352 4368/4406/4353 4275/4316/4263
f 4367/4407/4354 4369/4409/4356 4281/4319/4266
f 4368/4406/4353 4281/4319/4266 4279/4317/4264
f 4367/4407/4354 4370/4435/4382 4371/4408/4355
f 4369/4409/4356 4371/4408/4355 4372/4410/4357
f 4373/4411/4358 4282/4320/4267 4281/4319/4266
f 4373/4411/4358 4372/4410/4357 4289/4328/4275
f 4287/4326/4273 4283/4321/4268 4282/4320/4267
f 4371/4408/4355 4374/4413/4360 4375/4412/4359
f 4372/4410/4357 4375/4412/4359 4291/4330/4277
f 4374/4413/4360 4376/4436/4383 4377/4414/4361
f 4375/4412/4359 4377/4414/4361 4293/4332/4279
f 4377/4414/4361 4376/4436/4383 4378/4415/4362
f 4379/4416/4363 4295/4419/4366 4293/4332/4279
f 4379/4416/4363 4378/4415/4362 4380/4417/4364
f 4381/4418/4365 4297/4335/4282 4295/4419/4366
f 4381/4418/4365 4380/4417/4364 4334/4377/4324
f 4382/4420/4367 4299/4337/4284 4297/4335/4282
f 4382/4420/4367 4334/4377/4324 4332/4375/4322
f 4331/4374/4321 4301/4339/4286 4299/4337/4284
f 4380/4417/4364 4337/4380/4327 4335/4378/4325
f 4378/4415/4362 4383/4422/4369 4337/4380/4327
f 4340/4421/4368 4338/4381/4328 4337/4380/4327
f 4378/4415/4362 4376/4436/4383 4384/4423/4370
f 4383/4422/4369 4384/4423/4370 4385/4424/4371
f 4343/4425/4372 4341/4383/4330 4340/4421/4368
f 4384/4423/4370 4386/4434/4381 4387/4426/4373
f 4385/4424/4371 4387/4426/4373 4388/4427/4374
f 4346/4428/4375 4344/4385/4332 4343/4425/4372
f 4387/4426/4373 4389/4433/4380 4390/4429/4376
f 4388/4427/4374 4390/4429/4376 4391/4430/4377
f 4349/4431/4378 4347/4387/4334 4346/4428/4375
f 4390/4429/4376 4363/4402/4349 4361/4400/4347
f 4391/4430/4377 4361/4400/4347 4359/4432/4379
f 4389/4433/4380 4365/4404/4351 4363/4402/4349
f 4389/4433/4380 4387/4426/4373 4386/4434/4381
f 4370/4435/4382 4367/4407/4354 4365/4404/4351
f 4386/4434/4381 4384/4423/4370 4376/4436/4383
f 4374/4413/4360 4371/4408/4355 4370/4435/4382
f 4359/4432/4379 4352/4391/4338 4350/4389/4336
f 4329/4372/4319 4328/4371/4318 4301/4339/4286
f 4326/4369/4316 4325/4368/4315 4304/4342/4289
f 4328/4371/4318 4304/4342/4289 4302/4340/4287
f 4325/4368/4315 4323/4365/4312 4322/4437/4384
f 4325/4368/4315 4307/4345/4292 4305/4343/4290
f 4322/4437/4384 4320/4362/4309 4312/4350/4297
f 4310/4348/4295 4308/4346/4293 4307/4345/4292
f 3147/4292/4239 3143/3142/3107 3142/4397/4344
f 3062/4358/4305 3058/3074/3039 3049/3067/3032
f 3047/3065/3030 35/22/22 34/4438/4385
f 3045/3063/3028 3044/3062/3027 36/23/23
f 2939/3370/3329 2937/2948/2915 24/4439/4386
f 2934/3338/3297 25/12/12 24/4439/4386
f 2764/2775/2742 2760/2771/2738 2758/2768/2735
f 2583/2587/2556 2323/2325/2296 2321/2323/2294
f 4392/4440/4387 2578/2582/2551 2577/2585/2554
f 2582/2590/2559 2325/2327/2298 2323/2325/2296
f 4392/4440/4387 2321/2323/2294 2319/2321/2292
f 2318/2320/2291 4393/4441/4388 2578/2582/2551
f 4393/4441/4388 2318/2320/2291 2316/2318/2289
f 2315/2317/2288 4394/4442/4389 2573/2577/2546
f 4393/4441/4388 2573/2577/2546 2572/2580/2549
f 4394/4442/4389 2315/2317/2288 2313/2314/2285
f 2312/4443/4390 6/39/39 55/42/42
f 4394/4442/4389 55/42/42 2568/2575/2544
f 2515/2787/2754 2513/2519/2488 32/19/19
f 2312/4443/4390 2310/2311/2282 52/40/40
f 2308/2309/2280 2307/2308/2279 53/2558/2527
f 2195/2447/2418 2193/2191/2164 45/33/33
f 2189/2437/2408 48/35/35 47/34/34
f 1602/1599/1576 71/59/59 70/58/58
f 1834/2070/2043 1831/1829/1804 1829/1827/1802
f 1600/1597/1574 1599/1596/1573 72/60/60
f 157/167/167 156/141/141 76/151/151
